review_id,customer_name,date,rating,review_text,location,business_name,total_spent,tip_amount,tip_percentage,party_size,age_range,gender,ethnicity
3kw_ThR91_nHM_CGMhkaZg,Customer_4505,2011-04-27 18:46:45,4.0,"I haven't been here in a long long time, but went today with the coworkers to celebrate a birthday.  In the party were some super hard to please eaters who are big burger aficionados.  Since I picked I was a little nervous that it wouldn't satisfy--but I should've had faith.  We all had the Village Burger, but tailored to our own particular tastes (avocado to me, mushrooms over there, etc).  Our burgers were amazing, with several best burger I've ever had comments.   Also great were the pickled tomatoes we ordered to get ourselves started.  All in all a great lunch near the office.",Downtown,Village Whiskey,32.05,5.55,17.3,3,46-55,Non-binary,
RxF95SA7xWmQHH8nQ4aa9g,Customer_7381,2010-03-19 23:43:48,4.0,"Expect to feel guilty after leaving this place...if you are on a diet this is not the right place for you.  Find a way to work off the pounds, your taste buds will love you for it.  The burger is as good as they say it is...I would say standard tap gives it a run for its money, but I am a little biased.

The fries with braised rib was simply awesome, the serving is HUGE so be careful order other appetizers with it or you probably wont finish.

The place is a little small and tables are close so don't expect the most romantic place, but come on you are shoving fries covered in cheese and braised rib in your face, what do you expect? I would say go on an off day to avoid the wait if you can. The wine was particularly good.",Downtown,Village Whiskey,14.34,5.74,40.0,2,65+,Male,Other
X6mPOoNHvvxp7a6uC8FWtg,Customer_5892,2010-01-28 20:56:07,3.0,"I read all the reviews for VW and I guess maybe I just had a bleh experience, but I don't get what all the fuss is about.  I LOVE Amada and Distrito so I went here expecting to be blown away.  I went with a friend from work and was OK with having to sit at the back counter, but the counter is too low for the bar stools and makes for awkward seating.  The burger is delicious but there was not much cheddar on my burger for the $3 price tag.  The fries were good but did not live up to the hype.  And I ordered a Coke since I was getting a burger and was disappointed that they use the little bottles.  

But that's not the thing I even want to talk about - it's the service.  The service is BAD.  It took forever for someone to offer us a menu.  We were back by the kitchen entrance.  The servers were all standing around complaining that the tables weren't flipping fast enough.  They were having personal conversations instead of waiting on anyone.  I still can't believe that when I asked for ketchup the server had it in her hand while having a conversation with someone while I watched her and then she finally brought it over to me.  

Overall, an average experience that I would not figure for Garces.  But I'll maybe try it again and hope I have a better experience.  In the meantime, I'll stick to Distrito for my Garces fix!",Downtown,Village Whiskey,29.32,7.59,25.9,1,,Prefer not to say,Asian
36mFRDv4PCVnfhxfgVDkmg,Customer_1475,2012-08-20 16:15:47,3.0,"I'm a fan of Iron Chef, Jose Garcias so we decided to try Village Whiskey. First, let me say, it's very small, so don't expect a spacious place to dine. Although small, It's a nice looking place, cool atmosphere. The appetizers were DELICIOUS!!! We started with the crab cocktail and a horseraddish dip sauce. The crab was whole jumbo lump crab meat with chives finely chopped and mixed in the cocktail, it was served chilled, of course, and it was enough to intimately share. The short-rib cheddar fries were amazing! The short-rib is pulled and spread over a bed of fries topped with a cheddar cheese like sauce. The fries were crisp and crunchy, the short-rib meat was tender and flavourful. The raw Eastcoast oysters were fresh. They're slightly salty served with cocktail sauce and another sauce (???) it was very good. The drinks were awesome. If you're looking for something fruitier and smooth, try the one legged man. The mint julep was stronger than I expected, you can really taste the whisky and hints of mint. The New York sour is sour on top of sour if you like that sort of thing and the Sansome Street Sangria was pretty good with a hint of fruity wines and, once again, the whisky shines through. The featured item fell short for me. My entree was the Burger w/crab slaw, sunny side egg, applewood bacon, tomato and lettuce. The burger to bun ratio was way off. The bun was way to thick and wide. I must have bit the burger about 3 times before I made a dent in the burger. I was unable to taste any of the ingredients on my burger because the bread was so over-powering and thick. The burger and the toppings were sliding off the bun. I had to eat the toppings separate in order to taste them. Our bill was $144.00. I could've saved $100.00 and ate at Bobby Flays. He has the best burgers that I've ever tasted in my life. People fail to understand that a good burger is about having a nice soft reasonably sized bun with well seasoned good quality beef. The burger and the bun should be the same size. I should be able to comfortable open my mouth and,  with the first bite, taste all of the ingredients and toppings. Some chef's get caught up in the prettiness of the bun and the bigger the burger the better it taste... No! That's not it at all... To be honest. I'd rather have a burger from Nifty Fifty than Village Whisky. But it depends on how you like your burgers and I, frankly, am not impressed by size and glazed over-sized shiny buns. IF I go back, it would be for the appetizers only.",Downtown,Village Whiskey,36.69,5.54,15.1,2,65+,Prefer not to say,African American
DQga1p2Bn-EpD-QDTXBzJg,Customer_3091,2014-01-18 19:27:18,2.0,,Downtown,Village Whiskey,19.23,7.69,40.0,2,18-25,Prefer not to say,Caucasian
Xgl1RB9pryUO9dur0bZcfw,Customer_8564,2012-02-02 18:37:28,3.0,"Was in town on business so why not.

The burger itself was cooked to med-rare perfection the whole patty through, which makes me wonder if they sous-vide it and then give it a quick sear.   The meat itself, while quality, lacked proper seasoning. 

Foie gras has absolutely no business adorning a burger that also contains such overwhelming flavors as bleu cheese and bacon.  Or even a burger at all for that matter.  Its ALMOST as dumb as the concept of a kobe burger.  In any event, it's a gimmick thats worked well for this restaurant, to be sure.  I took mine off and ate it separately. It was delicious and i recommend you do the same if you want to taste the extra $12 or so you are spending. 

The deviled eggs were a pass. Nothing you couldn't replicate with google search and an ability to properly boil eggs.",Downtown,Village Whiskey,6.77,1.54,22.8,2,36-45,Prefer not to say,Mixed
gwMKPLtwDKSaKCtCd58kLQ,Customer_5558,2015-07-07 01:51:41,4.0,"Three friends and I went to Village Whiskey for an early dinner on the 4th of July 2015. I am new to Philadelphia, so a friend selected the restaurant. It is on the small side but has great atmosphere -- a nice old bar with plenty of mirrors, calm bartenders who seem to love their jobs, good music, and not one single TV to harsh my mellow. 

To start, we ordered the excellent pickled beets and 2 orders of the duckfat fries which was a good, if generous, slate of starters. The pickled beets were fantastic -- really fresh tasting, perfect sourness, and served with some perfectly crispy crostini, olive tapenade, and whipped butter. The fries were hot and tasty, but not for me. I prefer thinner fries and their fries are thicker, steak-style fries that tend to be a little mushier inside. For steak fries, they were good, but not for me. 

All four of us ordered very different items. I had the veggie burger, my boyfriend had the pork sandwich, and we had the sort of ""deluxe"" burger with fois gras as well a more standard burger by the last member of our group. All were pleased. All were almost sickeningly full, but that's likely our own faults for ordering hefty starters at a place with generous sandwiches as the main offering. I did not order a cocktail or beer because, honestly, I was feeling cheap and cocktails are $12 and small. That said, the offerings looked top quality and the bartenders looked skilled enough to warrant a very pricey cocktail. Overall, I was impressed and plan to go back. Perhaps JUST for cocktails at that pretty bar. The dessert was particularly good.",Downtown,Village Whiskey,15.07,2.95,19.6,2,,Prefer not to say,Native American
RBnYOh_OOMkaCOst659afA,Customer_8705,2012-02-08 16:20:35,4.0,,Downtown,Village Whiskey,17.59,1.28,7.3,4,56-65,Male,Mixed
2UVyQnvi3Dlmnh_ROqZlcA,Customer_1659,2014-03-18 20:22:01,4.0,"Best Tater Tots EVER. They were like little fried pieces of mashed potatoes. Never had them like that before. Usually they're crunchy all around. But it was like biting into a Carebear. Or something more tangible.

Burger itself was cooked to my specifications perfectly. I had the burger that had foie gras in it, which is too tasty. But like bad, right? People still protest it. And I get it.

The cocktails are nice and fancy and in fun 3-gulp glasses.

The suckiest thing is that this place is RIDICULOUSLY SMALL. It's like a narrow hallway with some high comfy seating and limited bar seating. Oof. Not cool. There is some outdoor seating which will be nice once the weather stops spazzing. Come, eat some really rich food and enjoy some really fancy cocktails, but don't bring your friends you know? Just bring the one you're trying to bang. The risotto was particularly good.",Downtown,Village Whiskey,25.86,2.81,10.9,3,26-35,Female,Caucasian
0Og33jITAMesSKgPLNtkKg,Customer_2874,2011-03-31 01:07:13,4.0,"To be honest, I wasn't expecting much from this restaurant because I'm not too impressed by Chef Garces on Iron Chef America (maybe wrongly so), but Village Whiskey was a pretty cool place.

The inside is quite small and people ended up staying and chatting after their meals to avoid the freezing cold temperature outside so even though we went there on a Thursday evening, we had a 30-45 minute wait (which was passed in the gelateria across the street).

I really liked the vibe inside.  Very laid back, dark colors, seats all along the bar and tall leather couches and tables for eating.  

For an appetizer, we ordered the pickled green beans and shallots, which came with olive tapenade, homemade ricotta cheese and toasted sourdough bread.  Wow, it was really good!  The pickled veggies were perfectly briny, sour and a bit sweet.  I could probably eat a whole jar of them.  The tapenade and ricotta was tasty as well, especially smeared on the sourdough bread. I felt like they didn't give enough bread to accompany the plate though.

I ordered the regular village whiskey burger ($11) which came with lettuce, tomato and homemade thousand island on a sesame bun.  I added cheddar ($3.50 - a bit pricey) and onion (raw, which I think was free...otherwise caramelized onion would have been an extra $1.50, no thanks).

My boyfriend got the whiskey king burger ($26) which was a decadent smorgasbord (maple bourbon glazed cipollini, rogue bleu cheese,
applewood bacon, foie gras), and an order of duck fat fries with sly-fox cheddar sauce.

Both burgers were superb.  They were cooked perfectly medium rare, which kept the meat juicy and tender.  The meat itself was very beefy and tasty.  My regular burger was already pretty darn good, but the whiskey king was pure awesomeness.  It was SO rich with the foie gras, and the sweet maple bourbon sauce complemented the salty, smokey bacon very well.  Not sure if it warrants the $26 price tag though...

The duck fat fries were crispy, but the extra $2 for the cheddar sauce wasn't worth it.

Service was okay, could have been a bit more attentive, but we had an okay time eavesdropping and people watching while we waited for our food.

Our tab was a bit high especially with drinks, so I would consider the place a splurge...but that darn whiskey king burger is just so WINNING!",Downtown,Village Whiskey,26.58,4.1,15.4,2,26-35,Prefer not to say,Native American
QI4H29iEBiH_uVTU-cKTDg,Customer_3749,2010-09-02 02:03:27,5.0,,Downtown,Village Whiskey,18.51,3.06,16.5,3,65+,Male,African American
6cwo1m_Ily_sThJemSFPkg,Customer_2771,2012-05-29 05:18:18,5.0,,Downtown,Village Whiskey,15.0,2.58,17.2,2,36-45,,Other
HSLaC9xUD1N9RgkxGJy8vQ,Customer_2245,2012-11-19 01:29:21,4.0,Very good burgers and a nice vibe. Also they have almost a whole PAGE of bourbon. I love bourbon. I do think it is kind of spendy for what you get but I did like it and I would return the next time I am in town!,Downtown,Village Whiskey,37.72,4.49,11.9,2,,Female,Hispanic
2C4SzlGR1TXuOVEe7Al1ww,Customer_2983,2014-11-15 08:44:00,5.0,"Love this place! That we've ended up here on both visits to Philadelphia within 2 months apart. 

On my first visit, I shared the short rib & cheddar duck fat fries, the village burger and the kentucky hot brown with the boyfriend. All of that was amazing. At the time, we were in town for the Made in America festival and Yelped for a good place to have dinner on a Friday night. Since it was highly rated and seemed intriguing, we decided to come here with our group of friends. With the exceptional food here, my curiosity was piqued and ended up looking it up and was pleasantly surprised to find out it was owned by Chef Jose Garces. 

On our most recent visit, we had to order the duck fat fries topped with short ribs & cheddar sauce again to share. We both each ordered the village burger. I had mine topped with bleu cheese & an egg. He got the caramelized onions & cheddar on his. We both ordered our burgers medium. It was still quite moist but I think this burger might be best medium rare. The egg in my burger was perfectly cooked. I was expecting the yolk to be quite messy and runny when I sliced my burger in half but was pleasantly surprised that it kept intact. This has to be one of the best burgers I've ever had for only $12!

I can't find anything wrong about this restaurant. What's not to love..whiskey and amazing food. I will definitely come visit again and maybe try their brunch or come visit Tinto (which is also owned by Chef Garces) next door. The ribeye was particularly good.",Downtown,Village Whiskey,100.29,24.04,24.0,2,56-65,Male,Mixed
eHS02vM2CU0F9s_ik8Uwbw,Customer_2129,2013-10-28 22:54:38,5.0,"Burgers, staff and mgmt. and Whiskey selection all amazing!",Downtown,Village Whiskey,36.17,6.82,18.9,1,36-45,Male,Other
60fqnqL_u2Pi8yRZkC9N8g,Customer_2729,2014-01-01 21:34:27,4.0,,Downtown,Village Whiskey,15.09,1.52,10.1,2,36-45,Prefer not to say,African American
RzDp7FyGdjl-Z2l6NNBT_w,Customer_5425,2016-06-02 17:54:19,4.0,"Hands down one of the best burgers in Philly. I always get the village burger with a fried egg and it has never disappointed. It's always cooked perfectly to medium. On the menu they have duck fat fries with short rib and cheddar but we always asked to substitute fries for tater tots which they did happily. The tots are one of the best items on the menu. They're like little potato pillows that are perfectly crispy on the outside and melt in your mouth gooey on the inside. The lobster mac and cheese is also really good. Overall a tad pricey but I've ever been disappointed so it's worth it. Location can't be beat in the heart of center city.

The service is usually pretty good. Sometimes they aren't on top of it. One time I came here with a friend for her birthday and she ordered the whiskey king burger that comes with foie gras; she specifically ordered it without foie gras because she can't stand it (and told the waitress as such) and it of course the order was screwed up and came out with it. 

Side note they don't take reservations and usually have about a 2-3 hour wait on the weekends. On the bright side they will take your number down, text you when your table is ready, and give you a 15 minute window to get back to the restaurant to claim your table. Plenty of time to go to another bar nearby and grab a few drinks to kill some time.",Downtown,Village Whiskey,19.86,4.62,23.3,2,56-65,Prefer not to say,
8eUSyEVpCl7Oa_LAvFHKMQ,Customer_5397,2013-11-17 20:48:15,4.0,"Cozy restaurant, it had that modern day hipster speakeasy feel. Prepare to wait if you come anytime after 6pm.

The hostess helped us snag a spot at the back counter which was really nice of her.

The pickled beets were fantastic and the veggie burger was fresh and delicious. Service was as prompt as can be expected in a busy place like this. Prices were fair. Ambiance and location are perfect. Would come back anytime I'm in town!",Downtown,Village Whiskey,14.21,2.65,18.7,4,26-35,Male,Native American
eC7Wwg-1hMAGoTAERb6oGQ,Customer_4995,2015-08-01 11:53:33,5.0,,Downtown,Village Whiskey,17.82,3.75,21.1,1,56-65,,Other
xldff0g-AUSBOUuRRQV9jg,Customer_6325,2014-01-01 17:21:29,4.0,"Service was good and very patient with my usual indecisivenss. Veggie burger wss pretty good. Tator tots were insanely good - like the best ever. Tried my friends duck fried fries and found them unpleasant. There are better places to for regular food. But if you want a pricey but great brunch or the best tots ever, you should go.",Downtown,Village Whiskey,33.45,7.5,22.4,3,26-35,Non-binary,Native American
_WBtTTBflD9r1fPIxcX-Ag,Customer_5526,2013-04-10 23:01:48,5.0,"Cool spot in a great location.
We got there early, so didn't have the same crushing crowds others have talked about.
The bartenders are awesome.
Made me a Perfect Rye Manhattan on the rocks, never had one before...I'm hooked.
Easily the best burger I've ever had!
Will absolutely be back",Downtown,Village Whiskey,16.43,2.7,16.5,4,56-65,Female,Hispanic
9GyvfS6Gys5kX2-cZx_HSg,Customer_4937,2013-01-31 03:14:35,5.0,"AMAZING! I consider myself a food connoissuer, I keep a list of restuarants to go to on my phone and rate them as I go. This way I know where to tell people who are visiting to go and I can remind myself where to go back to when I have friends and family come visit. Village Whiskey was revisited! 

Aside from their pretty legit alcohol list, their food is delicious. Ive had their fish sandwich, pickled beets, duck fat fries and kentucky hot brown. The pickled beets are worth going back for on their own. My friends have had the pulled pork sandwich and burger. They all raved about their entrees, not one complaint. Jose Garces got it right.

Small place, great atmosphere, great for a date or just a night out with your friends to get good food accompanied by a good drink. The prices are reasonable and you really just cant beat the quality. Id go back again and again.",Downtown,Village Whiskey,11.76,2.76,23.5,1,65+,Prefer not to say,
4YgUHz4l5SfpKZIrvILuhQ,Customer_2524,2012-03-06 19:22:08,4.0,,Downtown,Village Whiskey,14.38,1.73,12.0,3,46-55,Female,Native American
DQga1p2Bn-EpD-QDTXBzJg,Customer_9698,2014-01-18 19:27:18,2.0,"The only reason I am giving this place 2 stars is because of the HOSTESS!  Now, I go to a lot of restaurants. The hostess (petite black girl) is extremely rude with an attitude. As soon as we walked through the doors, she looked at us and said the wait would be 30mins (which wasn't the case because she sat another couple down 5 min after us). Someone needs to fire her! She brought our menus over and just put them on the table, rolled her eyes and walked away. No smile, nothing. What a horrible start of our meal. Then the same thing happened to the couple who sat next to us where the couple said thank you for bringing the menus and she walked away without saying anything or smiling! 

The bartenders and waiters are attentive and nice. 
The burger here is wonderful! It's big, juicy and full of flavor. 5 stars for a delicious burger! The nachos was particularly good.",Downtown,Village Whiskey,37.95,7.39,19.5,2,65+,,Mixed
Lz2P8hSjV9KQ05hbi1nbVA,Customer_6023,2012-04-07 10:44:00,4.0,"This is a simple review to write.  The burgers are delicious and perfect.  The duck fat fries were good but definetly overrated.  Great place to go with the guys, have some whiskey, eat a burger and roll out to explore the rest of the city!!",Downtown,Village Whiskey,29.95,4.43,14.8,4,18-25,Female,Mixed
kkrS-GtsdePE7BNO2m5uZQ,Customer_4033,2012-08-18 20:41:54,4.0,"IF you can get a table, the veggie burger is absolutely the best I have ever had! Very, very small, but has a few outside tables when weather permits. Very close seating inside where you practically share a booth with others.",Downtown,Village Whiskey,52.8,10.4,19.7,2,65+,Prefer not to say,Native American
udJiUAf23_LC8PteKn1R7g,Customer_9595,2010-03-21 19:18:16,5.0,,Downtown,Village Whiskey,6.75,1.49,22.1,1,18-25,Female,Native American
wBPHf2ueGjTgJqz_lVJvJA,Customer_9751,2011-02-14 03:46:19,5.0,"This place was exactly as advertised.  Showed up at about noon on a Saturday, the place was busy but we were able to grab the last two seats at the bar.  Village burger was incredible, so was all the whiskey we tried.  Highly recommend the Manhattan, one of the best I've had anywhere.",Downtown,Village Whiskey,12.3,2.85,23.2,2,18-25,Male,Native American
rBnkGDScyk_pI74dVoVngg,Customer_2680,2010-11-28 20:01:23,4.0,"Whether you will love or hate your experience at VW will depend on how well you plan for the kind of experience that will make YOU happy. Do you like to be in an ""it"" place? Are you OK with crowds and long waits?  If so, then you'll have a good experience braving VW at a prime time (weekend night, lunchtime). If not, there are plenty of times the bar is almost empty and you can enjoy a relaxing, delicious meal and chat with the bartenders - but you'll need to plan to go at an off-peak time. Some of my best VW experiences have been at 2:30 in the afternoon, stopping in for a late lunch and mid-afternoon drink. 

I've found the bartenders to be professional, knowledgeable, friendly and accommodating in the extreme. They're always happy to recommend a drink - or even craft one specially for me - based on nothing but the most vague suggestions or knowing what I'm having to eat. I am not a whiskey drinker, but even I can tell that the selection is extensive and the bartenders know their stuff. Whether you are a novice looking to explore or a seasoned whiskey drinker looking for a treat, I'm sure you'll find it here. 

The food is very good, although somewhat expensive. My favorite is the pork sammie, which comes with the most incredible fried pickle chips. Although they are only on the menu as an accompaniment for the sandwich, they *will* serve them to you alone if you ask! Which I highly recommend. The first time I ordered the sandwich I was a little disappointed - the meat was overly fatty, and the sauce was overwhelming the bun - but it's improved every time I've eaten it since. The burgers, as the other reviewers attest, are phenomenal. 

You should definitely leave some room to try something from the ""pickles"" menu. My favorite are the heirloom tomatoes - they have a wonderful texture and are bursting with flavor. The artichoke hearts were also delicious. All of the pickles are served with very good ricotta spread, tapenade, and bread. These are some of the best deals on the menu, if you're looking for a small bite, they're perfect. The fries was particularly good.",Downtown,Village Whiskey,22.4,4.43,19.8,2,56-65,Non-binary,
2GuFFljZhcZHXPGT53nBWg,Customer_5136,2017-06-08 02:43:45,4.0,"Simply solid. I've been here twice. Came here about 5-6 years ago and remembered liking it so much then I was so delighted my friend brought me back last week. It's so yummy! The burgers rock! And the cocktails ain't too shabby either. Gotta love a Chef Jose Garces spot. The pickle boards are also awesome! The ricotta I could literally slather on everything. The deviled eggs though fell a bit flat for me. I think the filling needed much more flavoring and depth. I want a mix of salty, savory, spicy. It was just ok. Definitely would come back since that Patty Melt is a thing of beauty. Mmm. The pizza was particularly good.",Downtown,Village Whiskey,16.85,5.9,35.0,1,18-25,Male,Other
S_1BfrxjnUvyD5oCyhAFeg,Customer_1878,2016-08-05 13:32:22,4.0,"We stopped into Village Whiskey on the last night of our stay in Philadelphia on the recommendation of a local.  It was a VERY good choice and we were happy to have chosen this location for our final outing of our vacation. Service was very good, with clean, efficient, pleasant gentlemen at the bar and making the table rounds. 

Village Whiskey boasts a SERIOUS drink menu and an eclectic, locally sourced food menu.  The place was packed to the gills with a vibrant after-work crowd having happy-hour cocktails and you could clearly see that this is the regular bread-and-butter for Village Whiskey- great atmosphere!I don't drink, so sometimes I'm at a loss when I accompany my partner to places like this, but I'm happy to say that in addition to literally hundreds of alcoholic beverage choices, they also had some pretty tempting non-alcoholic choices!  I had a really delicious freshly squeezed lemon-aid and my partner had a local on-tap beer to start.  

As an appetizer, we shared their famous duck fat fries with sly fox cheddar sauce.  They were everything you can imagine they would be- rich, crispy, salty, unctuous, and full of flavor.  Wow, we were delighted that something as simple as a 'french fry"" could be elevated to such an artful presentation! For our meals, I chose the Kentucky hot brown, and my partner got their Villiage burger.  I opted for tater tots (my weakness) and he got even more fries.  The hot brown was exceptional- an open faced sandwich on a fluffy brioche roll piled high with smoked turkey, bacon and mornay (cream) sauce.  it was one of the best I've had, being from New England and not having the opportunity to enjoy these Southern treats very often!  I was in heaven! The burger was an 8oz local beef that he enjoyed with bacon and jasper hill cheddar. It arrived glistening and piled high with fresh toppings.  He deemed it, ""excellent all around!""",Downtown,Village Whiskey,36.26,5.06,14.0,5,,,Native American
tKql-TYum_9GAt83vULyxA,Customer_7818,2011-04-29 01:44:28,5.0,"First of all, let me say this: Go early. Go on a weekday. Be prepared to get cozy with the others who've come early on a weekday.

From there, I'll talk a little about my meal in particular. We went for my birthday, as I've been reading and salivating over the menu for a while. I got the Ginger Rogers (diiiivine, spicy and not too sweet, just the way I like my gin drinks) and we started with the deviled eggs, which were clean and had a tart, almost mustard-y tang to them. Well worth it.

Skipping ahead to dessert: the smores milkshake is topped with a lovely caramelized HOMEMADE marshmallow, and, if you've never had a homemade marshmallow, well, go ahead and see what you're missing. You'll never go back to those storebought stale cylinders. 

The pulled pork is yummy, though not the best I've ever had. And I've got a little secret for you, though: it comes with a side of fried dill pickle chips. I'll say that again: Fried. Dill. Pickle. Chips. Here's where the secret comes in: you can order these as a side, though it doesn't say so anywhere on the menu. Our waitress tipped us off, saying she eats them all through her late night shifts. A ringing endorsement if ever I heard one.

Oh yeah, and the fries. With cheese sauce and shortribs. It's absurd, but it works. The nachos was particularly good.",Downtown,Village Whiskey,19.45,3.99,20.5,4,,,Asian
Hw99dpNmODz7OQWAuQDv2w,Customer_7232,2018-01-22 02:34:27,2.0,,Downtown,Village Whiskey,44.61,6.85,15.4,4,46-55,Non-binary,Other
LMxWQtQB8YaekB8VU9aQHQ,Customer_2625,2010-07-08 19:18:12,3.0,"Eh....Let's just say I'm glad this was not my only Jose Garces stop for the weekend.

The best thing about this place is the music. Absolutely awesome rock from the 60s, 70s and 80s. Tunes you know, tunes that sound like the hot sisters of tunes you know, tunes that take you back to when you played doctor with a Fisher Price stethoscope--yeah, music like that. I definitely did my fair share of Shazaaming and ""I gotta go back and listen to that album""-ing.

The food itself was pretty mediocre. The boy and I did a weekend-long food tour of Philly and this was stop #65 or so, so we weren't extremely hungry coming in.

We came for the duckfat fries. But, well, they looked and tasted like normal fat fries except possibly on the drier side. The cheddar sauce helped a lot but I love french fries and believe good fries taste good without condiments of any kind, so the cheddar sauce wasn't too comforting to my fry-loving soul. We then split the chicken-fried steak. Holy oversalted batter, Batman! Waayyyy too much salty batter, about 0.23g of actual chicken. The gravy was okay but nothing remarkable and the biscuits were tender but too dense.

I did love my cocktail, though. Got the Philadelphia Fish House Punch and it was a good, strong, sweet cocktail. Between that and the frat boy/bachelor party table next to us, I had a pretty good time here but definitely won't be coming back next time I'm in the city of brotherly love.",Downtown,Village Whiskey,32.31,0.0,0.0,2,65+,Female,Native American
VyJy75cDZusthxUFlfKq3w,Customer_2229,2013-12-31 00:37:24,4.0,"Cool space in a great part of town. Enjoyed a burger which was prepared to perfection. Beer selection was good and the whiskey menu was very extensive. 

Would not make this a regular hangout but did enjoy the meal. 

The place is small so waiting for a table can take some time. The chicken was particularly good.",Downtown,Village Whiskey,17.6,2.88,16.4,2,46-55,Prefer not to say,
hbpQQysi6-IxtXu8FuMVuQ,Customer_8438,2018-07-17 01:46:33,5.0,Great drinks!!! I got the zombie one which was strong and yummy.... Three drinks later and I had to debate whether I was headed down the right path for the night haha! ALSO... give me all the duck fat fries my heart can handle with a side of cheese!!! Next time I'll get the fries with cheese AND short ribs... they were so sinfully good... The sandwich was particularly good.,Downtown,Village Whiskey,47.26,7.82,16.5,4,26-35,Non-binary,Asian
jt3ChUJCN2w1a_0BYQRUCA,Customer_3441,2012-01-05 16:17:06,4.0,"Good burgers.  Great pickled veggies.  Good whiskey selection, including my personal favorite, Red Breast.  Get there at 11:30 to avoid the lunch crowd and get whatever table you want.",Downtown,Village Whiskey,25.06,0.0,0.0,2,18-25,Male,African American
dtRDtb0v35XiwcRw7G6UAQ,Customer_5728,2011-08-03 14:19:58,3.0,,Downtown,Village Whiskey,22.23,3.56,16.0,2,46-55,Non-binary,Other
tzmRbtGLO7OmRE-EJ3iQAA,Customer_9199,2016-10-30 04:06:32,5.0,,Downtown,Village Whiskey,21.63,3.72,17.2,2,46-55,Male,Caucasian
mDQGoQ5TJbXK6Il8prZ6yQ,Customer_6280,2011-07-29 12:26:25,2.0,,Downtown,Village Whiskey,30.6,4.06,13.3,6,18-25,Male,Asian
O8QsT_kErDDHZYzZcNblTQ,Customer_1339,2016-02-12 16:05:00,5.0,,Downtown,Village Whiskey,50.44,20.18,40.0,6,,Non-binary,Caucasian
A8YuBk1v1zkrRsRAoB-0yA,Customer_3870,2016-09-06 19:39:54,4.0,,Downtown,Village Whiskey,24.77,2.39,9.6,2,65+,Prefer not to say,Native American
QI4H29iEBiH_uVTU-cKTDg,Customer_9056,2010-09-02 02:03:27,5.0,"Yes! I got to meet Jose Garces! That alone deserves 5 stars! 
I had the Village Burger with mushrooms. I asked for mine medium rare and they actually gave it to me medium rare! Awesome. It was juicy and tasty. So I'm cutting my ridiculously gigantic burger with knife and fork, and all of a sudden I look up and Jose is just chilling with his man purse by the bar, talking to some people. Of course I ask the waiter if that is really him, and he says ""yes, just call him and he'll come up to you"". I was like a kid on christmas eve. Check out the picture!!!! 
The duck fat french fries with sly fox cheddar and short ribs were the bomb! So yummy!!! 

Did I mention that I met Garces????",Downtown,Village Whiskey,25.76,9.02,35.0,1,36-45,Prefer not to say,Mixed
VKj_mcbBKihxW74J3npP_g,Customer_6403,2018-07-19 11:21:09,4.0,"Looked for whiskey bar and chose #villagewhiskey on recommendation og @cocktail_maven and it was casual dress....  staff was great, food was great and duck fat fries finished my patty melt perfectly. Good selection of whiskey....little bartender was great and climbed to top shelf a few times to retrieve or search for bottles. Awesome probition style bar. The chicken was particularly good.",Downtown,Village Whiskey,85.67,17.47,20.4,2,46-55,Non-binary,Other
sUvEfzXefMfrUEGGxLX9qw,Customer_1601,2010-03-17 02:41:04,5.0,,Downtown,Village Whiskey,21.96,3.92,17.8,8,36-45,Non-binary,Mixed
mDQGoQ5TJbXK6Il8prZ6yQ,Customer_9431,2011-07-29 12:26:25,2.0,"We had eaten hear before and loved it.  This trip was totally different.  Although the restaurant had only one table filled when we arrived, hostess seated the three of us at a very small table for two, then seated someone right next to us.  She then complained that we were oozing over our table space onto the other people.  Hostess was VERY rude.  Beverages were good, but service was very slow - also odd considering most of the restaurant was empty.  Food was sub-par with tater tots and shrimp being so overcooked that they were inedible.  Pulled BBQ sandwich had so much fat in it it was impossible to eat.  This was such a disappointment since we are big Garces fans and eat often at his other restaurants.  Maybe this was just a bad day for them.",Downtown,Village Whiskey,13.94,3.04,21.8,4,18-25,,
EDtYaqJQ1NPqU3ysO0CH6w,Customer_9167,2013-08-16 00:44:01,5.0,"Darn awesome. Love the ambiance, love the food, love the music. My father even drank whiskey here and loved it, which is just crazy making. Also very friendly and fun bartenders/staff. Highly recommended.

Only downside - it gets packed, and there's really no place to wait. The appetizer was particularly good.",Downtown,Village Whiskey,14.07,3.09,22.0,2,,Male,Asian
dtRDtb0v35XiwcRw7G6UAQ,Customer_8178,2011-08-03 14:19:58,3.0,"Not bad. Be prepared to wait an hour or so on the weekends for a table to open up. Burger was pretty good but nothing compared to the angus burger at the Royal. Duck fat fries were ok but nothing out of this world. I would say top 10 on the best burgers in Philly list. I could take or leave a second trip. The service is also notorious for being rude - just a heads up.

Bottom line; Good burger, good service, ridiculous wait because its so small and prices are high. If you're looking for a great burger, there are many alternatives. The sandwich was particularly good.",Downtown,Village Whiskey,15.87,3.97,25.0,2,46-55,Male,Caucasian
Lz2P8hSjV9KQ05hbi1nbVA,Customer_4920,2012-04-07 10:44:00,4.0,,Downtown,Village Whiskey,50.15,6.54,13.0,1,36-45,,Caucasian
_DYWIFRb48i23ZqWH5bC8Q,Customer_8560,2017-01-17 06:11:38,4.0,"The atmosphere was comfortable. The service was great. I had the Whiskey special burger. It was big, tasty, fresh, and delicious. It was a bit expensive but the cost reflected the quality. The salad was particularly good.",Downtown,Village Whiskey,18.84,7.53,40.0,3,,Female,
MBogn-UU9V5SWtdCT1x2Iw,Customer_5781,2012-02-03 19:31:24,5.0,,Downtown,Village Whiskey,11.51,2.11,18.3,3,36-45,Prefer not to say,
9dkWgAziUnAY5DDIrvf0AQ,Customer_4993,2011-02-18 12:48:59,4.0,,Downtown,Village Whiskey,32.69,4.39,13.4,2,26-35,Prefer not to say,Asian
V1Lrle46BPZkan-3VN1SsQ,Customer_9327,2015-05-31 01:30:13,3.0,,Downtown,Village Whiskey,16.9,2.77,16.4,5,26-35,Male,Native American
PScfrZTFq651Nm_FB1R08g,Customer_7798,2015-06-11 17:02:01,4.0,,Downtown,Village Whiskey,20.92,4.35,20.8,3,,,Native American
vZ1lmvgjYbQFze_70i6-5Q,Customer_5634,2012-05-31 13:48:04,5.0,,Downtown,Village Whiskey,28.01,6.87,24.5,2,,,
BaOysjGtR80w9djXAZU-zA,Customer_8316,2014-09-26 10:50:59,4.0,,Downtown,Village Whiskey,21.26,3.61,17.0,4,36-45,Non-binary,Other
uT1KXpqZ15sLcNvLbyg5fQ,Customer_4912,2013-06-05 20:21:19,5.0,Burgers and duck fast fries are phenomenal. One of the top three burgers in Philly. Venue is way too small. Long waits to get in but top notch for food! The fish was particularly good.,Downtown,Village Whiskey,28.47,6.24,21.9,2,26-35,Prefer not to say,Caucasian
TfC5C6j5zDPFsvhKiRnf7w,Customer_7246,2010-11-29 03:41:06,1.0,"Well, my bf and I were going to eat here for his birthday (a Sunday night) and off we went. The place is the size of a shoebox. Seriously. It is one of the smallest restaurants I have ever seen. Considering Jose Garces opened this post Iron Chef, what's his excuse? Anyway, we were informed it would be a half hour wait and had to give them our name (OK) and cell phone (odd). We were, of course, asked if we would like to sit at the bar. We went back, sidled passed a waiter or two and quickly realized there was absolutely no seating at the bar. I told the hostess we would be having a drink elsewhere, and to please keep our name on the list. So, we went and had a beer elsewhere, and about a half hour later, I asked my BF if his phone had rang at all. It had not. He called VW and was informed that they had called. We went back to VW and the hostess chirped that it was their policy to call twice. I said I had a hard time believing that as my bf's phone showed no missed calls, no messages, nothing. She said we could wait another half hour, if we liked. I almost told her to go eff herself. My bf used their bathroom and we went to Standard Tap instead. 

So the 1 star is for their total lack of space and lame waiting list procedure. 

The food I saw looked good though. 

Maybe I will go on a Monday at 4:00 or something.",Downtown,Village Whiskey,47.87,6.54,13.7,4,65+,Female,
VEBXqpv7oyraXCUrDPxFJA,Customer_3068,2011-05-29 10:20:51,2.0,,Downtown,Village Whiskey,28.34,5.59,19.7,3,56-65,Non-binary,Hispanic
hnoxXlXn2LZFBkJogCZ8Sg,Customer_8213,2014-12-04 15:26:09,2.0,,Downtown,Village Whiskey,27.99,6.23,22.2,1,46-55,Male,African American
KlfoquzypG2Jug3R9v7dCA,Customer_3529,2012-04-02 19:21:08,3.0,"Disclaimer: this three star review is from a vegetarian's perspective.  I understand that this place is in contention for best (real) burger in the city. 

My (carnivorous) friend was looking for someone to join her for lunch at Village Whiskey so I figured I'd give their veggie burger a try.  It was a standard spicy black bean burger...it was good but I won't ever need to go back again.  My friend seemed to enjoy her burger and the duck fat fries.  I didn't try the fries (quack quack) despite how amazing they smelled. 

It was a decent lunch but definitely a place for meat-eaters.",Downtown,Village Whiskey,28.95,4.18,14.4,1,,Non-binary,Mixed
S_1BfrxjnUvyD5oCyhAFeg,Customer_6383,2016-08-05 13:32:22,4.0,"We stopped into Village Whiskey on the last night of our stay in Philadelphia on the recommendation of a local.  It was a VERY good choice and we were happy to have chosen this location for our final outing of our vacation. Service was very good, with clean, efficient, pleasant gentlemen at the bar and making the table rounds. 

Village Whiskey boasts a SERIOUS drink menu and an eclectic, locally sourced food menu.  The place was packed to the gills with a vibrant after-work crowd having happy-hour cocktails and you could clearly see that this is the regular bread-and-butter for Village Whiskey- great atmosphere!I don't drink, so sometimes I'm at a loss when I accompany my partner to places like this, but I'm happy to say that in addition to literally hundreds of alcoholic beverage choices, they also had some pretty tempting non-alcoholic choices!  I had a really delicious freshly squeezed lemon-aid and my partner had a local on-tap beer to start.  

As an appetizer, we shared their famous duck fat fries with sly fox cheddar sauce.  They were everything you can imagine they would be- rich, crispy, salty, unctuous, and full of flavor.  Wow, we were delighted that something as simple as a 'french fry"" could be elevated to such an artful presentation! For our meals, I chose the Kentucky hot brown, and my partner got their Villiage burger.  I opted for tater tots (my weakness) and he got even more fries.  The hot brown was exceptional- an open faced sandwich on a fluffy brioche roll piled high with smoked turkey, bacon and mornay (cream) sauce.  it was one of the best I've had, being from New England and not having the opportunity to enjoy these Southern treats very often!  I was in heaven! The burger was an 8oz local beef that he enjoyed with bacon and jasper hill cheddar. It arrived glistening and piled high with fresh toppings.  He deemed it, ""excellent all around!"" The pasta was particularly good.",Downtown,Village Whiskey,27.28,3.25,11.9,3,,,Other
2APwQC9WA6g3aNe3dLI8Rw,Customer_8994,2018-07-08 18:48:28,3.0,,Downtown,Village Whiskey,13.78,2.93,21.3,3,18-25,,Hispanic
c03qhizPHD53xLOiRL8C4A,Customer_5708,2012-03-31 23:35:36,3.0,"Excellent burgers, both beef and veggie, with top notch toppings.  The brioche bun adds something extra, bacon cooked to perfection, and cheddar, guacamole, red cabbage - everything was flavorful and delicious.  

One complaint - the milkshakes!  They were not only not good, but virtually non-existant meaning that mine was 90%+ whipped cream!  It was just on the top, but the entire way down the center and after removing it there was nothing left, but some chocolate syrup, there was no ice cream.  I am still utterly confused at the fact that I paid $6 for a cup of whipped cream that I did not eat.

Another side note, they don't take reservations, so anticipate a solid wait of at least an hour.",Downtown,Village Whiskey,17.17,6.87,40.0,3,18-25,Prefer not to say,Hispanic
CQhi5XMGr8B8sbQbNyeO7A,Customer_2646,2017-05-27 12:21:58,5.0,,Downtown,Village Whiskey,14.21,3.24,22.8,3,65+,Non-binary,Caucasian
9u0LjPfVWo1Hm95C8s435g,Customer_5806,2010-01-26 02:23:55,5.0,"Absolutely love this place.

Whiskey / Bourbon, Beer and Classic Cocktail selections are excellent.

This place is cheap, fantastic pub food. A limited menu, but everything I've had on it is basically perfect.

The Village Burger is, huge, juicy, and one of the best burgers in town, and the BBQ pork sandwich is fantastic.

I also highly recommend the Deviled Eggs.

Wish they took reservations, b/c the place is small and the wait is usually extremely long. Fortunately I live close by :)",Downtown,Village Whiskey,30.73,4.2,13.7,2,46-55,Female,Asian
sdffp1xNKqIqySU_JHGVmw,Customer_3950,2011-08-06 18:58:21,4.0,"Jose Garces, you did not disappoint! The servers were kind and professional and the ambiance was loud and exciting. Went in for a drink and decided on the Philadelphia Fish House Punch. It arrived after a few minutes and it was well-mixed and delicious. Stayed for one more Punch and reluctantly left, as the restaurant was about to close. I definitely plan on returning soon!",Downtown,Village Whiskey,26.89,3.64,13.6,6,18-25,,Other
nm7K01NxcCt1RrDTfARzDA,Customer_3344,2014-11-12 19:58:12,3.0,I went here with some friends and I would recommend this place for some great drinks. They have some unique cocktails and cordials. But I was disappointed in the food.  It was just bland and nothing exciting.  The service was pleasant but it didn't make the food any better. Come here if you're looking for a variety of booze but don't come hungry. The quesadilla was particularly good.,Downtown,Village Whiskey,16.63,3.72,22.4,3,65+,Non-binary,
HyAVPkBusHgJHWkoYW9crQ,Customer_5712,2015-03-20 01:39:03,5.0,"JG, you have done it again in the best city.... 6th borough, Philly.  Village Whisky is hands down a lovely place to grab great food and delicious drinks. VW( aka V-Dub) is my guilty pleasure (it's my one time a month spot) I love the service, decor, and their duck phat fries to the extent of the mouthwatering devil eggs. Yes, deviled eggs..... vicious in a great way. Order any mouth watering burger with their duck fat fries wash it down with a nice smooth Yamazaki or delicious high end liquor and you're set. Talking about a last meal before the ""outs,"" yeah man this is where outlaws dine... aka last supper. VW is highly respectable with great service, and coma food that will make you smiling in your grave. The beer was particularly good.",Downtown,Village Whiskey,22.18,4.01,18.1,3,26-35,Male,
46xea9HKvXXCl5nOAJ9gIw,Customer_5901,2017-02-12 17:35:13,5.0,,Downtown,Village Whiskey,51.71,5.67,11.0,3,46-55,Non-binary,
zwIVr5YdS7B2AiPAz_FcLQ,Customer_4263,2017-04-19 16:59:36,1.0,,Downtown,Village Whiskey,24.57,8.6,35.0,2,18-25,Female,Other
BaOysjGtR80w9djXAZU-zA,Customer_5837,2014-09-26 10:50:59,4.0,"The staff were great and very friendly. Our waitress even helped us make an order of the tater tots...but tossed in duck fat! (say what?). The whiskey king looked awesome and was tasty. However, I do wish they change up the foie gras to other fancy items from time to time (not a huge fan of liver in general). Better get here earlier-ish--the place fills up!",Downtown,Village Whiskey,25.53,4.42,17.3,2,,Prefer not to say,Native American
_zYsyxQ4UqeYviqNR27cpA,Customer_1803,2014-11-14 21:41:22,4.0,"Great place for lunch; we had their standard burger and lobster mac. Draft list was small but well selected. Same w/bottle list. Obviously, the whiskeys were the main event, but we stuck to beer. Will be back.",Downtown,Village Whiskey,22.36,8.94,40.0,1,46-55,Non-binary,Asian
ckpyCNxwfrxYlA0B81S-Zw,Customer_4115,2011-04-04 15:38:05,4.0,"If you go here, definitely eat at the bar. It's a little like dinner and a show because it's so much fun watching the bartenders pour all sorts of drinks- some classic and some not so much. The bartenders are also super-friendly. My boyfriend and I once spent the entire meal quizzing the bartender on what drinks he was making and well, if he was annoyed, he never showed it. 

As fun as it is to sit at the bar, I usually don't get a drink there because of the price. My boyfriend loves to try all sorts of beers, but not being a beer drinker myself, I can only assume that the selection is quality. I will say that they let him do a taste test of any new beer before he orders a whole one. 

The food for the most part is a big hit. We always order the pickled beets with toasted bread, olive tapenade, and ricotta with fruity olive oil. The beets are tangy and a little sweet. When you get tired of eating pickles, the ricotta and olive tapenade help neutralize your palette so you can go back in for more. It's true that they usually skimp on the bread, but that's a quick fix- we just ask for more. 

Now for the mains. I usually get the veggie burger with avocado not because I don't like a good burger, but because we usually eat there when it's too late for me to go home and go to bed on a full stomach. The veggie burger itself has a great flavor and while I appreciate that it's not loaded with breadcrumb filler, it could use a little more structure. After getting it about 4 times now, I've just about mastered the veggie burger hold so that I squeeze the bun just enough to hold it all in place but don't over-squeeze so that the beany burger spills out onto the plate. It comes with a nice bright slaw that gives it some crunchy texture. My boyfriend either gets the Village burger or the BBQ Sammy . Both are really good and juicy. The fried pickles are theoretically a nice touch with the BBQ Sammy, but they honestly don't add much flavor-wise. The burger is definitely heftier, and pickled beets, burgers, and splitting a round of the duck fat fries with cheese, you just want to roll home. The only big improvement that the restaurant could make is serving slightly sturdier buns. They are a little too soft and pillowy for the juicy ingredients that they usually have inside. 

Overall, this is a fun place. Considering it's first-come, first-serve, there's usually a wait which is why I recommend checking it out either for an early dinner or a late weeknight dinner. And remember, sit at the bar! The risotto was particularly good.",Downtown,Village Whiskey,35.73,6.21,17.4,6,65+,Female,Hispanic
dSrA4BSbUaF5gjt2UErsEQ,Customer_1645,2015-06-21 03:00:20,4.0,,Downtown,Village Whiskey,36.2,4.98,13.8,4,46-55,Male,Mixed
2GuFFljZhcZHXPGT53nBWg,Customer_2476,2017-06-08 02:43:45,4.0,,Downtown,Village Whiskey,11.72,4.1,35.0,2,65+,Prefer not to say,African American
W6JXt0WJVYhp_R7XcUgvbA,Customer_6994,2012-06-04 13:34:18,3.0,"Small intimate atmosphere, be prepared to wait for a table. The duck fat fries are legit. Ordered an Old Fashioned, they make their on bitters, strong, to the point, enjoyed it.",Downtown,Village Whiskey,27.82,3.28,11.8,5,36-45,Female,Native American
HVDgoWYj-aiufQshF2mq1w,Customer_8894,2010-07-09 00:59:59,3.0,,Downtown,Village Whiskey,34.26,11.99,35.0,1,65+,Non-binary,Hispanic
GBT6wkv1fUaKBL9ikqU4lQ,Customer_7511,2013-01-28 20:19:40,5.0,"Finally got to try this place out because of all the awesome reviews! 

We went on a Sunday night at 6pm and were seated right away in a cosy little booth area with 2 other parties of 2 and 3 at their own tables. 

We ordered 2 drinks, the punch and the old fashioned and both were exceptional 

Next we ordered the duck fat fries with cheddar and short rib.  I had a village burger and my boyfriend had the pulled pork. Everything was so flavorful and perfect. My burger was perfectly cooked to medium rare, crispy on the outside and soft and delicious on the inside. My only complaint is that the fries were a little on the salty side, but really..who cares when it's that delicious.  Even my boyfriend's fried pickles and my pickle slice were great...it's all that good. 

All in all, it was a great time! Next time we go though we'll probably skip the drinks to keep our bill a little lower. Definitely a new favorite spot!! The tacos was particularly good.",Downtown,Village Whiskey,60.36,24.14,40.0,3,36-45,Male,Other
_WBtTTBflD9r1fPIxcX-Ag,Customer_8451,2013-04-10 23:01:48,5.0,"Cool spot in a great location.
We got there early, so didn't have the same crushing crowds others have talked about.
The bartenders are awesome.
Made me a Perfect Rye Manhattan on the rocks, never had one before...I'm hooked.
Easily the best burger I've ever had!
Will absolutely be back",Downtown,Village Whiskey,42.42,7.74,18.3,3,65+,Non-binary,Other
awj8W1iorW4uHmUt0nPxpw,Customer_7086,2014-05-08 13:44:45,4.0,,Downtown,Village Whiskey,42.97,10.0,23.3,2,26-35,Prefer not to say,Caucasian
zaYPB8sEL2ZnIInmOl0VVw,Customer_6374,2012-07-03 13:40:12,5.0,Everything is amazing here! Get a repeal to drink... You can't go wrong with anything from here... Must eat here if you're in Philly!,Downtown,Village Whiskey,39.31,0.0,0.0,4,65+,Male,
RxF95SA7xWmQHH8nQ4aa9g,Customer_5951,2010-03-19 23:43:48,4.0,,Downtown,Village Whiskey,18.48,3.8,20.6,4,18-25,Female,Caucasian
rsj7CW9K6_Q5u2yfJ8OZ-A,Customer_5986,2010-05-23 14:45:29,4.0,,Downtown,Village Whiskey,171.61,0.0,0.0,3,18-25,Female,African American
jILyYSWBWqOzblPlT10K0Q,Customer_7866,2016-09-06 23:56:43,5.0,"They have the best burger in Philly.  The ambience strikes a delicate balance between fancy and casual:  It's the kind of place where someone in jorts can sit beside someone in a suit, and neither will feel out of place.  The burgers are thick and cooked to order, with a slew of high-quality toppings.  The drink selection is solid, especially in the realm of whiskey.  It's a little on the pricey side, but I keep coming back because the quality, service, and ambience are worth it. The nachos was particularly good.",Downtown,Village Whiskey,40.28,8.56,21.3,4,65+,Female,Other
tQHjfbDTbc3QleDYhwuyAg,Customer_7686,2016-11-14 16:23:46,3.0,"Stopped in here on a Thursday evening for food and drinks. I ordered the burger of the month with a side of duck fat fries (and cheddar sauce). The beer list was decent, but not extensive. Service was good. The place is typically crowded and our table/booth was pretty cramped. The duck fat fries and cheddar sauce were great. The burger was good and unique, but the price ($22) was a bit over the top for a cheeseburger. I'm glad I tried this place, but I probably won't be returning.",Downtown,Village Whiskey,14.05,4.92,35.0,1,18-25,Non-binary,Asian
W2a0ACu98ChAdV8x8-mb3w,Customer_6942,2010-01-15 20:24:39,4.0,"I would have to agree with Leban here...best burger I've had in Philly.  Incredibly moist and flavorful, cooked great, and awesome bun.  The place is really cool as well, and it's nice to see Garces (and soon Starr) continue his move West.",Downtown,Village Whiskey,11.8,1.84,15.6,2,65+,Non-binary,Mixed
jClaTDdvi7LcyL5R02gCRA,Customer_8450,2012-03-04 22:54:17,4.0,"We are so lucky to have stumbled upon this gem.  The atmosphere is relaxed. Seating is a little close - I recommend the bar seats. The cloister cocktail is great - I also recommend the morning glory fizz. Burgers are great. I recommend the duck fat fries. The wait staff is very knowledgeable and good with recommendations. 
Just loosen your belts and enjoy this mix of comfort food and gourmet. The salad was particularly good.",Downtown,Village Whiskey,26.04,2.36,9.1,3,26-35,,Caucasian
zC74v5qa1jN04T99aeSCtA,Customer_4362,2010-05-24 19:08:39,3.0,"So, I hate to be a nay-sayer in the homogeneous list of 5-star reviews, but at this point, I find Village Whiskey just ""A-OK"".  That's not a bad thing, but I was decidedly underwhelmed.  I had been hearing the burger raves for months, but had also heard about the 2-hour waits.  I had been waiting for just the perfect occasion, and it came on a random Wednesday afternoon at 3:30 while entertaining an out of town friend.  

Garces has done a very nice job with the space, and has achieved a classy, old-school bar vibe.  The tiles and woodwork are beautifully restored, the mirrors are antiqued to perfection, most of the light fixtures are charming.  In light of how-well designed everything else seemed to be, the cheap white metal fluorescent fixtures above the bar with label glue still staining them stood out like sore thumbs.  But I digress . . .

We claimed a primo table by the bar and set out to enjoy the ""best burger in Philly"".  Our waiter was very friendly, helpful with beer selections, and solicitous without being intrusive.  My friend went with the burger as described on the menu; I added cheddar.  We split an order of duck fat fries and washed it all down with beer.  To get right down to business, the burgers (both ordered medium) were good.  They were so good that I did not even mind paying $10 for them.  However, they were NOT the best burgers in Philly.  Both were slightly overcoooked, and the meat, while juicy, would have benefited from a bit more salt or seasoning.  If I had waited 2 hours for the experience, I would have been right pissed.  The duck fat fries were very good - crunchy on the outside, redolent with duck fat flavor, and filled with fluffy potato-y goodness.  Though the order looked on the small side, they were rich enough that the two of us could not finish them.

I expect I will be back to Village Whiskey.  I really dug the vibe, and I saw some intriguing cocktails being prepped with tender-loving-care at the bar.  I was entranced by the shaving of limes and muddling of herbs.  Speaking of cocktails, I ordinarily loves me some whiskey and the list at Village was pretty spectacular.  It makes it all the more sad that I will probably not be having any of them there.  The mark-ups were fairly ridiculous, especially since good whiskey does not really require any Iron Chef magic. The steak was particularly good.",Downtown,Village Whiskey,29.89,4.67,15.6,1,,,Asian
rg2SFHdSYGgfWwTj3_3qzA,Customer_4817,2017-10-05 15:35:34,3.0,"The food... meh. That Village Burger was the dryest ""gourmet"" burger I've EVER had! I told the waiter medium well and there was not a stitch of beige it was fried beyond belief and thay low lit lighting could not disguse it...lol

The duck fat fries were good. You can skip the cheese sauce however. It's nothing special. 

But definitely go (and stay) for the drinks! The Rose Gold is exceptional.",Downtown,Village Whiskey,43.09,11.12,25.8,2,26-35,,Caucasian
WrsRHFFFy9sFW8siDi4WMg,Customer_3129,2016-01-18 19:22:13,5.0,"I love the regular burger, but the veggie burger is the best I've ever had. Oysters are great too.",Downtown,Village Whiskey,26.66,3.83,14.3,1,,Female,Hispanic
JxQQmFjK-VxKWO21RqlcTA,Customer_6869,2013-09-07 20:36:26,5.0,"Johnny Appleseed - not just a pioneer, but also a very tasty cocktail!  Just in time for fall too!  

My husband and I adore Village Whiskey and since moving back to the area, we decided to see if it still made our mouths water.  

Good news - it's even better than we remembered.  The burger is still the best we've both experienced in the city and the drinks always leave me wanting just one more (despite how tipsy I tell myself I'm not).  

The place is tiny, sure, and while some people may call it cramped, I think it's quite cute.  Go during off-peak times if you're claustrophobic.",Downtown,Village Whiskey,27.86,8.34,29.9,3,26-35,,Mixed
u0PiKq6BjyANu4uamaDAmw,Customer_7897,2017-07-19 16:23:36,4.0,"We stopped here a half hour before closing (oops!) and the still treated us with the best service ever, as we were in town from Buffalo.  The cocktails are wonderful land the server was so friendly and chatty!  The burger though...I couldn't get enough!  The ambiance was delightful, too and I absolutely would love to come back when I have more time.  Seems like a perfect place to take a date. The steak was particularly good.",Downtown,Village Whiskey,62.84,4.95,7.9,4,65+,Male,
IF2eNcAOCXOyECo5QgoQNg,Customer_2786,2014-08-25 16:48:52,1.0,"Although people say they have good burgers, I wouldn't know,  since I couldn't get in to try them without waiting an hour and a half! And you can't make reservations either! Ridiculous! Go across the street to shake shack and save some money and no waiting. The quesadilla was particularly good.",Downtown,Village Whiskey,27.44,4.33,15.8,1,26-35,,Caucasian
BJ_PKy-5Ddsk2RlIP92A4Q,Customer_9543,2009-10-23 14:14:08,5.0,,Downtown,Village Whiskey,10.85,2.23,20.5,2,65+,Male,Caucasian
QLE1grenNOpzoFtlnHiQbA,Customer_7580,2016-02-25 19:30:02,4.0,,Downtown,Village Whiskey,38.54,6.29,16.3,2,18-25,Prefer not to say,
_fBxgQzqwX--VfkCS1hncA,Customer_3430,2018-09-16 03:38:56,5.0,"Incredible whiskey selection as promised. Everything you could dream of. A few flight options. Food over delivered!  Burger is huge, thick and tasty. Duck fat fries were amazing!  Small place. Very comfy but seems like prime time could be hard to get in. The salmon was particularly good.",Downtown,Village Whiskey,21.33,5.72,26.8,3,36-45,,Mixed
3Vh527hP7xG_7IHprPjgnQ,Customer_5831,2012-08-15 18:54:52,4.0,"I have been trying to come here for what seems like an eternity, but there was always something in the way.  (Like the one day when I was ""finally going to eat there"" and as we walked up there was a sign on the door stating that because of malfunctions in the kitchen, they were only serving drinks and cold food.  Needless to say, I didn't go in that day)  Finally, the stars aligned and I was able to eat here.  And I'm happy I did.

I went in with two friends after getting our nails done and sat at a table.  We ordered drinks, truffled cauliflower, and an order of tater tots.  They put the tater tots closest to me and I can't control myself, so no one else at the table got tater tots.  They were really good.  I ordered the burger without the thousand island dressing and with cheddar and caramelized onions.  That was a GOOOOOOOOOOOD burger.  Cooked perfectly, juicy, and the roll was soft and pillowy.  It didn't last long on my plate.  We got an order of duck fat french fries for the table and while they were good, I think I liked the tater tots better and would probably order them as our side next time. 

My only issue with Village Whiskey is the space.  It's so small.  They crammed the three of us into a space that really was built for two people.  After we left, each one of us realized that our legs were cramped and sore from trying to squeeze into that tight spot.  Maybe next time, and there will be a next time, I might consider asking for a bigger table.   (Do they even have bigger tables? I was so enamored with my food, I didn't look around too much)",Downtown,Village Whiskey,30.61,6.09,19.9,3,56-65,Prefer not to say,Hispanic
odr_c7mC52fXphb6y2f08Q,Customer_2874,2016-09-08 18:48:50,5.0,,Downtown,Village Whiskey,57.09,5.94,10.4,2,65+,,Asian
gD6BpuniYDKGOAUfPvgzTA,Customer_7779,2012-01-09 03:45:56,5.0,"If you're having a burger craving you need to eat here.  I came here with the hubs during the off -peak hours to satisfy a craving and the place was still full of patrons. I would hate to see what the wait is like during peak hours.  

We ordered the pickled beets to start -- they were amazing! We even seriously considered nixing our village Burger order for another round of the beets, but we're so glad didn't.  The 8oz patty was perfectly cooked to medium well and was still juicy.  We couldn't taste the duck fat flavor in the fries, but they were crispy. The Irish car bomb shake was heavenly. It's what a true milkshake should taste like...though we couldn't taste the whiskey and Baileys they added.  It comes with fresh dollop of whipped cream and a brownie on top.  

We will definitely come back here, but only during their off peak hours.",Downtown,Village Whiskey,19.62,3.3,16.8,1,46-55,Prefer not to say,Other
1VuNZOtwRjBEkklRKZKYzQ,Customer_6120,2014-10-05 14:21:29,5.0,,Downtown,Village Whiskey,63.74,1.14,1.8,2,65+,Non-binary,Mixed
K21OJAwMT36-7Vy-DeCosw,Customer_8770,2017-03-06 02:49:25,1.0,,Downtown,Village Whiskey,14.98,1.2,8.0,3,,Male,Hispanic
tEPR1ix8w8HGmv8nbNf0fQ,Customer_7105,2012-04-03 17:29:50,4.0,"A friend brought me here while I was in town. We were originally going to go to Monks, but with the lack of parking, we happened to fall upon this place- am I am glad we had!

I was intending to get a quick bite, but ended up sharing a burger and an order of duck fat fries with the cheddar sauce. YUM.

The burger was very fresh and delicious and the fries were also great. I wish it had more of a duck fat flavor but that's just because i love duck fat and wouldn't mind drowning in it.

The place itself is very small and very crowded, but good thing we were able to grab a counter space! Make sure to ask when you get there if you can sit at the counter- because those seats might be free.

I didn't get the Whiskey King burger, but being a foie gras fan, I so wish I had- I will definitely return and get it next time!

A great (but tiny) place that is very rowdy and loud- but the food is deliciously fattening!",Downtown,Village Whiskey,13.05,2.06,15.8,2,56-65,Male,Mixed
5BNpHAl2yDsxh-yQ4t4qEw,Customer_7929,2013-05-10 03:59:34,4.0,"All I wanted was a local microbrew, a locally distilled gin martnini, a foie gras and bacon burger, and duck fat fries. Leslie, the amazing bartender helped me find the brews and spirits, and the menu did the rest. I have had Boulud's foie gras burger in Vegas, and this was better. The trick is to let it set up / rest for 10 minutes so that you can still eat it with your hands. Otherwise, it's deliciously messy. Then cross the street to Capogiro for National Geographic's #1 rated gelato in the world. I would suggest running across the street for a taster of the hazelnut, or salted carmel, then running back to Village Whiskey and chasing it with some Yamazaki 12. Then repeat.",Downtown,Village Whiskey,26.69,4.88,18.3,4,65+,Male,Native American
SyoAq1Dbg2vSxhwDR-Mw6Q,Customer_9313,2013-10-07 17:53:02,4.0,"Probably the best burger I've ever had. The duck fat fries were amazing. I didn't have great expectations of this place (we were headed here for the boyfriend's brother's birthday) Everything about this meal blew me away. The service, was sub-par. She could have been a bit more attentive and there were seating issues since they didn't have a table to seat a large group so we had to wait upwards of 45mins-1hour to be seated even though we called ahead of time. The quesadilla was particularly good.",Downtown,Village Whiskey,80.87,10.59,13.1,1,65+,Prefer not to say,Asian
9GyvfS6Gys5kX2-cZx_HSg,Customer_6736,2013-01-31 03:14:35,5.0,,Downtown,Village Whiskey,31.5,5.35,17.0,3,36-45,Male,Native American
B57YZ-6d-4QLKOwxy7xhcQ,Customer_1430,2012-07-18 17:35:52,4.0,"Wow!!!!!!!!! I was in Philly last weekend for a short trip and it was recommended to go to this place. I had the burger which in itself was amazing but we ordered a side of the Fries that are fried in duck oil and topped with cheese. They were probably the best fries I have ever ate. There was a little wait for our table but our server was awesome and even recommended several bars for us to try why we were in town. 

Definitely find your way over to this place and get the fries!",Downtown,Village Whiskey,25.77,4.79,18.6,2,65+,Non-binary,Caucasian
J01H6SuqtTwJOJ1kf91srA,Customer_6062,2015-06-08 21:42:33,4.0,"I love Village Whiskey, it's just a shame it's always so crowded. The bar snacks and their signature burger are delicious. I'm bummed they did away with the warm pretzels, but oh well. The whiskey selection is extensive and the bar tenders are very helpful and knowledgeable. But be warned: their whiskeys by the glass are definitely a bit overpriced.",Downtown,Village Whiskey,34.81,12.18,35.0,3,18-25,Female,African American
pvVswuASkTFBklhCGlpsBg,Customer_3324,2015-03-08 13:07:05,4.0,"Great burgers and fries with solid bourbon collection. However, still a bit pricy for a Rittenhouse pub. 

That being said, the vibe is chill and the service is reliable. Never have had a problem with food or staff.",Downtown,Village Whiskey,72.63,5.98,8.2,5,18-25,Male,Asian
RVloF0Vtxc9U2ypGUXb5sA,Customer_3578,2010-03-22 21:50:13,3.0,"Ok, I read a lot of hype about this and tried to do my research on what others liked before I had gone... (Duck fat fries and burger)

The burger was good, nothing to rave about and the duck fat fries were ok. I didn't really sense any ""Jose Garces"" touch to either dish besides the high price. What I did like were the pickles and artichokes appetizer! It was a good balance of flavors and went well with cocktails.

I ordered two vodka club with lime where both had flat soda. 

Cool atmosphere and very small! I love Jose Garces restaurants and although this is not my favorite he has, I will come back here again... Maybe just to order the smaller dishes where I know I can most likely taste that Jose Garces touch he adds to his dishes.",Downtown,Village Whiskey,31.14,5.44,17.5,5,65+,Non-binary,Hispanic
HpuP-qZ8YXvOpbCKIUsYRQ,Customer_3549,2015-10-31 21:30:30,5.0,,Downtown,Village Whiskey,28.77,4.28,14.9,1,56-65,Male,Hispanic
qXcBlDWiV2Wytop7xogcbg,Customer_8957,2017-03-29 18:46:48,5.0,"I love their burger options and duck fries.  Trouble is, it's always crowded.",Downtown,Village Whiskey,38.91,6.1,15.7,1,46-55,Non-binary,Asian
KlfoquzypG2Jug3R9v7dCA,Customer_2864,2012-04-02 19:21:08,3.0,,Downtown,Village Whiskey,18.62,4.14,22.2,1,18-25,Non-binary,
cQht6PYoDo2txheQ2CzIRA,Customer_7475,2011-07-05 16:01:58,4.0,"I only had the cobb salad and although delish, it wasn't something to rave about; but what I can rave about are the pickled veggies. Yum!! Truffled Green Beans were the best...try them, yummy!!
My friend ordered the burger and is still talking about it 4 days later.  He ordered it with a fried egg and it came out glistening on top of the burger, perfectly cooked so that the yolk, when pierced just ran down the sides.  It was super impressive.  The duck fat/cheddar/pulled pork fries were awesome as well.  Yes, the wait is long, *an hour*.  The restaurant is small and narrow but sleek and masculine.
We sat outside and had a great time (although, I drunk man did stop and try to talk to us and we had to tell him to kick rocks). The tacos was particularly good.",Downtown,Village Whiskey,40.24,0.0,0.0,4,18-25,Female,Native American
oahIgpIcTzViVw7dQMXpLA,Customer_3248,2011-08-01 04:21:02,5.0,,Downtown,Village Whiskey,51.68,11.4,22.1,2,36-45,Non-binary,Hispanic
75fLa6PSb15zFhbSAJLYMw,Customer_3878,2014-03-17 20:15:28,5.0,Whiskey king burger and shortrib fries are absolutely to die for!!!!!!  It's a very small place but if u go at off hours you shouldn't have any problems getting a table. I go here everytime I'm back in Philly!!!!!,Downtown,Village Whiskey,34.25,7.11,20.8,4,56-65,Female,Mixed
RNf8aUDzK2wzzO7sVzIkbQ,Customer_1693,2012-06-26 03:28:25,4.0,"fuck yes. meat, bourbon libations, and a salad (to round things out aka make myself feel better about ingesting the aforementioned two items.) i took myself on an early birthday date with myself and was not disappointed (neither in the food nor the company). i had a medium rare plain burger to see if it was worth all the fuss...no cheese, bacon, dressing, etc to disguise the quality of the meat. (of course, no bread either since i'm gluten free.) the burger was great - perfectly cooked and seasoned... though, i felt like a bit of a freak sitting at the bar eating my burger with a knife and a fork. i'd like to come back to try a fancypants burger since the extras look pretty tasty.  the salad was so-so; it was no frills with the perfect amount of dressing. the bartender-cum-waiter was super attentive but not cloyingly so. he made delicious sazeracs to accompany my repast.",Downtown,Village Whiskey,17.53,3.14,17.9,2,46-55,Male,Mixed
mhDalOn-tH72RBHBNDmyrw,Customer_7843,2014-10-29 14:21:53,4.0,"Simply put: the Whiskey King is a great burger. The wait for it begged the question ""How much longer before we say something?"" Twenty-six bucks for a burger is excessive, but this a rare treat not a regular indulgence considering the potency of its artery clogging attributes.",Downtown,Village Whiskey,26.51,3.88,14.7,5,46-55,Male,Mixed
sUvEfzXefMfrUEGGxLX9qw,Customer_8538,2010-03-17 02:41:04,5.0,"I was salivating over the duck fat fries before I had ever tasted them...and once I finally experienced them...I found the last meal I'll ever need on this Earth. 

My dinner companion and I splurged on the fries, with cheddar and short ribs, which could have been our entire meal. I've rarely had anything so heavenly, you just need to experience it for yourself. 

We each ordered a burger - stellar on both counts (though my friend thought the thousand-island dressing was unnecessary and distracting) - but the fries, oh the fries! 

Though the restaurant is surprisingly small, it feels spacious, no doubt owing to the lofty ceilings. The walls are done gorgeously in subway tiles and the bar is a rather impressive sight. 

The tables (high tops - good choice) serve comfy leather banquettes that line the wall opposite the bar, so if pressed, you can squeeze three or four people around the table, without having to deal with bulky chairs. 

This place is not good for groups if you want to sit and eat, or even if you want to stand at the bar. Come to think of it, unless you are seated at the bar or at a table, there is really no room to stand and have a drink except in the back ahllway by the bathroom.  We arrived at 6:30pm on a Monday night and still waited a half an hour for a table. 

Just based on decor and food alone this place gets 5 stars. It's worth a mention that service was attentive and prompt and our leftovers were still quite a gush-inducing the next day.",Downtown,Village Whiskey,44.69,7.56,16.9,4,36-45,Male,Other
Z0PjuwlMlkSBrSf_M_ZLcw,Customer_4986,2017-11-24 15:58:25,4.0,,Downtown,Village Whiskey,43.3,6.91,16.0,5,46-55,,Hispanic
ZT6VesWqtIYCRrSCKeW80A,Customer_4630,2013-01-04 22:22:38,4.0,"Whiskey is my drink of choice, and as you could guess Village Whiskey has them all.

Great atmosphere to go relax, sip a fine whiskey or scotch, and talk with the local crew.

The burgers get all the attention they deserve, and yes, they are on the pricey side, but you knew that before you walked in. It's Garces, you pay, he delivers.

-John Wiederman The soup was particularly good.",Downtown,Village Whiskey,28.49,6.99,24.5,2,26-35,Male,Hispanic
ZcNw6ZWRVUlhqCi38WxjOQ,Customer_6752,2014-04-20 11:53:32,5.0,"Went here for lunch with my mom, brother and boyfriend. The place is really nice inside, albeit very small. We waited about 10 minutes to be seated on a rainy weekday afternoon. They have a massive selection of whiskey and the bf and I had some sort of punch drink that was citrusy and delicious. I bet they make a mean manhattan here though. We ordered the hawaii five-o burger and shared it which was really good, had a great sweet bbq sauce on it. I could have never finished the burger myself. My brother and mom both got regular burgers and enjoyed them a lot. The burgers are thick, which I generally don't like but they were so delicious. One of the best burgers you can get in the city for sure. We also got the duck fat fries with cheese sauce which was SUPER good. Oh also we ordered the seasonal pickles, which were apples, and some greens and onions I think which came in a little jar with crostini bread slices and some garlicky cheesy type buttery spread and olive tapenade. It was unique and very tasty. All around good meal and good service. Come here for a nice date or a quiet filling lunch. The appetizer was particularly good.",Downtown,Village Whiskey,25.26,4.25,16.8,1,,Female,Asian
4euQ70qJhaHbkG_iiAEDiA,Customer_3504,2017-07-08 18:20:30,5.0,"If you want The Best burger in Philly, this is the right place to come. The bread was fresh, meat was nothing but juicy, service was a amiable, price was descent and affordable to everybody! The chicken was particularly good.",Downtown,Village Whiskey,38.32,7.52,19.6,6,65+,Male,African American
OF1cjks3S6m_YyMzwSR7QA,Customer_9095,2015-06-09 04:12:26,4.0,,Downtown,Village Whiskey,23.43,6.46,27.6,2,56-65,,
qXcBlDWiV2Wytop7xogcbg,Customer_6295,2017-03-29 18:46:48,5.0,"I love their burger options and duck fries.  Trouble is, it's always crowded.",Downtown,Village Whiskey,42.58,5.52,13.0,3,65+,Non-binary,African American
J01H6SuqtTwJOJ1kf91srA,Customer_5961,2015-06-08 21:42:33,4.0,"I love Village Whiskey, it's just a shame it's always so crowded. The bar snacks and their signature burger are delicious. I'm bummed they did away with the warm pretzels, but oh well. The whiskey selection is extensive and the bar tenders are very helpful and knowledgeable. But be warned: their whiskeys by the glass are definitely a bit overpriced.",Downtown,Village Whiskey,13.62,2.98,21.9,4,56-65,Male,Mixed
CeghqXi1jsffsdg5Xxl5sA,Customer_1616,2012-09-13 22:08:52,4.0,"I was stumbled across this place on yelp and looking at the great reviews, I had to check it out myself! 

I went in for a late lunch which was good.  It wasn't crowded at all.  The place is super cute and small.  I sat over at the bar and you can see array of alcohol stacked pretty high.  It gave it the bar feel but not bar food feel.

I looked at the menu and of course I had the famous burger whiskey king that came w foie gras. Since the foie gras in CA I had to get in my burger w fried egg.  I also ordered a side of the duck fat fries.  

When my food came, the burger was HUGEEEE!! I'm pretty small so this thing had to be cut in half.  I took one bite and it was mouthwatering esp with the egg that dripped down. Yummm.  The duck fat fries was like icing on the cake and complemented the burger really well. 

I had of course leftovers and took it with me.  This place is def worth checking out :) The beer was particularly good.",Downtown,Village Whiskey,34.9,6.26,17.9,1,,Non-binary,Hispanic
ckpyCNxwfrxYlA0B81S-Zw,Customer_2479,2011-04-04 15:38:05,4.0,"If you go here, definitely eat at the bar. It's a little like dinner and a show because it's so much fun watching the bartenders pour all sorts of drinks- some classic and some not so much. The bartenders are also super-friendly. My boyfriend and I once spent the entire meal quizzing the bartender on what drinks he was making and well, if he was annoyed, he never showed it. 

As fun as it is to sit at the bar, I usually don't get a drink there because of the price. My boyfriend loves to try all sorts of beers, but not being a beer drinker myself, I can only assume that the selection is quality. I will say that they let him do a taste test of any new beer before he orders a whole one. 

The food for the most part is a big hit. We always order the pickled beets with toasted bread, olive tapenade, and ricotta with fruity olive oil. The beets are tangy and a little sweet. When you get tired of eating pickles, the ricotta and olive tapenade help neutralize your palette so you can go back in for more. It's true that they usually skimp on the bread, but that's a quick fix- we just ask for more. 

Now for the mains. I usually get the veggie burger with avocado not because I don't like a good burger, but because we usually eat there when it's too late for me to go home and go to bed on a full stomach. The veggie burger itself has a great flavor and while I appreciate that it's not loaded with breadcrumb filler, it could use a little more structure. After getting it about 4 times now, I've just about mastered the veggie burger hold so that I squeeze the bun just enough to hold it all in place but don't over-squeeze so that the beany burger spills out onto the plate. It comes with a nice bright slaw that gives it some crunchy texture. My boyfriend either gets the Village burger or the BBQ Sammy . Both are really good and juicy. The fried pickles are theoretically a nice touch with the BBQ Sammy, but they honestly don't add much flavor-wise. The burger is definitely heftier, and pickled beets, burgers, and splitting a round of the duck fat fries with cheese, you just want to roll home. The only big improvement that the restaurant could make is serving slightly sturdier buns. They are a little too soft and pillowy for the juicy ingredients that they usually have inside. 

Overall, this is a fun place. Considering it's first-come, first-serve, there's usually a wait which is why I recommend checking it out either for an early dinner or a late weeknight dinner. And remember, sit at the bar!",Downtown,Village Whiskey,15.96,1.21,7.5,4,56-65,Prefer not to say,
aD8qZRQiINwPZMkOD_xqtQ,Customer_1672,2013-02-28 14:44:54,2.0,"Meh.

After reading and hearing a ton of hype about the Village Whiskey burger and duck fat fries, my husband and I ventured out of South Philly to try it out. We were super lucky and excited to find two open bar seats without having to wait an hour. 

When I asked the bar tender if the burger came with fries, he laughed and said that other restaurants only do that as ""filler food"" and that we'd have to order them on the side, they're just that good. And that the burger is so amazing that you don't need fries. We thought ""fair enough, must be good."" 

We got our burger and the fries. At best, the burger was mediocre. It was juicy and on a nice bun, but otherwise a very expensive ordinary burger. The fries were also pretty standard. There were few and they were presented nicely in a little cup, but pretty standard. 

While we were full at the end of our meal and it wasn't terrible, it was just average at best. The bartender was a bit cocky about the food which also was a big turn-off. I'd rather head back to our hood at Royal Tavern for a delicious, juicy and flavorful burger + plate of fries for less than half the cost.",Downtown,Village Whiskey,60.59,8.41,13.9,1,,,Asian
5BNpHAl2yDsxh-yQ4t4qEw,Customer_3471,2013-05-10 03:59:34,4.0,"All I wanted was a local microbrew, a locally distilled gin martnini, a foie gras and bacon burger, and duck fat fries. Leslie, the amazing bartender helped me find the brews and spirits, and the menu did the rest. I have had Boulud's foie gras burger in Vegas, and this was better. The trick is to let it set up / rest for 10 minutes so that you can still eat it with your hands. Otherwise, it's deliciously messy. Then cross the street to Capogiro for National Geographic's #1 rated gelato in the world. I would suggest running across the street for a taster of the hazelnut, or salted carmel, then running back to Village Whiskey and chasing it with some Yamazaki 12. Then repeat.",Downtown,Village Whiskey,21.29,7.45,35.0,4,18-25,Non-binary,Hispanic
MeExr1aAvnRuXBH_aRwdIA,Customer_8172,2014-04-02 20:12:15,5.0,"One word to describe Village Whiskey. Decadent. Massive selection of whiskeys, duck fat fries and burgers with foie gras. Of course, for all of this, there is a price to be paid. The first is that the bill will be substantially more than your typical burger joint (which it is not) and the wait for a table will be long as the restaurant is small. Besides those two things, Jose Garces did an amazing job here. 

To start, I love going for a bourbon/whiskey based cocktail like an Old Fashioned and trying one of their many bottles of whiskey. I don't find any of their bar snacks to be that great. For me, it really starts with the pickled Herb Cherry Tomatoes and the Beets. It's nice to start out with and have on  the side to counter the heart attack from the burger and fries.

Both the Duck Fat Fries and the Short Rib & Cheddar Fries are great. If you can handle the extra salt, go all out with the Short Rib Fries and feast. In terms of burgers, I've only tried the Village Burger with additional toppings and the Whiskey King. The Whiskey King was extremely rich and heavy, and getting it once was enough for me. For toppings, choose whatever you please. My only advice would be to avoid the Horseradish Crab Salad as it was almost unbearably salty (I love salt). 

Overall, Village Whiskey makes one of the best burgers that I've ever eaten. It's a staple when I'm craving a burger and I am never disappointed by it. Just be warned that the price adds up pretty quickly. The tacos was particularly good.",Downtown,Village Whiskey,16.57,6.63,40.0,1,56-65,,African American
U-N22inxjQXAH_tbWNs5eg,Customer_7347,2010-01-19 15:02:56,4.0,"I sort of knew what to expect going in, tight seating with a possibility of a long wait. However we snagged a seat almost immediately. Great waiter who really knew his stuff and had no problem dealing with our being a bit indecisive. Had the the lobster roll, not amazing by any means- especially the hot dog roll, the cheddar and short rib fries, yummy, and the spicy popcorn shrimp, wow. Grabbed a couple of the smaller dishes afterwards, not out of hunger really, but wanted to try them out. The pickles were fantastic! Especially the ricotta thingy. 

My only issue was the hostess, who was directly in front of us and constantly texting. Really annoying and distracting. She hid the iphone from all the staff who went by her, including the hostess from next door, but didn't think that the customers should be shielded from her lack of professionalism.",Downtown,Village Whiskey,28.24,4.47,15.8,4,36-45,,Caucasian
3E-f4dwJQyO9z7648Bg-SA,Customer_6482,2013-04-12 16:04:24,5.0,,Downtown,Village Whiskey,27.68,4.33,15.6,1,18-25,,Other
mqOlhok7MjTBLKsMLunvHw,Customer_3463,2010-01-23 18:16:33,5.0,"I frequently meet my son in Philadelphia for lunch and on Thursday he suggested Village Whiskey. We arrived around 2:30 - he said that would be the best time to get a seat, and he was right.

The ambience is both rich and charming with to-the-ceiling dark wood shelves behind the bar that are stocked with an abundance of varieties of whiskey, bourbon, scotch, cognac, etc., plus other types of imbibements. Raised banquettes and tall bar tables line the wall opposite the bar. It's difficult to envision a party of 4 being able to sit together comfortably, and the table of three we saw did not look particularly comfortable. 

It is definitely a small space, as others have mentioned, but we were seated promptly.

We each ordered burgers. Mine was embellished with avocado, excellent bacon (was that Nueske's?) and goat cheese, no tomato (it's January) and no thousand island. I asked for mustard and received on the side a mixture of exquisitely creamy and delicious  grainy mustard and creme fraiche. It was the finest burger I have ever eaten, and I've eaten at Boulud's and many 4-star restaurants all over the country.

My son ordered a burger with caramelized onion, fried egg, and bleu cheese. He said the flavor was amazing, but the combination made it very sloppy and difficult to handle. We shared the duck fat fries, which arrived piping hot and cut just thickly enough to hold the heat for a reasonable amount of time. The cheese sauce was delicious and smooth, but I prefer ketchup and it was also offered on the side.

The server was attentive to detail, got the order exactly right, and was pleasant.

We didn't order alcoholic beverages. The bill came to just under $40 before tip.

I will definitely return.",Downtown,Village Whiskey,28.08,6.67,23.8,5,56-65,Female,Mixed
no05-VMRWYoQJPeYfmJKlQ,Customer_7421,2010-03-17 04:40:50,2.0,"If you're going for the burger and duck fat french fries, know that they're better at Supper. But by all means, pick this place if you're in the mood to feel rushed into scarfing down your meal for fear of having it snatched out from under you. My friend and I had to keep telling the three different people who came for her half-eaten burger that, again, she was still ""working on it."" This was on a Tuesday at 6pm, so I can only imagine the onslaught on a Friday night.  Jesus.

Overall, I was underwhelmed.",Downtown,Village Whiskey,19.69,2.84,14.4,4,65+,Male,Native American
3E-f4dwJQyO9z7648Bg-SA,Customer_6381,2013-04-12 16:04:24,5.0,"ok vegans seems weird but this burger joint is an accidental vegan hot spot.  the food is great and i love the service and atmosphere.  drinks are top notch. the servers are well informed and go out of their way to be helpful! 

Vegan Items as follows: 

* Tater Tots (cooked in soy oil)
* Veggie Burger WITHOUT THE BUN (note the bun is *not* vegan) 
*Pickled Veggies - *note the black olive tapenade is VEGAN as well as the sourdough bread but obviously the ricotta spread is not - just ask for it w/out. 


love it here!",Downtown,Village Whiskey,22.47,1.76,7.8,5,65+,,Hispanic
gD6BpuniYDKGOAUfPvgzTA,Customer_6928,2012-01-09 03:45:56,5.0,"If you're having a burger craving you need to eat here.  I came here with the hubs during the off -peak hours to satisfy a craving and the place was still full of patrons. I would hate to see what the wait is like during peak hours.  

We ordered the pickled beets to start -- they were amazing! We even seriously considered nixing our village Burger order for another round of the beets, but we're so glad didn't.  The 8oz patty was perfectly cooked to medium well and was still juicy.  We couldn't taste the duck fat flavor in the fries, but they were crispy. The Irish car bomb shake was heavenly. It's what a true milkshake should taste like...though we couldn't taste the whiskey and Baileys they added.  It comes with fresh dollop of whipped cream and a brownie on top.  

We will definitely come back here, but only during their off peak hours.",Downtown,Village Whiskey,54.81,9.81,17.9,1,36-45,Female,Asian
jClaTDdvi7LcyL5R02gCRA,Customer_4145,2012-03-04 22:54:17,4.0,"We are so lucky to have stumbled upon this gem.  The atmosphere is relaxed. Seating is a little close - I recommend the bar seats. The cloister cocktail is great - I also recommend the morning glory fizz. Burgers are great. I recommend the duck fat fries. The wait staff is very knowledgeable and good with recommendations. 
Just loosen your belts and enjoy this mix of comfort food and gourmet.",Downtown,Village Whiskey,15.14,2.21,14.6,1,26-35,Female,Hispanic
lzIb1EExPFNSoFhhbV0edA,Customer_9317,2010-03-21 16:18:47,5.0,"OK... So I definitely thought everyone was exaggerating with how good the burger and fries are... So my husband and I and a friend made plans to go at 5:15pm on a Tuesday.. and we literally snagged the 2nd to LAST table. This place is SMALL... like teeny tiny. I think tables for 15-20 people TOPS and maybe 12 - 14 seats at the bar. But that doesn't matter. We started with drinks (the menu only has whiskey drinks and beer.) I got the Ommegang Hennepin - really good and my husband got the Commodore. It was really good and not very strong. Our friend got the Jerry Lewis- that was AMAZING. Super STRONG and delicious. 
FOOD WISE -- We shared the deviled eggs. They were 3 eggs and they were nothing special. BUT the pickled tomatoes were AMAZING. They came in a jar with a platter of whipped ricotta and bread and some kind of olive tapenade spread. This stuff was so good. We were fighting over it. We also got an order of the DUCK FAT FRIES with the slyfox cheddar sauce on the side. I can't even describe these fries. They melt in your mouth...literally. We ordered a 2nd order because we ate them so fast. The cheese sauce was awesome too but the fries also come with a homemade smoky ketchup that is fabulous with the cheese and fries. NOW THE BURGERS... 
All three of us got the Village Burger but with different toppings. I got fried onions and a fried egg on top.. and one got blue cheese and bacon and the other got cheddar and bacon. This burger was the most outstanding thing I have ever had. I don't know what they put in the burger but its heavenly. You really don't even need toppings. The egg and onions made it to sloppy to eat... it kept falling apart and i ended up eating it with a fork and knife. We all basically licked our plates at the end. It was that good. Not cheap - our total bill for the three of us was $110.00 before tip with our three apps/burgers and 3 drinks. But it was an amazing meal and we will be taking our friends when they come in from out of town! .",Downtown,Village Whiskey,24.4,4.79,19.6,3,,,Caucasian
cvQXRFLCyr0S7EgFb4lZqw,Customer_3147,2009-10-14 01:15:04,5.0,"On a scale of one to things that are awesome, this place is the bomb. 

I was drawn in by the promise of the duckfat frenchfries. Took the boy for his birthday and put our name in, had a drink around the corner while we waited and were given seats at the bar after about 45 minutes. 

We were waited on by Keith, the bartender, who was congenial, knowledgeable about his whiskeys and an all-around cool guy. We started with 3 cape may salts (two for me, one for the boy) and tater tots, both of which made me happy.

For dinner, I got Kentucky Fried Quail (stellar, though the succotash was not as exciting as I wanted it to be) and the boy got the 24$ Fois Gras burger, which was incredible. Worth every penny. The duckfat fries were pretty yummy, but not even the best part of the meal. I could've done without the cheese sauce, but as it was on the side I wasn't deterred.

I look forward to coming back here, with everyone I know.",Downtown,Village Whiskey,16.53,3.38,20.5,2,26-35,Female,African American
yxLjeOPj_uaVDQUUesbbCg,Customer_3712,2011-08-03 11:44:59,2.0,,Downtown,Village Whiskey,26.14,5.61,21.5,2,18-25,Prefer not to say,Mixed
IM_H5WWmDXfJ83MC0wCI8g,Customer_5668,2016-11-13 03:27:47,4.0,"Whiskey Village is a staple neighborhood bar in Rittenhouse area best for once-in-a-while splurges or chill date nights.  

They're known for more low-key foods (think burgers, chicken sandwiches, fries) with a classy twist.  The classy means there are high quality ingredients and the burgers are out of this world awesome, but you're not paying average prices here.  The base burger is $11 and to add cheese, it's an additional $3.5 not to mention the bacon and caramelized onions are an additional $2.5 and $1 respectively.  Between 2 burgers and a side of duck fat fries, our bill ended up close to $40 - that's no drinks included.  

If you ask me that's a bit pricey to become a frequent customer, but this is one of my go-to places to take out of town guests because it's for sure an omnivorous crowd-pleaser. The beer was particularly good.",Downtown,Village Whiskey,20.46,3.75,18.3,8,,Prefer not to say,Asian
dwebYp9rPHqeeFbkCXl48w,Customer_4178,2011-07-03 20:26:48,5.0,Delicious. We had the Kentucky hot brown and the pulled short rib. Both were amazing. I was tempted to get the whiskey king but ill save that for next time. Unbelievable whiskey selection as well. Well definitely be coming back. The fries was particularly good.,Downtown,Village Whiskey,40.88,7.56,18.5,6,56-65,Prefer not to say,
-IotvreXxdAYE4BNhv7Nvg,Customer_7256,2012-12-04 17:02:58,2.0,,Downtown,Village Whiskey,16.99,4.99,29.4,3,46-55,Female,Asian
8KVnwNAcjqy0tA9zyVsaGw,Customer_3267,2014-05-14 14:08:31,4.0,,Downtown,Village Whiskey,30.63,8.81,28.8,3,18-25,Prefer not to say,Mixed
kkrS-GtsdePE7BNO2m5uZQ,Customer_3042,2012-08-18 20:41:54,4.0,"IF you can get a table, the veggie burger is absolutely the best I have ever had! Very, very small, but has a few outside tables when weather permits. Very close seating inside where you practically share a booth with others. The wings was particularly good.",Downtown,Village Whiskey,17.03,2.97,17.4,3,,Female,Native American
F_t87uV_VIyeHSEKQQdbsA,Customer_8167,2011-01-17 00:20:28,4.0,"On the suggestion of my native Philadelphian friend, we headed to this very small Jose Garces spot.  I was pretty excited to try out the food of an Iron Chef...

It was pretty darn good! I ordered the Kentucky Hot Brown and my friend ordered a burger.  Both were wonderful! The prices were fair and the atmosphere was great.  

Although it was small, it wasn't loud and my friend and I were able to catch up! I highly recommend it!",Downtown,Village Whiskey,40.73,5.62,13.8,2,26-35,Prefer not to say,Mixed
8pbnletp3p_JCEMoX7hu3g,Customer_7797,2015-01-19 03:30:31,3.0,,Downtown,Village Whiskey,18.53,4.29,23.2,1,56-65,Non-binary,Asian
2MFIkxNfxwZb5CaFjbSK5w,Customer_1461,2015-05-29 15:28:23,4.0,"I consider myself lucky for coming across Village Whiskey out of the blue on my first ever visit to Philadelphia. I was on a short road trip with a dear friend and her mom. We ended up parking right by the entrance of the restaurant with empty stomachs. 

The staff was friendly but tables were high, small and cramped. They sat the three of us at a table that was clearly for two. We nearly  got up and left but were lured by the  sight of the burgers at a table beside ours. 

One glance at the menu and we were hooked. We started off with the house made cheese puffs and the fried shrimp. Both were very scrumptious. And you wouldn't expect fried shrimp to be so tender and juicy. We skipped the pickle selection and I regret it. I took a picture of the pickles at a near by table just to remind me to order it next time I'm there.

For our main course we shared the bbq pork sammy with cole slaw on tender bun. Oh my gosh, it was beyond perfection. Tender pulled pork embraced in tangy homemade bbq sauce. 

We also shared the Whiskey King - 8oz of juicy, seriously juicy medium rare burger, topped with applewood bacon, rogue blue cheese, maple bourbon glaze cipollini and a slab of perfectly seared foie gras. One second for me to regroup after remembering this epic mouthful. 

And as if we needed more richness out of a meal, we made the wise decision to order the red velvet milkshake. The best milkshake I have ever tasted. Enough said. :-) The tacos was particularly good.",Downtown,Village Whiskey,10.11,1.99,19.7,2,18-25,Non-binary,African American
96rOSlJdl-thrSIINqacYw,Customer_3273,2016-01-18 14:39:33,1.0,"Came in late on a Friday night past typical dinner hours to grab food with a friend. I ordered a chicken sandwich and my friend ordered the popular village burger. With my initial bite into my chicken sandwich, I knew something was wrong. The inside seemed tough and very hard to even cut with a knife, and I had my friend try it to confirm. My best guess would be they used frozen chicken but did not fully thaw it prior to cooking, therefore having a very hard middle! I quickly notified the server who sincerely apologized and I chose to go with a burger medium well. With the first bite into my burger, you could see a pool of blood oozing from it. Although I normally may order burgers medium rare or medium, I asked for medium well. The surprising thing was my friend ordered medium and his plate had not a trace of blood. 

Despite the establishment replacing my order quickly, which should be the standard protocol of any order that was messed up, I am highly annoyed/dissatisfied that I was not offered anything (free drink, the messed up order to be comped). 

I have been here several times and ALWAYS receive great food/service. The lack of customer service and a bad food experience has put a bad taste in my mouth with Village Whiskey and will not be returning there. The fries was particularly good.",Downtown,Village Whiskey,63.88,13.32,20.9,2,46-55,Prefer not to say,Caucasian
sdffp1xNKqIqySU_JHGVmw,Customer_1311,2011-08-06 18:58:21,4.0,,Downtown,Village Whiskey,40.62,4.63,11.4,5,,Female,Other
rg2SFHdSYGgfWwTj3_3qzA,Customer_2996,2017-10-05 15:35:34,3.0,"The food... meh. That Village Burger was the dryest ""gourmet"" burger I've EVER had! I told the waiter medium well and there was not a stitch of beige it was fried beyond belief and thay low lit lighting could not disguse it...lol

The duck fat fries were good. You can skip the cheese sauce however. It's nothing special. 

But definitely go (and stay) for the drinks! The Rose Gold is exceptional. The sandwich was particularly good.",Downtown,Village Whiskey,62.46,11.01,17.6,4,46-55,,
HkY5C3PaI5bto2WvMTfBPw,Customer_9189,2009-10-17 17:28:16,5.0,"Several friends and I continued our mini-pub crawl of mixology bars (begun at Franklin Mortgage and Investment Co.) here. Good move!

We parked it at the bar and got the show from Sasha, the bartender, who kept up friendly banter with us even as she concocted a variety of beverages throughout the course of our stay. 

The cocktail menu was fairly extensive, broken down into Prohibition- and Repeal-era drinks, not to mention long lists of bourbons, ryes, and scotches. I ordered an Aviation (a drink I make myself, with my own brandied cherries, but here they do it the right way, all out with Creme de Violette to tint it blue like the sky; Sasha let me take a look at the bottle, perhaps to know that it wasn't some awful curacao!) 
For another friend she created a drink with Art in the Age of Mechanical Reproduction's Root liqueur (which is made with the roots and herbs used in old-fashioned root beer), chocolate bitters, seltzer and orange. 

We also partook of food here: First, duck fat fries (which have been a trend in Chicago, where I live, for at least a year, but I'd never had them; I'd never eaten anything involving duck before this, so now I suppose I have lost my duck fat innocence). These were thick-cut, rich in taste [gratis the duck fat, one presumes], not actually greasy, but definitely better when ordered with the cup of cheese sauce on the side. 

We also got soft pretzel sticks, which would have been fine but not especially remarkable without the mustard sauce (which had a distinct taste of raspberry, to my mind) pooled in the cup underneath them.

Overall, this was a friendly place with fab drinks and great food. I wish it was in my city.",Downtown,Village Whiskey,21.71,2.05,9.4,6,18-25,,Asian
cRzA6wPVu1Q29aEhWqf1vw,Customer_5772,2011-08-02 22:45:51,5.0,,Downtown,Village Whiskey,49.2,9.53,19.4,2,56-65,Non-binary,Asian
G9_2vWn3e7zdTz2MUq6iAA,Customer_2402,2014-01-19 19:19:51,1.0,"I'm going to start off by saying we are in the service industry and are therefore, pretty understanding and forgiving. However, this joint seems to have been slapped together with an trendy concept and not much else. Bad food and bad service is a no-go for me. We were in Philly for my 30th birthday and had drinks here Saturday night and then came back for brunch. I was hesitant but the brunch came recommended by a local. I'd say skip it for both. There's too much good food in Philly and better service. 

The PM experience was fine apart from higher prices than other whiskey joints in town and bus staff that will take your half full drink more than once. The server didn't want to replace them when he was alerted. It was definitely off-putting.  

The brunch service was less than stellar. The eggs - poached and fried - were a soupy, half raw mess. You always take a gamble with mods but when I ordered the crab benny sans the crab cake because my hungover stomach wasn't particularly feeling seafood, the sever neglected to tell me that he would be bringing me a $10 plate of two soupy poached eggs with sauce. I had to ask for the toast that came with the next two benny plates I saw come out of the kitchen. No idea what happened there. The place wasn't busy by any means  (considering the volume the PM staff has to wrangle) but getting a cup of coffee and food took a small eternity. The server seemed unable to take stock and attempt to turn the experience around. The ribeye was particularly good.",Downtown,Village Whiskey,28.74,2.88,10.0,1,36-45,Male,Caucasian
_yHJaRBcBDgZdvUC-fejbw,Customer_7338,2014-07-31 17:00:53,4.0,"Delicious burgers, delicious duck fat fries and yummy drinks. A little on the pricey side for essentially pub fare, but If you're looking for an upscale burger joint with a nice atmosphere this is your place. Space is a bit limited on the inside so either make a reservation or come early.",Downtown,Village Whiskey,18.53,6.48,35.0,4,65+,Male,Mixed
JWNUTSXesRHD8XtyeFwblg,Customer_6649,2016-03-18 16:46:28,5.0,,Downtown,Village Whiskey,25.07,4.57,18.2,4,65+,Male,Mixed
AyELQAUQjjccm1pWHwLKYw,Customer_3868,2011-10-28 16:30:32,3.0,"Sorry Yelpers, but I thought this Jose Garces restaurant was just okay.

Village Whiskey is pretty tiny.  About seven round tables that could fit maybe three people (might be able to fit four, but highly unlikely) and some room at the bar.  Came for lunch at 11:30am when they opened, and by about 12:15pm, all the tables and most of the seats at the bar were taken.  

We were the second group to be seated, and although there was no one else in the restaurant at the time, our waitress seemed to be preoccupied after taking our order.  She knew we were still deciding on drinks, so why didn't she check on us again?  Hello!  She wasn't very attentive and seemed like she would rather be elsewhere.

I ordered the Village Burger (an 8 ounce burger on a sesame roll with Boston bibb lettuce, tomato, and house-made thousand island dressing: $11) and added Jasper Hill cheddar cheese ($3.50) and fried egg ($1.50).  Perfect brunch meal right?  Eh.  Was just okay.  The burger wasn't anything spectacular, definitely not anything to rave about.  It was juicy, but lacked flavor.  Usually the bun makes the burger (for me at least), and I thought the sesame roll was okay.  Tasted like an everyday burger bun to me.  The cheddar cheese and fried egg were a nice additional to the burger.  At 8 ounces, this burger is pretty huge!  Could definitely serve as another meal or late night snack.  http://www.yelp.com/biz_photos/EtKSTHV5Qx_Q7Aur9o4kQQ?select=QZ4Yn47TLprQlbCRWMtZdw

We also ordered the duck fat french fries with sly-fox cheddar sauce ($7) to share.  I've always always wanted to try duck fat fries.  These left me wanting more.  Really...is this what they really taste like?  I hope not.  These fries were more soggy than crispy, and left a weird after taste in my mouth.  The cheddar sauce was a welcomed additional, but not necessary.  The sauce would have been better if it was hotter.  

When our waitress finally came back with our food, we were able to order the Irish Car Bomb shake ($9).  Ours definitely didn't look like a lot of the pictures that were posted on Yelp.  For $9, this shake better be spectacular!  Again, it was just okay.  I did enjoy those chunks of brownie pieces though! http://www.yelp.com/biz_photos/EtKSTHV5Qx_Q7Aur9o4kQQ?select=EbqJLiD6Pkw7u1KgFVmJAA

RG ordered the Whiskey King (an 8 ounce burger on a sesame roll with maple bourbon glazed ciopollini, rogue bleu cheese, applewood bacon, and foie gras-$26).  Massive burger.  The bleu cheese was almost non-existent.  I tried a bite, and the foie gras was pretty good.  The applewood bacon was a nice touch.  But again, the burger was just okay.  

FYI-Don't look up at the ceiling fans, they were so filled with dirt, that you might get dust in your eyes! The soup was particularly good.",Downtown,Village Whiskey,21.38,2.14,10.0,1,65+,Prefer not to say,
QKaarIFgn1A0vyq3-4Zr9Q,Customer_2033,2014-07-29 00:09:55,4.0,I come here for the duck fat fries with short rib. Everything else doesn't matter to me. Those fries are all I care about and are enough to get my undying devotion.,Downtown,Village Whiskey,26.55,5.46,20.6,2,46-55,Male,Native American
1daMFqgPU6DuH9jAwE11Dg,Customer_1686,2016-01-31 21:55:54,3.0,"Went to village whiskey this afternoon. I was very disappointed in the waffles and fried chicken. I expected the Belgian waffle to be high and crispy, but, it was more like a regular waffle. The fried chicken seemed to be a boneless filleted thigh, that was not crispy as well. I expected a nice crispy drumstick or beast on the bone. My husbands burger was medium rare when he asked for medium. If you are know for burgers, I think you would get it right. But the short rib fries were outstanding!! The seating is uncomfortable and cramped! The staff were lovely! So to sum things up...the 3 stars are for the service and fries. It is very claustrophobic and would more than likely not go again.",Downtown,Village Whiskey,42.48,10.92,25.7,2,36-45,,Other
aD8qZRQiINwPZMkOD_xqtQ,Customer_9897,2013-02-28 14:44:54,2.0,,Downtown,Village Whiskey,29.52,4.21,14.3,2,18-25,Female,Native American
EulQ3P2sA-kasRxdUO01iw,Customer_6438,2011-04-22 21:04:30,5.0,"Village Whiskey's burgers are PHENOMENAL!  Always cooked to perfection (medium rare for me!).  It's like a religious expeirence eating these things.  Went with my boyfriend there on our first date last summer and he's been addicted ever since...as are my sister, all of my friends, and coworkers!  I haven't met one person who doesn't love them.

I'm a former vegetarian who cannot believe I was missing out on these burgers for 4 years.  I am now MORE than making up for that time lost! :)",Downtown,Village Whiskey,26.48,6.82,25.8,4,,Non-binary,Other
anHutrrM-m2bt3QXbNCvfw,Customer_8204,2015-04-16 15:32:21,4.0,,Downtown,Village Whiskey,70.05,18.76,26.8,4,46-55,Non-binary,African American
JxQQmFjK-VxKWO21RqlcTA,Customer_9507,2013-09-07 20:36:26,5.0,"Johnny Appleseed - not just a pioneer, but also a very tasty cocktail!  Just in time for fall too!  

My husband and I adore Village Whiskey and since moving back to the area, we decided to see if it still made our mouths water.  

Good news - it's even better than we remembered.  The burger is still the best we've both experienced in the city and the drinks always leave me wanting just one more (despite how tipsy I tell myself I'm not).  

The place is tiny, sure, and while some people may call it cramped, I think it's quite cute.  Go during off-peak times if you're claustrophobic.",Downtown,Village Whiskey,15.01,2.5,16.7,1,18-25,Prefer not to say,Hispanic
vfxOfaKH9YUE-Dg3C3JAag,Customer_3956,2013-11-16 15:05:35,4.0,"Only reason not 5 stars is we had a 2 1/2 hr wait, but we soon found out why.... Actually two reasons, 1) it's a great spot, 2) they have only a handful of tables.  Definitely worth the wait.  While we did wait, we each partook in a sazerac, that would knock your socks off.  Finally tabled, like true Americans, we all ordered burgers.  We each said ""this is the best burger I have ever had"".  The duck fat fries and tater tots were all very good.  It's no wonder Jose Garces is so well renowned.",Downtown,Village Whiskey,34.52,8.58,24.8,3,36-45,Male,Hispanic
lgq6QucGpIfbKktRoWhdbA,Customer_7981,2015-06-22 00:57:59,5.0,"Great service every time I go. Every single thing from the drinks to pickles to burgers are amazing! Also, recently discovered they have a brunch menu. Flights of bacon?! Sign me up! Worth the money. I'm not even a vegetarian and the black bean lentil burger is absolutely superb. The beer was particularly good.",Downtown,Village Whiskey,20.13,3.28,16.3,1,46-55,Non-binary,
4Ugx-iGlwMqUmeo_NBW2bg,Customer_6776,2013-11-21 19:46:46,5.0,"Wow! This was the best place I ate in Philly hands down. The burger was perfect, cooked just right, the bacon was fresh, rogue blue from Oregon reminded me of home. 

The whiskey selection is good. It was the only place I found with the nicer more rare bourbons. 

The sour was excellent made properly with an egg white!

Highly recommend this place for travelers. 

Bite I am guessing the reason it is 4 stars as the average is because it is expensive for Philly. Not compared to NYC or SF though, pretty standard.",Downtown,Village Whiskey,42.44,3.91,9.2,2,46-55,Non-binary,Caucasian
8lO8GzLxVgB6oXVFORh5KQ,Customer_6952,2014-10-12 01:43:39,4.0,"Food is absolutely amazing!!! The drinks were pretty high priced but if you are going just for dinner it's completely worth it. I found this place on yelp and after reading reviews, I couldn't wait to go. It was everything I expected. A must go.",Downtown,Village Whiskey,38.94,6.74,17.3,2,65+,Female,Caucasian
CBv7_uAb1vmbdz-OYfjRMQ,Customer_8179,2013-11-03 01:34:57,5.0,I'm speechless...why...because I'm eating the best burger I have ever had in my life!!!  This was a great find...I highly recommend the Whisky King burger...I'm coming back tomorrow for more!!!,Downtown,Village Whiskey,52.99,9.73,18.4,2,18-25,Female,Mixed
4MYlyyRWUIa-V3wvxZEaVw,Customer_1530,2011-01-13 03:47:16,5.0,"Best burger I've ever had. Friends convinced me to add the fried egg in addition to my caramelized onion and bleu cheese. Absolute score!
The seasonal beer was an oatmeal brown ale that was fantastic.",Downtown,Village Whiskey,40.84,8.03,19.7,5,65+,Prefer not to say,Mixed
PYjHU3K2VWaRWNSwWxsBRA,Customer_3255,2017-02-10 16:31:08,5.0,"I come here for the best burger in Philadelphia. I love their whiskey burger. Their french fries are delicious but you have to order them as a side (they do not come with the burger order).
It's by far the best burger in the city. 
Seats are limited in the winter. Summertime, they have outdoor seating.",Downtown,Village Whiskey,10.67,1.89,17.7,2,46-55,Non-binary,Native American
dzdMa-D-o8Ma7UdzhcBgEQ,Customer_9176,2014-05-09 18:50:01,5.0,"I really, REALLY love this place (for lunch, not for dinner). Not that their dinner service isn't great, it's just that I almost *always* go here for lucnh. The service is always great, as is the food. I always opt for the veggie burger (which is not vegan, FYI) and it never disappoints. Add a glass of sparkling and you have yourself a nice little lunch with great service. Love this neighborhood gem. The chicken was particularly good.",Downtown,Village Whiskey,24.92,4.99,20.0,2,56-65,Male,Native American
4MYlyyRWUIa-V3wvxZEaVw,Customer_8311,2011-01-13 03:47:16,5.0,,Downtown,Village Whiskey,13.02,2.78,21.3,1,56-65,Non-binary,
tPnSdaO7kq4k4h9aUSt4IA,Customer_8406,2010-12-01 16:24:13,5.0,"Ok I LOVE VILLAGE WHISKEY!  Three reasons.  

1. The best damn old fashioned on the planet, no fruit cocktail here!  Just 100 proof bourbon, lemon ice sugar cubes and their house made bitters!  They stir, add, stir, add till the bourbon expands upwards - takes about 12 min!!!  Worth every penny.

2.  THE BAR STAFF IS FABULOUS!!!  My personal fav is sasha, she has my old fashioned started when i walk in the door.  All of the bartenders are awesome.  They will show you how to make drinks, answer questions about the bourbon at length and take care of you like no one else.

3.  THE BEST HAMBURGER IN TOWN!  No lie.  Free range angus.  Its worth every calorie.

Ok the con - the small space.  With product and service this good it was silly not to have made the place bigger.  They did it intentionally but it was really a bad idea.  Why they couldn't have made it bigger and tinto smaller or even put tinto elsewhere i really do not know.  

They loose business more and more because people can't stand the crowds and the wait for a table.  A place that small really needs to take reservations.  I myself always go there first and am frequently disappointed that there is no space.  Its just awful.  

That said - if you go at off hours you may have luck.  To this day i have never sat at a table.  So one or two friends going is good. three is pushing it.  A large group - take them somewhere else.

COME ON JOSE - WE LOVE IT - EXPAND INTO TINTO ALEADY!  We have tappas elsewhere in philly no one has what you offer at village whiskey! The pasta was particularly good.",Downtown,Village Whiskey,14.41,2.95,20.4,2,65+,Prefer not to say,Hispanic
CCjmKlUntJSQRKdkIJAOKw,Customer_6236,2010-04-02 19:56:16,5.0,,Downtown,Village Whiskey,24.23,5.52,22.8,3,65+,Male,Native American
XRFqHniz1TMKyqTRE4ViJQ,Customer_3580,2013-02-02 22:54:09,4.0,,Downtown,Village Whiskey,20.0,3.12,15.6,1,65+,Female,Mixed
_zYsyxQ4UqeYviqNR27cpA,Customer_3275,2014-11-14 21:41:22,4.0,"Great place for lunch; we had their standard burger and lobster mac. Draft list was small but well selected. Same w/bottle list. Obviously, the whiskeys were the main event, but we stuck to beer. Will be back. The fish was particularly good.",Downtown,Village Whiskey,19.18,2.69,14.0,2,46-55,Male,Mixed
Z0PjuwlMlkSBrSf_M_ZLcw,Customer_3126,2017-11-24 15:58:25,4.0,They definitely bring the whiskey! Just super loud if you're looking for a nice place for a drink. The nachos was particularly good.,Downtown,Village Whiskey,12.2,2.08,17.0,2,18-25,Male,Native American
JjvgSgJJirSkTjEJoHnDww,Customer_8842,2010-01-11 18:55:50,4.0,"If you want to figure out how to get into this place I am here to tell you....Monday for lunch. I walked in with a friend at 12:15, could have sat at a table and there were zero patrons at the bar. We sat at the bar. Burger was awesome. I ordered mine with cheese, friend onions and a fried egg minus the lettuce and tomato. Absolutely loved it. Fries were only decent. I agree with some other posters...the duck fat does not translate. Cheese sauce was decent but not legendary. If I were to do it again, I would get the same burger and try other sides. Skip the fries.",Downtown,Village Whiskey,66.77,12.14,18.2,1,,Prefer not to say,Hispanic
plxfnQkn-QJvTTQQL8GYMw,Customer_8372,2011-11-03 16:50:49,3.0,Went here for lunch and heard the hype about the burger.  When we looked at the menu and relaized that a simple burger and fires for lunch was going to cost up to 20 buks each we looked at each other in disbelief.  I asked for my bruger med rare with Goat and bacon and my friend well done with cheddar.  When the burgers came out her toppings were on mine and my topping on hers.  The waiter appologized and offered to have her burger cooked more and not a word to me about my now dead piece of meat.  Burgers were OK but not 20 dollars good.  Def not the best burger in town and prob not in my top 5. The pasta was particularly good.,Downtown,Village Whiskey,32.34,7.77,24.0,1,56-65,Non-binary,African American
lwmlLGEyOgPi8cKHN-AcaA,Customer_3981,2011-03-20 16:37:03,4.0,,Downtown,Village Whiskey,23.63,3.99,16.9,4,26-35,Prefer not to say,Caucasian
bvQzCebr8DKA0x0NLsxZfQ,Customer_9488,2012-08-19 20:15:42,3.0,,Downtown,Village Whiskey,17.3,3.62,20.9,2,26-35,Female,Mixed
nwgMHdYKLHvlNg1gqRSFrA,Customer_4694,2014-09-10 15:22:44,1.0,,Downtown,Village Whiskey,21.79,1.41,6.5,3,56-65,Non-binary,Hispanic
_yHJaRBcBDgZdvUC-fejbw,Customer_5496,2014-07-31 17:00:53,4.0,"Delicious burgers, delicious duck fat fries and yummy drinks. A little on the pricey side for essentially pub fare, but If you're looking for an upscale burger joint with a nice atmosphere this is your place. Space is a bit limited on the inside so either make a reservation or come early.",Downtown,Village Whiskey,18.28,1.29,7.0,3,36-45,,Hispanic
TaTfCqpTwV5vz4Ov5imgbA,Customer_3526,2011-06-02 01:56:45,5.0,"....the best burger I've had in my life.  Just in case that didn't register...BEST BURGER OF MY LIFE!  Damn you Jose Garces for spoiling my tongue like this.  From this point on, I will rate burgers based on the Garces scale.  You win Iron Chef Garces.  Bobby Flay needs to visit this place, tastes these burgers, study these burgers, and redeem himself for the crap he puts out in West Philly.  I went to ""Bobby's Burger Palace"" a few days before Village Whiskey, and it was absolute garbage.  Bobby Flay...iron chef?  Are you kidding me?  No wonder Bourdain has a thing against celebrity chefs.  After writing this review, I'm going to update my review of Flay's burger joint by changing the two Yelp stars to one.  Why?  Because, now I'm on the Garces scale.  There is a reason why Garces beat Flay on an episode of Iron Chef.  If you visit Village Whiskey, you will taste that reason.

Food (10/10) = We ordered the following:

1) Village Burger = For the third time, this is the best burger I've had so far in my life!  8 ounces of juicy, succulent medium rare beef, married to a sesame roll accompanied with Boston bibb, and house-made thousand island dressing.  Added on the rogue smokey blue, and caramelized onions.  I regret not throwing on some smoked bacon and a fried egg, after witnessing how beautiful those things look on other diners' burgers.

2) Herbed Cherry Tomatoes = Great appetizer served with black olive tamponade, whipped ricotta, and toasted sourdough.  A gush of flavor from the tomatoes just explodes in your mouth.    

3) Duck Fat French Fries = WTF man?!  So good....sooooo goooooooooood.  I want to bathe in a pool of duck fat.

4) Sixpoint Rye = Great beer, with some spice.  This was suggested by our waitress...forgot her name.

Ambiance (10/10) = A really nice set up.  A great bar.  It has a tavern feel to it.  Unfortunately, I can't remember too much because my full attention was to the food.  

Service (9.0/10) = Great service, waitress was attentive and gave a great suggestion for beer.  

Overall Opinion = One more time just in case you didn't get it the first 3 times -- Best burger I've had so far in my life.  If you are visiting Philly, you need to check this place out before you leave.  The next time I'm in Philly, this will be on the to do list.  If I lived in Philly, this restaurant would be a regular routine for me.  Bow down to the real Iron Chef - Jose Garces. The quesadilla was particularly good.",Downtown,Village Whiskey,33.35,6.52,19.6,2,56-65,,Mixed
6cwo1m_Ily_sThJemSFPkg,Customer_1674,2012-05-29 05:18:18,5.0,,Downtown,Village Whiskey,15.37,2.83,18.4,2,18-25,Male,Caucasian
dFbTBPWp4cYfAiTKi8koEA,Customer_5336,2015-07-29 20:41:24,4.0,,Downtown,Village Whiskey,11.2,2.13,19.0,2,,,Other
F_t87uV_VIyeHSEKQQdbsA,Customer_9938,2011-01-17 00:20:28,4.0,"On the suggestion of my native Philadelphian friend, we headed to this very small Jose Garces spot.  I was pretty excited to try out the food of an Iron Chef...

It was pretty darn good! I ordered the Kentucky Hot Brown and my friend ordered a burger.  Both were wonderful! The prices were fair and the atmosphere was great.  

Although it was small, it wasn't loud and my friend and I were able to catch up! I highly recommend it! The risotto was particularly good.",Downtown,Village Whiskey,22.77,4.04,17.8,2,36-45,Prefer not to say,Asian
RBnYOh_OOMkaCOst659afA,Customer_7653,2012-02-08 16:20:35,4.0,,Downtown,Village Whiskey,18.09,2.28,12.6,1,18-25,Male,African American
mZ7Gbpr7RV4ryVI-BLLY0g,Customer_4342,2017-05-02 20:19:50,4.0,"A bit of a snobbish atmosphere, but I guess that comes with the territory when you're a whiskey bar. :)

I will agree they've got one of the best burgers in Philly (top 3 that I've had). One thing is that I'm not sure how often they get the meat, or if they are cooking the burgers with enough consistency, because a lot of times I've ordered ""Medium rare"" and received a ""medium well"" burger.

Get the milkshake dessert(s) - killer with the Village Burger. I wouldn't come here for anything else, just me.",Downtown,Village Whiskey,27.88,6.29,22.6,3,26-35,Non-binary,Mixed
gxpxL8BX5bP2s88AWEhPaw,Customer_6658,2015-07-05 20:11:38,4.0,,Downtown,Village Whiskey,24.9,0.0,0.0,1,,Non-binary,Hispanic
qv5uq0G_6OO-nn3pA9G8yA,Customer_5382,2011-01-11 15:13:49,5.0,"I'm giving Village Whiskey five stars because you know what?  It's a damn good burger.  And they don't mess around with anything else.

It's my center city roadside diner.  Stop in for a quick lunch at the bar - chew your burger, read the paper, move on.",Downtown,Village Whiskey,52.4,15.65,29.9,3,26-35,Male,Caucasian
s3rs1AFWYjIIY7jW-qtepw,Customer_7850,2018-05-31 16:39:02,5.0,"I'm usually not a burger person but my friend insisted that we try this place out since it was apparently the best burger they have ever had. I ordered the Whiskey Burger. I will admit this is the best burger I have ever had- it literally has all of my fave burger toppings all in one burger. The burger could definitely feed two people (I barely finished it-haha) The service was great, and the bar tenders were excellent. Thanks for making me gain 5 lbs :-) #noregrets The salmon was particularly good.",Downtown,Village Whiskey,41.52,5.32,12.8,2,,Female,Mixed
jGtkwCPueW9XuE0h5XYVxA,Customer_6123,2016-08-29 13:21:29,2.0,,Downtown,Village Whiskey,22.73,5.68,25.0,3,26-35,Prefer not to say,
NGmibQnQfzZL0IZN7v8o9g,Customer_2475,2015-04-07 23:20:11,4.0,Best burger in Philly! Got some really great options and an egg on a burger is always gonna be a front runner!,Downtown,Village Whiskey,12.99,5.2,40.0,2,46-55,Female,Asian
sOSsJ55g318FG6pVSW4Rbw,Customer_9108,2013-02-03 20:31:29,4.0,"I love everything about Whiskey Village except the small space. We were fortunate that after the hostess told us that the wait for a table was close to two hours a couple of seats opened up at the bar.
 
We started off with a couple of amazing cocktails that were expertly prepared (2nd only to Hop Sing), an order of deviled eggs, and the duck fat fried fries covered in a delectable cheese sauce and topped with beef brisket....WOW! We were content but decided to push on and try their famous burgers. I had the special of the house that had a terrific homemade thousand island dressing and my wife had hers topped with foie gras and bacon. Both came out cooked perfectly medium rare surrounded by a very fresh and delicious bun. Even though we were fairly full before the burgers came we ate every bite leaving in a blissful state of food intoxication. The sandwich was particularly good.",Downtown,Village Whiskey,25.35,4.72,18.6,2,,Prefer not to say,Native American
O3hIqjdXCr0QO06TmpRoDQ,Customer_8060,2013-06-24 17:34:03,4.0,Watermelon pickles were amazing and the wedge was done well with great ranch dressing and juicy plump partly sun dried tomatoes,Downtown,Village Whiskey,18.06,2.81,15.6,2,36-45,Non-binary,Other
NGmibQnQfzZL0IZN7v8o9g,Customer_4189,2015-04-07 23:20:11,4.0,Best burger in Philly! Got some really great options and an egg on a burger is always gonna be a front runner!,Downtown,Village Whiskey,16.52,2.52,15.3,4,36-45,Male,Other
LqexXPcU6TYf2TuB3Rf8jg,Customer_5582,2011-06-03 02:02:42,4.0,"This is more of a bar that serves food than it is a restaurant, so I'll rate it as such. Certainly, this is above average bar food, and it's very good, but, honestly, I've had better burgers.

The burger was well made and very juicy, but they skimped on the sauce and the bun was way too large. The fries were very good, but I didn't find anything remarkable about the duck fat. My Kentucky hot brown was good, and the tomato was a nice touch to help cut the richness of the mornay sauce. They have a huge selection of (overpriced) bourbon and scotch, but there's not exactly a full bar (no amaretto and only two types of flavored vodkas). There's a decent selection of house cocktails, although, as you might expect, most of them are bourbon-based. The bartenders seem very skilled and it was fun to watch them work.

The place is very tiny and they try to pack too many people around too tiny tables. My date and I were seated with our legs literally on top of each others (and it wasn't because we were playing footsie). 

Village Whiskey reminds me of one of those bars that appeals to people who want to feel like they're going to the ""cool"" bar. If you're into that sort of thing, you'll probably love it here.",Downtown,Village Whiskey,25.61,3.55,13.8,2,56-65,,Hispanic
LGvGq7rFp7ywUgivh5m99Q,Customer_6555,2014-09-26 21:13:08,2.0,"The food is always on point but the service really needs some work. 

the hostesses just throw a time out for the wait for a table and have never been accurate. they even use a newer texting system which is great if they remember to put your name in when you check in. they also seem to have no concept of the size of the restaurant and continue to tell people to go to the bar even when there is no space to move. then you've got a busy bartender who already seems like he cant handle the guests seated right in front of him. although the drinks from the menu are delicious thats about all this particular bartender knows how to make. i witnessed someone asking for a specific bourbon and get told they didnt have it, all while I could see it on the shelf behind the bar. The appetizer was particularly good.",Downtown,Village Whiskey,30.39,5.34,17.6,4,36-45,Female,Asian
HIzVQYwoN3hnO7Cy7-OFjA,Customer_1659,2010-08-30 17:51:57,4.0,"We went to Village Whiskey today after having waited outside until 12:15 for Frog Burger to not open *groan*.  I had been there once before for Dining Out For Life, and had enjoyed myself.  We ordered everything on the menu that time, and it was more a novelty dining experience than a real one (i.e. we were too drunk to notice anything).   

Today we told them we only had about half an hour, and they had our food out within 10 minutes.   Only downside is the price.  $5 for what are fairly run-of-the-mill fries is highway robbery.  However their burgers are quite tasty, and the service was friendly and accommodating.  If you're looking for a reliably good burger in Rittenhouse-- this would be the place to find it.",Downtown,Village Whiskey,18.74,4.08,21.8,2,26-35,Non-binary,
awj8W1iorW4uHmUt0nPxpw,Customer_3290,2014-05-08 13:44:45,4.0,Pickled cherry tomatoes with whipped ricotta. so good. The wings was particularly good.,Downtown,Village Whiskey,32.56,6.2,19.0,3,56-65,Non-binary,African American
j_5iGojHPKwU3MA02aFSzQ,Customer_5902,2016-05-19 07:56:15,3.0,"I've had mixed  success here. The best items are perhaps the appetizers, like deviled eggs and roasted beets. However my mileage has varied on other food and service, from losing my order (I was voluntarily comped a burger once due to a kitchen faux pas) to botching a Chicago style hot dog (splayed and grilled dog, toasted-dry bun). The burger and duck fat fries are good, if a little pricey.",Downtown,Village Whiskey,10.85,2.25,20.7,4,56-65,,
LMxWQtQB8YaekB8VU9aQHQ,Customer_5911,2010-07-08 19:18:12,3.0,,Downtown,Village Whiskey,18.85,2.45,13.0,2,18-25,Non-binary,Mixed
EDtYaqJQ1NPqU3ysO0CH6w,Customer_6040,2013-08-16 00:44:01,5.0,"Darn awesome. Love the ambiance, love the food, love the music. My father even drank whiskey here and loved it, which is just crazy making. Also very friendly and fun bartenders/staff. Highly recommended.

Only downside - it gets packed, and there's really no place to wait.",Downtown,Village Whiskey,11.08,2.02,18.2,1,65+,Male,
BZ66sjvvUtInVX9LZ4BXww,Customer_4728,2014-02-27 22:03:44,5.0,"This was an amazing place to eat dinner alone while I was traveling in Philadelphia.

Village Whiskey is a small, cozy bar with limited seats. None of the tables would comfortably sit more than four people, and even that would stretch it. But for a party of one, it was perfect. I got a seat at the bar and enjoyed a whiskey cocktail, followed by a delicious craft beer. No fool, I selected the special burger for my dinner. The burger of the month was the ""French burger,"" featuring Gruyere cheese, onions cooked in wine, dijon mustard, and I'm sure some other deliciousness. The burger was perfectly cooked at medium rare. I also had a side of duck fat fries, which were thick cut, piping hot, and a great accompaniment to the burger.

One note: I thought about coming here on Saturday, but there was a huge line queued up outside. I went elsewhere and tried Sunday instead, and was able to get a seat at the bar almost immediately.",Downtown,Village Whiskey,11.67,2.57,22.0,3,56-65,Prefer not to say,African American
CCjmKlUntJSQRKdkIJAOKw,Customer_7229,2010-04-02 19:56:16,5.0,"There are only so many ways I can saw wow.  From now on, I will question anyone who says ""Blah blah blah has my favorite burger..."" with ""Have you been to Village Whiskey?"" Because it's really that good. It's an all around phenomenal burger.

Dan and I had lunch here last week. It was a beautiful day, and Village Whiskey has some great outdoor seating.  They run tables along the wall like most places, but they have a bit more room than normal and an awning to provide shade.  We didn't step inside, but I'm sure it has a nice atmosphere.  The service during our whole meal was good; I'd be surprised to find anything less at a place like this.  

True to its name, this spot has an incredible selection of whiskey.  We didn't partake, but I'd like to at some point.  The beer list is decent, even though everything is one or two more dollars than it should be.  There are about six draft beers that rotate, along with a decent bottle list, including about ten large format bottles.  We split a 25oz bottle of red and white for $25, which isn't bad at all.  This Dogfish Head beer is a a whit aged in pinot noir barrels.  I really love it.

We both went with the burger.  There's an option to get a $24 burger with blue cheese, bacon and foie gras on top.  It sounds like overkill to me.  I went with the regular burger with blue cheese.  When it came out, I didn't like the looks of the burger.  Large chunks of blue cheese topped a patty that looked larger than a hockey puck.  I thought this huge patty was ridiculously oversized.  It only took one bite to change my mind.  To start, the burger was more tender and juicy than any other I've had.  Second, the ground beef was so lightly packed that it was almost barely formed.  This gave the meat great texture, and was why the patty seemed so large.  The burger was perfectly cooked and seasoned.  The blue cheese was a fantastic addition; it's quickly becoming my favorite cheese for burgers. 

The burgers don't come with any sides, so we put in an order of fries.  We decided to splurge and order the duck fat fries topped with Sly Fox cheddar sauce and braised short ribs.  It's a bit of overkill.  It's also delicious.  Every part of this side dish is well executed.  If you can forget that it's well over 1000 calories, you'll be able to enjoy these beefy cheddar fries.  To be honest, I think I'll order the plain fries next time.

Bottom Line: The burger here is amazing, and it's reason enough to visit.  It's a bit pricey, but that's what you should expect for the area.  If you eat meat, I highly recommend coming here.  A little more effort in the beer list is desired, but other than that Village Whiskey doesn't disappoint.  I look forward to my next visit.",Downtown,Village Whiskey,24.19,2.89,11.9,2,65+,Female,Caucasian
hnoxXlXn2LZFBkJogCZ8Sg,Customer_4125,2014-12-04 15:26:09,2.0,"I don't get why this place has over an hour wait on a Wednesday night. I just don't. I ordered the veggie burger and it was kind of the most tasteless blob I have ever had. And it even came with guacamole, caramelized onions and ""sharp"" cheddar. It all just tasted bland with a mushy texture and was more tepid than hot. And it was like a $14 burger. Maybe it was just an off night in the kitchen and yeah, I am a vegetarian, but burgers of any kind just shouldn't have the consistency of play dough. Meh.",Downtown,Village Whiskey,23.21,3.71,16.0,1,36-45,Prefer not to say,African American
ze3gf6OkHQKFBp2wSctnhQ,Customer_8726,2014-02-23 23:56:59,3.0,"disclosure: review is for food only and not on the whiskey unfortunately

a friend took me here expressing this was the best burger in all of philly. 

service was efficient and there wasn't a wait at all that tuesday evening at 6pm. we were bummed they didn't have a happy hour. the burger portion was super generous and i had trouble eating it without my utensils. the quality of the ingredients was great but i still felt as if something was missing.. wish there was an extra sauce or dressing element to make it a bit juicer though the meat was far from dry. it was just missing something for me. there was a long list of add on's (at a cost) that maybe i should have splurged on? it was pretty dark in there and i was too lazy to tackle that part of the menu. i was uncomfortably full after so i'd probably share a burger if there is ever a next time.

it was a decent burger but not worth any potential long wait and definitely out of my normal price range for a burger. this place left me really missing home/in n'out... The wings was particularly good.",Downtown,Village Whiskey,41.35,6.25,15.1,2,65+,Male,African American
zwIVr5YdS7B2AiPAz_FcLQ,Customer_8837,2017-04-19 16:59:36,1.0,"This was my second visit here, and it was much worse than the first. This restaurant is extremely small, and if there aren't any seats, you are welcome to stand in the back by the bar without seating, in the way of all the commotion. We stood by the bar for about ten minutes before we were asked if we needed something. We wanted to eat, but not standing up. We saw multiple tables open up, and had to ask if we could sit there, even though we were the only people waiting. We finally sat, and a young,brunette waitress came and took our order. We wanted two orders of the Short Rib fries appetizer, since we would be having it as our dinner opposed to sharing it, and she looked at us like we asked her to bring the whole cow to our table. She asked us if we were sure that we wanted two, and we confirmed that we did. The first order came out in about 5 minutes which was amazing. 10 minutes went by, then 15, and our server didn't even come over to see how our first dish was, just stood in the corner chatting. We got another servers attention after 20 minutes of waiting and let him know we were still waiting on our order. We also advised him that if it wasn't ready, to forget about it and we would share the first one. He came back and told us that it would be out any second. Another ten minutes went by, still no dish, still nothing from our original server. We let the young man know that we were no longer interested in the dish that was 25 minutes late, and then our original server finally decided to come over! Could you believe the first thing she said was ""so im hearing that you never got the second batch of fries?"". As if it was some kind of rumor. Then had the nerve to ask if we still wanted it. She took it off the bill but I was extremely disappointed with the service, and will certainly not return the next time I am in town. Especially since I got sick in the middle of the night from it. Village Whiskey, please train your staff how to serve properly, and give them some lessons on customer service.",Downtown,Village Whiskey,43.47,9.5,21.9,3,36-45,Female,
D3hY-jJZy68AVKCpgE3n9A,Customer_6608,2011-04-29 01:48:43,3.0,,Downtown,Village Whiskey,7.26,1.02,14.0,2,65+,Non-binary,
odr_c7mC52fXphb6y2f08Q,Customer_5890,2016-09-08 18:48:50,5.0,"This is the cocktail and burger spot I was hoping to find in Philadelphia. In every city I've lived in, I've found a local spot to get an unreal burger and a killer cocktail - in Boston it was JM Curley and in SF it was Absinthe and now, in Philly, it's Village Whiskey. 
The ambience is great, huge long bar, dark, small and intimate and I found myself trying to figure out what this is - is it a pub? is it hipster? is it old world? It's a lot of good all in one. 
The cocktails rocked and the bartender was even better. The Aviation was TOP. 
The classic burger medium rare was perfect - my ideal burger. Juicy, great meat flavor, soft delicious bun and gooey cheese (I added cheddar). Pickles. YUM. 
Add some Duck Fat Fries with cheese sauce and you're in food coma heaven...and highly motivated to sign up for a spin class the next morning...
One question - WHY isn't there a mac and cheese on the menu made with this cheese sauce?! The nachos was particularly good.",Downtown,Village Whiskey,27.21,5.02,18.4,2,36-45,Non-binary,Asian
anHutrrM-m2bt3QXbNCvfw,Customer_8861,2015-04-16 15:32:21,4.0,"I really like the food at Village Whiskey.  I love a good burger, and they definitely have a GOOD burger.  I also love their duck fat fries!

I usually get the village burger, and add items.  The only draw back is the price.  The food is worth the money spent in quality.  However, any extra toppings on a burger does cost extra.  They also are expensive to begin with, so adding items and having to pay extra for each thing can be a little annoying if you want a bunch of extras.  I usually only add a few items, but I have a friend who goes and usually wants a bunch of things, so that makes their burger quite pricey!

They have excellent cocktails as well, so if you come here, grab a drink with your food!

I also really enjoy their brunch.  Portions are not huge for the money, but the food is absolutely yummy! 

the menu isn't huge, but I will say, you come here for a burger.  So a big menu isn't needed.  I like that.  Simple and scrumptious!",Downtown,Village Whiskey,26.11,4.5,17.2,3,,Non-binary,Native American
3qlSHiBXApIMiH7D_g9GnQ,Customer_7220,2018-01-25 04:17:42,3.0,"I do not recommend going for lunch. 
Place is super small and you sit on top of your neighbors.
Duck fat fries are delicious, went for dinner multiple times and always had a good meal (didn't get a burger) went for lunch and got a burger and wasn't a fan Waitress was on the ruder side and messed up my order and didn't seem apologetic.",Downtown,Village Whiskey,23.55,4.37,18.6,4,46-55,Non-binary,African American
8tQyKhM7WibYxSG5JfL4kA,Customer_6674,2016-02-12 22:33:35,5.0,"The ambiance is amazing. Fresh chic vibe...dim lighting...nice high tables....such a relaxing environment. Food wise - duck fat fries and burger is a must order from their menu. I don't know how Graces Trading Company does it, but their burgers are out of this world!! The pasta was particularly good.",Downtown,Village Whiskey,19.59,7.84,40.0,2,36-45,Prefer not to say,Asian
JKJ3j4-n9O04CErUi-xKxA,Customer_5450,2012-06-26 18:57:00,3.0,"In a direct Bobby Flay vs. Jose Garces match, i.e. comparing Bobby's Burger Palace and Village Whiskey, I'd say BBP clearly wins.

Village Whiskey's biggest weakness is actually its high price. Taste-wise, my medium-rare burger with goat cheese and egg is comparable to BBP or 500 Degrees. The meat and egg were prepared the way I like it, and the toppings were of high quality, especially the cheese. (Note that the egg yolk is runny! If you don't like that or are afraid of salmonella, let them know.) The only thing I did not like as much was how heavily the hamburger buns were buttered. That was just a little bit too much for my taste, but I know many people who would love the slightly sweet, buttery bun. However, the burger I got was 16 dollars (11 for the burger, 3.50 for the cheese and 1.50 for the egg), which is exactly the price of the burger at Craigie on Main. In case you don't frequent Boston as much, Craigie's is a 'real' gourmet burger where French fries and a small salad are included in the price. At VW, we had to order French fries for 5 dollars on the side, which were delicious and came with a well-spiced ketchup.

I like the atmosphere of the place, and the location which made seating outside more pleasant than at BBP's right on Walnut Street. The service also was excellent (very much unlike BBP). The staff appears professional, they are attentive and fill up your water very regularly.

All in all, it's a 3.5 - the good burger, atmosphere and service warrant a high rating, but the extraordinarily high price (for what you get) is rather a downer, and I can't give 4 stars to a place where I am unsure whether I'd want to come back. I do like the concept of letting the customer choose their own toppings, which allowed me to choose a combination of toppings you never see but I personally enjoy. On the other hand, the menu of this place is largely uninspired and boring, which in turn is Bobby's Burger Palace's strongest point. If you are in the area, this is probably the highest quality burger + fries you can get - but it comes at a steep price.",Downtown,Village Whiskey,20.14,4.17,20.7,2,56-65,,Asian
0WDmXzLoawBg7NRotyfn9A,Customer_9700,2011-10-01 03:37:43,4.0,"I wasn't sure what to make of this place from the street, but I was very pleasantly surprised.  I had the cob salad, but next time I'll be back for the burger and fries.  Everything was very good including the service.

Parking is very close by and it's easy to walk to.  The place is small so be sure to get there early or you could be waiting.

If you have a chance to visit this place - be sure to do so!

**Please do the rest of us a favor and don't bring your kids here.  Thank you!**",Downtown,Village Whiskey,41.94,9.38,22.4,2,26-35,Male,Hispanic
2MFIkxNfxwZb5CaFjbSK5w,Customer_2647,2015-05-29 15:28:23,4.0,"I consider myself lucky for coming across Village Whiskey out of the blue on my first ever visit to Philadelphia. I was on a short road trip with a dear friend and her mom. We ended up parking right by the entrance of the restaurant with empty stomachs. 

The staff was friendly but tables were high, small and cramped. They sat the three of us at a table that was clearly for two. We nearly  got up and left but were lured by the  sight of the burgers at a table beside ours. 

One glance at the menu and we were hooked. We started off with the house made cheese puffs and the fried shrimp. Both were very scrumptious. And you wouldn't expect fried shrimp to be so tender and juicy. We skipped the pickle selection and I regret it. I took a picture of the pickles at a near by table just to remind me to order it next time I'm there.

For our main course we shared the bbq pork sammy with cole slaw on tender bun. Oh my gosh, it was beyond perfection. Tender pulled pork embraced in tangy homemade bbq sauce. 

We also shared the Whiskey King - 8oz of juicy, seriously juicy medium rare burger, topped with applewood bacon, rogue blue cheese, maple bourbon glaze cipollini and a slab of perfectly seared foie gras. One second for me to regroup after remembering this epic mouthful. 

And as if we needed more richness out of a meal, we made the wise decision to order the red velvet milkshake. The best milkshake I have ever tasted. Enough said. :-)",Downtown,Village Whiskey,21.24,3.56,16.7,2,26-35,Male,African American
iwyJKX7T5X21FdaiEUu7UA,Customer_8793,2014-05-09 01:44:23,5.0,"By far the best value in Philly (in my opinion).  The burgers are as good as it gets. The fries are always perfect. And you have all the Scotch and Whiskey you can handle. Oh yeah, the staff is always super friendly.",Downtown,Village Whiskey,47.91,4.14,8.6,3,26-35,Non-binary,Mixed
2UVyQnvi3Dlmnh_ROqZlcA,Customer_4804,2014-03-18 20:22:01,4.0,"Best Tater Tots EVER. They were like little fried pieces of mashed potatoes. Never had them like that before. Usually they're crunchy all around. But it was like biting into a Carebear. Or something more tangible.

Burger itself was cooked to my specifications perfectly. I had the burger that had foie gras in it, which is too tasty. But like bad, right? People still protest it. And I get it.

The cocktails are nice and fancy and in fun 3-gulp glasses.

The suckiest thing is that this place is RIDICULOUSLY SMALL. It's like a narrow hallway with some high comfy seating and limited bar seating. Oof. Not cool. There is some outdoor seating which will be nice once the weather stops spazzing. Come, eat some really rich food and enjoy some really fancy cocktails, but don't bring your friends you know? Just bring the one you're trying to bang. The pasta was particularly good.",Downtown,Village Whiskey,20.97,2.12,10.1,4,65+,Male,African American
46xea9HKvXXCl5nOAJ9gIw,Customer_1595,2017-02-12 17:35:13,5.0,"I went there alone so there wasn't any wait time for me. I was able to walk right in and have a seat at the bar. I was greeted promptly and was provided with a glass of water before I could even say hello. After the pleasantries, I was given a menu and the bartender didn't hesitate to inform me of the specials for the day, and even specific details about certain menu items because it was my first time there. I ordered a cocktail and two food items and everything came out great!! The food was delicious and the cocktail had just the right amount of liquor so it wasn't too strong, but it was still tasteful. My overall experience at Village Whiskey was awesome!! I'd definitely recommend this place if you're looking to dine & drink in center city.",Downtown,Village Whiskey,25.2,8.82,35.0,2,,Prefer not to say,African American
HpuP-qZ8YXvOpbCKIUsYRQ,Customer_5742,2015-10-31 21:30:30,5.0,,Downtown,Village Whiskey,39.06,7.22,18.5,3,18-25,Non-binary,Hispanic
qJsQfFNY0fY6mYwVMKZheA,Customer_6489,2016-11-14 19:38:24,2.0,,Downtown,Village Whiskey,11.94,2.83,23.7,1,65+,,
3kw_ThR91_nHM_CGMhkaZg,Customer_3198,2011-04-27 18:46:45,4.0,,Downtown,Village Whiskey,32.25,7.82,24.2,2,46-55,Non-binary,Asian
qeAItYy6_jOpFfSDnBAgHA,Customer_6417,2014-07-02 01:53:20,4.0,,Downtown,Village Whiskey,27.38,5.27,19.2,2,46-55,Non-binary,African American
jaGDbDH7FjUTaKIJCcb3Qg,Customer_4164,2011-09-30 19:24:10,5.0,"This place lives up to the hype!

We had the Pickled Herb Cherry Tomatoes and Golden Beets.  Both were excellent, although I would give a slight edge to the cherry tomatoes being my favorite.

I had the Irish Car Bob shake.  The shake was very well executed.  Thickness was just right, and the taste was on point.

Whiskey King!
Man oh man..  This burger is the King of all burgers:  Maple Bourbon Glazed Cipollini, Rogue Bleu Cheese, Applewood Bacon, topped with Foie Gras?!  Just writing this review and reminiscing the heavenly bliss of eating this burger makes my mouth water and stomach growl.  Fair warning though, if you aren't willing to get down and dirty this burger is not for you!  It is a monster of a burger that you need to take on with two hands and a big mouth.  The guys at Village Whiskey did an amazing job constructing the burger, all the toppings goes inexplicably well together. The sandwich was particularly good.",Downtown,Village Whiskey,14.49,2.02,13.9,3,,Prefer not to say,Other
RzDp7FyGdjl-Z2l6NNBT_w,Customer_2562,2016-06-02 17:54:19,4.0,"Hands down one of the best burgers in Philly. I always get the village burger with a fried egg and it has never disappointed. It's always cooked perfectly to medium. On the menu they have duck fat fries with short rib and cheddar but we always asked to substitute fries for tater tots which they did happily. The tots are one of the best items on the menu. They're like little potato pillows that are perfectly crispy on the outside and melt in your mouth gooey on the inside. The lobster mac and cheese is also really good. Overall a tad pricey but I've ever been disappointed so it's worth it. Location can't be beat in the heart of center city.

The service is usually pretty good. Sometimes they aren't on top of it. One time I came here with a friend for her birthday and she ordered the whiskey king burger that comes with foie gras; she specifically ordered it without foie gras because she can't stand it (and told the waitress as such) and it of course the order was screwed up and came out with it. 

Side note they don't take reservations and usually have about a 2-3 hour wait on the weekends. On the bright side they will take your number down, text you when your table is ready, and give you a 15 minute window to get back to the restaurant to claim your table. Plenty of time to go to another bar nearby and grab a few drinks to kill some time. The ribeye was particularly good.",Downtown,Village Whiskey,25.91,4.05,15.6,4,26-35,Prefer not to say,Mixed
QC25Y0nZ33nf5-Rmho0QWw,Customer_1111,2017-06-17 19:20:40,4.0,,Downtown,Village Whiskey,21.01,4.65,22.1,4,26-35,Prefer not to say,Native American
96rOSlJdl-thrSIINqacYw,Customer_5947,2016-01-18 14:39:33,1.0,,Downtown,Village Whiskey,21.84,2.86,13.1,4,56-65,Male,Native American
_JWxuFIAnQDKGPXQ-avbhw,Customer_2017,2017-12-30 18:34:47,4.0,"If you need a cute place to grab a drink and some food at the bar this is the place. It's very small for the kind of restaurant/bar it is so it's not ideal for large groups but a small group of 2-4 can be seated at one of their few tables. This also isn't a great place for people with any kind of hearing issues because it got quite loud on a Friday night when I stopped in with my mom after a movie. 

If it's just two of you (or you're solo) this is probably a great spot to have a conversation with someone you know well over some very interesting menu items. My mom loved her ""Bee Charmer"" cocktail with lavender-infused gin, honey, and a few other ingredients. She liked it so much she asked the bartender for the recipe but the key ingredient, the gin, takes two days to soak in lavender before it's drained and ready to be used. 

They have a decent beer selection but nothing particularly impressive. They have a few local brews from the area but this place is definitely known for its inventive cocktails.

We'll be back to try their famous burger but our appetizers of fried pickles (thick but crisp and fresh) and an adult version of pigs in blanket were tasty and worth ordering again although I liked the pickles more. Our visit was cut short for outside reasons but I would recommend this place for close friends, established couples or a couple of family members. It's moderately to expensively priced but something to try out for yourself if you're looking for something a little different.",Downtown,Village Whiskey,20.19,3.08,15.2,3,46-55,Non-binary,African American
nwgMHdYKLHvlNg1gqRSFrA,Customer_6095,2014-09-10 15:22:44,1.0,"Walked in for the first time after a drink next door at Tinto (which was very nice and the bartender was pleasant, Dan). Squeezed us in at a small round for 2. Ordered a Blanton's rocks and they were out. Went with our second choice and the drinks never came. Server was too busy talking to other tables. He was overwhelmed with the amount of tables he had I think. We never got our drinks so we got up and left without ordering dinner.",Downtown,Village Whiskey,38.62,9.57,24.8,3,65+,Non-binary,Mixed
bP-mEV0IALKqnqiYeyy9bg,Customer_8834,2013-12-10 16:49:41,4.0,"I finally was able to get a seat here but at the bar. Every time I come here it's always packed and you can never get a table. I don't think the food has anything to do with the availability of seats. This place is really small but very cozy, specially on a cold Saturday afternoon. 

I had the Village Burger then to add toppings such as cheese, bacon, mushroom, etc you have to dish out anywhere from $2 to $5 additional dollars each for each topping...a little too pricey, I think. So, I ordered the burger with bacon, didn't even add the cheese, well cause I'm not a cheese fan. The burger was delicious but I wouldn't say that it was the best burger in Philadelphia. I would eat it again but I can't label it as the best burger. 

We ordered the lobster mac n' cheese and it was very yummy, now that is one of the best I've had in Philly so good job! 

Every time we come here to try to get a table, the hostesses are NOT the friendliest people working up front. Smile, you are the first impression we get about this restaurant! The steak was particularly good.",Downtown,Village Whiskey,11.05,2.14,19.4,2,65+,,Mixed
sx1vQoIeBdKUF0EYFQLWWQ,Customer_8714,2011-06-03 19:39:27,5.0,"Favorite burger in the city. Best fries I've ever had. Always good beer.

Other than the wait, what's not to love?

Oh, the cocktails are always a bit stronger than you remember. A pleasant surprise.",Downtown,Village Whiskey,10.27,2.62,25.5,2,,Female,Asian
30SDqJcWBSKRXpe4AHvtIQ,Customer_2341,2017-12-31 20:51:49,2.0,Fish eggs is crab bisque= fail. Duck fries are just fries with parsley. We ordered 3 sandwiches none were overly impressive. Service was very well attended but can't make up for the lackluster food.,Downtown,Village Whiskey,27.36,8.21,30.0,3,56-65,Non-binary,Hispanic
yoWeRmhMx9j9CCtKRHlTTA,Customer_2838,2013-03-19 21:46:07,3.0,,Downtown,Village Whiskey,26.41,5.71,21.6,3,56-65,,Asian
t4b5oUmC15yR1KPaUUhhmw,Customer_9525,2011-08-30 05:24:03,5.0,"Damn you, Village Whiskey... now no burger anywhere will EVER taste as good!! This place carries the MOTHER of all gourmet burgers.

The pickled goods make a great appetizer and they come in fancy little jars with some perfectly toasted slices of sourdough bread. 

If you come, you just have to get the Village King burger... yes, it's a $26 burger but it comes with foie gras and what is probably crack because it is so damn good. It was so huge that I had to take a moment to figure out how to fit it in my mouth (that's what she said). We were all so stuffed that we couldn't finish the one order of fries that we shared. 

So juicy, so flavorful, so pure, and so perfect.

They have a nice little selection of craft beers (and whiskey, of course) to go nicely with the food. 

The inside of this place is quite small - you're probably better off getting a seat outside while the weather is nice to avoid a long wait. The soup was particularly good.",Downtown,Village Whiskey,27.86,5.63,20.2,2,65+,Female,
BK5YwRMFfivzwGivh8vV-A,Customer_1911,2015-02-19 15:59:20,2.0,"Went there for lunch. Daughter was craving a burger, so we complied. I had high hopes for this place. Alas, was disappointed! My husband had the bbq pork sammy, which was very good. Great beer and drink selection....however, I had the overly hyped burger. For $13 you get a basic burger. For $3 more, I got half a slice of cheese. The burger was cooked fine, but was totally bland. For $16 I would expect a lot better. The fries (an extra $5 for a cone) were also lacking - very underseasoned. The service was good enough, but considering we were one of three groups, you'd think they would have worked harder for a tip. Should have gone to Shake Shack down the road for 1/3 of the price and a better burger.",Downtown,Village Whiskey,64.06,15.84,24.7,2,56-65,Prefer not to say,
k1eQk3F2ebEtq5CwNxR8CA,Customer_6049,2012-02-02 23:56:09,2.0,"Waaay overpriced for a greasy burger.  The pickles are a nice idea, but $7-$12 for an appetizer sized plate of vegetables in vinegar?",Downtown,Village Whiskey,27.41,5.07,18.5,5,46-55,Non-binary,Caucasian
uTHZnLYjESdY9mlkSu8RHQ,Customer_2196,2012-01-08 22:48:34,5.0,,Downtown,Village Whiskey,15.24,2.65,17.4,8,36-45,Male,Caucasian
7iajp6uLYwxml9W5RzPACg,Customer_2130,2014-07-21 22:58:48,4.0,,Downtown,Village Whiskey,88.96,31.14,35.0,2,18-25,Non-binary,Other
Xu2WtxUIDQXb-rwkXWGAng,Customer_7887,2016-08-03 23:22:56,4.0,"I first heard of this place from a dude I know, and then I heard Craig LaBan called it the best burger in the city. That must be the $26 burger that I didn't have (mainly because I'm not a fan of bleu cheese, and I didn't want to be ""that guy"" to ask for a different cheese) because the Village Burger was good, but not exceptional.

I got the ""Village Burger"" (8oz, Sesame Roll, Tomato, Boston Bibb, House Made Thousand Island) with bacon and provolone (+$3). It was huge, could hardly fit in my mouth huge, and delicious, but I don't think I can call it the best burger in all of Philadelphia.

The duck fat fries were great. They were big, crispy, and hot on the inside. I'm going to get the sly fox cheddar sauce with them next time.

The whiskey list is HUGE. 

It's so small inside they don't have ""sections"" for the waitresses (or it might have been because only the bar and outside seating were busy). There's the bar that seats maybe eight people, though I didn't count (it was full), four or five booths (completely empty at 5:30pm), and a little counter that seats five or six in the back (empty as well). There's more seating outside than inside. After paying one waitress, another asked if I wanted another beer. I'm not sure if it's a plus that there's always someone checking on you, or a negative because they're unorganized? 

 I'll come back, but my main goal will be to try the extensive whiskey list, not a burger. The risotto was particularly good.",Downtown,Village Whiskey,32.49,5.59,17.2,4,46-55,Prefer not to say,Other
5aTGq_Mt2LFg9mumnK5qsQ,Customer_9835,2010-11-25 17:33:26,4.0,"Go here and get a burger.  Get the King Burger and the Village Whiskey Burger.  Also get some pickles and eat your face off.  I like going here and just stuffing my face and enjoying every minute of it.  From the duck fries to the deviled eggs - order, eat, and enjoy.  Just go and eat and savor.  Yeah your gonna pay but it is worth it.",Downtown,Village Whiskey,20.2,4.5,22.3,5,,Non-binary,Hispanic
mU8lwM7jYKCCSar1R1CeGA,Customer_9664,2015-06-08 17:37:31,5.0,"Had the Kentucky Brown, deelish!! My friend had the duck fat fries that looked amazing and he had one of the burgers that was also outstanding he said.",Downtown,Village Whiskey,7.83,0.9,11.6,3,26-35,Male,Caucasian
So64C1G8revKlpgN95bpxQ,Customer_8585,2013-01-02 23:11:33,2.0,,Downtown,Village Whiskey,13.08,1.37,10.5,2,56-65,Prefer not to say,Other
w3E8op2zUGQ97UhWfN8Zvg,Customer_5055,2011-08-07 20:18:55,4.0,,Downtown,Village Whiskey,21.94,3.68,16.8,2,26-35,Non-binary,Asian
GziOmJUo04OZzvyN0Azb7Q,Customer_2848,2012-03-04 23:40:05,4.0,,Downtown,Village Whiskey,21.81,4.8,22.0,2,65+,Prefer not to say,Caucasian
c8FPYYRFu3y7IoW-tiILQA,Customer_1550,2010-08-30 04:04:40,3.0,"I like their bar drinks (sitting at the bar watching the mixologist is a lot of fun) and of course the $11 Village Burger (super juicy and tasty) and duck fat fries (although I could never get through the whole batch alone because they are super heavy).  The bbq pork sandwich is ok.  My main complaints are that the sesame bun is too soft, the chunks of pork are too big (and they aren't really juicy like what you'd expect pulled pork to be), the sauce is too sweet, and there isn't enough coleslaw (only a mouthful is placed on top of the meat, booooo).  We have tried the raw bar here too which is just ok as well.

However, I take off a star for how horrible of an experience it is just to get a seat each time I have come here for dinner whether it's closer to 5 or closer to 9pm (I didn't have to wait for lunch for 2 at 3:15pm, but for some reason the hostess still could not seat us promptly and seemed pretty confused at the prospect of seating us).  The dinnertime hostess SUCKS.  She either doesn't know what it means to be a hostess or hates her job and refuses to do it.  They always tell you some absurd wait time if you keep pushing since they're so vague and work so slowly (1 hr 45 min is a common number they use)--is this a strategy to deter people from bombarding this place?  One saving grace is that they'll take your number and will call you once your table is ready (which never takes as long as they claim).  I also think the seating arrangement sucks because there are a few booths that are quite nice if you have a big group (more than 4 ppl) but the tables are round so sharing food becomes difficult.  Otherwise, you are left staring at another couple throughout your meal.  There are plenty of bar seats which are always filled and then there is this weird back area that is just a shafted space. (And why is there this counter that runs all the way to the back of the restaurant that takes up space but serves no purpose? You can't stand there with your drink because the wait staff, hostess and customers going to the bathroom would constantly make you move).  I've never sat outside but it looks like a decent area.

Our servers were a bit slow but overall, friendly.  I would definitely not come back here for dinner--too much hassle! The salmon was particularly good.",Downtown,Village Whiskey,23.11,6.3,27.2,1,65+,Male,Asian
DyYvLme1ctBtxgOxmGTyuQ,Customer_7590,2013-10-24 15:44:45,5.0,,Downtown,Village Whiskey,43.91,5.67,12.9,6,56-65,Female,Caucasian
s4dIzoblH3dmAgDc_2s-zw,Customer_4836,2015-07-08 00:35:01,1.0,"One star for the for two reasons: whisky prices and a waste of good foie gras.
From the low end whiskey to the high end scotch, everything is overpriced. $10 for jack daniels? $28 for a nectar d'or?
Then they mix foie gras with blue cheese on the whiskey king. It would take a far more delicate palate than mine to differentiate the delicate taste of the buttery foie gras against the sharp pungent flavor of the Bleu cheese. I had to deconstruct my burger to properly enjoy it after the first bite.",Downtown,Village Whiskey,32.37,5.39,16.7,1,65+,,Mixed
BcvWdkCeHjztctsxBWkNMw,Customer_6253,2012-11-11 15:38:24,4.0,"This review is based solely on food.  I'm Mormon, and Mormons don't drink (theoretically). But let me fill you in on a little secret-- not drinking means you indulge in food that much more because really, it's all you have to cling to. 

Village burger, duck fat frites WITH cheese sauce.  Pickled beets with ricotta and olive tapenade. Perfect in their simplicity, each and every item.

Service sucks but I liked the food so much I don't really care. It's the size of a tuna can in this place and it's a bar so I wasn't expecting super attentive service, but it was borderline obnoxious.  Perhaps when you aren't tossing back drinks and racking up your tab the server isn't too pleased you're taking up a table? I can understand.  I'm guessing on the weekends it's out of control, but on a weeknight it was tolerable and we didn't have to wait for a table.",Downtown,Village Whiskey,14.38,2.59,18.0,3,26-35,,Asian
qqsiKV1BEhuNJj6_y2XqGA,Customer_3869,2015-08-20 15:12:09,4.0,Went here on a Wednesday night after spending some time out for Sips.  It was pretty crowded but that was probably  due to people getting the drunk munchies during Sips.  They said there was a 30-45 minute wait but we were able to find two seats at the bar right away.  I was surprised about how cramped it was inside but it does make for a cool intimate atmosphere even if it feels a bit crowded.  Ordered the deviled eggs which were eggcellent.  Ordered the classic burger which was delicious.  I know the burger here is famous for being one of the best in Philly and I felt it lived up to that reputation. The nachos was particularly good.,Downtown,Village Whiskey,27.06,4.89,18.1,2,46-55,,
BK5YwRMFfivzwGivh8vV-A,Customer_7244,2015-02-19 15:59:20,2.0,"Went there for lunch. Daughter was craving a burger, so we complied. I had high hopes for this place. Alas, was disappointed! My husband had the bbq pork sammy, which was very good. Great beer and drink selection....however, I had the overly hyped burger. For $13 you get a basic burger. For $3 more, I got half a slice of cheese. The burger was cooked fine, but was totally bland. For $16 I would expect a lot better. The fries (an extra $5 for a cone) were also lacking - very underseasoned. The service was good enough, but considering we were one of three groups, you'd think they would have worked harder for a tip. Should have gone to Shake Shack down the road for 1/3 of the price and a better burger. The risotto was particularly good.",Downtown,Village Whiskey,24.7,4.3,17.4,2,36-45,Prefer not to say,Other
8tQyKhM7WibYxSG5JfL4kA,Customer_8758,2016-02-12 22:33:35,5.0,"The ambiance is amazing. Fresh chic vibe...dim lighting...nice high tables....such a relaxing environment. Food wise - duck fat fries and burger is a must order from their menu. I don't know how Graces Trading Company does it, but their burgers are out of this world!! The nachos was particularly good.",Downtown,Village Whiskey,27.02,4.82,17.8,3,26-35,Non-binary,African American
VyJy75cDZusthxUFlfKq3w,Customer_1944,2013-12-31 00:37:24,4.0,,Downtown,Village Whiskey,19.05,4.75,24.9,2,46-55,,African American
_DYWIFRb48i23ZqWH5bC8Q,Customer_2295,2017-01-17 06:11:38,4.0,"The atmosphere was comfortable. The service was great. I had the Whiskey special burger. It was big, tasty, fresh, and delicious. It was a bit expensive but the cost reflected the quality. The soup was particularly good.",Downtown,Village Whiskey,6.61,2.31,35.0,2,18-25,,Asian
CVZDyCilzuUFtd--qpj93A,Customer_1647,2014-03-15 19:25:23,4.0,"Small place, 7 tables or something like that.  Expect to wait hours for one probably any day of the week. 

Food is great, killer burgers and fries.  

It's a whiskey bar, thought they would have more of a selection,but decent enough.  They have a few decent beer in bottles.  We had a couple ipas which were fresh. The salmon was particularly good.",Downtown,Village Whiskey,13.88,2.64,19.0,2,26-35,,Asian
Cu4Vdu7L85RAgvOitk1bCA,Customer_6455,2010-01-12 00:56:56,2.0,"The restaurant opens at 5 p.m. on Sunday. I arrived at 5:08 and was told I was the first name on the list. Great.  Sat at the bar and had a tea with a shot of brandy.  When my friends checked to see how long the wait was, we were told it would be two hours.  Even though we were first on the list.  So I went to pay for my drink and it was $13.  FOR A TEA AND A SHOT. 
    When the drink is more than the burger and there's a two-hour wait when you're first on the list, there's something wrong.    If you're not an uber foodie, save your money and your time and head over to Royal or Good Dog.",Downtown,Village Whiskey,12.37,1.75,14.1,3,18-25,Female,Asian
Mx5UXomIfCbHQNh7tSkqCw,Customer_2922,2015-07-07 17:35:31,5.0,,Downtown,Village Whiskey,20.86,3.68,17.7,2,,Prefer not to say,Asian
HVDgoWYj-aiufQshF2mq1w,Customer_7498,2010-07-09 00:59:59,3.0,"Amazing  burgers and bartenders who know how to make bourbon based mixed drinks.

But boy is it a pain to actually eat there.  They don't take reservations so be prepared to wait and wait and wait.  Tiny place so you're likely to end up in an uncomfortable corner or on the edge of a seat with waiters and patrons constantly brushing past you.",Downtown,Village Whiskey,39.91,15.97,40.0,1,36-45,Non-binary,Other
l4dHbGIbs-us3-mlXVvOiw,Customer_6053,2015-08-06 21:20:26,1.0,"Walked in, excited to try the burger and tots. Small place but, 3 tables open. We sat down and were ignored Until mgr came over to ask if our name was on the waiting list, we said we passed the hostess and she didnt asked us for our name for waiting list. He said people were waiting, meanwhile, no visable people in cue to sit! He told us to get up and wait in a corner near the bar! We left! We had just been in a large group who dropped $$$$ on drinks, snacks at the sister restaurant Tinto next door too. Rude!",Downtown,Village Whiskey,47.21,6.84,14.5,3,56-65,Prefer not to say,
seEy4097l_TghJii16Y5zg,Customer_8692,2017-07-20 23:21:24,3.0,"On a recent visit to Philly we were told VW has the best burgers in town.  Good thing the food is good and the service is creative and helpful
because the hostess on duty was in totally the wrong job.  Her arrogance, poor customer service and blatant bad manners ruined our otherwise enjoyable experience.  It was obviously overworking her to get a new flatware service for the table so I hope she finds her next position less tiring.",Downtown,Village Whiskey,17.37,2.67,15.4,3,36-45,Female,Mixed
jILyYSWBWqOzblPlT10K0Q,Customer_3390,2016-09-06 23:56:43,5.0,"They have the best burger in Philly.  The ambience strikes a delicate balance between fancy and casual:  It's the kind of place where someone in jorts can sit beside someone in a suit, and neither will feel out of place.  The burgers are thick and cooked to order, with a slew of high-quality toppings.  The drink selection is solid, especially in the realm of whiskey.  It's a little on the pricey side, but I keep coming back because the quality, service, and ambience are worth it. The tacos was particularly good.",Downtown,Village Whiskey,31.93,5.19,16.2,2,56-65,,Other
Cd_56M1mMp0ZowhPuj_CBA,Customer_7223,2013-06-08 02:12:20,4.0,"What a fantastic burger! I don't remember being very impressed by the whiskey selection, which was off at a place named after whiskey! But a friend and I sat at the bar and had a really great burger. The tacos was particularly good.",Downtown,Village Whiskey,22.29,4.81,21.6,4,26-35,Prefer not to say,Mixed
Ygqi2jUd2RaGGzHtRTJ4VA,Customer_9037,2012-11-06 03:33:15,4.0,"i just love a good burger!
its done right if its cooked to the perfect medium I ordered.  patty was thick and juicy. fat was dripping out.  thousand island sauce adds to the extra fattiness. bun was lightly toasted and oily.  everything was fatty!

tator tots was soft and crunchy and, again, greasy.

a little on the greasy side for me....but for others, thats what it is all about.
ive had burgers multiple times this week, and within the week, the village burger was the best of the ones i had",Downtown,Village Whiskey,31.22,8.19,26.2,2,65+,Non-binary,African American
1rY3Cpe65PAK_swgMYnI5A,Customer_4015,2012-10-09 16:45:19,4.0,"This is one of our frequent late-night stops, after we've gotten tired of the loud bars and are looking for a more quiet but still lively place to wrap up a night. We always go on Saturday nights and have never had to wait for a spot at the bar.

I actually don't drink liquor, so village WHISKEY may seem like an odd choice of locations, but they have a fantastic beer selection too. Honestly, I stopped here because it's a Garces joint and I would drink toilet water if he put it in a bowl with some cilantro. Plus, my boyfriend loves their whiskeys. And so do the other guests, which makes this place so fun: the last time we were there we ended up joining booths with our neighbors so that we could all talk about the restaurant and their liquor choices. It's a very cool, very like-minded crowd.

Food wise you can't go wrong with duck fat french fries. I feel like I don't even need to say that, because come on... duck. fat. french. fries. We also go for the cheese puffs on their late night menu as well: a hot pan of ping-pong ball sized bread balls coated in cheese and broiled and delicious and... oh boy now I'm, hungry.

And if the other reviews aren't clear enough... their burgers will have you singing hymns of praise to the meat gods.",Downtown,Village Whiskey,15.11,6.04,40.0,2,65+,Male,Caucasian
uT1KXpqZ15sLcNvLbyg5fQ,Customer_2217,2013-06-05 20:21:19,5.0,,Downtown,Village Whiskey,10.85,4.34,40.0,4,18-25,Male,Other
dSrA4BSbUaF5gjt2UErsEQ,Customer_2113,2015-06-21 03:00:20,4.0,"My brother and I ate here to celebrate my college graduation and I must say I was very satisfied. Great vibes in the restaurant, our waiter was outstanding, and the food was delish.",Downtown,Village Whiskey,60.41,9.3,15.4,2,18-25,Female,
VEBXqpv7oyraXCUrDPxFJA,Customer_8916,2011-05-29 10:20:51,2.0,"We arrived here late Saturday night for dinner.  Although we were done drinking for the night, we were in the mood for an excellent burger and Village Whiskey came highly recommended.  There was a half hour wait for a table, and there were no seats at the bar, but a party of five didn't show up, so we were seated within a couple of minutes.  We each ordered a Village Burger medium rare with cheddar, and the boyfriend piled on bacon as well, with a side of duck fat fries and a chocolate shake.  

Hungry as we were, the entire meal (except the pickle) was an utter let-down.  The burgers were more watery than juicy and overly seasoned and the fries were also incredibly salty as well as burnt.  The boyfriend's chocolate shake was served in a cocktail glass and tasted like cocoa, that is to say, not right, and utterly disappointing.  Between us we couldn't finish a drink served in a mojito-sized tumbler.  Although our server passed by frequently to refill our water glasses, we were never asked if everything was all right, not even when presented with the check.

Maybe we just came on an off night, but I really can't picture myself coming back here.  Sad, because the decor kicks ass, and the cocktails were tantalizing.",Downtown,Village Whiskey,42.24,10.38,24.6,2,18-25,Male,Other
bvQzCebr8DKA0x0NLsxZfQ,Customer_5501,2012-08-19 20:15:42,3.0,"Good sized burger with a big patty of meat, but can't say it's the best burger in town.  We also had the veggie burger- definitely would not get that again...too dry.  We came for lunch on Sunday, and there was no wait.  If we were in the neighborhood again we would eat here again, but a place I would not crave to come.",Downtown,Village Whiskey,10.41,1.21,11.6,3,36-45,Male,Other
jaGDbDH7FjUTaKIJCcb3Qg,Customer_3937,2011-09-30 19:24:10,5.0,,Downtown,Village Whiskey,60.12,5.55,9.2,5,18-25,,African American
eaVTItqxv6WZz-tZHGHi8Q,Customer_5135,2014-01-19 21:58:02,4.0,"Overall, a cool but classy place for drinks. The menu is beautiful - so many options, and definitely not just limited to whiskey, so there is something for everyone. The bartenders were decently attentive, and drinks were tasty (we tried everything from the Old Fashion and One Legged Man to some of the fruitier drinks). We didn't sample any of the food since we were all heading out to dinner afterwards, but everything going by us appeared to be good, and smelled delicious! Only complaints involve the crowded nature of the bar / seating layout, where we were constantly being bumped into by waiters trying to serve food. Overall, seating is somewhat limited but in true Garces fashion, the place is usually pretty full. There also didn't appear to be any sort of happy hour...if you expect prices to be high, there won't be any surprises. Will be back to sample more of the drink menu!",Downtown,Village Whiskey,19.04,2.91,15.3,4,36-45,Prefer not to say,Hispanic
tKql-TYum_9GAt83vULyxA,Customer_4984,2011-04-29 01:44:28,5.0,"First of all, let me say this: Go early. Go on a weekday. Be prepared to get cozy with the others who've come early on a weekday.

From there, I'll talk a little about my meal in particular. We went for my birthday, as I've been reading and salivating over the menu for a while. I got the Ginger Rogers (diiiivine, spicy and not too sweet, just the way I like my gin drinks) and we started with the deviled eggs, which were clean and had a tart, almost mustard-y tang to them. Well worth it.

Skipping ahead to dessert: the smores milkshake is topped with a lovely caramelized HOMEMADE marshmallow, and, if you've never had a homemade marshmallow, well, go ahead and see what you're missing. You'll never go back to those storebought stale cylinders. 

The pulled pork is yummy, though not the best I've ever had. And I've got a little secret for you, though: it comes with a side of fried dill pickle chips. I'll say that again: Fried. Dill. Pickle. Chips. Here's where the secret comes in: you can order these as a side, though it doesn't say so anywhere on the menu. Our waitress tipped us off, saying she eats them all through her late night shifts. A ringing endorsement if ever I heard one.

Oh yeah, and the fries. With cheese sauce and shortribs. It's absurd, but it works.",Downtown,Village Whiskey,30.52,0.0,0.0,2,36-45,Male,Caucasian
u0PiKq6BjyANu4uamaDAmw,Customer_8798,2017-07-19 16:23:36,4.0,"We stopped here a half hour before closing (oops!) and the still treated us with the best service ever, as we were in town from Buffalo.  The cocktails are wonderful land the server was so friendly and chatty!  The burger though...I couldn't get enough!  The ambiance was delightful, too and I absolutely would love to come back when I have more time.  Seems like a perfect place to take a date. The nachos was particularly good.",Downtown,Village Whiskey,26.47,4.96,18.8,2,18-25,Female,Hispanic
BcvWdkCeHjztctsxBWkNMw,Customer_6427,2012-11-11 15:38:24,4.0,"This review is based solely on food.  I'm Mormon, and Mormons don't drink (theoretically). But let me fill you in on a little secret-- not drinking means you indulge in food that much more because really, it's all you have to cling to. 

Village burger, duck fat frites WITH cheese sauce.  Pickled beets with ricotta and olive tapenade. Perfect in their simplicity, each and every item.

Service sucks but I liked the food so much I don't really care. It's the size of a tuna can in this place and it's a bar so I wasn't expecting super attentive service, but it was borderline obnoxious.  Perhaps when you aren't tossing back drinks and racking up your tab the server isn't too pleased you're taking up a table? I can understand.  I'm guessing on the weekends it's out of control, but on a weeknight it was tolerable and we didn't have to wait for a table.",Downtown,Village Whiskey,73.44,15.69,21.4,2,,Male,Caucasian
BJ_PKy-5Ddsk2RlIP92A4Q,Customer_8790,2009-10-23 14:14:08,5.0,"Nothing like setting the night off proper. In the adult sense of course. A few of us got together for a nice cultural evening at the opera and decided to do dinner beforehand. We decided on Village Whiskey as we are all seasoned whiskey sippers. I've heard the restaurant was good but man... Now, I won't call it a proper restaurant, nor will I call it a pub, but I will call it a great idea that has been executed with style, class, and gusto. It's a small spot a little wider than a narrow bar with some booths and some tables. Simple, clean, and it has elements of both new and old... But enough about that... On to the food.

When looking at the menu you almost think to yourself, hrmmm, this is a small menu. And you're right it is small. But the food isn't really the point, the whiskey is. Anyway, this small menu packs a pretty big punch. Since there were 4 of us we ordered a few things and shared. We had the deviled eggs, which would've made your Mennonite grandmother proud, the tater tots which were crunchy on the outside and buttery smooth on the inside, pickled artichokes with some toasted bread and the fried cheese puffs which hot damn... I want a platter next time. We all dug right in and were immediately impressed. The prices on these apps were incredible too. $3 each for most of these at a Garces restaurant??!? What!?! Sweet!

The whiskey. The menu was HUGE! Our server was knowledgeable and if we had questions about a particular whiskey she was happy to give a brief synopsis. The specialty drink menu was also a force to be reckoned with. I had an ""Old Fashioned"" that would have made my father proud. My buddy Mike had the APA which consists of a few awesome ingredients like hops infused vodka and egg whites. Sounds strange but tastes amazing. 

The main course - Because whiskey isn't dinner. I had the Village Burger. I am going to go ahead and rank this burger up there with some of the best burgers in the city. I ordered it medium and it came medium. Check! I topped it with bacon, gruyere cheese, and caramelized onions. The flavor of the fresh grass fed beef was incredible. My wife had the pulled pork and that too was incredible. The pork was nice and tender, juicy, and flavor packed. We split a side of the duck fat fries with the cheese sauce too. These fries are to die for.

In the end we left fat and happy. The awesome whiskey list had us buzzing and the great eats left us jolly. We waddled our way over to the opera and had a great night. 

Village whiskey gets the win.",Downtown,Village Whiskey,27.23,4.65,17.1,8,18-25,Non-binary,Caucasian
9u0LjPfVWo1Hm95C8s435g,Customer_1256,2010-01-26 02:23:55,5.0,"Absolutely love this place.

Whiskey / Bourbon, Beer and Classic Cocktail selections are excellent.

This place is cheap, fantastic pub food. A limited menu, but everything I've had on it is basically perfect.

The Village Burger is, huge, juicy, and one of the best burgers in town, and the BBQ pork sandwich is fantastic.

I also highly recommend the Deviled Eggs.

Wish they took reservations, b/c the place is small and the wait is usually extremely long. Fortunately I live close by :)",Downtown,Village Whiskey,13.13,5.25,40.0,2,26-35,Prefer not to say,Hispanic
DdkqvmC9Ivfz5QMpZndiPw,Customer_7375,2012-08-16 21:46:21,2.0,"Love Garces.  Love the burger.  Love the drink selections, both spirits and beer.


Bad:
We were on time, however, the reservation was not held.  We were trumped for a 4-some that was early for their 9pm seat.
LONGEST. WAIT. EVER. for service
2 of 6 raw oysters were bad.  That's poor.

Perhaps it's the service and some care that's slipping, I hope it rebounds next time because I have had better experiences.  There and elsewhere.",Downtown,Village Whiskey,26.29,4.99,19.0,2,56-65,Non-binary,Other
wasbvIcwXQjiQ80DOpWu3A,Customer_3292,2012-08-19 13:37:56,4.0,,Downtown,Village Whiskey,15.33,4.3,28.0,4,65+,Male,Mixed
-xM8cH4AeVzgTJBQHlxfUQ,Customer_2245,2014-11-30 01:55:57,5.0,"Picked up takeout from Village Whiskey (so I can't review the actual restaurant). The Whiskey Burger is pricy ($26) but is amazing if you're ok with a greasier burger. Super tender, the bacon is awesome and it's pretty big. If you can get past the price then highly recommend it. The Duck Fat fries are also rich and delicious.",Downtown,Village Whiskey,35.79,6.9,19.3,3,,,Other
j_5iGojHPKwU3MA02aFSzQ,Customer_6347,2016-05-19 07:56:15,3.0,,Downtown,Village Whiskey,40.86,5.3,13.0,5,36-45,Prefer not to say,
pT06OScJD9iP36Vrc74TMg,Customer_7150,2011-12-04 17:35:13,4.0,"A great selection of beer and - you guessed it - whiskey.  Their burgers lived up to the recommendations of everyone I knew.  It's a little pricey for what it is, and seating can be a bit awkward depending on where you are.  

I'd certainly go back there again, and would recommend the place to others.",Downtown,Village Whiskey,32.27,2.84,8.8,2,65+,,Other
Cd_56M1mMp0ZowhPuj_CBA,Customer_5037,2013-06-08 02:12:20,4.0,"What a fantastic burger! I don't remember being very impressed by the whiskey selection, which was off at a place named after whiskey! But a friend and I sat at the bar and had a really great burger.",Downtown,Village Whiskey,13.19,2.14,16.3,3,18-25,Non-binary,African American
gxpxL8BX5bP2s88AWEhPaw,Customer_3527,2015-07-05 20:11:38,4.0,"If you love whiskey, you have to go here.  The whiskey list is fantastic, and they even have my favorite (Rittenhouse Rye) which can be hard to find.  The burgers are good, but they are difficult to eat.  The burger is thick but small and the bun is large.  I wish they would fix the bun to burger ratio, but the burgers do taste fantastic which makes me willing to put up with the weird ratio.  The duck fat fries are good, especially with the short ribs.  Overall, this is one of my favorite restaurants in Philadelphia.",Downtown,Village Whiskey,27.61,4.13,14.9,2,36-45,Non-binary,Hispanic
qv5uq0G_6OO-nn3pA9G8yA,Customer_8286,2011-01-11 15:13:49,5.0,"I'm giving Village Whiskey five stars because you know what?  It's a damn good burger.  And they don't mess around with anything else.

It's my center city roadside diner.  Stop in for a quick lunch at the bar - chew your burger, read the paper, move on.",Downtown,Village Whiskey,12.37,3.06,24.7,2,36-45,Male,African American
DdYs_vAvtVj4SGSRkYdCbQ,Customer_9395,2010-07-14 12:05:57,4.0,"Their drink menu is pretty neat, and I'm not even a whiskey fan. (Thanks, that one night at college.) I'd been looking for a place with Franklin-level cocktails, and for some reason always forget Apothecary exists. Try the punch-y one, the mixed one. You wont regret till at least three in. 

As for the food, it's pretty good. A little more concept than flavor for a Garces joint, but it's like comparing Jesus' left foot stigmata to his right arm one -- they're both...um, awesome, if you're into that thing. OK, the metaphor was supposed to hint that they're both part of Jesus, so yum, really. The burger I've heard so much about, though: I prefer Sabrina's. 

The place itself is hip-ass inside, and the outdoor seating is awesome, when the servers feel like serving you there, albeit. But the marble and the booths: pretty damn cool for a romantic late-night drink when The Franklin is packed out the wazoo, fo sho.",Downtown,Village Whiskey,16.07,2.13,13.3,3,18-25,Male,Mixed
SoYWh6Ps92GO3OBSI5u5Cg,Customer_6315,2009-10-14 02:13:52,4.0,"I went here for happy hour a few weeks ago, and as I was disappointed that there was no ""happy hour"" I was not disappointed in  my experience in village whiskey. The drinks were fantastic- great exotic combinations. The veggie burger was probably the best I have ever consumed. I have been here several times when I cannot even get in for a seat, so be prepared. The drinks are small and expensive but delicious, but hte food is reasonably priced. I will definitely be back!",Downtown,Village Whiskey,93.23,17.23,18.5,2,18-25,Non-binary,Other
A8YuBk1v1zkrRsRAoB-0yA,Customer_4977,2016-09-06 19:39:54,4.0,Visited Village Whiskey for the first time this weekend finishing out our weekend stay in Rittenhouse. The burgers were phenomenal!!! We also had the duck fat fries but we weren't fans. I had heard about these prior to our visit and was surprised that we didn't like them.  They arrived hot and were a substantial size order so I wouldn't fault the restaurant for us not liking them - I saw many other patrons appearing to enjoy these. I didn't expect the place to be so small but I would have known that had I looked at the website before my visit. I have to give them credit for being very transparent about the size and type of place on their website. It's cute and quaint and I will definitely be back the Village Burger! The nachos was particularly good.,Downtown,Village Whiskey,27.34,4.13,15.1,2,26-35,Prefer not to say,African American
3cq6qM96Tztwa1jEjzov9g,Customer_3390,2014-11-13 18:49:09,4.0,The burgers here live up to the hype. They are delicious and so are the short rib french fries.. These things are amazing. The only downfall is the size of the restaurant which results in a 45+ min wait.. Can be up to a 2 hour wait on a Friday or Saturday night but it is still worth the wait.. Just put your name down and take a stroll through Philly or go to the irish pub down the street and grab a drink. they will shoot you a text message when your table is ready!,Downtown,Village Whiskey,26.57,2.54,9.6,4,46-55,Non-binary,Other
tEPR1ix8w8HGmv8nbNf0fQ,Customer_6916,2012-04-03 17:29:50,4.0,"A friend brought me here while I was in town. We were originally going to go to Monks, but with the lack of parking, we happened to fall upon this place- am I am glad we had!

I was intending to get a quick bite, but ended up sharing a burger and an order of duck fat fries with the cheddar sauce. YUM.

The burger was very fresh and delicious and the fries were also great. I wish it had more of a duck fat flavor but that's just because i love duck fat and wouldn't mind drowning in it.

The place itself is very small and very crowded, but good thing we were able to grab a counter space! Make sure to ask when you get there if you can sit at the counter- because those seats might be free.

I didn't get the Whiskey King burger, but being a foie gras fan, I so wish I had- I will definitely return and get it next time!

A great (but tiny) place that is very rowdy and loud- but the food is deliciously fattening!",Downtown,Village Whiskey,40.95,7.3,17.8,3,26-35,Prefer not to say,Asian
WaEVgrEQqY0xJortRcPMhg,Customer_7483,2016-10-01 03:50:35,5.0,"First time in Philly and after debating whether to eat at Devon's or Rouge, we decided to take the underdog, aka Whiskey Village, and Boy are we glad we did.
Starters: 
The deviled eggs were just as good as the ones Mom makes for thanksgiving. wonderful presentation too. I actually didn't want to sip my water for fear of losing the taste in my mouth.
The fried pickles were delicious and crispy. not soggy at all. perfectly done.
Mains: 
The village burger was PERFECT. Juicy, thick, good temp. just Perfect. It's so hard to find a burger like this in New York.
The Pork Sammy was just as fine quality as your ""Dino BBQ"" or your Nyc BBQ scene. Fresh and we'll flavored pork that wasn't the least bit dry at all. Very well done.
Sides:
Duck fat fries with cheese sauce.......    YAAAAAAAAAAAAS!!!!!
Dessert:
Vanilla Bourbon shake had the perfect thickness to it, but you can still taste the Makers. Simply wonderful.
Alcohol:
The punch was as good as it sounded. No one flavor surpassed the other. a perfect balance.
The commodore had a nice kick with a citrusy flavor. Goes  hand on hand with the shake.
The overall selection of booze is as wide as the the bar itself. More whiskey choices than we've seen in a long time.
Staff: Kenny and Valerie were knowledgeable and attentive. Always checking on us and always there to service plates or answer questions. Fantastic bartenders on a busy Friday night.
Overall: Will come back again. If you're visiting The city of brotherly love, you CANNOT skip this little piece of wonderment. Excellent job Whiskey Village. Keep it up. We'll be back to check on you.",Downtown,Village Whiskey,60.6,6.19,10.2,4,56-65,Prefer not to say,Mixed
5ZQIQ4P3ZJXfE1rliKzD8A,Customer_3230,2016-08-27 17:07:13,4.0,The space is very cool! I ordered the loaded fries with short rib and it was delicious! The short rib just melted in your mouth!,Downtown,Village Whiskey,20.46,4.33,21.2,2,56-65,Female,
t4b5oUmC15yR1KPaUUhhmw,Customer_6228,2011-08-30 05:24:03,5.0,"Damn you, Village Whiskey... now no burger anywhere will EVER taste as good!! This place carries the MOTHER of all gourmet burgers.

The pickled goods make a great appetizer and they come in fancy little jars with some perfectly toasted slices of sourdough bread. 

If you come, you just have to get the Village King burger... yes, it's a $26 burger but it comes with foie gras and what is probably crack because it is so damn good. It was so huge that I had to take a moment to figure out how to fit it in my mouth (that's what she said). We were all so stuffed that we couldn't finish the one order of fries that we shared. 

So juicy, so flavorful, so pure, and so perfect.

They have a nice little selection of craft beers (and whiskey, of course) to go nicely with the food. 

The inside of this place is quite small - you're probably better off getting a seat outside while the weather is nice to avoid a long wait.",Downtown,Village Whiskey,40.66,3.73,9.2,1,65+,Prefer not to say,Asian
w8wO7KWVbx3MLWZ5Q7qkMw,Customer_6980,2015-04-05 21:42:25,5.0,"Ya'll, this is the real deal. You gotta love a restaurant that has an assortment of pickles on the menu. We had truffled cauliflower pickles that came with tapenade, whipped ricotta, and delicious crostini. Yum. We started with a signature drink, the Commodore, which was smooth and delicious. We were in luck cause the burger of the month was a Kimchi Burger and we are huge Kimchi fans. This burger will go down in the annals of delicious concoctions and my only complaint is that it may not be available next time we stop in. The dessert was particularly good.",Downtown,Village Whiskey,44.3,7.81,17.6,2,56-65,Female,African American
s4dIzoblH3dmAgDc_2s-zw,Customer_8563,2015-07-08 00:35:01,1.0,"One star for the for two reasons: whisky prices and a waste of good foie gras.
From the low end whiskey to the high end scotch, everything is overpriced. $10 for jack daniels? $28 for a nectar d'or?
Then they mix foie gras with blue cheese on the whiskey king. It would take a far more delicate palate than mine to differentiate the delicate taste of the buttery foie gras against the sharp pungent flavor of the Bleu cheese. I had to deconstruct my burger to properly enjoy it after the first bite.",Downtown,Village Whiskey,34.1,0.0,0.0,2,46-55,Non-binary,Hispanic
1daMFqgPU6DuH9jAwE11Dg,Customer_7703,2016-01-31 21:55:54,3.0,,Downtown,Village Whiskey,30.23,6.37,21.1,4,26-35,Non-binary,Asian
Fyzisjqkvi8GA5jg55B0vQ,Customer_7176,2014-09-26 22:13:27,3.0,"So I came here pretty darn excited to come here being that the restarurant combines two of my most favorite things in the world...whiskey and burgers. I couldn't wait to try the Village Burger being that I've heard it's one of the best in Philly.

When my friend and I got there around 7:30pm we were told that there would be at least a 30 minute wait to eat inside but that we could eat at the full-service bar or outside. It was a Monday, and either way it didn't bother us as the evening was nice and I always enjoy a good outdoor meal.

Once seated we both couldn't get over how uncomfortable our waitress seemed. It might've been the case that she was new and getting the hang of things on what was supposed to be a slow Monday night, but regardless it was all too noticeable how awkward she seemed when taking our order and performing other tasks like cleaning our plates/refilling drinks. I ordered whiskey and my friend got beer, and she asked us what we wanted to drink next when we were both clearly barely halfway through our drinks. She also felt the need to pour us water in our glasses when they were definitely still 3/4 or more of the way filled. I just didn't see all that as necessary and it detracted from the experience.

The burger itself was delicious I will say, but overpriced. I'm not in any rush to come back here for a burger to be sure. Each topping outside of lettuce is at least $2 extra or more. So the price of a medium-sized burger easily balloons to about $18...and that doesn't even include the $5 Duck Fat fries that any diner would typically want as well.

I would say that the hype was a little extreme on this place for me and I know of other places in Philly that serve a solid burger without all the extra frill. The wine was particularly good.",Downtown,Village Whiskey,47.56,11.09,23.3,4,56-65,Prefer not to say,Other
OhVYCSDp2u9mehktbrjT7A,Customer_7853,2015-12-20 19:48:56,1.0,"The service was uninviting and made my group feel unwanted.  When we arrived it was towards the end of the brunch on Sunday.  The host was not friendly and gave the feeling of us being a burden to them. Once pointed to self seating and having a seat, the waitress brought waters but we were left without menus.  I went to the front to inquire about menus but the waitress has jumped in front of me after over hearing my wife ask me about the menus.  I apologized and told her we didn't know if we were suppose to get our own menus or if they would be brought to us.  She just stared not indicating anything.  I just walked back to our seats with her where she handed us the manus and then walked away again not saying anything.  After sitting for a few minutes my wife and I didn't know if we were suppose to order at the bar or with the waitress and at this point I was annoyed with the service and decided we should just leave.  I will never go here again!",Downtown,Village Whiskey,24.14,2.34,9.7,2,,Non-binary,Hispanic
QOAPpacEqfDxfyKggkE8tw,Customer_6816,2015-06-08 18:29:44,5.0,Gosh.... I still just love this place.. I moved away but my burger buds remained with whiskey village.. The ribeye was particularly good.,Downtown,Village Whiskey,37.64,7.03,18.7,1,56-65,Male,Other
f3Ic5pTijdK59Xx1rQw9tw,Customer_6432,2010-05-19 12:30:11,4.0,,Downtown,Village Whiskey,14.56,5.1,35.0,5,18-25,Male,Hispanic
8KVnwNAcjqy0tA9zyVsaGw,Customer_9499,2014-05-14 14:08:31,4.0,"Big fan of Jose Garces. The burgers, beer/cocktails and duck fat fries are great here! Not a big fan of cocktails, but they offer a unique (and strong) drink menu and have always been happy with my selection.",Downtown,Village Whiskey,42.33,10.01,23.6,4,65+,,Asian
pVIPBf3vKO4_JizsA9v55Q,Customer_9199,2010-11-23 00:11:47,4.0,"Awesome food.  Over-priced (especially the alcohol).  Ridiculous wait times on the weekends.

Four of us (foolishly) attempted to get into Village Whiskey on a Friday night and the wait was two hours.  I'm sorry, but I won't wait two hours for a table in any restaurant in a city with so much great food.  I would suggest trying a weeknight or lunch as they seemed to be much more reasonable. Two of us tried again on a Wednesday night and had to wait about 40mins.  We ducked around the corner to Rum Bar for a drink while we waited, so not a huge inconvenience.

Before I say anything else - the food was super delicious, there is no question about that.  My burger was cooked perfectly; juicy, flavorful, meat heaven.  We got the duck fat fries with cheese sauce and so should you.  Cheese puffs were good, but not as good as our other choices.

My biggest beef (ha) with this place is the prices.  $11 for a burger isn't expensive, but it only comes with lettuce and thousand island dressing.  All of the extra toppings, including cheese, are $1.50-$5.50.  Whoa.  On the other side of that, the whiskey menu is even worse.  $10 for two ounces of regular Jameson?  I can go buy a whole bottle for $30.  We each had a cocktail and a beer, but I couldn't justify getting any WHISKEY at Village WHISKEY.  This made me sad.  As an Irish girl, I love whiskey, and looking at that untouchable, glorious menu of brown ambrosia hurt my heart.

Note: I will admit that I am spoiled by living in South Philly.  There are so many great restaurants and bars to choose from and everything is much cheaper.  I know that Center City prices need to be higher because of high overhead costs, but in this case, I think Garces is pushing it.
ALTERNATIVE: For an equally AWESOME (and cheaper) burger, head to one of my faves, Royal Tavern on Passyunk Ave.

Bottom line:  It's worth going, just keep the above in mind.  I would go again, but only on a night when my wallet needed to purge. The ribeye was particularly good.",Downtown,Village Whiskey,24.01,5.45,22.7,1,18-25,Prefer not to say,Hispanic
Hf3zhv26ooagGUB1BC5BaQ,Customer_2406,2014-07-14 14:21:39,5.0,"To start we had amazingly crafted drinks.  Along with their plate of pickled beets. It was fantastic.  That being said it didn't hold a flame to the fantastic burger, so good.  I got the pork sandwich but ended up eating a lot my boyfriends burger.  Best burger, drink, and fried pickles I have ever had.  The atmosphere and service was a delight as well. I highly recommend.   

The only con was the deviled eggs but they are such a small item it wasn't a big deal.",Downtown,Village Whiskey,19.31,2.12,11.0,1,65+,Female,Mixed
pyN-_GuAILDoW6-jYrufxA,Customer_4389,2018-05-12 16:51:58,4.0,"Eggcellent. Worth 4.5 when it's not packed. Watch out for the special drinks list, that is unless you plan on a short night and no drive home.",Downtown,Village Whiskey,32.12,6.14,19.1,2,36-45,Prefer not to say,Hispanic
zW2SFvQNPrJIoaqJHqRneQ,Customer_6225,2013-08-04 19:06:48,5.0,"Woah! This place ROCKS! 

I stopped here for a late lunch with my partner while visiting Philly. We are huge burger fanatics so if you aren't into burgers then just come for the drinks as these burgers can be pricy especially with the add ons. I actually went overboard with the additions and found it to be too much. My partners simple burger with cheese ended up being perfect and tasty. 

I enjoyed a Mint Julep (was just in the mood for one) but can say that if you are a whiskey drinker, there are soooo many options. 

This place is a must for whiskey lovers!",Downtown,Village Whiskey,19.68,3.29,16.7,2,18-25,Male,Caucasian
plxfnQkn-QJvTTQQL8GYMw,Customer_2791,2011-11-03 16:50:49,3.0,,Downtown,Village Whiskey,26.75,6.75,25.2,2,26-35,Female,African American
xImBZYIaO7ZCiR6B0kiUYg,Customer_8570,2016-11-21 23:28:38,5.0,It was crowded and a small place but they had AMAZING burgers! The food was wonderful! Best burger I had by far! The drinks were good too! The wine was particularly good.,Downtown,Village Whiskey,27.58,6.16,22.3,3,46-55,Female,African American
i6EoF0KGgfBoQa4wxpEu3Q,Customer_1478,2016-02-13 21:07:26,4.0,"Small, packed venue but the burger was delicious.  I think the duck fat fries could have used some special dipping sauce though. Great selection of whiskeys and you can try a bunch with their flight",Downtown,Village Whiskey,28.8,5.3,18.4,5,26-35,Prefer not to say,Other
u7YWFfJuK7lNiQdOB7ocXg,Customer_4371,2016-07-16 22:12:32,5.0,Great place for Saturday brunch! I had the shrimp and grits with egg and it was delicious. Cocktails were great and the service was excellent!,Downtown,Village Whiskey,42.59,10.27,24.1,2,65+,Male,Hispanic
uTHZnLYjESdY9mlkSu8RHQ,Customer_9796,2012-01-08 22:48:34,5.0,,Downtown,Village Whiskey,17.76,5.24,29.5,4,36-45,Female,
rGl9_vQ5J_pvKHGkCkXp5w,Customer_9019,2018-04-17 22:50:26,4.0,"Went Monday for lunch with the family. We went to the Village Whiskey when it was in AC and enjoyed it. The Philly location is very small, just a few tables but just as good. Great burgers and awesome fries. Worth the extra money, though the lunch special was fairly reasonable. Village Whiskey does not disappoint!",Downtown,Village Whiskey,20.85,2.0,9.6,3,65+,Non-binary,Other
c8FPYYRFu3y7IoW-tiILQA,Customer_6700,2010-08-30 04:04:40,3.0,"I like their bar drinks (sitting at the bar watching the mixologist is a lot of fun) and of course the $11 Village Burger (super juicy and tasty) and duck fat fries (although I could never get through the whole batch alone because they are super heavy).  The bbq pork sandwich is ok.  My main complaints are that the sesame bun is too soft, the chunks of pork are too big (and they aren't really juicy like what you'd expect pulled pork to be), the sauce is too sweet, and there isn't enough coleslaw (only a mouthful is placed on top of the meat, booooo).  We have tried the raw bar here too which is just ok as well.

However, I take off a star for how horrible of an experience it is just to get a seat each time I have come here for dinner whether it's closer to 5 or closer to 9pm (I didn't have to wait for lunch for 2 at 3:15pm, but for some reason the hostess still could not seat us promptly and seemed pretty confused at the prospect of seating us).  The dinnertime hostess SUCKS.  She either doesn't know what it means to be a hostess or hates her job and refuses to do it.  They always tell you some absurd wait time if you keep pushing since they're so vague and work so slowly (1 hr 45 min is a common number they use)--is this a strategy to deter people from bombarding this place?  One saving grace is that they'll take your number and will call you once your table is ready (which never takes as long as they claim).  I also think the seating arrangement sucks because there are a few booths that are quite nice if you have a big group (more than 4 ppl) but the tables are round so sharing food becomes difficult.  Otherwise, you are left staring at another couple throughout your meal.  There are plenty of bar seats which are always filled and then there is this weird back area that is just a shafted space. (And why is there this counter that runs all the way to the back of the restaurant that takes up space but serves no purpose? You can't stand there with your drink because the wait staff, hostess and customers going to the bathroom would constantly make you move).  I've never sat outside but it looks like a decent area.

Our servers were a bit slow but overall, friendly.  I would definitely not come back here for dinner--too much hassle!",Downtown,Village Whiskey,10.38,1.65,15.9,2,46-55,,African American
HyAVPkBusHgJHWkoYW9crQ,Customer_5873,2015-03-20 01:39:03,5.0,,Downtown,Village Whiskey,21.71,8.69,40.0,2,18-25,Female,Mixed
qeAItYy6_jOpFfSDnBAgHA,Customer_7116,2014-07-02 01:53:20,4.0,"I came. I waited 45 minutes for a table. I conquered a delicious burger. 

Like a popular night club with a long line outside, Village Whisky will always have a wait to pull up to their tables. Similar to the night club, you finally get in, you get your first drink (a pimms cup perhaps?) and a beautiful beauty (read: whiskey burger) catches your eye. You examine it from a far, gather some more courage (drink #2 or 3) and finally ask someone about her. She comes over, you lean in and you're hit with pure euphoria and curiosity. The lights come on and she's all gone. And you're left feeling exhausted yet satisfied and ready to tell everyone about what happened. 

Village whiskey burgers are everything you'll read on here. They're great, worth the wait, and something you'll continue to talk about after you leave. 

The service leaves something to be desired, but luckily the meal makes up for it. The chicken was particularly good.",Downtown,Village Whiskey,15.13,2.14,14.2,1,56-65,Prefer not to say,Other
PScfrZTFq651Nm_FB1R08g,Customer_7931,2015-06-11 17:02:01,4.0,"Our visit started out shaky. We were seated and forgotten. When I flagged the waiter to let him know, verything turned around. The waiter apologized and took our drink order. We ordered 2 glasses of house red. For dinner we ordered the village burger (rare) and the Cobb salad. The burger was incredible. Not sure how a simple burger could be that good. It melted in my mouth. According to my wife the Cobb salad was excellent. The best part of the evening and what made me want to acknowledge Village Whiskey was what the waiter did at the end. He brought our check, once again apologized for waiting on other customers who had come in after us while we received no attention and then told us to make up for the slight he had removed the charge for our wine. This was unsolicited by us and most appropriated. It seems to be the rare occasion when a restaurant does the right thing and whiteout having to even ask.",Downtown,Village Whiskey,9.51,1.14,12.0,3,65+,,African American
cRzA6wPVu1Q29aEhWqf1vw,Customer_3298,2011-08-02 22:45:51,5.0,"I have to concur with Rob Y.  Today, I had THE BEST BURGER OF MY LIFE! I am still three days later dreaming of the Village King. 8 ounces of perfectly cooked juiciness, maple glazed chipolini onions, lettuce garden tomato and topped with blue cheese and a modicum of foie gras on a soft brioche roll. 
  As amazing as the burger was the truffled cauliflower pickles with ricotta, and olive tapande. This place is micro in seating and macro on experience. The duck fat fries were good but the aura from the burger was so blinding, it obscured anything near the plate. 
    I had to return to the next day to try to cocktails, including the Ginger Rodger and the Malaysia Punch. Awesome, right out of the classic days of cocktails. 
  I bow down to you Chef Jose Garcis, you are my new idol and are indeed an iron Chef!",Downtown,Village Whiskey,40.9,6.92,16.9,5,,Prefer not to say,Caucasian
V-qQnO_UTLnWHGAsq9NSPQ,Customer_1157,2013-12-08 17:28:10,3.0,,Downtown,Village Whiskey,79.34,11.65,14.7,2,26-35,Prefer not to say,
25mchfA4Wr5V5G1YEAvegQ,Customer_8272,2013-09-07 13:45:47,4.0,"The Fish House Punch is back on the drink menu...ahhh...always a good place to grab a drink, a burger, or chill.",Downtown,Village Whiskey,27.17,5.56,20.5,3,18-25,,Caucasian
-X-RUh8n-GO7llo3wPyb7Q,Customer_4613,2011-02-13 17:40:52,4.0,,Downtown,Village Whiskey,11.4,2.09,18.4,2,36-45,Female,Native American
O3hIqjdXCr0QO06TmpRoDQ,Customer_9115,2013-06-24 17:34:03,4.0,Watermelon pickles were amazing and the wedge was done well with great ranch dressing and juicy plump partly sun dried tomatoes,Downtown,Village Whiskey,18.31,2.79,15.2,4,18-25,,Hispanic
EBMx4ymnknZLnNIAvh-LSA,Customer_7010,2010-03-23 19:43:12,4.0,"Best ice cubes I've ever seen. Yes, it's tight, but it's not a dealbreaker.

The amount of effort put into each drink is equivalent to a mixology talent show. And they usually make for a nice beverage, to boot.

Burger = delicious. That's all I got.",Downtown,Village Whiskey,19.51,3.35,17.2,6,,Male,
yJMcUVNZoT7W57UV4wCTyQ,Customer_2677,2012-12-10 20:47:55,5.0,"When I went to Village Whiskey, I died and went to hamburger heaven!

We started with the pickled tomatoes, fried shrimp and the most amazing tater tots I have ever had. The tots are actually ""homemade"" versus that same tot shape you have seen since you first had tots in the school cafeteria. The sauce they come with is also addictive.

After all the appetizers, my fiance and I shared the mammoth burger. We got it with caramelized onions and long hots, which are these delicious peppers with a kick. The burger came with lettuce, tomato and an incredible thousand island sauce. It was cooked to perfection and ridiculously juicy. I can't stop thinking about it...

In addition to amazing food, Village Whiskey has great service. They comped my bloody mary and our fries because the food took a little too long to come out. This was their opinion, we didn't even complain.

I will be back to Village Whiskey ASAP.",Downtown,Village Whiskey,50.86,7.7,15.1,3,65+,Female,Native American
sx1vQoIeBdKUF0EYFQLWWQ,Customer_1528,2011-06-03 19:39:27,5.0,,Downtown,Village Whiskey,29.69,4.78,16.1,2,36-45,Male,
w8wO7KWVbx3MLWZ5Q7qkMw,Customer_2923,2015-04-05 21:42:25,5.0,,Downtown,Village Whiskey,27.67,2.88,10.4,3,26-35,Female,Mixed
yxLjeOPj_uaVDQUUesbbCg,Customer_8015,2011-08-03 11:44:59,2.0,,Downtown,Village Whiskey,16.43,3.09,18.8,4,26-35,Female,Asian
8pbnletp3p_JCEMoX7hu3g,Customer_6747,2015-01-19 03:30:31,3.0,,Downtown,Village Whiskey,18.4,2.96,16.1,4,56-65,,African American
90On7WSXbVlhqxgnbk2xQw,Customer_5740,2015-08-03 05:02:37,5.0,"The whiskey burger here definitely topped my list of best burgers I've ever had (& being from LA I've had a lot of great ones) 
My boyfriend got the village burger and he loved it as well. Great outdoor seating and drink selection too!",Downtown,Village Whiskey,32.81,7.68,23.4,3,,,Hispanic
-X-RUh8n-GO7llo3wPyb7Q,Customer_7743,2011-02-13 17:40:52,4.0,"Nestled on the corner of 20th and Chestnut, it looks bigger than what you'll discover inside. A tight-knit community of tables, all filled, whether reservations can be made or not, saddled around a long bar, and some standing room to place your beer and food, if standing is fine. 

Wander in at 6:00 on a Saturday, and are told its a 2 hour wait for a table. Bar is a much better option. Was able to grab a seat at the bar as soon as we got in. 

Bartenders are friendly. The wall of whiskey (or whisky) behind the bar is quite impressive. 

Food is quite delicious. Village burger with sauteed onions and blue cheese is quite the tasty treat. Burger is cooked a shade under what you request, which for medium, a bit redder is fine by me. The wife got a pulled pork sandwich, and salivated over every bite. A side order of duck fat fries in a cheese sauce compliments the meal well. 

Pricing is surprisingly reasonable. Definitely on the list as a repeat place to go.",Downtown,Village Whiskey,22.88,8.01,35.0,2,,Female,African American
-tZgVl1efVRFfZiaChUgWg,Customer_5055,2013-03-27 04:47:56,4.0,Best truffle fries ever. Their jalapeño hot lips drink is great too. They gave us a free round of drinks because we had to wait even with a reservation.,Downtown,Village Whiskey,16.77,3.76,22.4,2,65+,Prefer not to say,
EulQ3P2sA-kasRxdUO01iw,Customer_7786,2011-04-22 21:04:30,5.0,"Village Whiskey's burgers are PHENOMENAL!  Always cooked to perfection (medium rare for me!).  It's like a religious expeirence eating these things.  Went with my boyfriend there on our first date last summer and he's been addicted ever since...as are my sister, all of my friends, and coworkers!  I haven't met one person who doesn't love them.

I'm a former vegetarian who cannot believe I was missing out on these burgers for 4 years.  I am now MORE than making up for that time lost! :)",Downtown,Village Whiskey,15.54,2.4,15.4,4,18-25,Male,Other
ZcNw6ZWRVUlhqCi38WxjOQ,Customer_8449,2014-04-20 11:53:32,5.0,"Went here for lunch with my mom, brother and boyfriend. The place is really nice inside, albeit very small. We waited about 10 minutes to be seated on a rainy weekday afternoon. They have a massive selection of whiskey and the bf and I had some sort of punch drink that was citrusy and delicious. I bet they make a mean manhattan here though. We ordered the hawaii five-o burger and shared it which was really good, had a great sweet bbq sauce on it. I could have never finished the burger myself. My brother and mom both got regular burgers and enjoyed them a lot. The burgers are thick, which I generally don't like but they were so delicious. One of the best burgers you can get in the city for sure. We also got the duck fat fries with cheese sauce which was SUPER good. Oh also we ordered the seasonal pickles, which were apples, and some greens and onions I think which came in a little jar with crostini bread slices and some garlicky cheesy type buttery spread and olive tapenade. It was unique and very tasty. All around good meal and good service. Come here for a nice date or a quiet filling lunch. The appetizer was particularly good.",Downtown,Village Whiskey,27.96,9.79,35.0,2,56-65,Male,Hispanic
_h8BYyCQQGpuQv1Bm_mc1g,Customer_8511,2018-03-18 04:20:19,2.0,,Downtown,Village Whiskey,88.44,13.57,15.3,4,65+,Non-binary,Hispanic
rsj7CW9K6_Q5u2yfJ8OZ-A,Customer_7516,2010-05-23 14:45:29,4.0,,Downtown,Village Whiskey,48.46,5.98,12.3,3,46-55,Female,
CBv7_uAb1vmbdz-OYfjRMQ,Customer_6533,2013-11-03 01:34:57,5.0,I'm speechless...why...because I'm eating the best burger I have ever had in my life!!!  This was a great find...I highly recommend the Whisky King burger...I'm coming back tomorrow for more!!!,Downtown,Village Whiskey,33.48,5.42,16.2,4,26-35,,
CeVlqnCX2tzeJh_vmIariQ,Customer_1793,2015-09-28 15:39:21,4.0,,Downtown,Village Whiskey,39.86,8.02,20.1,4,65+,Prefer not to say,Caucasian
lwmlLGEyOgPi8cKHN-AcaA,Customer_8230,2011-03-20 16:37:03,4.0,"This place has the most amazing burger in philly. I've tried the village burger and the whiskey king. they're both amazing, but I don't know if spending an extra $15 for the foie gras is worth it. It is nice to have foie gras like maybe once a year. Although the village burger is only $11, after you add all the extra stuff that they charge ridiculous price for, like mushrooms ($5), the burger will come out to like $20. It's totally worth it though.",Downtown,Village Whiskey,37.68,7.74,20.5,3,46-55,Female,African American
4euQ70qJhaHbkG_iiAEDiA,Customer_5945,2017-07-08 18:20:30,5.0,,Downtown,Village Whiskey,41.39,10.62,25.7,4,36-45,Male,Mixed
LqexXPcU6TYf2TuB3Rf8jg,Customer_3711,2011-06-03 02:02:42,4.0,"This is more of a bar that serves food than it is a restaurant, so I'll rate it as such. Certainly, this is above average bar food, and it's very good, but, honestly, I've had better burgers.

The burger was well made and very juicy, but they skimped on the sauce and the bun was way too large. The fries were very good, but I didn't find anything remarkable about the duck fat. My Kentucky hot brown was good, and the tomato was a nice touch to help cut the richness of the mornay sauce. They have a huge selection of (overpriced) bourbon and scotch, but there's not exactly a full bar (no amaretto and only two types of flavored vodkas). There's a decent selection of house cocktails, although, as you might expect, most of them are bourbon-based. The bartenders seem very skilled and it was fun to watch them work.

The place is very tiny and they try to pack too many people around too tiny tables. My date and I were seated with our legs literally on top of each others (and it wasn't because we were playing footsie). 

Village Whiskey reminds me of one of those bars that appeals to people who want to feel like they're going to the ""cool"" bar. If you're into that sort of thing, you'll probably love it here. The risotto was particularly good.",Downtown,Village Whiskey,23.0,4.31,18.7,2,65+,Non-binary,Asian
X6mPOoNHvvxp7a6uC8FWtg,Customer_1017,2010-01-28 20:56:07,3.0,"I read all the reviews for VW and I guess maybe I just had a bleh experience, but I don't get what all the fuss is about.  I LOVE Amada and Distrito so I went here expecting to be blown away.  I went with a friend from work and was OK with having to sit at the back counter, but the counter is too low for the bar stools and makes for awkward seating.  The burger is delicious but there was not much cheddar on my burger for the $3 price tag.  The fries were good but did not live up to the hype.  And I ordered a Coke since I was getting a burger and was disappointed that they use the little bottles.  

But that's not the thing I even want to talk about - it's the service.  The service is BAD.  It took forever for someone to offer us a menu.  We were back by the kitchen entrance.  The servers were all standing around complaining that the tables weren't flipping fast enough.  They were having personal conversations instead of waiting on anyone.  I still can't believe that when I asked for ketchup the server had it in her hand while having a conversation with someone while I watched her and then she finally brought it over to me.  

Overall, an average experience that I would not figure for Garces.  But I'll maybe try it again and hope I have a better experience.  In the meantime, I'll stick to Distrito for my Garces fix! The salad was particularly good.",Downtown,Village Whiskey,17.71,3.63,20.5,4,18-25,Female,Asian
Hw99dpNmODz7OQWAuQDv2w,Customer_1132,2018-01-22 02:34:27,2.0,"Had high expectations since it's always tough to snag a table. Unfortunately today's brunch was nothing spectacular...my chicken and waffles were terrible. My husband ordered the burger which was good, but outside of that, nothing blew us away. The seating is also really cramped...and the loud couple nearby watching videos on their phone was annoying to say the least.",Downtown,Village Whiskey,25.36,6.19,24.4,1,,Male,Other
90On7WSXbVlhqxgnbk2xQw,Customer_4751,2015-08-03 05:02:37,5.0,"The whiskey burger here definitely topped my list of best burgers I've ever had (& being from LA I've had a lot of great ones) 
My boyfriend got the village burger and he loved it as well. Great outdoor seating and drink selection too!",Downtown,Village Whiskey,37.63,3.97,10.6,8,65+,Male,Hispanic
pyN-_GuAILDoW6-jYrufxA,Customer_3246,2018-05-12 16:51:58,4.0,"Eggcellent. Worth 4.5 when it's not packed. Watch out for the special drinks list, that is unless you plan on a short night and no drive home.",Downtown,Village Whiskey,12.67,2.75,21.7,3,,Female,African American
2gDqT1R5pK9-z8X6hW-r9g,Customer_3688,2011-02-14 14:21:33,3.0,"Look, I would have given this place a much better rating if it wasn't for one thing, the hostesses... and I'm not referring to those delicious prophylactic wrapped cakes made of chocolate, air, and pure magic.  I swear they hire these girls on looks alone - ""tight pants, high heel boots, and wear that nose high.""  They obviously have little to zero math skills, or are fans of Einstein and reject time completely.  Every single time I trek to this place, I fear I might lose it when walking in the 2x2 foyer where one of these anti-Newton fashionistas is prepped to tell me the wait will be about two hours.  The place seats maybe 50 people tops, with zero people waiting outside (the only place to wait), and barely any names on their scribble sheet.  I can guarantee you that you'll get the same response unless they are subjective to a certain type of clientele, that usually appears to be midlife crisis men exacting revenge on life by dating girls that resemble their daughters, or younger couples that try to divide the class of the place with the ability to get obnoxiously wasted in less than a half an hour.  You can give your name and number to one of these ladies, who will promptly call you in the amount of time it takes you to chose another nearby restaurant and get seated; nowhere near their previous predicted span of time.  This could be some new trend... you know, like all those other hard to get in bars that only serve hamburgers.  Now for the good stuff; the burgers are excellent... some of the best, if not the best in the city.  The selection of whiskey, as the name should denote, is quite expansive.  The décor is warm and inviting, though a tad cramped if you're not sitting towards the front of the bar.  Both Tinto and Village Whiskey always seem to have excellent bartenders, with not only the experience sought after, but the social skills as well.  My suggestion is to definitely try this place out, but pick a weekday and take a bottle of wine just in case, because Melograno is only steps away in the chance you'll be told it'll take the sum over histories to land an exclusive spot to have... yep, a burger.",Downtown,Village Whiskey,52.8,10.07,19.1,1,65+,Female,African American
udJiUAf23_LC8PteKn1R7g,Customer_8248,2010-03-21 19:18:16,5.0,,Downtown,Village Whiskey,28.32,7.33,25.9,6,18-25,Male,African American
9H0ktCGCu2XxfrQG4pFbmA,Customer_7291,2016-06-26 00:18:20,5.0,,Downtown,Village Whiskey,45.76,4.94,10.8,5,46-55,Non-binary,African American
jGtkwCPueW9XuE0h5XYVxA,Customer_5065,2016-08-29 13:21:29,2.0,"Had to climb over other patrons to get to seat.  ""Cozy"" = shoulder to shoulder dining with strangers. If your a standard pub burger person do not go here.  The burgers are ridiculously expensive and frankly too fancy for my taste.  I had two bites of a $30 burger and couldn't eat the rest.  I ordered it medium,  but it came still mooing.  Basically raw.  Waiter was friendly and empathetic,  however I was with my wife and didn't want to make a scene.  Don't go here if you just want a good burger.  If you want to up the doochy factor in your life then go right ahead.  Not for me.",Downtown,Village Whiskey,20.0,3.79,19.0,2,56-65,,Native American
Hf3zhv26ooagGUB1BC5BaQ,Customer_1439,2014-07-14 14:21:39,5.0,,Downtown,Village Whiskey,20.85,3.94,18.9,3,65+,Non-binary,Asian
AY6y3IpDCT3vD0edrgbP7A,Customer_7418,2010-01-09 23:30:49,5.0,"Ok yeah, the service can be a little high falutin', and the wait is painful but this is THE BEST BURGER EVER.  That's all you need to know.  The BEST.",Downtown,Village Whiskey,45.44,4.72,10.4,1,18-25,Female,
HbQmhGeTImcq-ZvW74VTkg,Customer_2163,2011-01-16 23:57:53,4.0,"This Jose Garces spot is small (only 7 tables + bar seating) and always packed! I was finally able to try it for an early dinner on a Sunday! Cozy inside, and comfortable seating. The burger was quite delicious and I would have it again. (I had the village burger with caramelized onions, smoked bacon, and goat cheese). 

The only disappointment was the duck fat fries---I'm not sure what I was expecting. But there was nothing special about these fries. I liked that they were thick-cut. But they definitely could have been seasoned better. And aside from knowing that they had been fried in duck fat, possibly a number of times, there was nothing substantial or important to highlight with regards to taste, smell, or overall presentation. I don't know what frying them in duck fat adds to the dish, except an extra layer of fat...which didn't necessarily translate into an extra layer of taste. 

Very nice wait staff! The risotto was particularly good.",Downtown,Village Whiskey,30.04,4.62,15.4,1,18-25,Non-binary,Mixed
QLE1grenNOpzoFtlnHiQbA,Customer_7895,2016-02-25 19:30:02,4.0,It's very good but the service can be spotty and the wait is too long. I've rarely left this place in under 45 min.,Downtown,Village Whiskey,54.69,9.66,17.7,3,65+,Female,
DdkqvmC9Ivfz5QMpZndiPw,Customer_2195,2012-08-16 21:46:21,2.0,,Downtown,Village Whiskey,10.68,1.71,16.0,8,18-25,Male,Native American
r6hmgcM2r_rGXtS8mdC8lw,Customer_7520,2015-06-21 00:26:04,5.0,My favorite burger in town! The place is confortabke and has a great variety of drinks with bourbon. They should have a reservation policy.,Downtown,Village Whiskey,12.12,0.85,7.0,2,65+,,Other
tzmRbtGLO7OmRE-EJ3iQAA,Customer_9791,2016-10-30 04:06:32,5.0,"We happened upon this place late on a Friday night, we were hungry and tired of looking for a place to eat. This place was exactly what we needed. Not only could they make a perfect Black Manhattan, my husband had 3 and then asked for a few more cherries, the food was orgasmic. We started out with deep fried pickles and French fries fried in duck fat served with warm cheddar cheese. This was incredible, I just savored every bite. The pickle chunks were perfect, enough meat to still give a good crunch and perfectly seasoned before frying. Wonderful!! Then we had both the whiskey burger and the turkey dish/sandwich. The burger was cooked perfectly and the flavor of each layer complimented each one in a oral sensory overload. Yes, it was divine. The turkey dish was a little salty, maybe the bacon? Idk. I still inhaled it because the cheese sauce was incredible. I could have just sat there with a loaf of bread eating that sauce. Will I go there again? Yes, I will definitely go back there the next time I'm in town. Thank you so much for an absolutely perfect evening with my husband. It was what we both needed.",Downtown,Village Whiskey,34.58,7.93,22.9,2,26-35,Non-binary,Hispanic
nTV39YxHZY1o8wkQV5J12w,Customer_4329,2012-07-05 21:26:11,4.0,"I love fancy burgers. Garce's simple $11 burger is something you will crave and want to come back for. The crispy brioche bun and the thick patty makes me salivate when thinking about it. 

Duck fat fries were pretty good but did not surprise me. Cheddar dip tastes great, but it was drippy and a little messy. 

Lastly, I didn't like the other groups diners around me. Some were very loud and blatantly talking about strangers around them, like they thought they were better than the people around them. Weird. Just didn't expect the restaurant to attract these type of people.",Downtown,Village Whiskey,28.24,0.0,0.0,3,56-65,Non-binary,Other
jt3ChUJCN2w1a_0BYQRUCA,Customer_2083,2012-01-05 16:17:06,4.0,"Good burgers.  Great pickled veggies.  Good whiskey selection, including my personal favorite, Red Breast.  Get there at 11:30 to avoid the lunch crowd and get whatever table you want.",Downtown,Village Whiskey,18.86,3.18,16.9,5,46-55,Female,Caucasian
yJMcUVNZoT7W57UV4wCTyQ,Customer_2900,2012-12-10 20:47:55,5.0,"When I went to Village Whiskey, I died and went to hamburger heaven!

We started with the pickled tomatoes, fried shrimp and the most amazing tater tots I have ever had. The tots are actually ""homemade"" versus that same tot shape you have seen since you first had tots in the school cafeteria. The sauce they come with is also addictive.

After all the appetizers, my fiance and I shared the mammoth burger. We got it with caramelized onions and long hots, which are these delicious peppers with a kick. The burger came with lettuce, tomato and an incredible thousand island sauce. It was cooked to perfection and ridiculously juicy. I can't stop thinking about it...

In addition to amazing food, Village Whiskey has great service. They comped my bloody mary and our fries because the food took a little too long to come out. This was their opinion, we didn't even complain.

I will be back to Village Whiskey ASAP.",Downtown,Village Whiskey,14.09,3.84,27.2,2,56-65,Male,Native American
cvQXRFLCyr0S7EgFb4lZqw,Customer_3877,2009-10-14 01:15:04,5.0,"On a scale of one to things that are awesome, this place is the bomb. 

I was drawn in by the promise of the duckfat frenchfries. Took the boy for his birthday and put our name in, had a drink around the corner while we waited and were given seats at the bar after about 45 minutes. 

We were waited on by Keith, the bartender, who was congenial, knowledgeable about his whiskeys and an all-around cool guy. We started with 3 cape may salts (two for me, one for the boy) and tater tots, both of which made me happy.

For dinner, I got Kentucky Fried Quail (stellar, though the succotash was not as exciting as I wanted it to be) and the boy got the 24$ Fois Gras burger, which was incredible. Worth every penny. The duckfat fries were pretty yummy, but not even the best part of the meal. I could've done without the cheese sauce, but as it was on the side I wasn't deterred.

I look forward to coming back here, with everyone I know.",Downtown,Village Whiskey,14.64,3.29,22.5,2,65+,Female,Caucasian
2C4SzlGR1TXuOVEe7Al1ww,Customer_9568,2014-11-15 08:44:00,5.0,"Love this place! That we've ended up here on both visits to Philadelphia within 2 months apart. 

On my first visit, I shared the short rib & cheddar duck fat fries, the village burger and the kentucky hot brown with the boyfriend. All of that was amazing. At the time, we were in town for the Made in America festival and Yelped for a good place to have dinner on a Friday night. Since it was highly rated and seemed intriguing, we decided to come here with our group of friends. With the exceptional food here, my curiosity was piqued and ended up looking it up and was pleasantly surprised to find out it was owned by Chef Jose Garces. 

On our most recent visit, we had to order the duck fat fries topped with short ribs & cheddar sauce again to share. We both each ordered the village burger. I had mine topped with bleu cheese & an egg. He got the caramelized onions & cheddar on his. We both ordered our burgers medium. It was still quite moist but I think this burger might be best medium rare. The egg in my burger was perfectly cooked. I was expecting the yolk to be quite messy and runny when I sliced my burger in half but was pleasantly surprised that it kept intact. This has to be one of the best burgers I've ever had for only $12!

I can't find anything wrong about this restaurant. What's not to love..whiskey and amazing food. I will definitely come visit again and maybe try their brunch or come visit Tinto (which is also owned by Chef Garces) next door.",Downtown,Village Whiskey,22.55,2.65,11.7,4,,Non-binary,African American
k9HuY8SCh3K7vqjkQihSHg,Customer_5403,2012-06-26 16:18:52,5.0,"Duck fat fries with shortribs and cheddar cheese = DELICIOUS. The burgers were good also, which we had with bacon and cheese. The second time I went to Village Whiskey, I had the fries (of course) and the Kentucky Hot Brown sandwich (open faced turkey sandwich topped with melted cheese and surrounded by some bacon and tomatoes and a delicious cheesy bechamel sauce). The bechamel was probably the best part of the dish - everything else was pretty ordinary. 

Also, the service was great. It was surprisingly empty for a Saturday afternoon, but I think most people were probably sitting outside since it was a beautiful day. The waiter was attentive and helpful when we asked about the drinks. My friend ordered the Bee Charmer which was deliciously refreshing (it had chamomile infused gin with some lemon, honey, and other stuff I can't remember).",Downtown,Village Whiskey,51.46,10.56,20.5,2,18-25,Male,Mixed
wK4eubUgVfv84Crl1vqhkA,Customer_5456,2010-11-27 21:19:20,3.0,,Downtown,Village Whiskey,24.64,4.86,19.7,4,36-45,,Hispanic
1VuNZOtwRjBEkklRKZKYzQ,Customer_1908,2014-10-05 14:21:29,5.0,"Everything was delicious! Husband had the pulled pork sandwich, which he loved! It came with some fried pickles. We never had these before and they were yummy! I had the Kentucky Brown which was also delicious!!! We shared the fries which were so yummy!!! Great service, unique menu, and the outdoor seating was nice! We will be back!",Downtown,Village Whiskey,31.41,6.38,20.3,3,56-65,Female,Mixed
8QDT6kJpcup0SFqd3lNPRw,Customer_2889,2011-04-26 17:37:32,2.0,"I have to say, I don't get the hype. After waiting a long time (but shorter than expected -- it seems a lot of people on the list just end up dining elsewhere), we finally made it in to the hallowed halls.

As other people have said, although ""duck fat fries"" sound like they will be a total taste explosion, they just taste like normal, so-so fries. Monk's or Eulogy has better.

The burger was also just ok. Come on Philly, where are the good burgers at?!

The one thing that impressed me was the popcorn shrimp appetizer. They were seasoned well and had a nice breading. Yum!",Downtown,Village Whiskey,33.87,6.43,19.0,4,56-65,Male,Caucasian
VKj_mcbBKihxW74J3npP_g,Customer_1201,2018-07-19 11:21:09,4.0,,Downtown,Village Whiskey,35.64,4.58,12.8,1,46-55,Non-binary,Other
WaEVgrEQqY0xJortRcPMhg,Customer_3932,2016-10-01 03:50:35,5.0,,Downtown,Village Whiskey,24.39,0.0,0.0,3,56-65,Prefer not to say,Asian
Tee_9ZPZIQVxNaxwGrkFBA,Customer_6241,2011-03-23 01:47:31,5.0,"By far my favorite restaurant. They have the best burger I've EVER eaten... not to mention an amazing selection of whiskey & beer. It's tiny and crowded and I love it. I usually have to wait for a table when I get there, but it's so worth it. Don't forget to try the duck fat fries.. they are ridiculously amazing. I've eaten here about 5 or 6 times in the last 6 months and I'm always ready to go back.",Downtown,Village Whiskey,12.68,2.08,16.4,2,18-25,,Mixed
pT06OScJD9iP36Vrc74TMg,Customer_1862,2011-12-04 17:35:13,4.0,"A great selection of beer and - you guessed it - whiskey.  Their burgers lived up to the recommendations of everyone I knew.  It's a little pricey for what it is, and seating can be a bit awkward depending on where you are.  

I'd certainly go back there again, and would recommend the place to others.",Downtown,Village Whiskey,26.65,3.89,14.6,2,,,Caucasian
rGl9_vQ5J_pvKHGkCkXp5w,Customer_2129,2018-04-17 22:50:26,4.0,,Downtown,Village Whiskey,18.2,4.18,23.0,2,,Non-binary,Native American
AxpVzUVlKrJ_PuDTRchoFQ,Customer_1130,2016-08-27 12:25:33,5.0,"Great spot to sit outside and enjoy a whiskey drink. The burger was very tasty, came here after u read an article that they had the #1 burger in philly. Funny enough, this place is right across from Shake Shack (who won #1 in NY). I would definitely recommend going and trying their burgers and drinks!",Downtown,Village Whiskey,19.94,1.17,5.9,3,36-45,,Native American
2APwQC9WA6g3aNe3dLI8Rw,Customer_4974,2018-07-08 18:48:28,3.0,,Downtown,Village Whiskey,41.71,5.23,12.5,4,56-65,Prefer not to say,Asian
OF1cjks3S6m_YyMzwSR7QA,Customer_9954,2015-06-09 04:12:26,4.0,,Downtown,Village Whiskey,15.42,2.74,17.8,2,26-35,Female,Caucasian
HSLaC9xUD1N9RgkxGJy8vQ,Customer_1391,2012-11-19 01:29:21,4.0,,Downtown,Village Whiskey,83.09,14.86,17.9,3,36-45,Male,Mixed
sOSsJ55g318FG6pVSW4Rbw,Customer_6038,2013-02-03 20:31:29,4.0,"I love everything about Whiskey Village except the small space. We were fortunate that after the hostess told us that the wait for a table was close to two hours a couple of seats opened up at the bar.
 
We started off with a couple of amazing cocktails that were expertly prepared (2nd only to Hop Sing), an order of deviled eggs, and the duck fat fried fries covered in a delectable cheese sauce and topped with beef brisket....WOW! We were content but decided to push on and try their famous burgers. I had the special of the house that had a terrific homemade thousand island dressing and my wife had hers topped with foie gras and bacon. Both came out cooked perfectly medium rare surrounded by a very fresh and delicious bun. Even though we were fairly full before the burgers came we ate every bite leaving in a blissful state of food intoxication.",Downtown,Village Whiskey,22.39,4.06,18.1,2,56-65,Female,Other
v0_OGF7B858modm06UsqnA,Customer_5584,2015-01-23 12:15:16,2.0,"I have been coming here since it opened.  So why the downgrade?   A bad experience last night - me and my regular dining partner here had terrible service while sitting at the bar.  The bartenders were indifferent, we had to practically beg for water, drink orders, dinner order.  While I love the Fish House Punch, the love is tempered when it takes 15 minutes to get it - and no - it was not even that busy.  My pal's burger was delicious according to her, my oysters - which were herb roasted were generally flavorless and the Sly Fox Cheddar Sauce with our duck fat fries was tasteless and runny.  Dear Jose - please come and visit your restaurants and keep them on their toes...

We both agreed that we may cross this off our list after years of it being our go-to spot. The steak was particularly good.",Downtown,Village Whiskey,16.13,2.93,18.2,2,26-35,,Other
JKJ3j4-n9O04CErUi-xKxA,Customer_7102,2012-06-26 18:57:00,3.0,,Downtown,Village Whiskey,15.15,2.51,16.6,3,65+,Male,Hispanic
3Vh527hP7xG_7IHprPjgnQ,Customer_7461,2012-08-15 18:54:52,4.0,"I have been trying to come here for what seems like an eternity, but there was always something in the way.  (Like the one day when I was ""finally going to eat there"" and as we walked up there was a sign on the door stating that because of malfunctions in the kitchen, they were only serving drinks and cold food.  Needless to say, I didn't go in that day)  Finally, the stars aligned and I was able to eat here.  And I'm happy I did.

I went in with two friends after getting our nails done and sat at a table.  We ordered drinks, truffled cauliflower, and an order of tater tots.  They put the tater tots closest to me and I can't control myself, so no one else at the table got tater tots.  They were really good.  I ordered the burger without the thousand island dressing and with cheddar and caramelized onions.  That was a GOOOOOOOOOOOD burger.  Cooked perfectly, juicy, and the roll was soft and pillowy.  It didn't last long on my plate.  We got an order of duck fat french fries for the table and while they were good, I think I liked the tater tots better and would probably order them as our side next time. 

My only issue with Village Whiskey is the space.  It's so small.  They crammed the three of us into a space that really was built for two people.  After we left, each one of us realized that our legs were cramped and sore from trying to squeeze into that tight spot.  Maybe next time, and there will be a next time, I might consider asking for a bigger table.   (Do they even have bigger tables? I was so enamored with my food, I didn't look around too much)",Downtown,Village Whiskey,40.99,8.66,21.1,2,56-65,Male,Other
1zKHDldKQf-ECwol1JbKNA,Customer_5276,2016-06-12 20:52:43,5.0,"This place may have the best burger in Philadelphia! We both got the burger, literally finger licking good. You can pick from a variety of unique toppings. Fries are amazing too. They can be shared. 
A busy place small place but I highly recommend waiting. Turns over pretty quickly. We sat at the bar & ate. Staff is knowledgeable and friendly. A must eat in Philly! The sandwich was particularly good.",Downtown,Village Whiskey,50.33,11.39,22.6,1,,Prefer not to say,Mixed
4FH6kjbhLCOIVdmhYHaC0Q,Customer_4321,2010-03-18 14:00:52,5.0,"Cool atmosphere, great drinks and the best burger I've ever had in a restaurant bar none.

Pros
-Drinks - old-timey, hand mixed cocktails were uniformly cold and delicious.  We sampled the Old Fashioned (stiff), Sazerac, Jerry Lewis (much like the Sazerac) and the Newcomer, which may have been the best being a rye riff on a margarita.
-Food - the burger, which I took as is with boston bibb, tomato and thousand island, made me a little high with each bite. Not too big, not too small, perfectly cooked. And you can dress up it really fancy if you like with foie gras, bacon, avocado and a number of rich toppings.  The much ballyhooed French Fries were good, but I somehow expected more. I honestly prefer the belgian-style frites at Euology.
-Atmosphere - I was expecting a mad crowd, but 9pm on a Tuesday night provided a chill window with just the right crowd in this small restaurant. We also witnessed who may be Philly's version of the Most Interesting Man in the World coolest old rich guy - decked out in stylish threads and flanked by a pair of delicate geisha-like companions 1/3 his age, taking down a burger and slipping out with a nod from the bartender.

Cons
-Pricey - cocktails, more so than burgers. The pasta was particularly good.",Downtown,Village Whiskey,61.86,12.24,19.8,4,,,Hispanic
SoYWh6Ps92GO3OBSI5u5Cg,Customer_6145,2009-10-14 02:13:52,4.0,"I went here for happy hour a few weeks ago, and as I was disappointed that there was no ""happy hour"" I was not disappointed in  my experience in village whiskey. The drinks were fantastic- great exotic combinations. The veggie burger was probably the best I have ever consumed. I have been here several times when I cannot even get in for a seat, so be prepared. The drinks are small and expensive but delicious, but hte food is reasonably priced. I will definitely be back! The beer was particularly good.",Downtown,Village Whiskey,39.11,8.28,21.2,2,56-65,Non-binary,Asian
MtrHTLudfsMuRZfflvda1Q,Customer_2964,2015-08-07 15:23:05,4.0,"In my quest to find the best burger in Philly, I've visited this Garces spot a few times. The burgers do live up to the hype, if not quite to the price tag. The venue is decidedly cool and the duck fat fries are to die for (if you like fries, cheese, short ribs....I'm making myself hungry). The bartenders are mostly top notch and rhe whisky list is appropriately voluminous. The drinks are also creative and tasty. 

Not quite the best burger in Philly yet, but a damn strong contender.",Downtown,Village Whiskey,26.47,6.02,22.8,4,,Non-binary,Caucasian
5ZQIQ4P3ZJXfE1rliKzD8A,Customer_3430,2016-08-27 17:07:13,4.0,The space is very cool! I ordered the loaded fries with short rib and it was delicious! The short rib just melted in your mouth!,Downtown,Village Whiskey,70.56,10.27,14.6,2,26-35,Non-binary,Other
9Ilm4TSXVlnek1hRHNAdhw,Customer_5262,2011-04-25 04:30:17,4.0,"I came for the Duck Fat Fries.

Maybe it's because I ate a lot earlier than day, but I couldn't really taste any difference in the taste with the duck fat. Nonetheless, they were good so you should try them. I also had the Fish House Punch which was also good/worth it.

The place is pretty small so it can get crowded. I like places like this with an interesting food selection and specialty drinks. I'd come back for sure to try more food/whiskey.",Downtown,Village Whiskey,20.78,3.95,19.0,1,26-35,Male,Other
w-vAnZwZpKvoi7wErA90gA,Customer_5093,2015-10-18 12:26:03,5.0,,Downtown,Village Whiskey,18.05,2.81,15.6,4,18-25,Female,Hispanic
12qoxVIf9SsG_R8zzXhuIw,Customer_4641,2011-08-27 20:50:14,5.0,"Been here twice, and this is def the best place I've found so far to get  fatty, fancy'ed-up burger. The Whiskey King is abs ridics - in a completely, totally good way. The regular burger is just as yummy as well. And the duck fat/shortrib/cheese smothered fries?? Just....wow. I had to spend an extra hour at the gym to feel normal again. 

To be clear - the space is small, the wait can be ridics on a wknd evening (and no resos) and I don't reco going with more than 2-3 peeps. Great date/dinner place.",Downtown,Village Whiskey,14.93,2.29,15.4,4,,Prefer not to say,Mixed
eC7Wwg-1hMAGoTAERb6oGQ,Customer_2376,2015-08-01 11:53:33,5.0,"The BEST BURGER IN PHILLY. Bar none. Far and away. Don't you dare go to Shake Shack if there is a big wait! You're out for a the best burger, this is it!!

I was in school and poor when I was here so I cannot speak to the drink menu BUT the food is amazing!!

You have to get: 
1. Duck Fat Fries w/ Short Rib and Cheddar - why is this so good? I don't know, who cares? Just enjoy the fried deliciousness of the duck fat. I believe th cheese sauce is made with sly fox and who doesn't want fall apart delicious brisket on your fries??

2.  Go with the Village Burger and load it up with additions. Truffle mushrooms, bacon, avocado, and caramelized onions will do you right.",Downtown,Village Whiskey,24.7,7.09,28.7,3,36-45,Male,Caucasian
7iajp6uLYwxml9W5RzPACg,Customer_4239,2014-07-21 22:58:48,4.0,,Downtown,Village Whiskey,15.68,5.49,35.0,8,,Female,Hispanic
pvVswuASkTFBklhCGlpsBg,Customer_6432,2015-03-08 13:07:05,4.0,,Downtown,Village Whiskey,36.44,6.63,18.2,2,46-55,Male,African American
60fqnqL_u2Pi8yRZkC9N8g,Customer_8096,2014-01-01 21:34:27,4.0,,Downtown,Village Whiskey,26.55,4.11,15.5,1,46-55,Prefer not to say,Caucasian
EBMx4ymnknZLnNIAvh-LSA,Customer_6799,2010-03-23 19:43:12,4.0,"Best ice cubes I've ever seen. Yes, it's tight, but it's not a dealbreaker.

The amount of effort put into each drink is equivalent to a mixology talent show. And they usually make for a nice beverage, to boot.

Burger = delicious. That's all I got.",Downtown,Village Whiskey,27.79,4.64,16.7,4,26-35,Non-binary,Native American
FQqpTsv-CYmHWR4pM_55wg,Customer_5026,2010-07-07 19:54:39,4.0,"Great little neighborhood place.  I don't live in the neighborhood but had been dying to try it but heard how small it was.  Well I took my chances and went there early on July 2 (4th of July weekend, everyone's at the shore) for dinner around 5 (and no I am not 60).  There was a great happy hour crowd but not too packed where we could not grab a spot at the bar while we waited for our table.   The bartenders were great and the drinks quite good.  Husband got the cape may salts and loved them.  He enjoyed his burger too however he still was thinking back to another burger that he prefers. The cheese puffs pictured here are amazing.  Choux paste with cheese amazing.  Loved them and the cobb salad quite large with an amazing dressing.  All worth while.  Not sure it would have been worth a long wait but the prices were reasonable the service was fun and it is a beautiful small spot.  I am sure we will go back when in the neighborhood. The salmon was particularly good.",Downtown,Village Whiskey,10.85,2.46,22.7,2,46-55,Prefer not to say,
Fyzisjqkvi8GA5jg55B0vQ,Customer_7868,2014-09-26 22:13:27,3.0,"So I came here pretty darn excited to come here being that the restarurant combines two of my most favorite things in the world...whiskey and burgers. I couldn't wait to try the Village Burger being that I've heard it's one of the best in Philly.

When my friend and I got there around 7:30pm we were told that there would be at least a 30 minute wait to eat inside but that we could eat at the full-service bar or outside. It was a Monday, and either way it didn't bother us as the evening was nice and I always enjoy a good outdoor meal.

Once seated we both couldn't get over how uncomfortable our waitress seemed. It might've been the case that she was new and getting the hang of things on what was supposed to be a slow Monday night, but regardless it was all too noticeable how awkward she seemed when taking our order and performing other tasks like cleaning our plates/refilling drinks. I ordered whiskey and my friend got beer, and she asked us what we wanted to drink next when we were both clearly barely halfway through our drinks. She also felt the need to pour us water in our glasses when they were definitely still 3/4 or more of the way filled. I just didn't see all that as necessary and it detracted from the experience.

The burger itself was delicious I will say, but overpriced. I'm not in any rush to come back here for a burger to be sure. Each topping outside of lettuce is at least $2 extra or more. So the price of a medium-sized burger easily balloons to about $18...and that doesn't even include the $5 Duck Fat fries that any diner would typically want as well.

I would say that the hype was a little extreme on this place for me and I know of other places in Philly that serve a solid burger without all the extra frill. The steak was particularly good.",Downtown,Village Whiskey,38.69,4.59,11.9,8,,,Asian
8eUSyEVpCl7Oa_LAvFHKMQ,Customer_1319,2013-11-17 20:48:15,4.0,"Cozy restaurant, it had that modern day hipster speakeasy feel. Prepare to wait if you come anytime after 6pm.

The hostess helped us snag a spot at the back counter which was really nice of her.

The pickled beets were fantastic and the veggie burger was fresh and delicious. Service was as prompt as can be expected in a busy place like this. Prices were fair. Ambiance and location are perfect. Would come back anytime I'm in town!",Downtown,Village Whiskey,12.02,4.81,40.0,1,36-45,Prefer not to say,
UqZyX64mgw1vJ1ffnxODjA,Customer_6269,2014-10-11 12:54:43,4.0,"There is a great selection of whiskey/bourbon to suit anyone's taste. We had burgers with the fried egg on it and it was soo good and probably one of the best burgers I've ever had. The duck fries are a MUST if you come here. It is a cute atmosphere although we went with a party of 4 and it was a tad awkward the way our seating was and made it difficult to have conversation with everyone at our table. Overall, a nice place to go. We will be going back.",Downtown,Village Whiskey,27.97,6.5,23.2,2,26-35,Male,Mixed
wBPHf2ueGjTgJqz_lVJvJA,Customer_1959,2011-02-14 03:46:19,5.0,"This place was exactly as advertised.  Showed up at about noon on a Saturday, the place was busy but we were able to grab the last two seats at the bar.  Village burger was incredible, so was all the whiskey we tried.  Highly recommend the Manhattan, one of the best I've had anywhere. The sushi was particularly good.",Downtown,Village Whiskey,23.72,6.38,26.9,4,46-55,,Mixed
zW2SFvQNPrJIoaqJHqRneQ,Customer_4813,2013-08-04 19:06:48,5.0,,Downtown,Village Whiskey,22.93,0.0,0.0,2,26-35,Female,Native American
DyYvLme1ctBtxgOxmGTyuQ,Customer_1916,2013-10-24 15:44:45,5.0,"Like the whiskey selection, the bartenders are lively and knowledgeable. The food is great, especially the burgers and sandwiches.",Downtown,Village Whiskey,38.89,8.56,22.0,2,26-35,,Other
MtrHTLudfsMuRZfflvda1Q,Customer_3846,2015-08-07 15:23:05,4.0,"In my quest to find the best burger in Philly, I've visited this Garces spot a few times. The burgers do live up to the hype, if not quite to the price tag. The venue is decidedly cool and the duck fat fries are to die for (if you like fries, cheese, short ribs....I'm making myself hungry). The bartenders are mostly top notch and rhe whisky list is appropriately voluminous. The drinks are also creative and tasty. 

Not quite the best burger in Philly yet, but a damn strong contender.",Downtown,Village Whiskey,27.34,6.94,25.4,3,56-65,Non-binary,Mixed
HbQmhGeTImcq-ZvW74VTkg,Customer_1462,2011-01-16 23:57:53,4.0,,Downtown,Village Whiskey,49.85,9.97,20.0,5,36-45,,African American
7H6BE8N1gCytLxxSOe5U8A,Customer_9882,2014-04-20 21:13:59,3.0,"So everyone raved about the burgers here - had to check it out. Not bad - tough to eat because they were so damn big (height wise). Tasted great but that wasn't what was cool about the place. It was the space - really comfortable, neighborhoodish style. And the dude who wait on my was pretty friendly in his own hipster way. I'd go again if others wanted to but I wouldn't go out of my way. The fries was particularly good.",Downtown,Village Whiskey,17.74,2.71,15.2,6,46-55,Male,Hispanic
yzA9WoSCs0h0hfe5jBvMzg,Customer_1326,2012-03-07 14:49:53,5.0,"I just gasped that I haven't written a review for my favorite place in phila. Yes, it's kinda too small, yes, it's impossible to get seats between 6p-9p on fri/sat. BUT their food is totally worth coming back. My favorite is fried eggs on the burger with crab cake on the side. Duck fries are to die for... As I am writing this review, I am drooling on myself. Must go check this place out but just go on mon/tue/wed/thur between 11am and 1pm or before 5pm.",Downtown,Village Whiskey,17.87,3.51,19.6,2,18-25,Non-binary,Asian
30SDqJcWBSKRXpe4AHvtIQ,Customer_6582,2017-12-31 20:51:49,2.0,,Downtown,Village Whiskey,21.61,4.48,20.7,2,,Non-binary,Caucasian
4Ugx-iGlwMqUmeo_NBW2bg,Customer_3320,2013-11-21 19:46:46,5.0,"Wow! This was the best place I ate in Philly hands down. The burger was perfect, cooked just right, the bacon was fresh, rogue blue from Oregon reminded me of home. 

The whiskey selection is good. It was the only place I found with the nicer more rare bourbons. 

The sour was excellent made properly with an egg white!

Highly recommend this place for travelers. 

Bite I am guessing the reason it is 4 stars as the average is because it is expensive for Philly. Not compared to NYC or SF though, pretty standard.",Downtown,Village Whiskey,20.77,1.42,6.8,3,,,Mixed
i06GZvntCf-qy21_Gs7yIw,Customer_7120,2017-06-19 20:33:06,5.0,,Downtown,Village Whiskey,28.12,4.55,16.2,6,65+,Prefer not to say,Hispanic
GSEvZAKL7Ubil3hxu1lSNQ,Customer_8157,2013-07-15 17:33:20,4.0,"Wish I was hungrier or else I would have eaten one of those amazing looking burgers in a second!  Duck fat fries, sign me up!  The only food I tried were the deviled eggs which were great and the drinks were awesome.  Cool place but small so get here early or make a res.! The chicken was particularly good.",Downtown,Village Whiskey,14.28,3.15,22.0,2,46-55,Non-binary,African American
dFbTBPWp4cYfAiTKi8koEA,Customer_6846,2015-07-29 20:41:24,4.0,,Downtown,Village Whiskey,13.41,2.1,15.7,6,56-65,Female,Other
BpvyfFpJG-Scud9huhT9dw,Customer_3086,2015-09-29 16:55:12,4.0,"Solid place to stop in for a burger and fries.  If its nice, sit outside and enjoy it.",Downtown,Village Whiskey,29.73,3.04,10.2,1,18-25,,Other
25mchfA4Wr5V5G1YEAvegQ,Customer_1530,2013-09-07 13:45:47,4.0,,Downtown,Village Whiskey,21.82,4.01,18.4,2,36-45,,Asian
3qlSHiBXApIMiH7D_g9GnQ,Customer_3304,2018-01-25 04:17:42,3.0,"I do not recommend going for lunch. 
Place is super small and you sit on top of your neighbors.
Duck fat fries are delicious, went for dinner multiple times and always had a good meal (didn't get a burger) went for lunch and got a burger and wasn't a fan Waitress was on the ruder side and messed up my order and didn't seem apologetic.",Downtown,Village Whiskey,13.16,2.2,16.7,2,18-25,Female,Mixed
gn3JyIY2mpLWKYdnO3HoGQ,Customer_3750,2016-05-21 18:35:25,5.0,,Downtown,Village Whiskey,46.33,11.82,25.5,2,18-25,Non-binary,
1Yxq67qmp4jGgC2QPLZWrQ,Customer_6742,2015-11-20 19:47:45,3.0,"I've been here a few times now and I've formed the opinion that the place is well marketed as a ""cool"" place, but the food isn't that great.

During my last visit I observed:
The burger was of a premium quality but arrived cold.
The duck fat fries were burnt.
There was a lingering smell towards the back of the restaurant from the bathroom.
The place was eerily quiet during lunch.  They should play some light jazz.

All this said, it's still a pretty OK place.  The atmosphere is nice and it's cool to sit at the bar. The pasta was particularly good.",Downtown,Village Whiskey,38.24,8.5,22.2,2,18-25,Male,Caucasian
l1ywf-tZbRz3C7kSa5qLtg,Customer_3725,2011-03-21 01:58:24,5.0,"I mean how good could a burger be?  I have had some good burgers in my day but the burger at village whisky is on another level.  I mean most high end burgers are thick and juicy with a very good seasoned flavor, this burger was all of the above but the juiciness of the burger  was amazing. When I took my first bite the burger literally squirted across the small little round table we were given.  I have never had a burger that did that. I was talking about this place with a close friend and he said the same exact thing.  Also the burger wasn't too dense and the flavor was fantastic!   DELICIOUS!!  We got the fries with the brisket which I thought was too salty, it couldn't really taste the fries that they are apparently famous for.  We should have just gotten the regular order of duck fat fries, they looked crispy and seemed like they were served with some kind of aioli by looking at other peoples orders.  All in all the best burger I think I have had EVER!!!",Downtown,Village Whiskey,46.07,9.17,19.9,3,46-55,Prefer not to say,Mixed
FMH1dbnqT5MZff1qJ7LZig,Customer_4695,2013-09-22 20:53:15,4.0,"Village Whiskey burger. Medium rare. Juicy. Flavorful. A sight to behold. And the bun. Our party of five... I'm sorry five and a half. Our four year old girl loved the bun. And I could see why. It went perfect well with the burger. I really didn't like how each topping including cheese is extra. I knew that going in so it wasn't too bad. We also got a plate of duck fat fries with short rib and cheese. Very nice and tasty. Cheese did not get rock hard and was perfectly saucy. The cuts of the short rib was delicious.

Village Whiskey can get busy but not so bad for Sunday brunch hours. Definite go.",Downtown,Village Whiskey,31.0,5.11,16.5,1,18-25,Male,Native American
BY8rssHjpYSqaO54vemC-Q,Customer_2215,2013-10-26 13:19:51,5.0,"HOLY MOLY this place has the best burger on the planet.  I think my next AC trip won't be for the gambling or a concert, I'm going for the burger!  Well done, Village Whiskey, well done! The salad was particularly good.",Downtown,Village Whiskey,30.23,5.33,17.6,2,46-55,Female,Hispanic
f3Ic5pTijdK59Xx1rQw9tw,Customer_2525,2010-05-19 12:30:11,4.0,Solid high quality stuff.  Everything I have tried has been flavorful and delicious.  It is a bit cramped in there and there is usually a wait but it is worth putting up with both.  The cheesefries with short ribs is from another planet. Fantastic!,Downtown,Village Whiskey,24.54,4.26,17.3,5,56-65,Prefer not to say,Caucasian
lL330-3ng_fHc4cx79hUwA,Customer_8113,2015-04-02 15:14:22,5.0,"Fantastic Whiskey Selection, Great Atmosphere & Fabulous Brunch Menu.. need I say more?",Downtown,Village Whiskey,14.9,2.74,18.4,1,18-25,Non-binary,Asian
lgq6QucGpIfbKktRoWhdbA,Customer_7705,2015-06-22 00:57:59,5.0,,Downtown,Village Whiskey,9.21,1.72,18.7,4,65+,,Native American
po3j2dvicof_7pKFWr8VHw,Customer_1813,2010-09-07 19:03:39,4.0,Great burger and great service.  Be careful though.... the burger is kind of the food equivalent of crack. The salad was particularly good.,Downtown,Village Whiskey,31.35,7.21,23.0,2,56-65,Prefer not to say,African American
TfC5C6j5zDPFsvhKiRnf7w,Customer_5825,2010-11-29 03:41:06,1.0,"Well, my bf and I were going to eat here for his birthday (a Sunday night) and off we went. The place is the size of a shoebox. Seriously. It is one of the smallest restaurants I have ever seen. Considering Jose Garces opened this post Iron Chef, what's his excuse? Anyway, we were informed it would be a half hour wait and had to give them our name (OK) and cell phone (odd). We were, of course, asked if we would like to sit at the bar. We went back, sidled passed a waiter or two and quickly realized there was absolutely no seating at the bar. I told the hostess we would be having a drink elsewhere, and to please keep our name on the list. So, we went and had a beer elsewhere, and about a half hour later, I asked my BF if his phone had rang at all. It had not. He called VW and was informed that they had called. We went back to VW and the hostess chirped that it was their policy to call twice. I said I had a hard time believing that as my bf's phone showed no missed calls, no messages, nothing. She said we could wait another half hour, if we liked. I almost told her to go eff herself. My bf used their bathroom and we went to Standard Tap instead. 

So the 1 star is for their total lack of space and lame waiting list procedure. 

The food I saw looked good though. 

Maybe I will go on a Monday at 4:00 or something. The pasta was particularly good.",Downtown,Village Whiskey,5.88,0.8,13.6,1,65+,,
sViVm-bQJ2_WOSKPtucQAA,Customer_5781,2016-01-31 02:12:23,1.0,"Service is terrible. Showed up at 4:00 on a Saturday 2 people and a toddler, gave us snotty comments about not being able to give us a highchair, said the wait is over 45 min. Walked out went to Prime Stache. Great service there food is better The chicken was particularly good.",Downtown,Village Whiskey,30.59,10.71,35.0,2,,Male,Native American
IF2eNcAOCXOyECo5QgoQNg,Customer_8715,2014-08-25 16:48:52,1.0,,Downtown,Village Whiskey,15.64,3.32,21.2,3,65+,Non-binary,Hispanic
Rd8myWcs4OKHNsor6YRVOA,Customer_7249,2016-11-11 22:10:06,3.0,"If you are someone who loves putting fancy toppings on their burger, Village Whiskey is your place. And if you are someone who loves over-the-top fries, even loading them up with cheese and meat, Village Whiskey is your place. If you are like me, and just want a simple cheeseburger with salted fries, Village Whiskey is NOT your place. 

Now, what I do really like about Village Whiskey is their pickles. They are the perfect combo of sharp, salty, and sweet. The pickles come with thick slices of bread, the most luxurious butter-like dairy product (It seems too good to be butter, yet it's obviously not margarine and is probably just really good butter), and tapenade. I especially love their beet pickles.

I have also gone to Village Whiskey a few times for cocktails. While I believe they are typically full on weekend evenings, I have never had a problem finding a seat on a weeknight or after dining hours on a weekend. The cocktails are well-crafted.

So to sum it up, over-the-top burgers and fries (good or bad depending on your preference), fantastic pickles, and solid cocktails! The appetizer was particularly good.",Downtown,Village Whiskey,18.3,5.05,27.6,4,46-55,Male,Native American
I3mA8Lxcht1LfvpYNxAYqA,Customer_2009,2012-10-15 17:16:33,4.0,"really great burgers....... REALLY great milkshakes. would definitely go back..... buttttt....


shake shack is across the street now. and they have good burgers (though not gourmet like this place), a shorter wait on busy nights, and equally good milkshakes. choices choices...... The sushi was particularly good.",Downtown,Village Whiskey,32.87,4.41,13.4,4,65+,Male,Hispanic
nTV39YxHZY1o8wkQV5J12w,Customer_7782,2012-07-05 21:26:11,4.0,"I love fancy burgers. Garce's simple $11 burger is something you will crave and want to come back for. The crispy brioche bun and the thick patty makes me salivate when thinking about it. 

Duck fat fries were pretty good but did not surprise me. Cheddar dip tastes great, but it was drippy and a little messy. 

Lastly, I didn't like the other groups diners around me. Some were very loud and blatantly talking about strangers around them, like they thought they were better than the people around them. Weird. Just didn't expect the restaurant to attract these type of people.",Downtown,Village Whiskey,26.95,10.78,40.0,2,26-35,,Caucasian
s3rs1AFWYjIIY7jW-qtepw,Customer_9561,2018-05-31 16:39:02,5.0,,Downtown,Village Whiskey,30.0,6.85,22.8,3,56-65,Prefer not to say,Asian
VZ7lDtzMgzrqEHc0RlNErw,Customer_9226,2010-11-27 01:02:00,4.0,"This is tied with In-n-out for my favorite burger of all time. I get the Village burger with Jasper Hill cheddar and a fried egg (over medium).  Tip: cut your burger in half and set the other half of the burger cut-side down on the plate while you eat the first half.  This will keep the bun from getting soggy from all the wonderful juices that will inevitably leak from the patty. 

Pairs well with the Fish House Punch or the local bottled root beer. 

I can't recommend the duck fat fries b/c they are simply too inconsistent. Sometimes they taste like they were cooked inside a duck (awesome) and sometimes they just taste like normal Five Guys fries (meh).  I also don't recommend the short ribs fries bc it's overkill when you're about to have an amazing VW burger. The pizza was particularly good.",Downtown,Village Whiskey,29.16,6.86,23.5,2,56-65,,African American
v0_OGF7B858modm06UsqnA,Customer_3832,2015-01-23 12:15:16,2.0,"I have been coming here since it opened.  So why the downgrade?   A bad experience last night - me and my regular dining partner here had terrible service while sitting at the bar.  The bartenders were indifferent, we had to practically beg for water, drink orders, dinner order.  While I love the Fish House Punch, the love is tempered when it takes 15 minutes to get it - and no - it was not even that busy.  My pal's burger was delicious according to her, my oysters - which were herb roasted were generally flavorless and the Sly Fox Cheddar Sauce with our duck fat fries was tasteless and runny.  Dear Jose - please come and visit your restaurants and keep them on their toes...

We both agreed that we may cross this off our list after years of it being our go-to spot.",Downtown,Village Whiskey,45.26,0.0,0.0,3,26-35,Female,African American
wC4tWvlttcVCV-m1-Ja49g,Customer_8133,2015-12-20 23:03:57,3.0,"I've been to Village Whiskey twice; once in 2012 and I just returned in November 2015. After my first experience I ranked the burger pretty high. A lot has changed since then. Shake Shack came to town (literally right across the street) and I've eaten numerous delicious burgers. Returning around 5:45 on a Friday we were lucky to score seats at the end of the skinny counter in the back of the restaurant. It is very tight quarters and there are no hooks for purses or coats. We started with the fried shrimp as an appetizer. The portion size allowed an easy split between two people. They were small shrimp served with a dipping sauce with a bit of a spicy kick. I had the village burger and added cheese for an extra $2.50 accompanied by duck fat fries.  The burger was decent, but I would not longer suggest it is worth the wait or the cramped quarters if you don't have a table. The service was shotty, as we had to constantly ask for refills on our water and diet cokes. We didn't even have drinks when our entrees arrived. They don't take reservations so it's really luck of the draw coming here. The ribeye was particularly good.",Downtown,Village Whiskey,56.58,6.94,12.3,1,,Female,Native American
l1ywf-tZbRz3C7kSa5qLtg,Customer_2097,2011-03-21 01:58:24,5.0,"I mean how good could a burger be?  I have had some good burgers in my day but the burger at village whisky is on another level.  I mean most high end burgers are thick and juicy with a very good seasoned flavor, this burger was all of the above but the juiciness of the burger  was amazing. When I took my first bite the burger literally squirted across the small little round table we were given.  I have never had a burger that did that. I was talking about this place with a close friend and he said the same exact thing.  Also the burger wasn't too dense and the flavor was fantastic!   DELICIOUS!!  We got the fries with the brisket which I thought was too salty, it couldn't really taste the fries that they are apparently famous for.  We should have just gotten the regular order of duck fat fries, they looked crispy and seemed like they were served with some kind of aioli by looking at other peoples orders.  All in all the best burger I think I have had EVER!!!",Downtown,Village Whiskey,41.32,6.92,16.7,4,56-65,Prefer not to say,Mixed
hbpQQysi6-IxtXu8FuMVuQ,Customer_9514,2018-07-17 01:46:33,5.0,,Downtown,Village Whiskey,56.02,11.35,20.3,4,,Male,Other
322VG0Ms6K62_RIYBy0uaw,Customer_2641,2012-01-06 17:47:01,4.0,been to other Jose Garces restaurants...but this was definitely the BEST of his restaurants...Burger was spectacular!... The quesadilla was particularly good.,Downtown,Village Whiskey,10.77,4.31,40.0,3,,Male,Native American
aDWEPouQx-LlPTwb_jqr5Q,Customer_6633,2015-05-26 18:50:38,1.0,,Downtown,Village Whiskey,15.67,3.29,21.0,4,36-45,Prefer not to say,
5v--rq_nO6J4owN5FgmQSA,Customer_3821,2011-03-23 13:32:23,4.0,"I'll add an additional star for the last time I went, which was on my birthday last week. 

One of my girlfriends took me here to celebrate the 25th year with expensive burgers and gimlets. We sat at the bar and had a fabulous night. Our bartender (I don't remember his name) humoured us the entire night! What a great guy. We found out that we are all neighbors and that he likes to cook meat underground in his backyard! He even showed us pictures on his iphone. So much better service than I have had here in the past. 

Our fabulous bartender let me drink my gimlet in a coup, which was great...because they obviously taste better that way. 

The burgers are still good, but I have reasoned that they arent as good as they could be because you really cant eat them with your hands. You have to go with the knife  and fork approach, which is fine...but not quite burgerish. 


We also had the fries and cheese sauce, which I will say was probably worth the $18 dollars or whatever we paid for it. 

I think you're best bet here is to go with only one or two other people and eat at the bar. Hopefully you will get to see delicious pictures of homecooked meat on iphones too.",Downtown,Village Whiskey,35.5,8.68,24.4,1,26-35,,Other
qJsQfFNY0fY6mYwVMKZheA,Customer_6431,2016-11-14 19:38:24,2.0,"I went here because of the great reviews, but the service was poor the day I came and the food wasn't all that great. I got the veggie burger and tater tots, since all I saw were duck fat fries on the menu (no regular fries), and the tater tots were definitely homemade, but were not very good. My burger was decent, but fell apart easily. I wouldn't eat here again if I were in town. The burgers don't come with a side (like fries), so you have to pay extra for that. The tater tots were an extra $5, but it probably should've been closer to $2.50 because it wasn't much. And although the veggie burger is well priced, all other burgers are not. The burger of the day was over $20. This place is way too overpriced and mediocre.",Downtown,Village Whiskey,21.94,3.76,17.1,2,18-25,Prefer not to say,Native American
4FH6kjbhLCOIVdmhYHaC0Q,Customer_1331,2010-03-18 14:00:52,5.0,,Downtown,Village Whiskey,25.2,2.93,11.6,3,,Non-binary,Native American
z3FE92gpbzOKx9odKaBbug,Customer_2609,2012-06-26 22:07:50,4.0,"This place is the tits!

Except for the one bartender. He was more intimidating than the Hulk. Otherwise he seemed to know what he was doing but his intense gaze made me nervous.

The duck fat fries and ketchup were great!",Downtown,Village Whiskey,10.99,0.0,0.0,2,26-35,Non-binary,
AxpVzUVlKrJ_PuDTRchoFQ,Customer_6257,2016-08-27 12:25:33,5.0,,Downtown,Village Whiskey,11.5,1.9,16.5,2,46-55,,Hispanic
FMH1dbnqT5MZff1qJ7LZig,Customer_8937,2013-09-22 20:53:15,4.0,"Village Whiskey burger. Medium rare. Juicy. Flavorful. A sight to behold. And the bun. Our party of five... I'm sorry five and a half. Our four year old girl loved the bun. And I could see why. It went perfect well with the burger. I really didn't like how each topping including cheese is extra. I knew that going in so it wasn't too bad. We also got a plate of duck fat fries with short rib and cheese. Very nice and tasty. Cheese did not get rock hard and was perfectly saucy. The cuts of the short rib was delicious.

Village Whiskey can get busy but not so bad for Sunday brunch hours. Definite go. The wine was particularly good.",Downtown,Village Whiskey,56.82,13.1,23.0,3,,Non-binary,Caucasian
66pvqM4oSfhv4ljb-Y616g,Customer_9303,2011-04-24 23:40:57,4.0,"Celebrated a post Phillies victory here last week. I hadn't been in the Rittenhouse Square district in a while, so I asked my friend if we could eat in the area. 

The place was a lot smaller than I imagined, but I loved the ambiance of the bar/restaurant- small booths and high top tables, the subway tile, the old school looking bar. 

Our server was very friendly and started us right away with plenty of water. It was amazingly hot that day, so we both passed on drinks. We had taken a look at the menu while at the game, and we were intrigued by their pickle menu. Our server suggested the turnips and kale, and we decided to go with that. The mason jar full of pickled turnips and kale, served with creamy ricotta and olive tapenade was just what we needed, since we didn't have a big meal during the game (and we were pretty hungry). The ricotta spread was creamy, and though I am not a huge fan of olives (i avoid them usually) the tapenade was soooooo good- briny and just enough olive, but smooth without being too overpowering. 

My friend got the veggie burger, and I got a regular burger and we split an order of their duck fat fries. The burgers came out promptly and I loved that mine was this perfectly shaped patty, cooked to order, and I loved the thousand island dressing as the condiment. My friend's massive veggie burger looked good too- it was topped with tons of avocado. The fries were soooo good too- crisp and salty, thick and substantial, without being too greasy. We ate the last crumb!

Our bill was reasonable, considering we didn't have any alcohol- 35 bucks. I definitely will return on a future trip to Philly, perhaps for fancy drinks. The sandwich was particularly good.",Downtown,Village Whiskey,8.12,1.18,14.6,4,,,Caucasian
1ZrZpzVjAk5wa--S-ZQpgQ,Customer_4288,2016-11-12 20:07:30,4.0,"The burgers were great. I'm not a fan of whiskey so I got a beer, but everyone else enjoyed their whiskey drinks. The atmosphere is trendy hipster, a good spot for a night out.",Downtown,Village Whiskey,7.16,2.11,29.5,1,26-35,Male,
D5YNBO9652GtPcmGFfMBbQ,Customer_5488,2011-07-28 16:58:26,5.0,"My husband chose VW as the venue for last Tuesday's date night. I've been several times (both for lunch and dinner) and man, does this place get better with every meal. Having had the burger more than once (including last Christmas when I indulged in the Whiskey King [oh jeebus, was that good]), I ventured south on the menu and ordered the Kentucky Hot Brown. Cheese and butter lovers unite! This thing was incredible and quite possibly the most underrated thing on the menu (save for their Cobb salad). And good lord, that Irish car bomb milkshake! It alone makes the wait and the consistently snobby hostesses worth it. The fish was particularly good.",Downtown,Village Whiskey,14.02,1.45,10.3,2,46-55,,Other
w3E8op2zUGQ97UhWfN8Zvg,Customer_4963,2011-08-07 20:18:55,4.0,"This is hands down the best burger I've had.  Cooked to perfection and all of the ingredients just worked together.  As a person I don't know if I actually like fraus gras but it worked for me in this application.  Put this burger on your bucket list and SHIP IT!

Oh Tiny Tip: This place makes a GREAT Old Fashioned just like the speak easies in Philly.",Downtown,Village Whiskey,41.69,12.51,30.0,3,56-65,Prefer not to say,African American
sViVm-bQJ2_WOSKPtucQAA,Customer_8775,2016-01-31 02:12:23,1.0,,Downtown,Village Whiskey,35.12,7.33,20.9,3,36-45,Non-binary,African American
0WDmXzLoawBg7NRotyfn9A,Customer_5237,2011-10-01 03:37:43,4.0,,Downtown,Village Whiskey,36.54,7.09,19.4,2,65+,Male,Native American
mBa-FFbSQ7XuLO70sDMl7Q,Customer_4511,2011-08-28 14:31:01,5.0,"Can get busy and is first come first serve..arriving earlier than normal rush hours (11.30 am..5.30-6pm) is recommended to avoid long waits.
Food is diverse pub kitchen, good drinks and beer.
All round one of the 'classiest' pub diners in center city The quesadilla was particularly good.",Downtown,Village Whiskey,22.75,4.72,20.8,1,65+,Female,Asian
W2a0ACu98ChAdV8x8-mb3w,Customer_1328,2010-01-15 20:24:39,4.0,"I would have to agree with Leban here...best burger I've had in Philly.  Incredibly moist and flavorful, cooked great, and awesome bun.  The place is really cool as well, and it's nice to see Garces (and soon Starr) continue his move West.",Downtown,Village Whiskey,10.72,1.88,17.5,2,,Male,
yzA9WoSCs0h0hfe5jBvMzg,Customer_3837,2012-03-07 14:49:53,5.0,,Downtown,Village Whiskey,40.62,6.06,14.9,2,18-25,Female,Native American
pIyQ9YmxoQ-UrIs-ANTi8Q,Customer_5511,2010-08-22 01:09:23,4.0,"Dearest Reader,

Please allow me to hereby confirm the rumors: Village Whiskey does, in fact, have the best burger in Philadelphia. And, I should note, some of the best bartenders. 

As my wife and I sat at the bar waiting for our friends to arrive, I marveled at the infinite selection of whiskeys and bourbons. I decided that this, self, is the day you will begin liking whiskey. So I petitioned the bartender to ""make me something awesome with whiskey in it."" ""What kind of drink do you want?,"" he inquired. ""I have no idea, good sir. You see, I am a neophyte, a tyro, and fledgling when it comes to spirits such as these."" (Perhaps my banter wasn't quite at this level at the time; I was already a few drinks in from my visit to Franklin Mortgage, but this is how I remember it going.) So, he thought about it for a while and proceeded to mix up the craziest drink I had ever seen -- it had whiskey, orange bitters, an egg white, Portuguese red wine, and other stuff in it! The verdict: delicious. I also had the ""The Commodore"" off the drink menu, and it was very good, too. The drinks are a little pricey here, and they will set you back around $11 or $12 each.

When our friends arrived, we were seated outside and I got to try to village burger and the short-rib and cheddar duck-fat fries. The burger, which comes with an artfully restrained dollop of homemade thousand island dressing, was unbelievable. The applewood bacon and the dressing served the elevate the already-incredible taste of the meat. I can't wait to come back and order another one. As for the fries, they were very good, but I think next time I will stick with the plain duck fat fries. Our friends ordered those, and they were super crispy and delicious.

Warning: this place gets insanely busy, so you might have to wait a pretty long time for a table. 

All in all, the drinks were great, the food was delectable, and the staff was very knowledgeable and personable. I would totally come back.

Still dreaming of that burger,
Chris M.",Downtown,Village Whiskey,39.57,4.02,10.1,3,46-55,Non-binary,
GziOmJUo04OZzvyN0Azb7Q,Customer_9530,2012-03-04 23:40:05,4.0,"My boyfriend and I got to try the Black Label Burger at Minetta Tavern and we came here to compare it with the Whiskey King Burger.

My boyfriend felt the Whiskey King was the sure winner. There was a lot more texture going on with the crispiness of the bacon and the creaminess of the cheese etc. He felt the Black Label was too monotone.

I, on the other hand felt the Black Label won out. Yeah, I dug all the texture going on with the Whiskey King, but I felt the flavor of the meat on the Black Label was far too superior than the Whiskey. Not only that, it's just a better deal. $26 at Minetta gives you a delicious burger with a side of exceptional fries. $26 at Village, just gives you a burger. Fries are extra. 

Ok, ok, I know what you're gonna say next. You get a slab of foie gras on the Village Whiskey burger! Yes you do, but what's the point if it gets over powered by the flavor of the burger and bacon and blue cheese...

Foie gras just doesn't belong on a burger. It needs to be enjoyed on it's own.

Alright, enough about the burger. What about everything else?

Village Whiskey doesn't take reservation, but that's because the place is small! When we got there, there was a 45 minute wait, which we were ok with. They take your name and cellphone number and actually send you a txt message when your table is ready, so you can leave and wander around the surrounding area while you wait for your table. When you're table is ready, they will hold it for 15 minute, so you don't have to make a mad rush to get back. I thought this was pretty cool.

I was in the mood for trying one of their shakes, so we decided on the Irish Car Bomb. It was smooth and creamy and the piece of frosted chocolate cake garnish was exceptional. If I wasn't so full after my meal, I would have gotten more of that cake for dessert!

We also got an order of truffled cauliflower pickles as an appetizer and shared and order of duck fat fries to go with our burgers. 

The pickles were great. The right amount of sweet and sour. It was accompanied with bread, butter and an olive tapenade.

The duck fat fries were just ok. Tasty, but I didn't see a difference between them vs fries fried in any other kind of oil.",Downtown,Village Whiskey,18.49,1.86,10.1,1,46-55,,Hispanic
K21OJAwMT36-7Vy-DeCosw,Customer_7131,2017-03-06 02:49:25,1.0,"I was in the mood for Capital Grille's burger and decided to switch it up and try here, the unknown quantity. First, I ordered a highball after reading a compelling article on them in Bloomberg Pursuits. I had to wave the bartender down after sitting at the bar, ready to order for 10 minutes. With my menu closed. You would figure that a bartender that takes his craft seriously and works at an establishment with WHISKEY in its name would be experts in all things whiskey, but he didn't and quizzically asked to see my ID upon my obscure order. I had to tell him how to make the drink- it was mediocre. 

I then ordered a burger medium rare with cheddar and jalapeño bacon, which took about 40 minutes to come out. When the burger finally came out, I had to wait another 2 minutes to get the bartender's attention for ketchup. When I finally bit into the burger, it was well overcooked and tasteless. I struggled to eat 3/4 of it and finally put the burger down because it was unsatisfying, to say the least. I did not even bother to complain, as I did not want to spend another 40 minutes waiting for another meal tonight. 

I came here hungry and thirsty, and left without either. For the wrong reasons. This meal was underwhelming. The bar tenders were more focused on washing glasses and dishes than tending the bar. I did not leave a tip because neither food nor service deserved it. I have never given someone a $0 tip before and my standard tip is 20%. That carries credence about how unimpressed I was by Village Whiskey. You should be able to expect a certain level of quality out of a $20 burger. Should have gone with the known quantity.",Downtown,Village Whiskey,32.91,4.33,13.2,2,56-65,,Native American
ZT6VesWqtIYCRrSCKeW80A,Customer_6509,2013-01-04 22:22:38,4.0,"Whiskey is my drink of choice, and as you could guess Village Whiskey has them all.

Great atmosphere to go relax, sip a fine whiskey or scotch, and talk with the local crew.

The burgers get all the attention they deserve, and yes, they are on the pricey side, but you knew that before you walked in. It's Garces, you pay, he delivers.

-John Wiederman The pasta was particularly good.",Downtown,Village Whiskey,62.94,25.18,40.0,1,36-45,Non-binary,Native American
HrsJkjnKFNq6w3gwPQCIxg,Customer_5895,2017-07-22 22:33:36,3.0,Good Drinks I found burgers to be over priced and every thing was a add on they also came with no french fries and started at 12 dollars. Duck  fries were very good and their service is exceptional. I will skip the burger next time not worth the high price,Downtown,Village Whiskey,27.94,2.8,10.0,6,56-65,Female,Caucasian
uHRHfPn8e-9Wrju0icG2LA,Customer_7620,2011-07-12 05:00:03,5.0,,Downtown,Village Whiskey,31.16,7.79,25.0,3,65+,Female,Caucasian
QKaarIFgn1A0vyq3-4Zr9Q,Customer_5250,2014-07-29 00:09:55,4.0,I come here for the duck fat fries with short rib. Everything else doesn't matter to me. Those fries are all I care about and are enough to get my undying devotion.,Downtown,Village Whiskey,24.08,8.43,35.0,1,46-55,Male,Asian
66pvqM4oSfhv4ljb-Y616g,Customer_9759,2011-04-24 23:40:57,4.0,"Celebrated a post Phillies victory here last week. I hadn't been in the Rittenhouse Square district in a while, so I asked my friend if we could eat in the area. 

The place was a lot smaller than I imagined, but I loved the ambiance of the bar/restaurant- small booths and high top tables, the subway tile, the old school looking bar. 

Our server was very friendly and started us right away with plenty of water. It was amazingly hot that day, so we both passed on drinks. We had taken a look at the menu while at the game, and we were intrigued by their pickle menu. Our server suggested the turnips and kale, and we decided to go with that. The mason jar full of pickled turnips and kale, served with creamy ricotta and olive tapenade was just what we needed, since we didn't have a big meal during the game (and we were pretty hungry). The ricotta spread was creamy, and though I am not a huge fan of olives (i avoid them usually) the tapenade was soooooo good- briny and just enough olive, but smooth without being too overpowering. 

My friend got the veggie burger, and I got a regular burger and we split an order of their duck fat fries. The burgers came out promptly and I loved that mine was this perfectly shaped patty, cooked to order, and I loved the thousand island dressing as the condiment. My friend's massive veggie burger looked good too- it was topped with tons of avocado. The fries were soooo good too- crisp and salty, thick and substantial, without being too greasy. We ate the last crumb!

Our bill was reasonable, considering we didn't have any alcohol- 35 bucks. I definitely will return on a future trip to Philly, perhaps for fancy drinks.",Downtown,Village Whiskey,31.65,5.92,18.7,3,46-55,Non-binary,Native American
0Og33jITAMesSKgPLNtkKg,Customer_3967,2011-03-31 01:07:13,4.0,,Downtown,Village Whiskey,25.62,4.66,18.2,2,46-55,Female,Native American
G9_2vWn3e7zdTz2MUq6iAA,Customer_3999,2014-01-19 19:19:51,1.0,,Downtown,Village Whiskey,32.09,11.23,35.0,2,65+,Male,Asian
Rd8myWcs4OKHNsor6YRVOA,Customer_6031,2016-11-11 22:10:06,3.0,"If you are someone who loves putting fancy toppings on their burger, Village Whiskey is your place. And if you are someone who loves over-the-top fries, even loading them up with cheese and meat, Village Whiskey is your place. If you are like me, and just want a simple cheeseburger with salted fries, Village Whiskey is NOT your place. 

Now, what I do really like about Village Whiskey is their pickles. They are the perfect combo of sharp, salty, and sweet. The pickles come with thick slices of bread, the most luxurious butter-like dairy product (It seems too good to be butter, yet it's obviously not margarine and is probably just really good butter), and tapenade. I especially love their beet pickles.

I have also gone to Village Whiskey a few times for cocktails. While I believe they are typically full on weekend evenings, I have never had a problem finding a seat on a weeknight or after dining hours on a weekend. The cocktails are well-crafted.

So to sum it up, over-the-top burgers and fries (good or bad depending on your preference), fantastic pickles, and solid cocktails!",Downtown,Village Whiskey,13.07,1.54,11.8,4,36-45,Non-binary,Native American
CAhkF9LmoQJjCn5eaDC4zA,Customer_2929,2010-11-23 22:24:50,2.0,"We decided to eat late lunch here on a Friday, after visiting a nearby museum.   We were asked to wait at the bar for a table and probably would have waited even longer had we not taken the initiative to ask the  hostess again to seat us at one of the open tables (""Oh yeah, sure, go ahead..."").   I was pretty excited about this place having read all the rave reviews.  We ordered some drinks and deliberated long and hard on what we wanted our burgers to look like.  I opted for mushrooms & fried egg on mine, and husband asked for crab salad on his.  We patiently munched on tater tots as we waited for our burgers and fries.  When these hefty sandwiches finally arrived at our table, we oohed and aahed a bit before digging in.  The first bite was quite tasty I'll admit, the patty nicely seasoned.  Though I ordered mine medium, it came out medium rare.  A couple more bites and the whole thing just started to fall apart.  Before long, the burger was swimming in a pool of meat juice and egg yolk, not the most appetizing thing to look at.  I didn't manage to finish mine, but I liked it well enough.  
I think that  the main problem, though, was that we weren't blown away by any aspect of the meal.  It was just... nice.  I don't know if I'm comfortable shelling out close to $70 for burgers  for two (with a couple of cocktails & potatoes on the side) and have it be just NICE.",Downtown,Village Whiskey,17.68,3.89,22.0,2,,,Hispanic
wC4tWvlttcVCV-m1-Ja49g,Customer_7253,2015-12-20 23:03:57,3.0,"I've been to Village Whiskey twice; once in 2012 and I just returned in November 2015. After my first experience I ranked the burger pretty high. A lot has changed since then. Shake Shack came to town (literally right across the street) and I've eaten numerous delicious burgers. Returning around 5:45 on a Friday we were lucky to score seats at the end of the skinny counter in the back of the restaurant. It is very tight quarters and there are no hooks for purses or coats. We started with the fried shrimp as an appetizer. The portion size allowed an easy split between two people. They were small shrimp served with a dipping sauce with a bit of a spicy kick. I had the village burger and added cheese for an extra $2.50 accompanied by duck fat fries.  The burger was decent, but I would not longer suggest it is worth the wait or the cramped quarters if you don't have a table. The service was shotty, as we had to constantly ask for refills on our water and diet cokes. We didn't even have drinks when our entrees arrived. They don't take reservations so it's really luck of the draw coming here. The salad was particularly good.",Downtown,Village Whiskey,18.89,2.76,14.6,3,46-55,Male,African American
Npme4LIYYGdX2P5Qmo1K0Q,Customer_8496,2013-09-04 21:57:44,4.0,"Came here to grab a drink with the girlies. There were easily available seats at the bar. I asked the waitress to recommend me a spicy whiskey and she brought out a more-than-your-average shot of liquor on ice. I loved it. It went down well and I'll be coming to this bar when I visit Philly again.

Excellent service! The wine was particularly good.",Downtown,Village Whiskey,28.74,8.37,29.1,2,,Female,Hispanic
1rY3Cpe65PAK_swgMYnI5A,Customer_3897,2012-10-09 16:45:19,4.0,"This is one of our frequent late-night stops, after we've gotten tired of the loud bars and are looking for a more quiet but still lively place to wrap up a night. We always go on Saturday nights and have never had to wait for a spot at the bar.

I actually don't drink liquor, so village WHISKEY may seem like an odd choice of locations, but they have a fantastic beer selection too. Honestly, I stopped here because it's a Garces joint and I would drink toilet water if he put it in a bowl with some cilantro. Plus, my boyfriend loves their whiskeys. And so do the other guests, which makes this place so fun: the last time we were there we ended up joining booths with our neighbors so that we could all talk about the restaurant and their liquor choices. It's a very cool, very like-minded crowd.

Food wise you can't go wrong with duck fat french fries. I feel like I don't even need to say that, because come on... duck. fat. french. fries. We also go for the cheese puffs on their late night menu as well: a hot pan of ping-pong ball sized bread balls coated in cheese and broiled and delicious and... oh boy now I'm, hungry.

And if the other reviews aren't clear enough... their burgers will have you singing hymns of praise to the meat gods.",Downtown,Village Whiskey,13.46,2.85,21.2,2,18-25,Male,
Ae-BMyJd8HyDX0rApWBRHg,Customer_3762,2012-05-08 21:14:02,2.0,"Whoa, I was so excited to try Village Whiskey after reading so many good reviews about the burger from my Yelp family!

20 minutes after finishing my meal, I am beginning to give some family members the side glance because they definitely hyped it up...

I had the whiskey burger, with no thousand island dressing, and lettuce and tomato. The burger meat is tasty. I was impressed because it had flavor, subtle, but it's there. But I swear it tastes like the burgers I make from ground beef I buy at the grocery store. 

The 2 stars come from the tater tots. Those are not tater tots. It's like little balls of tasteless mashed potato. The sauce that accompanies it is ok, but it's flavor is subtle, which makes it a poor pairing with tasteless tater tots. 

All in all, curiosity has been satisfied but not much else.",Downtown,Village Whiskey,30.75,7.42,24.1,2,26-35,Prefer not to say,Hispanic
VyM3mJftow_3jTfEg2wIsw,Customer_8035,2015-11-20 15:53:46,5.0,"Man like burger. 
Man like whiskey and cocktails. 
Man like good service. 
Man no like hard to get a seat...Too popular...


This is Jose Garces concept of a rustic fancy pants burgers saloon.  Yes, I said fancy pants! 

Been here a few times and I have not been disappointed in any of there burgers.  Nothing bad to say except it's small and a seat is hard to get but that is what happens when you have it all on point. Hats off. 

Talk to the bartenders, always something to learn about the booze. New combinations of burgers are always on the special menu as well. 
Cheers.",Downtown,Village Whiskey,56.29,8.56,15.2,3,46-55,Prefer not to say,Caucasian
-tZgVl1efVRFfZiaChUgWg,Customer_1230,2013-03-27 04:47:56,4.0,Best truffle fries ever. Their jalapeño hot lips drink is great too. They gave us a free round of drinks because we had to wait even with a reservation. The appetizer was particularly good.,Downtown,Village Whiskey,12.6,2.47,19.6,1,,,Asian
tPnSdaO7kq4k4h9aUSt4IA,Customer_4707,2010-12-01 16:24:13,5.0,"Ok I LOVE VILLAGE WHISKEY!  Three reasons.  

1. The best damn old fashioned on the planet, no fruit cocktail here!  Just 100 proof bourbon, lemon ice sugar cubes and their house made bitters!  They stir, add, stir, add till the bourbon expands upwards - takes about 12 min!!!  Worth every penny.

2.  THE BAR STAFF IS FABULOUS!!!  My personal fav is sasha, she has my old fashioned started when i walk in the door.  All of the bartenders are awesome.  They will show you how to make drinks, answer questions about the bourbon at length and take care of you like no one else.

3.  THE BEST HAMBURGER IN TOWN!  No lie.  Free range angus.  Its worth every calorie.

Ok the con - the small space.  With product and service this good it was silly not to have made the place bigger.  They did it intentionally but it was really a bad idea.  Why they couldn't have made it bigger and tinto smaller or even put tinto elsewhere i really do not know.  

They loose business more and more because people can't stand the crowds and the wait for a table.  A place that small really needs to take reservations.  I myself always go there first and am frequently disappointed that there is no space.  Its just awful.  

That said - if you go at off hours you may have luck.  To this day i have never sat at a table.  So one or two friends going is good. three is pushing it.  A large group - take them somewhere else.

COME ON JOSE - WE LOVE IT - EXPAND INTO TINTO ALEADY!  We have tappas elsewhere in philly no one has what you offer at village whiskey! The tacos was particularly good.",Downtown,Village Whiskey,24.97,3.49,14.0,2,36-45,Non-binary,African American
XRFqHniz1TMKyqTRE4ViJQ,Customer_6015,2013-02-02 22:54:09,4.0,"Hands down best burger in town. Four stars because they only have a few tables. Very tough to get a seat on any night. Chicken sandwich is also ridiculous. Next time I will try something new, but can't keep ourselves from these two amazing dishes. Great craft beer too!",Downtown,Village Whiskey,56.74,12.98,22.9,8,,Male,Native American
7H6BE8N1gCytLxxSOe5U8A,Customer_8469,2014-04-20 21:13:59,3.0,,Downtown,Village Whiskey,43.42,9.05,20.8,2,56-65,,Mixed
JEhLCAlXG58CnTf7tfebTw,Customer_3192,2014-03-17 22:39:49,3.0,"I used to think this place was so amazing.  I used to think that no one could make burgers as good as them.  I used to think that it was warranted paying $65 for two drinks, a burger, and some fries.  I used to think all of these things.

Places that are so busy all the time lose something.  Village whiskey is expensive.  It's not necessarily too expensive.  I just don't think the quality matches the quantity of bills I spend there.

On my day off, I sit around here and think, 'Where am I going to eat today?'  I can spend $7 on excellent Pho.  $15 on Dim Sum.  $20 at Han Dynasty...  or I can spend anywhere from $40-$80 at Village Whiskey and probably get worse service.  Don't get me wrong, they serve great burgers.  My advice is to try it once or twice, have a well made manhattan, get your fill and don't go back.  For someone that eats out constantly, this place is simply not worth it.

If you want two craft beers and a good burger for 26 bucks go to Side bar in West Chester.  They have a burger called the inferno burger, it has raw jalapeños and cheddar cheese on the inside with a chipotle glaze on the outside -screw what you heard.",Downtown,Village Whiskey,56.43,7.05,12.5,2,46-55,Non-binary,Asian
oahIgpIcTzViVw7dQMXpLA,Customer_7609,2011-08-01 04:21:02,5.0,"I'm not even sure I can begin to describe how good a meal at Village Whiskey is!

First off, let me mention that my fiancee and I got here on a Saturday around 7:00, and while we expected there might be a wait, we had no idea it would be and hour and a half wait! Strangely, though, seating outside was available right away, so we were more than happy to take it!

As with most people, I had heard about this place from a friend and had been wanting to try it for a while. My fiancee, being a vegetarian, has been on a kick to try as many different veggie burgers around the city as she can. 

I really wanted to order a glass of whiskey here, but decided to go for a beer instead figuring it would go better with a burger than a glass of whiskey (which I prefer without any food). So, I ordered the IPA they had on tap, which I should mention was one of the best I've tasted. For dinner, my fiancee ordered the veggie burger (no surprise there) with sautéed onions and fried egg (she's a vegetarian that eats eggs...) along with vegetarian fries, and I ordered the village burger (medium) with sautéed onions and the cheddar cheese along with the duck fat fries.

The burger was hands down THE BEST BURGER I HAVE EVER TRIED. The meat was cooked perfectly, had the right amount of seasoning and flavor, and the toppings (including their house thousand island dressing) all went together perfectly. And somehow, even though it was a standard sized 8 oz burger, the thing felt like it was 16 oz, nonetheless I ate the entire thing! As if this was not enough, the duck fat fries were incredible; and yes, I ate all of them as well...

I would be amiss if I did not also mention on here that the veggie burger my fiancee got was also very good, according to her it was the best she has tried as well. So for, those of you who are burger lovers, either standard beef or vegetarian, Village Whiskey is a place you MUST try.",Downtown,Village Whiskey,17.52,3.18,18.2,1,26-35,Female,Asian
i-lZBaG4QzdHYcxwpgJRXg,Customer_9267,2012-03-01 04:59:48,5.0,,Downtown,Village Whiskey,17.01,2.53,14.9,2,36-45,Male,Other
UfQWbf7bKEn9yq75xX2AKA,Customer_5190,2011-07-30 21:10:24,5.0,,Downtown,Village Whiskey,35.5,6.98,19.7,2,56-65,Male,Caucasian
bP-mEV0IALKqnqiYeyy9bg,Customer_1323,2013-12-10 16:49:41,4.0,"I finally was able to get a seat here but at the bar. Every time I come here it's always packed and you can never get a table. I don't think the food has anything to do with the availability of seats. This place is really small but very cozy, specially on a cold Saturday afternoon. 

I had the Village Burger then to add toppings such as cheese, bacon, mushroom, etc you have to dish out anywhere from $2 to $5 additional dollars each for each topping...a little too pricey, I think. So, I ordered the burger with bacon, didn't even add the cheese, well cause I'm not a cheese fan. The burger was delicious but I wouldn't say that it was the best burger in Philadelphia. I would eat it again but I can't label it as the best burger. 

We ordered the lobster mac n' cheese and it was very yummy, now that is one of the best I've had in Philly so good job! 

Every time we come here to try to get a table, the hostesses are NOT the friendliest people working up front. Smile, you are the first impression we get about this restaurant!",Downtown,Village Whiskey,37.93,4.6,12.1,3,18-25,Prefer not to say,
vZ1lmvgjYbQFze_70i6-5Q,Customer_8772,2012-05-31 13:48:04,5.0,"One of the best burgers of my life. Paid extra to add bacon and avocado and they put a lot on, and bacon was perfectly cooked. Good beer list too!",Downtown,Village Whiskey,13.49,3.56,26.4,2,26-35,Male,Native American
HkY5C3PaI5bto2WvMTfBPw,Customer_5423,2009-10-17 17:28:16,5.0,"Several friends and I continued our mini-pub crawl of mixology bars (begun at Franklin Mortgage and Investment Co.) here. Good move!

We parked it at the bar and got the show from Sasha, the bartender, who kept up friendly banter with us even as she concocted a variety of beverages throughout the course of our stay. 

The cocktail menu was fairly extensive, broken down into Prohibition- and Repeal-era drinks, not to mention long lists of bourbons, ryes, and scotches. I ordered an Aviation (a drink I make myself, with my own brandied cherries, but here they do it the right way, all out with Creme de Violette to tint it blue like the sky; Sasha let me take a look at the bottle, perhaps to know that it wasn't some awful curacao!) 
For another friend she created a drink with Art in the Age of Mechanical Reproduction's Root liqueur (which is made with the roots and herbs used in old-fashioned root beer), chocolate bitters, seltzer and orange. 

We also partook of food here: First, duck fat fries (which have been a trend in Chicago, where I live, for at least a year, but I'd never had them; I'd never eaten anything involving duck before this, so now I suppose I have lost my duck fat innocence). These were thick-cut, rich in taste [gratis the duck fat, one presumes], not actually greasy, but definitely better when ordered with the cup of cheese sauce on the side. 

We also got soft pretzel sticks, which would have been fine but not especially remarkable without the mustard sauce (which had a distinct taste of raspberry, to my mind) pooled in the cup underneath them.

Overall, this was a friendly place with fab drinks and great food. I wish it was in my city. The wings was particularly good.",Downtown,Village Whiskey,30.83,5.7,18.5,6,65+,Female,Other
zaYPB8sEL2ZnIInmOl0VVw,Customer_2718,2012-07-03 13:40:12,5.0,,Downtown,Village Whiskey,17.79,3.68,20.7,2,56-65,Male,Native American
DMw2FB_pCDYmYGYEL_8smg,Customer_4272,2010-03-31 18:10:43,2.0,"Went on a Wednesday night 7:30-11:00m and am sorry to say, it was a total disappoint. The girl at the front door, was unfriendly and unhelpful the bar staff had attitude and when I asked a server on a table update (since we had been waiting for over 2 hours) he got confrontational. I can't believe we even stayed for the food. 

The place looks cool, but if I'm looking for that kind of service, I'll move back to NY.

Total disappointment...wish it hadn't been . The fish was particularly good.",Downtown,Village Whiskey,15.78,2.12,13.4,2,,,Asian
w6EG0tWKer46YApnR5XaFA,Customer_3627,2013-11-15 15:25:54,3.0,"Went here on a Wednesday night, it was packed!!! The wait was 30 minutes, so in the meantime me and my mister had a drink. Once we got seated and ordered, the food was out in no time. We both had burgers and duck fat fries with short ribs to share. Everything was delicious, the fries were crunchy (I guess that's part of the dish, right?). Perfect for a little date night. Coming back for sure! I gave 3 stars because it's soo tiny in here..",Downtown,Village Whiskey,26.04,3.73,14.3,3,46-55,Female,
Ygqi2jUd2RaGGzHtRTJ4VA,Customer_2458,2012-11-06 03:33:15,4.0,"i just love a good burger!
its done right if its cooked to the perfect medium I ordered.  patty was thick and juicy. fat was dripping out.  thousand island sauce adds to the extra fattiness. bun was lightly toasted and oily.  everything was fatty!

tator tots was soft and crunchy and, again, greasy.

a little on the greasy side for me....but for others, thats what it is all about.
ive had burgers multiple times this week, and within the week, the village burger was the best of the ones i had The ribeye was particularly good.",Downtown,Village Whiskey,46.38,18.55,40.0,4,65+,Prefer not to say,African American
eaVTItqxv6WZz-tZHGHi8Q,Customer_9383,2014-01-19 21:58:02,4.0,,Downtown,Village Whiskey,14.48,2.38,16.4,8,65+,Male,Native American
gwMKPLtwDKSaKCtCd58kLQ,Customer_5850,2015-07-07 01:51:41,4.0,"Three friends and I went to Village Whiskey for an early dinner on the 4th of July 2015. I am new to Philadelphia, so a friend selected the restaurant. It is on the small side but has great atmosphere -- a nice old bar with plenty of mirrors, calm bartenders who seem to love their jobs, good music, and not one single TV to harsh my mellow. 

To start, we ordered the excellent pickled beets and 2 orders of the duckfat fries which was a good, if generous, slate of starters. The pickled beets were fantastic -- really fresh tasting, perfect sourness, and served with some perfectly crispy crostini, olive tapenade, and whipped butter. The fries were hot and tasty, but not for me. I prefer thinner fries and their fries are thicker, steak-style fries that tend to be a little mushier inside. For steak fries, they were good, but not for me. 

All four of us ordered very different items. I had the veggie burger, my boyfriend had the pork sandwich, and we had the sort of ""deluxe"" burger with fois gras as well a more standard burger by the last member of our group. All were pleased. All were almost sickeningly full, but that's likely our own faults for ordering hefty starters at a place with generous sandwiches as the main offering. I did not order a cocktail or beer because, honestly, I was feeling cheap and cocktails are $12 and small. That said, the offerings looked top quality and the bartenders looked skilled enough to warrant a very pricey cocktail. Overall, I was impressed and plan to go back. Perhaps JUST for cocktails at that pretty bar.",Downtown,Village Whiskey,25.93,5.68,21.9,4,18-25,Male,African American
GBT6wkv1fUaKBL9ikqU4lQ,Customer_5760,2013-01-28 20:19:40,5.0,,Downtown,Village Whiskey,79.72,15.92,20.0,1,65+,Non-binary,Other
5v--rq_nO6J4owN5FgmQSA,Customer_2556,2011-03-23 13:32:23,4.0,,Downtown,Village Whiskey,19.2,3.8,19.8,4,18-25,Male,African American
12qoxVIf9SsG_R8zzXhuIw,Customer_8171,2011-08-27 20:50:14,5.0,"Been here twice, and this is def the best place I've found so far to get  fatty, fancy'ed-up burger. The Whiskey King is abs ridics - in a completely, totally good way. The regular burger is just as yummy as well. And the duck fat/shortrib/cheese smothered fries?? Just....wow. I had to spend an extra hour at the gym to feel normal again. 

To be clear - the space is small, the wait can be ridics on a wknd evening (and no resos) and I don't reco going with more than 2-3 peeps. Great date/dinner place. The appetizer was particularly good.",Downtown,Village Whiskey,35.62,12.47,35.0,1,65+,Male,Mixed
UfQWbf7bKEn9yq75xX2AKA,Customer_3996,2011-07-30 21:10:24,5.0,,Downtown,Village Whiskey,40.34,5.1,12.6,2,46-55,Prefer not to say,Native American
VT8uhcmIbw6oPiTHZ3zgww,Customer_8835,2015-12-06 18:03:26,4.0,,Downtown,Village Whiskey,16.02,1.41,8.8,2,65+,Female,Hispanic
qOGYefxJB5ux5Vy2AWxpJA,Customer_3611,2011-09-28 05:23:44,4.0,Great bar to meet up with friends and the bartenders are fast and attentive. I want to go back right now.,Downtown,Village Whiskey,32.23,9.28,28.8,2,56-65,Prefer not to say,
GSEvZAKL7Ubil3hxu1lSNQ,Customer_1472,2013-07-15 17:33:20,4.0,"Wish I was hungrier or else I would have eaten one of those amazing looking burgers in a second!  Duck fat fries, sign me up!  The only food I tried were the deviled eggs which were great and the drinks were awesome.  Cool place but small so get here early or make a res.! The appetizer was particularly good.",Downtown,Village Whiskey,14.2,2.55,18.0,8,,Female,
QC25Y0nZ33nf5-Rmho0QWw,Customer_2850,2017-06-17 19:20:40,4.0,,Downtown,Village Whiskey,38.02,6.11,16.1,5,46-55,Male,Hispanic
UqZyX64mgw1vJ1ffnxODjA,Customer_9598,2014-10-11 12:54:43,4.0,"There is a great selection of whiskey/bourbon to suit anyone's taste. We had burgers with the fried egg on it and it was soo good and probably one of the best burgers I've ever had. The duck fries are a MUST if you come here. It is a cute atmosphere although we went with a party of 4 and it was a tad awkward the way our seating was and made it difficult to have conversation with everyone at our table. Overall, a nice place to go. We will be going back. The ribeye was particularly good.",Downtown,Village Whiskey,31.53,5.8,18.4,2,56-65,,Asian
Ushgw3aPrNLCzTRuM8rglg,Customer_6542,2016-02-18 01:49:17,4.0,,Downtown,Village Whiskey,23.79,4.96,20.8,2,65+,,Hispanic
MBogn-UU9V5SWtdCT1x2Iw,Customer_8895,2012-02-03 19:31:24,5.0,"One of my favorite spots for lunch or an after work bite.  I always sit at the bar and the female daytime bartender is awesome.  Sorry I can't remember your name.  The food is delicious and the portions are generally too much to handle (in a good way).  At the end of the day, the cocktails are my favorite menu item.  Each cocktail mixed, muddled, and stirred to perfection.  Their Old Fashioned cannot be beat!  I am a huge fan of this place.  You actually don't mind spending $12 - $15 for a cocktail here.  Fantastic place and a huge selection of scotch, whiskey and bourbon.",Downtown,Village Whiskey,33.74,5.78,17.1,2,65+,Prefer not to say,African American
CQhi5XMGr8B8sbQbNyeO7A,Customer_1894,2017-05-27 12:21:58,5.0,,Downtown,Village Whiskey,17.13,2.2,12.8,6,26-35,,
k9HuY8SCh3K7vqjkQihSHg,Customer_3709,2012-06-26 16:18:52,5.0,,Downtown,Village Whiskey,48.2,11.29,23.4,1,46-55,Non-binary,Asian
CeVlqnCX2tzeJh_vmIariQ,Customer_4648,2015-09-28 15:39:21,4.0,"Id give this closer to 3 stars based on my experience but I did not in fact get their burger that everyone was raving about, so I don't want to drop their rating without having tried what they're known for. 

We had gotten the shortrib/cheese duck fat fries which were a lot to handle but tasty and full of flavor of course. I had also gotten a veggie burger not being in the mood for more grease after the fries but it was not the best one I've had by any means. It was pretty dry and primarily beans that kept falling apart with every bite, but luckily there was some guac to make it better. We had also gotten a baked alaska for dessert and it was frozen rock solid which was very difficult to eat. 

Service was a little spotty. We were sitting outside and our server was just standing at the door watching us a lot of the meal which was a little uncomfortable and she also forgot the extras I had added to my veggie burger but we still got charged. Everything came out quick though and everyone was nice and attentive, it was just not as wonderful as I expected based on the reviews. I'll have to come back and try what they're known for and see if it's better. The wings was particularly good.",Downtown,Village Whiskey,31.7,9.51,30.0,4,46-55,Prefer not to say,Asian
mhDalOn-tH72RBHBNDmyrw,Customer_8341,2014-10-29 14:21:53,4.0,"Simply put: the Whiskey King is a great burger. The wait for it begged the question ""How much longer before we say something?"" Twenty-six bucks for a burger is excessive, but this a rare treat not a regular indulgence considering the potency of its artery clogging attributes.",Downtown,Village Whiskey,21.52,3.88,18.1,2,46-55,Prefer not to say,Mixed
rUse_56onI85b4dLRaQaAQ,Customer_1291,2016-10-01 22:52:06,4.0,"Very cool atmosphere in Philly! We came here on a weekend and the wait was going to be over an hour. We came back during the week and there was still a wait for a table but the bar was open. Honestly we probably had more fun sitting at the bar than if we had a table. I got the veggie burger and my BF got a regular bacon cheese burger. He enjoyed his burger and ranked it in his top 5. I enjoyed the veggie burger and it was quite large, but I quite honestly was wishing for more sauciness or some moisture. I would not say that this was the best veggie burger I have had and for the price I was slightly disappointed. I did, however, immensely enjoy the tater tots! They were crispy on the outside and like mashed potatoes on the inside! Whatever sauce they give you to go with it was delicious as well! All-in-all, I enjoyed my dinner at the bar at Village Whiskey. It is a bit pricey, but if you can swing it I don't think you'll be disappointed!",Downtown,Village Whiskey,12.97,2.09,16.1,1,46-55,Male,Caucasian
CeghqXi1jsffsdg5Xxl5sA,Customer_5990,2012-09-13 22:08:52,4.0,,Downtown,Village Whiskey,15.22,2.78,18.3,6,56-65,Female,
lzIb1EExPFNSoFhhbV0edA,Customer_6953,2010-03-21 16:18:47,5.0,,Downtown,Village Whiskey,32.58,2.93,9.0,2,,Female,
PYjHU3K2VWaRWNSwWxsBRA,Customer_8751,2017-02-10 16:31:08,5.0,"I come here for the best burger in Philadelphia. I love their whiskey burger. Their french fries are delicious but you have to order them as a side (they do not come with the burger order).
It's by far the best burger in the city. 
Seats are limited in the winter. Summertime, they have outdoor seating.",Downtown,Village Whiskey,18.09,2.41,13.3,3,36-45,Prefer not to say,Hispanic
vfxOfaKH9YUE-Dg3C3JAag,Customer_1035,2013-11-16 15:05:35,4.0,"Only reason not 5 stars is we had a 2 1/2 hr wait, but we soon found out why.... Actually two reasons, 1) it's a great spot, 2) they have only a handful of tables.  Definitely worth the wait.  While we did wait, we each partook in a sazerac, that would knock your socks off.  Finally tabled, like true Americans, we all ordered burgers.  We each said ""this is the best burger I have ever had"".  The duck fat fries and tater tots were all very good.  It's no wonder Jose Garces is so well renowned.",Downtown,Village Whiskey,23.26,4.82,20.7,3,,Non-binary,Mixed
cQht6PYoDo2txheQ2CzIRA,Customer_1750,2011-07-05 16:01:58,4.0,,Downtown,Village Whiskey,13.17,2.23,16.9,1,46-55,Female,Other
w8LtqImdY_e0oJGRf2D_6A,Customer_4072,2010-03-21 13:23:58,1.0,"I wanted to like this place. 
It was nice inside- an ok menu. However the atmosphere was lacking-perhaps because it was full of rude wannabes. 
We ended up walking out after a ""patron"" refuseed to move her bag to allow us to sit.",Downtown,Village Whiskey,52.68,8.0,15.2,1,,Prefer not to say,Asian
O8QsT_kErDDHZYzZcNblTQ,Customer_6536,2016-02-12 16:05:00,5.0,"30 minute wait for 2 at 8pm on a Thursday night. Not bad. Nice hostess and waitress. Lovely atmosphere, but a little cramped. The deviled eggs were the best deviled eggs I've ever had. The fried pickles were also amazing. The burger though, was incredible and probably one of the best I've ever eaten. It is expensive, though. The duck fat fries were outstanding also. I randomly ordered the Brooklyn cocktail because I know nothing about whiskey, and it was strong, and good. Overall an amazing experience, and a little pricey, but you get what you pay for.",Downtown,Village Whiskey,20.36,3.04,14.9,3,46-55,Male,Hispanic
BY8rssHjpYSqaO54vemC-Q,Customer_8381,2013-10-26 13:19:51,5.0,,Downtown,Village Whiskey,21.49,3.89,18.1,8,56-65,,African American
mZ7Gbpr7RV4ryVI-BLLY0g,Customer_1071,2017-05-02 20:19:50,4.0,,Downtown,Village Whiskey,17.37,3.51,20.2,2,18-25,,Other
9Feegwk1Jbiyo-i_-ZvUlw,Customer_8912,2015-06-21 20:37:45,5.0,,Downtown,Village Whiskey,45.34,0.0,0.0,3,65+,,African American
JEhLCAlXG58CnTf7tfebTw,Customer_3103,2014-03-17 22:39:49,3.0,,Downtown,Village Whiskey,6.97,1.58,22.7,1,65+,,Mixed
OhVYCSDp2u9mehktbrjT7A,Customer_5067,2015-12-20 19:48:56,1.0,"The service was uninviting and made my group feel unwanted.  When we arrived it was towards the end of the brunch on Sunday.  The host was not friendly and gave the feeling of us being a burden to them. Once pointed to self seating and having a seat, the waitress brought waters but we were left without menus.  I went to the front to inquire about menus but the waitress has jumped in front of me after over hearing my wife ask me about the menus.  I apologized and told her we didn't know if we were suppose to get our own menus or if they would be brought to us.  She just stared not indicating anything.  I just walked back to our seats with her where she handed us the manus and then walked away again not saying anything.  After sitting for a few minutes my wife and I didn't know if we were suppose to order at the bar or with the waitress and at this point I was annoyed with the service and decided we should just leave.  I will never go here again! The salmon was particularly good.",Downtown,Village Whiskey,23.44,5.38,22.9,2,36-45,Non-binary,
_JWxuFIAnQDKGPXQ-avbhw,Customer_3263,2017-12-30 18:34:47,4.0,,Downtown,Village Whiskey,13.93,1.25,9.0,4,65+,,Native American
w8LtqImdY_e0oJGRf2D_6A,Customer_9975,2010-03-21 13:23:58,1.0,,Downtown,Village Whiskey,38.79,8.46,21.8,1,65+,,Asian
vMg4j4YJK2kNFMyPRzcZzw,Customer_5760,2010-05-19 19:21:32,4.0,Went here for lunch today. Burger was still a bit squishy/messy but good. Fries were much better and the cheese dipping sauce was rad. Wish the seating inside was more accommodating for groups of 3+,Downtown,Village Whiskey,18.74,0.95,5.0,1,65+,Female,African American
z3FE92gpbzOKx9odKaBbug,Customer_6281,2012-06-26 22:07:50,4.0,"This place is the tits!

Except for the one bartender. He was more intimidating than the Hulk. Otherwise he seemed to know what he was doing but his intense gaze made me nervous.

The duck fat fries and ketchup were great!",Downtown,Village Whiskey,38.49,5.4,14.0,1,,Non-binary,
qOGYefxJB5ux5Vy2AWxpJA,Customer_7839,2011-09-28 05:23:44,4.0,Great bar to meet up with friends and the bartenders are fast and attentive. I want to go back right now.,Downtown,Village Whiskey,11.93,2.26,18.9,1,,,Native American
-IotvreXxdAYE4BNhv7Nvg,Customer_7920,2012-12-04 17:02:58,2.0,,Downtown,Village Whiskey,15.21,2.71,17.8,2,56-65,Male,Caucasian
seEy4097l_TghJii16Y5zg,Customer_4275,2017-07-20 23:21:24,3.0,"On a recent visit to Philly we were told VW has the best burgers in town.  Good thing the food is good and the service is creative and helpful
because the hostess on duty was in totally the wrong job.  Her arrogance, poor customer service and blatant bad manners ruined our otherwise enjoyable experience.  It was obviously overworking her to get a new flatware service for the table so I hope she finds her next position less tiring. The pizza was particularly good.",Downtown,Village Whiskey,45.47,7.83,17.2,1,,Female,Native American
RVloF0Vtxc9U2ypGUXb5sA,Customer_5835,2010-03-22 21:50:13,3.0,"Ok, I read a lot of hype about this and tried to do my research on what others liked before I had gone... (Duck fat fries and burger)

The burger was good, nothing to rave about and the duck fat fries were ok. I didn't really sense any ""Jose Garces"" touch to either dish besides the high price. What I did like were the pickles and artichokes appetizer! It was a good balance of flavors and went well with cocktails.

I ordered two vodka club with lime where both had flat soda. 

Cool atmosphere and very small! I love Jose Garces restaurants and although this is not my favorite he has, I will come back here again... Maybe just to order the smaller dishes where I know I can most likely taste that Jose Garces touch he adds to his dishes. The pizza was particularly good.",Downtown,Village Whiskey,13.77,2.45,17.8,2,56-65,Male,Mixed
9Ilm4TSXVlnek1hRHNAdhw,Customer_2679,2011-04-25 04:30:17,4.0,,Downtown,Village Whiskey,22.93,6.09,26.6,2,65+,,Asian
nm7K01NxcCt1RrDTfARzDA,Customer_7371,2014-11-12 19:58:12,3.0,,Downtown,Village Whiskey,16.14,1.07,6.6,4,,Non-binary,Caucasian
Ae-BMyJd8HyDX0rApWBRHg,Customer_7349,2012-05-08 21:14:02,2.0,,Downtown,Village Whiskey,17.89,4.15,23.2,3,,Non-binary,Caucasian
D3hY-jJZy68AVKCpgE3n9A,Customer_8259,2011-04-29 01:48:43,3.0,"This is is my first time trying a celebrity resturant.  Jose Garce's restaurant, Village Whiskey, attempts to make burgers with his signature twist.  There are some highlights to my visit but I am afraid the main course, the village burger, was like many gourmet burgers, outstanding, but not a burger that stood out.  

Let's start out with the good: 
Fried shrimp appetizer:  Great crusty batter seasoned with a variety of spanish/ alittle cajun spices.  I tasted the celery seeds, oregano, and basil.  I really like the fried garlic.  It made this dish stood out.  However, the roumalade sauce was pretty standard.  In many ways, this dish reminds me of those delectable mini dishes we find in tapas bars.

The average: 
Duck Fat Fries:  To be frank, I thought the standard criteria for a good fry is for it to be golden brown and crispy.  I was curious how Village Whiskey can control the color and taste of the fries (i.e. like how McDonald control their color with their secret beef tallow/oil ratio)? Since it was cooked in animal fat, it's very hard to control the temperature. Animal fat burns at a much lower temp and has a much shorter usage/mileage than non-animal fat.  The result of this is a darker brown color.  It doesn't taste burnt, but it has that look.    
I didn't taste any of the duck fat attributes in fries until I got out of the restaurant. This is because when animal fat cools, the taste is more pronounced.  (i.e. toast with butter has more butter taste than melted butter on pancakes.)  Perhaps the they need to control the ratio between duck and veggie oil. 

Burger:  I tried to order just the burger (Village Burger) (med rare)  to see what the highlight of the burger is.  Although the meat has a great grind and it was very juicy. It lacked alot of  beef flavor.  Perhaps the type of beef was not right or it didn't have enough beef fat.  Some of my restauranteur friends often admit they add alittle bit of beef tallow or mix other types of beef cuts in their burger meat to add flavor and texture.   The thousand island dressing added a different dimension to the taste of the burger.   The pickle is great!  The last time I tasted such great brine on a pickle was when I was in Frankfurt, Germany during a spring pickle festival.  

Overall, my meal costs $27 + tips.  Service was great, but I thought I would get more out of my $11 burger. I think if I do ever go back, I would try to put toppings on my burger.  Given the appetizer was very good, I would expect the toppings would make the burger better.   But then would you want to rely on toppings to make your burger better? The salmon was particularly good.",Downtown,Village Whiskey,11.24,1.79,16.0,4,65+,Non-binary,Asian
JjvgSgJJirSkTjEJoHnDww,Customer_4170,2010-01-11 18:55:50,4.0,,Downtown,Village Whiskey,73.52,11.01,15.0,3,26-35,Male,African American
Kg7o1SX-pu-0Gacl3FvO6Q,Customer_9418,2015-05-29 04:23:34,3.0,,Downtown,Village Whiskey,28.71,6.31,22.0,3,18-25,Prefer not to say,Native American
i6EoF0KGgfBoQa4wxpEu3Q,Customer_5178,2016-02-13 21:07:26,4.0,"Small, packed venue but the burger was delicious.  I think the duck fat fries could have used some special dipping sauce though. Great selection of whiskeys and you can try a bunch with their flight The quesadilla was particularly good.",Downtown,Village Whiskey,25.4,3.62,14.2,2,46-55,Female,Caucasian
gn3JyIY2mpLWKYdnO3HoGQ,Customer_5934,2016-05-21 18:35:25,5.0,"Absolutely tasty food in a stylish atmosphere.
We enjoyed the Rittenhouse Benedict and the normal burger. Both presented a broad range of different flavors, all in perfect alignment with the bar style and the expectation of high quality food.
The place is rather small and can therefore require some waiting time. The pizza was particularly good.",Downtown,Village Whiskey,26.13,6.95,26.6,3,56-65,,Mixed
rBnkGDScyk_pI74dVoVngg,Customer_9608,2010-11-28 20:01:23,4.0,"Whether you will love or hate your experience at VW will depend on how well you plan for the kind of experience that will make YOU happy. Do you like to be in an ""it"" place? Are you OK with crowds and long waits?  If so, then you'll have a good experience braving VW at a prime time (weekend night, lunchtime). If not, there are plenty of times the bar is almost empty and you can enjoy a relaxing, delicious meal and chat with the bartenders - but you'll need to plan to go at an off-peak time. Some of my best VW experiences have been at 2:30 in the afternoon, stopping in for a late lunch and mid-afternoon drink. 

I've found the bartenders to be professional, knowledgeable, friendly and accommodating in the extreme. They're always happy to recommend a drink - or even craft one specially for me - based on nothing but the most vague suggestions or knowing what I'm having to eat. I am not a whiskey drinker, but even I can tell that the selection is extensive and the bartenders know their stuff. Whether you are a novice looking to explore or a seasoned whiskey drinker looking for a treat, I'm sure you'll find it here. 

The food is very good, although somewhat expensive. My favorite is the pork sammie, which comes with the most incredible fried pickle chips. Although they are only on the menu as an accompaniment for the sandwich, they *will* serve them to you alone if you ask! Which I highly recommend. The first time I ordered the sandwich I was a little disappointed - the meat was overly fatty, and the sauce was overwhelming the bun - but it's improved every time I've eaten it since. The burgers, as the other reviewers attest, are phenomenal. 

You should definitely leave some room to try something from the ""pickles"" menu. My favorite are the heirloom tomatoes - they have a wonderful texture and are bursting with flavor. The artichoke hearts were also delicious. All of the pickles are served with very good ricotta spread, tapenade, and bread. These are some of the best deals on the menu, if you're looking for a small bite, they're perfect.",Downtown,Village Whiskey,20.83,3.94,18.9,1,26-35,,Hispanic
4YgUHz4l5SfpKZIrvILuhQ,Customer_3611,2012-03-06 19:22:08,4.0,,Downtown,Village Whiskey,16.74,4.1,24.5,2,56-65,Prefer not to say,Hispanic
wK4eubUgVfv84Crl1vqhkA,Customer_6437,2010-11-27 21:19:20,3.0,"Would probably have gone four stars , but the duck fat fries were not close to some I've had in NYC.
The burger was very juicy, cooked as ordered and quite large. The BBQ pulled pork with fried pickle was as good as anything I've had when I lived in NC. Service was good and would go back, but wouldn't bother with the fries. They were fairly bland and not real crunchy as I've had at other spots.
Prices are a little on the high side, place is really small, but if you are looking for almost any scotch, bourbon, rye etc., then this a really good place to stop. Enormous selection of whiskeys.",Downtown,Village Whiskey,45.56,6.7,14.7,3,36-45,Female,
YjCs2SHFMnUcM0QUVBoyag,Customer_1144,2017-05-15 18:37:13,2.0,,Downtown,Village Whiskey,19.95,3.16,15.8,1,36-45,Prefer not to say,Asian
SyoAq1Dbg2vSxhwDR-Mw6Q,Customer_4994,2013-10-07 17:53:02,4.0,,Downtown,Village Whiskey,45.23,18.09,40.0,2,36-45,Prefer not to say,Hispanic
mBa-FFbSQ7XuLO70sDMl7Q,Customer_5633,2011-08-28 14:31:01,5.0,"Can get busy and is first come first serve..arriving earlier than normal rush hours (11.30 am..5.30-6pm) is recommended to avoid long waits.
Food is diverse pub kitchen, good drinks and beer.
All round one of the 'classiest' pub diners in center city",Downtown,Village Whiskey,35.81,7.53,21.0,2,56-65,Non-binary,
IM_H5WWmDXfJ83MC0wCI8g,Customer_4154,2016-11-13 03:27:47,4.0,"Whiskey Village is a staple neighborhood bar in Rittenhouse area best for once-in-a-while splurges or chill date nights.  

They're known for more low-key foods (think burgers, chicken sandwiches, fries) with a classy twist.  The classy means there are high quality ingredients and the burgers are out of this world awesome, but you're not paying average prices here.  The base burger is $11 and to add cheese, it's an additional $3.5 not to mention the bacon and caramelized onions are an additional $2.5 and $1 respectively.  Between 2 burgers and a side of duck fat fries, our bill ended up close to $40 - that's no drinks included.  

If you ask me that's a bit pricey to become a frequent customer, but this is one of my go-to places to take out of town guests because it's for sure an omnivorous crowd-pleaser. The risotto was particularly good.",Downtown,Village Whiskey,48.16,7.89,16.4,3,18-25,Male,African American
xImBZYIaO7ZCiR6B0kiUYg,Customer_9814,2016-11-21 23:28:38,5.0,,Downtown,Village Whiskey,22.05,4.68,21.2,2,65+,Male,Asian
Wn-ywizB0Uz9b072Aew7UA,Customer_7950,2012-11-11 23:07:34,3.0,"Good spot for some food and drinks, but it adds up quick! Came here for some lunch and they were already packed just after opening! I went with the pulled pork sandwich which came in a whiskey bbq sauce that I really enjoyed. The cole slaw on the top of the pork wasn't very good, though. The sandwich was massive and came with a side of fried pickles, too.

I tried my girlfriend's burger and that was good, too. But the price of that can get high very quickly too with toppings being pretty pricy. 

Overall, I would say it was good but not worth the 45 bucks it cost for two sandwiches and a total of 2 beers!",Downtown,Village Whiskey,46.12,6.82,14.8,6,26-35,,Other
1Yxq67qmp4jGgC2QPLZWrQ,Customer_3519,2015-11-20 19:47:45,3.0,"I've been here a few times now and I've formed the opinion that the place is well marketed as a ""cool"" place, but the food isn't that great.

During my last visit I observed:
The burger was of a premium quality but arrived cold.
The duck fat fries were burnt.
There was a lingering smell towards the back of the restaurant from the bathroom.
The place was eerily quiet during lunch.  They should play some light jazz.

All this said, it's still a pretty OK place.  The atmosphere is nice and it's cool to sit at the bar.",Downtown,Village Whiskey,39.76,10.05,25.3,3,65+,Non-binary,Caucasian
MeExr1aAvnRuXBH_aRwdIA,Customer_2154,2014-04-02 20:12:15,5.0,"One word to describe Village Whiskey. Decadent. Massive selection of whiskeys, duck fat fries and burgers with foie gras. Of course, for all of this, there is a price to be paid. The first is that the bill will be substantially more than your typical burger joint (which it is not) and the wait for a table will be long as the restaurant is small. Besides those two things, Jose Garces did an amazing job here. 

To start, I love going for a bourbon/whiskey based cocktail like an Old Fashioned and trying one of their many bottles of whiskey. I don't find any of their bar snacks to be that great. For me, it really starts with the pickled Herb Cherry Tomatoes and the Beets. It's nice to start out with and have on  the side to counter the heart attack from the burger and fries.

Both the Duck Fat Fries and the Short Rib & Cheddar Fries are great. If you can handle the extra salt, go all out with the Short Rib Fries and feast. In terms of burgers, I've only tried the Village Burger with additional toppings and the Whiskey King. The Whiskey King was extremely rich and heavy, and getting it once was enough for me. For toppings, choose whatever you please. My only advice would be to avoid the Horseradish Crab Salad as it was almost unbearably salty (I love salt). 

Overall, Village Whiskey makes one of the best burgers that I've ever eaten. It's a staple when I'm craving a burger and I am never disappointed by it. Just be warned that the price adds up pretty quickly. The sushi was particularly good.",Downtown,Village Whiskey,61.47,12.72,20.7,1,26-35,Non-binary,Other
B57YZ-6d-4QLKOwxy7xhcQ,Customer_8094,2012-07-18 17:35:52,4.0,"Wow!!!!!!!!! I was in Philly last weekend for a short trip and it was recommended to go to this place. I had the burger which in itself was amazing but we ordered a side of the Fries that are fried in duck oil and topped with cheese. They were probably the best fries I have ever ate. There was a little wait for our table but our server was awesome and even recommended several bars for us to try why we were in town. 

Definitely find your way over to this place and get the fries!",Downtown,Village Whiskey,42.74,8.88,20.8,2,46-55,Male,Caucasian
pVIPBf3vKO4_JizsA9v55Q,Customer_1745,2010-11-23 00:11:47,4.0,"Awesome food.  Over-priced (especially the alcohol).  Ridiculous wait times on the weekends.

Four of us (foolishly) attempted to get into Village Whiskey on a Friday night and the wait was two hours.  I'm sorry, but I won't wait two hours for a table in any restaurant in a city with so much great food.  I would suggest trying a weeknight or lunch as they seemed to be much more reasonable. Two of us tried again on a Wednesday night and had to wait about 40mins.  We ducked around the corner to Rum Bar for a drink while we waited, so not a huge inconvenience.

Before I say anything else - the food was super delicious, there is no question about that.  My burger was cooked perfectly; juicy, flavorful, meat heaven.  We got the duck fat fries with cheese sauce and so should you.  Cheese puffs were good, but not as good as our other choices.

My biggest beef (ha) with this place is the prices.  $11 for a burger isn't expensive, but it only comes with lettuce and thousand island dressing.  All of the extra toppings, including cheese, are $1.50-$5.50.  Whoa.  On the other side of that, the whiskey menu is even worse.  $10 for two ounces of regular Jameson?  I can go buy a whole bottle for $30.  We each had a cocktail and a beer, but I couldn't justify getting any WHISKEY at Village WHISKEY.  This made me sad.  As an Irish girl, I love whiskey, and looking at that untouchable, glorious menu of brown ambrosia hurt my heart.

Note: I will admit that I am spoiled by living in South Philly.  There are so many great restaurants and bars to choose from and everything is much cheaper.  I know that Center City prices need to be higher because of high overhead costs, but in this case, I think Garces is pushing it.
ALTERNATIVE: For an equally AWESOME (and cheaper) burger, head to one of my faves, Royal Tavern on Passyunk Ave.

Bottom line:  It's worth going, just keep the above in mind.  I would go again, but only on a night when my wallet needed to purge.",Downtown,Village Whiskey,22.5,2.88,12.8,2,18-25,Non-binary,Hispanic
c03qhizPHD53xLOiRL8C4A,Customer_2417,2012-03-31 23:35:36,3.0,"Excellent burgers, both beef and veggie, with top notch toppings.  The brioche bun adds something extra, bacon cooked to perfection, and cheddar, guacamole, red cabbage - everything was flavorful and delicious.  

One complaint - the milkshakes!  They were not only not good, but virtually non-existant meaning that mine was 90%+ whipped cream!  It was just on the top, but the entire way down the center and after removing it there was nothing left, but some chocolate syrup, there was no ice cream.  I am still utterly confused at the fact that I paid $6 for a cup of whipped cream that I did not eat.

Another side note, they don't take reservations, so anticipate a solid wait of at least an hour.",Downtown,Village Whiskey,9.35,1.95,20.9,2,46-55,Prefer not to say,Other
l99WXxR9nrJYQFXCSP5z1A,Customer_1504,2011-07-05 21:24:22,4.0,,Downtown,Village Whiskey,26.92,4.55,16.9,4,56-65,Female,African American
W6JXt0WJVYhp_R7XcUgvbA,Customer_9941,2012-06-04 13:34:18,3.0,,Downtown,Village Whiskey,21.77,2.46,11.3,4,65+,Female,Native American
8lO8GzLxVgB6oXVFORh5KQ,Customer_7113,2014-10-12 01:43:39,4.0,"Food is absolutely amazing!!! The drinks were pretty high priced but if you are going just for dinner it's completely worth it. I found this place on yelp and after reading reviews, I couldn't wait to go. It was everything I expected. A must go.",Downtown,Village Whiskey,39.46,0.0,0.0,4,56-65,,African American
8QDT6kJpcup0SFqd3lNPRw,Customer_7456,2011-04-26 17:37:32,2.0,"I have to say, I don't get the hype. After waiting a long time (but shorter than expected -- it seems a lot of people on the list just end up dining elsewhere), we finally made it in to the hallowed halls.

As other people have said, although ""duck fat fries"" sound like they will be a total taste explosion, they just taste like normal, so-so fries. Monk's or Eulogy has better.

The burger was also just ok. Come on Philly, where are the good burgers at?!

The one thing that impressed me was the popcorn shrimp appetizer. They were seasoned well and had a nice breading. Yum! The salmon was particularly good.",Downtown,Village Whiskey,38.0,5.29,13.9,2,18-25,Non-binary,Asian
1zKHDldKQf-ECwol1JbKNA,Customer_6633,2016-06-12 20:52:43,5.0,,Downtown,Village Whiskey,31.96,6.93,21.7,4,65+,,African American
VT8uhcmIbw6oPiTHZ3zgww,Customer_4183,2015-12-06 18:03:26,4.0,"We'll start with the ambiance - small and uber trendy, right on track with the urban industrial chic movement. Next, the service - nice bartending, nothing exceptional though. And the food - a pretty interesting beer list (both draught and bottled) and a nice little cocktail menu. 

The veggie burger (yes, because of Food Network) was pretty good, though I wasn't super blown away. The brisket fries (which we heard is soon to be on a Food Network show) were pretty damn good. We'll be back for the meat burgers and more trials of the draughts and cocktails. The sushi was particularly good.",Downtown,Village Whiskey,14.87,3.05,20.5,2,65+,,Caucasian
_h8BYyCQQGpuQv1Bm_mc1g,Customer_9992,2018-03-18 04:20:19,2.0,,Downtown,Village Whiskey,30.53,4.5,14.7,4,56-65,Male,Native American
WrsRHFFFy9sFW8siDi4WMg,Customer_8982,2016-01-18 19:22:13,5.0,"I love the regular burger, but the veggie burger is the best I've ever had. Oysters are great too. The fish was particularly good.",Downtown,Village Whiskey,25.38,8.88,35.0,4,26-35,Female,Hispanic
lKeXqrHUguxMSR7HWXcbrA,Customer_6206,2011-03-28 02:16:15,4.0,"Best burger in the city, hands down. The first time I had the Village Burger is was amazing and it hasn't disappointed since. What kills me is that on any given night, the wait to enjoy this tiny piece of meat heaven is unbearable. The solution? Go at lunch or really early in the afternoon if you can. 

I honestly couldn't tell you how the other entrees are, because this is the only thing I get, along with the duck fat french fries of course. The appetizers are good, but nothing memorable. My 4 star rating really just stems from the burger and their cocktails. I've tried a few of them and all were really good.  

Definitely try the pickle options too. My favorite was the pickled artichokes, but on last look at the menu, it looks like it was taken off. 

Man, I think I need a burger right now... The fish was particularly good.",Downtown,Village Whiskey,11.86,2.32,19.5,3,36-45,,Native American
KDEkUzB_r7lsVynwnLwTPg,Customer_6971,2013-10-27 14:04:01,5.0,"burgers are great, so great that I can never get myself to try the other sandwiches on their menu.  get any combo of the burger you want, the meat is the best part.  and if your debating the thousand island on the village burger, its worth trying...good combination I would have never thought of.
the duck fries are average compared to other places, but they become excellent with the beer cheese sauce.
this place has limited seating so a wait is to be expected.  but they will text you when your table is up, so just plan on another activity for 30 to 90 minutes while your table is ready. The quesadilla was particularly good.",Downtown,Village Whiskey,58.56,4.98,8.5,3,46-55,Female,Caucasian
2gDqT1R5pK9-z8X6hW-r9g,Customer_8145,2011-02-14 14:21:33,3.0,"Look, I would have given this place a much better rating if it wasn't for one thing, the hostesses... and I'm not referring to those delicious prophylactic wrapped cakes made of chocolate, air, and pure magic.  I swear they hire these girls on looks alone - ""tight pants, high heel boots, and wear that nose high.""  They obviously have little to zero math skills, or are fans of Einstein and reject time completely.  Every single time I trek to this place, I fear I might lose it when walking in the 2x2 foyer where one of these anti-Newton fashionistas is prepped to tell me the wait will be about two hours.  The place seats maybe 50 people tops, with zero people waiting outside (the only place to wait), and barely any names on their scribble sheet.  I can guarantee you that you'll get the same response unless they are subjective to a certain type of clientele, that usually appears to be midlife crisis men exacting revenge on life by dating girls that resemble their daughters, or younger couples that try to divide the class of the place with the ability to get obnoxiously wasted in less than a half an hour.  You can give your name and number to one of these ladies, who will promptly call you in the amount of time it takes you to chose another nearby restaurant and get seated; nowhere near their previous predicted span of time.  This could be some new trend... you know, like all those other hard to get in bars that only serve hamburgers.  Now for the good stuff; the burgers are excellent... some of the best, if not the best in the city.  The selection of whiskey, as the name should denote, is quite expansive.  The décor is warm and inviting, though a tad cramped if you're not sitting towards the front of the bar.  Both Tinto and Village Whiskey always seem to have excellent bartenders, with not only the experience sought after, but the social skills as well.  My suggestion is to definitely try this place out, but pick a weekday and take a bottle of wine just in case, because Melograno is only steps away in the chance you'll be told it'll take the sum over histories to land an exclusive spot to have... yep, a burger.",Downtown,Village Whiskey,26.0,5.66,21.8,3,36-45,Female,Mixed
w-vAnZwZpKvoi7wErA90gA,Customer_8583,2015-10-18 12:26:03,5.0,,Downtown,Village Whiskey,30.25,4.5,14.9,2,,Non-binary,
JWNUTSXesRHD8XtyeFwblg,Customer_2343,2016-03-18 16:46:28,5.0,"One of the best burgers I've ever had! Village Whiskey has high-quality meat, great preparation, and awesome sides -- it's my favorite burger place in downtown Philly. 

The aioli and fries are delicious, too. Last time I tried truffled cauliflower; I'm not usually a huge fan of picked foods, but it was fantastic! The cauliflowers and carrots were crispy, and the juice had a light but very tasty flavor. I would definitely order it again. 

The one catch: it is pretty expensive. Probably place you would go to for an especially fun or nice meal, but might not be able to afford each week. 

The decor is cozy and up-scale, with small round tables surrounded by tall couches to sit on. You can hang up your coat when you enter the door, and the hostess stands behind a large wooden whiskey barrel. It's a small restaurant, so it's better for dinner with a few friends or a date than large groups. The waiters are very friendly and attentive, and service is quick. All in all, a very pleasant dining experience! The salmon was particularly good.",Downtown,Village Whiskey,31.75,5.38,17.0,4,,Female,Asian
LGvGq7rFp7ywUgivh5m99Q,Customer_2252,2014-09-26 21:13:08,2.0,"The food is always on point but the service really needs some work. 

the hostesses just throw a time out for the wait for a table and have never been accurate. they even use a newer texting system which is great if they remember to put your name in when you check in. they also seem to have no concept of the size of the restaurant and continue to tell people to go to the bar even when there is no space to move. then you've got a busy bartender who already seems like he cant handle the guests seated right in front of him. although the drinks from the menu are delicious thats about all this particular bartender knows how to make. i witnessed someone asking for a specific bourbon and get told they didnt have it, all while I could see it on the shelf behind the bar.",Downtown,Village Whiskey,16.34,3.15,19.3,3,18-25,,Caucasian
BpvyfFpJG-Scud9huhT9dw,Customer_7637,2015-09-29 16:55:12,4.0,,Downtown,Village Whiskey,12.41,1.49,12.0,2,26-35,Male,Native American
9Feegwk1Jbiyo-i_-ZvUlw,Customer_8734,2015-06-21 20:37:45,5.0,"Bacon Beer and Bourbon, everything that really is all I need in philly. come during off peak hours, and ask the bartender to make something for you.",Downtown,Village Whiskey,31.22,6.05,19.4,1,26-35,Non-binary,Other
Xu2WtxUIDQXb-rwkXWGAng,Customer_5767,2016-08-03 23:22:56,4.0,"I first heard of this place from a dude I know, and then I heard Craig LaBan called it the best burger in the city. That must be the $26 burger that I didn't have (mainly because I'm not a fan of bleu cheese, and I didn't want to be ""that guy"" to ask for a different cheese) because the Village Burger was good, but not exceptional.

I got the ""Village Burger"" (8oz, Sesame Roll, Tomato, Boston Bibb, House Made Thousand Island) with bacon and provolone (+$3). It was huge, could hardly fit in my mouth huge, and delicious, but I don't think I can call it the best burger in all of Philadelphia.

The duck fat fries were great. They were big, crispy, and hot on the inside. I'm going to get the sly fox cheddar sauce with them next time.

The whiskey list is HUGE. 

It's so small inside they don't have ""sections"" for the waitresses (or it might have been because only the bar and outside seating were busy). There's the bar that seats maybe eight people, though I didn't count (it was full), four or five booths (completely empty at 5:30pm), and a little counter that seats five or six in the back (empty as well). There's more seating outside than inside. After paying one waitress, another asked if I wanted another beer. I'm not sure if it's a plus that there's always someone checking on you, or a negative because they're unorganized? 

 I'll come back, but my main goal will be to try the extensive whiskey list, not a burger.",Downtown,Village Whiskey,51.74,7.28,14.1,6,56-65,,Hispanic
7twg4ht9CPPCk3Zn84rC-g,Customer_4913,2015-10-12 00:17:03,3.0,"Very accommodating staff. Knowledgeable, large whiskey selection. Outside seating. Food was average. Nothing too special. I had the pulled pork sandwich. It was okay. My date had the veggie burger. I tried some, it was very hearty and full of beans. There's nothing special about the duck fat fries. I was disappointed with them.",Downtown,Village Whiskey,34.57,3.72,10.8,1,,,African American
pIyQ9YmxoQ-UrIs-ANTi8Q,Customer_3299,2010-08-22 01:09:23,4.0,,Downtown,Village Whiskey,14.38,3.11,21.6,8,26-35,,African American
9dkWgAziUnAY5DDIrvf0AQ,Customer_8921,2011-02-18 12:48:59,4.0,,Downtown,Village Whiskey,20.75,0.0,0.0,2,26-35,Prefer not to say,Asian
9V_J7q2iJM2HSvEohAVAvg,Customer_4387,2017-07-30 13:35:00,5.0,"As my wife Marianne and I continue our Rittenhouse Square tour, Village Whiskey includes an awesome variety of bourbons, rye whiskies, & scotch, along with a nice selections of burgers and others good foodies, stop by for sure. I had ""Old Forester 1870"" Kentucky Bourbon Whiskey"", which was America's first bottled bourbon. Cool atmosphere like an old saloon or whiskey bar set up. The pizza was particularly good.",Downtown,Village Whiskey,59.29,9.49,16.0,4,,Non-binary,Other
KDEkUzB_r7lsVynwnLwTPg,Customer_1760,2013-10-27 14:04:01,5.0,"burgers are great, so great that I can never get myself to try the other sandwiches on their menu.  get any combo of the burger you want, the meat is the best part.  and if your debating the thousand island on the village burger, its worth trying...good combination I would have never thought of.
the duck fries are average compared to other places, but they become excellent with the beer cheese sauce.
this place has limited seating so a wait is to be expected.  but they will text you when your table is up, so just plan on another activity for 30 to 90 minutes while your table is ready.",Downtown,Village Whiskey,10.69,2.7,25.3,2,65+,Non-binary,Hispanic
FQqpTsv-CYmHWR4pM_55wg,Customer_9542,2010-07-07 19:54:39,4.0,,Downtown,Village Whiskey,11.66,2.83,24.3,4,36-45,Non-binary,African American
So64C1G8revKlpgN95bpxQ,Customer_2275,2013-01-02 23:11:33,2.0,"Food looked good.  Nice decor.  Hip crowd, and crowded on a Tuesday - portends good things.  I just thought no room at the bar, no music, just chatter.  Not inviting - so we left.  I'll try it again. But for now, no go. The quesadilla was particularly good.",Downtown,Village Whiskey,27.37,3.78,13.8,2,46-55,Female,Other
-xM8cH4AeVzgTJBQHlxfUQ,Customer_8976,2014-11-30 01:55:57,5.0,"Picked up takeout from Village Whiskey (so I can't review the actual restaurant). The Whiskey Burger is pricy ($26) but is amazing if you're ok with a greasier burger. Super tender, the bacon is awesome and it's pretty big. If you can get past the price then highly recommend it. The Duck Fat fries are also rich and delicious.",Downtown,Village Whiskey,18.85,3.57,18.9,3,56-65,Male,African American
u7YWFfJuK7lNiQdOB7ocXg,Customer_5600,2016-07-16 22:12:32,5.0,Great place for Saturday brunch! I had the shrimp and grits with egg and it was delicious. Cocktails were great and the service was excellent! The wings was particularly good.,Downtown,Village Whiskey,63.4,17.39,27.4,3,26-35,Female,Mixed
l4dHbGIbs-us3-mlXVvOiw,Customer_4773,2015-08-06 21:20:26,1.0,"Walked in, excited to try the burger and tots. Small place but, 3 tables open. We sat down and were ignored Until mgr came over to ask if our name was on the waiting list, we said we passed the hostess and she didnt asked us for our name for waiting list. He said people were waiting, meanwhile, no visable people in cue to sit! He told us to get up and wait in a corner near the bar! We left! We had just been in a large group who dropped $$$$ on drinks, snacks at the sister restaurant Tinto next door too. Rude!",Downtown,Village Whiskey,41.72,8.74,21.0,2,36-45,Male,
TaTfCqpTwV5vz4Ov5imgbA,Customer_3641,2011-06-02 01:56:45,5.0,"....the best burger I've had in my life.  Just in case that didn't register...BEST BURGER OF MY LIFE!  Damn you Jose Garces for spoiling my tongue like this.  From this point on, I will rate burgers based on the Garces scale.  You win Iron Chef Garces.  Bobby Flay needs to visit this place, tastes these burgers, study these burgers, and redeem himself for the crap he puts out in West Philly.  I went to ""Bobby's Burger Palace"" a few days before Village Whiskey, and it was absolute garbage.  Bobby Flay...iron chef?  Are you kidding me?  No wonder Bourdain has a thing against celebrity chefs.  After writing this review, I'm going to update my review of Flay's burger joint by changing the two Yelp stars to one.  Why?  Because, now I'm on the Garces scale.  There is a reason why Garces beat Flay on an episode of Iron Chef.  If you visit Village Whiskey, you will taste that reason.

Food (10/10) = We ordered the following:

1) Village Burger = For the third time, this is the best burger I've had so far in my life!  8 ounces of juicy, succulent medium rare beef, married to a sesame roll accompanied with Boston bibb, and house-made thousand island dressing.  Added on the rogue smokey blue, and caramelized onions.  I regret not throwing on some smoked bacon and a fried egg, after witnessing how beautiful those things look on other diners' burgers.

2) Herbed Cherry Tomatoes = Great appetizer served with black olive tamponade, whipped ricotta, and toasted sourdough.  A gush of flavor from the tomatoes just explodes in your mouth.    

3) Duck Fat French Fries = WTF man?!  So good....sooooo goooooooooood.  I want to bathe in a pool of duck fat.

4) Sixpoint Rye = Great beer, with some spice.  This was suggested by our waitress...forgot her name.

Ambiance (10/10) = A really nice set up.  A great bar.  It has a tavern feel to it.  Unfortunately, I can't remember too much because my full attention was to the food.  

Service (9.0/10) = Great service, waitress was attentive and gave a great suggestion for beer.  

Overall Opinion = One more time just in case you didn't get it the first 3 times -- Best burger I've had so far in my life.  If you are visiting Philly, you need to check this place out before you leave.  The next time I'm in Philly, this will be on the to do list.  If I lived in Philly, this restaurant would be a regular routine for me.  Bow down to the real Iron Chef - Jose Garces.",Downtown,Village Whiskey,24.91,6.12,24.6,1,46-55,Male,Asian
CAhkF9LmoQJjCn5eaDC4zA,Customer_3639,2010-11-23 22:24:50,2.0,"We decided to eat late lunch here on a Friday, after visiting a nearby museum.   We were asked to wait at the bar for a table and probably would have waited even longer had we not taken the initiative to ask the  hostess again to seat us at one of the open tables (""Oh yeah, sure, go ahead..."").   I was pretty excited about this place having read all the rave reviews.  We ordered some drinks and deliberated long and hard on what we wanted our burgers to look like.  I opted for mushrooms & fried egg on mine, and husband asked for crab salad on his.  We patiently munched on tater tots as we waited for our burgers and fries.  When these hefty sandwiches finally arrived at our table, we oohed and aahed a bit before digging in.  The first bite was quite tasty I'll admit, the patty nicely seasoned.  Though I ordered mine medium, it came out medium rare.  A couple more bites and the whole thing just started to fall apart.  Before long, the burger was swimming in a pool of meat juice and egg yolk, not the most appetizing thing to look at.  I didn't manage to finish mine, but I liked it well enough.  
I think that  the main problem, though, was that we weren't blown away by any aspect of the meal.  It was just... nice.  I don't know if I'm comfortable shelling out close to $70 for burgers  for two (with a couple of cocktails & potatoes on the side) and have it be just NICE.",Downtown,Village Whiskey,22.96,3.61,15.7,4,56-65,Male,African American
YnPHqzJDG63Umc6BZov7rQ,Customer_9464,2018-07-17 18:32:23,5.0,"Had a craving for a burger and decided to try this place out since it's close to me, and it did not disappoint! Got the burger of the month and it was delicious along with some cheese fries and a beer. Everything here looked great and I will definitely be coming back to try more on the menu! Especially the milkshakes. The place itself is a small cute restaurant with an old feel to it and I would imagine its pretty busy on the weekends as there is not a lot of seating. Highly recommend! The chicken was particularly good.",Downtown,Village Whiskey,40.16,16.06,40.0,2,56-65,Male,Native American
I3mA8Lxcht1LfvpYNxAYqA,Customer_4548,2012-10-15 17:16:33,4.0,,Downtown,Village Whiskey,35.16,4.32,12.3,2,46-55,Prefer not to say,African American
r6hmgcM2r_rGXtS8mdC8lw,Customer_3338,2015-06-21 00:26:04,5.0,My favorite burger in town! The place is confortabke and has a great variety of drinks with bourbon. They should have a reservation policy.,Downtown,Village Whiskey,22.69,3.13,13.8,2,,Female,Native American
Xgl1RB9pryUO9dur0bZcfw,Customer_8429,2012-02-02 18:37:28,3.0,"Was in town on business so why not.

The burger itself was cooked to med-rare perfection the whole patty through, which makes me wonder if they sous-vide it and then give it a quick sear.   The meat itself, while quality, lacked proper seasoning. 

Foie gras has absolutely no business adorning a burger that also contains such overwhelming flavors as bleu cheese and bacon.  Or even a burger at all for that matter.  Its ALMOST as dumb as the concept of a kobe burger.  In any event, it's a gimmick thats worked well for this restaurant, to be sure.  I took mine off and ate it separately. It was delicious and i recommend you do the same if you want to taste the extra $12 or so you are spending. 

The deviled eggs were a pass. Nothing you couldn't replicate with google search and an ability to properly boil eggs.",Downtown,Village Whiskey,23.37,5.97,25.6,8,18-25,Female,Other
5aTGq_Mt2LFg9mumnK5qsQ,Customer_9564,2010-11-25 17:33:26,4.0,"Go here and get a burger.  Get the King Burger and the Village Whiskey Burger.  Also get some pickles and eat your face off.  I like going here and just stuffing my face and enjoying every minute of it.  From the duck fries to the deviled eggs - order, eat, and enjoy.  Just go and eat and savor.  Yeah your gonna pay but it is worth it. The fish was particularly good.",Downtown,Village Whiskey,34.27,6.49,18.9,2,56-65,Prefer not to say,African American
Cu4Vdu7L85RAgvOitk1bCA,Customer_1639,2010-01-12 00:56:56,2.0,"The restaurant opens at 5 p.m. on Sunday. I arrived at 5:08 and was told I was the first name on the list. Great.  Sat at the bar and had a tea with a shot of brandy.  When my friends checked to see how long the wait was, we were told it would be two hours.  Even though we were first on the list.  So I went to pay for my drink and it was $13.  FOR A TEA AND A SHOT. 
    When the drink is more than the burger and there's a two-hour wait when you're first on the list, there's something wrong.    If you're not an uber foodie, save your money and your time and head over to Royal or Good Dog. The salmon was particularly good.",Downtown,Village Whiskey,33.36,8.04,24.1,1,56-65,,Hispanic
l99WXxR9nrJYQFXCSP5z1A,Customer_9835,2011-07-05 21:24:22,4.0,Stopped in after a show and had the burger with an egg overeasy.   Messy but insanly good!,Downtown,Village Whiskey,33.45,7.94,23.7,2,,Prefer not to say,Other
uHRHfPn8e-9Wrju0icG2LA,Customer_8028,2011-07-12 05:00:03,5.0,"It was love at first bite! Village Whiskey serves the best hamburgers, hands down. The restaurant is small, but extremely charming. The waitstaff is friendly and very attentive. More importantly though is the food. I have tried almost everything on the menu and have never had a bad dish. This place is impeccable! My only warning is that due to the small amount of seating this place becomes crowded, quickly. Go for an early dinner, or better yet lunch, which I find to be the best time of day to visit Village. The wings was particularly good.",Downtown,Village Whiskey,21.47,5.89,27.4,2,,Prefer not to say,Other
dwebYp9rPHqeeFbkCXl48w,Customer_2600,2011-07-03 20:26:48,5.0,Delicious. We had the Kentucky hot brown and the pulled short rib. Both were amazing. I was tempted to get the whiskey king but ill save that for next time. Unbelievable whiskey selection as well. Well definitely be coming back.,Downtown,Village Whiskey,54.08,5.92,10.9,1,36-45,Prefer not to say,Asian
YjCs2SHFMnUcM0QUVBoyag,Customer_2373,2017-05-15 18:37:13,2.0,,Downtown,Village Whiskey,13.9,2.6,18.7,2,56-65,Prefer not to say,Native American
Wn-ywizB0Uz9b072Aew7UA,Customer_1116,2012-11-11 23:07:34,3.0,"Good spot for some food and drinks, but it adds up quick! Came here for some lunch and they were already packed just after opening! I went with the pulled pork sandwich which came in a whiskey bbq sauce that I really enjoyed. The cole slaw on the top of the pork wasn't very good, though. The sandwich was massive and came with a side of fried pickles, too.

I tried my girlfriend's burger and that was good, too. But the price of that can get high very quickly too with toppings being pretty pricy. 

Overall, I would say it was good but not worth the 45 bucks it cost for two sandwiches and a total of 2 beers!",Downtown,Village Whiskey,10.33,2.39,23.2,4,18-25,,Caucasian
V1Lrle46BPZkan-3VN1SsQ,Customer_7698,2015-05-31 01:30:13,3.0,"My wife and I came here as we had seen on multiple websites that this is where we would find the holy grail of cheeseburgers in Philadelphia. The burger was monstrous and delicious but nothing about it was extraordinary. I even noticed a little mold on my bun but a little mold never killed anyone. At 15.50 for a cheeseburger the price was steep. I could have been just as satisfied a Shake Shack across the street. As of now , the burgers at Nick 's Roast Beef has this place beat and they cost much less!

Summary: Good burger, not the best, too expensive for such an ordinary meal The soup was particularly good.",Downtown,Village Whiskey,22.68,4.66,20.6,2,26-35,Prefer not to say,Native American
D5YNBO9652GtPcmGFfMBbQ,Customer_6990,2011-07-28 16:58:26,5.0,"My husband chose VW as the venue for last Tuesday's date night. I've been several times (both for lunch and dinner) and man, does this place get better with every meal. Having had the burger more than once (including last Christmas when I indulged in the Whiskey King [oh jeebus, was that good]), I ventured south on the menu and ordered the Kentucky Hot Brown. Cheese and butter lovers unite! This thing was incredible and quite possibly the most underrated thing on the menu (save for their Cobb salad). And good lord, that Irish car bomb milkshake! It alone makes the wait and the consistently snobby hostesses worth it.",Downtown,Village Whiskey,19.15,2.38,12.4,1,65+,Prefer not to say,Asian
po3j2dvicof_7pKFWr8VHw,Customer_8904,2010-09-07 19:03:39,4.0,Great burger and great service.  Be careful though.... the burger is kind of the food equivalent of crack.,Downtown,Village Whiskey,24.36,4.35,17.9,2,56-65,,
wasbvIcwXQjiQ80DOpWu3A,Customer_7522,2012-08-19 13:37:56,4.0,"I don't like to get caught up in the hype of celebrity chefs.  Graces is not my favorite chef in the city, but these burgers are amazing. By far the best burger I have ever had.  They are so good I almost don't consider them burgers.  They are a special gift sent to us from the heavens.  I really wanted to like the fries, but they weren't very good.  The desserts sound amazing, but are fairly average (if you want something sweet go across the street to Capogiro or a couple blocks away to Yogorino).  Did I mention how much I love these burgers? The appetizer was particularly good.",Downtown,Village Whiskey,60.64,13.65,22.5,2,,Male,Asian
AY6y3IpDCT3vD0edrgbP7A,Customer_3650,2010-01-09 23:30:49,5.0,"Ok yeah, the service can be a little high falutin', and the wait is painful but this is THE BEST BURGER EVER.  That's all you need to know.  The BEST.",Downtown,Village Whiskey,36.89,4.8,13.0,4,56-65,Prefer not to say,Mixed
QOAPpacEqfDxfyKggkE8tw,Customer_1852,2015-06-08 18:29:44,5.0,,Downtown,Village Whiskey,29.07,5.75,19.8,1,65+,Male,Hispanic
lL330-3ng_fHc4cx79hUwA,Customer_8727,2015-04-02 15:14:22,5.0,,Downtown,Village Whiskey,26.57,9.3,35.0,1,18-25,Male,Native American
Ushgw3aPrNLCzTRuM8rglg,Customer_7296,2016-02-18 01:49:17,4.0,"Place was good, but the wait was just insane (2 hours)... And we later realized you can just grab a seat at the bar by waiting around and not leaving. I had the Whiskey King burger, which was very good (but very expensive), the duck fat fries, and the Alaskan something for desert. The desert was ehh, it had a little too much whiskey for my liking but the presentation with the fire was spectacular. The bartender was very friendly and she added to the experience greatly.. Her drinks were amazing! The pizza was particularly good.",Downtown,Village Whiskey,15.34,5.37,35.0,2,56-65,,Native American
lKeXqrHUguxMSR7HWXcbrA,Customer_1941,2011-03-28 02:16:15,4.0,,Downtown,Village Whiskey,16.0,0.0,0.0,5,65+,Prefer not to say,
_fBxgQzqwX--VfkCS1hncA,Customer_9489,2018-09-16 03:38:56,5.0,"Incredible whiskey selection as promised. Everything you could dream of. A few flight options. Food over delivered!  Burger is huge, thick and tasty. Duck fat fries were amazing!  Small place. Very comfy but seems like prime time could be hard to get in.",Downtown,Village Whiskey,16.42,2.2,13.4,4,18-25,,Asian
HrsJkjnKFNq6w3gwPQCIxg,Customer_6893,2017-07-22 22:33:36,3.0,Good Drinks I found burgers to be over priced and every thing was a add on they also came with no french fries and started at 12 dollars. Duck  fries were very good and their service is exceptional. I will skip the burger next time not worth the high price,Downtown,Village Whiskey,52.73,8.78,16.6,1,18-25,Female,Hispanic
qqsiKV1BEhuNJj6_y2XqGA,Customer_7544,2015-08-20 15:12:09,4.0,,Downtown,Village Whiskey,19.22,3.45,17.9,1,46-55,Prefer not to say,Asian
VyM3mJftow_3jTfEg2wIsw,Customer_2124,2015-11-20 15:53:46,5.0,"Man like burger. 
Man like whiskey and cocktails. 
Man like good service. 
Man no like hard to get a seat...Too popular...


This is Jose Garces concept of a rustic fancy pants burgers saloon.  Yes, I said fancy pants! 

Been here a few times and I have not been disappointed in any of there burgers.  Nothing bad to say except it's small and a seat is hard to get but that is what happens when you have it all on point. Hats off. 

Talk to the bartenders, always something to learn about the booze. New combinations of burgers are always on the special menu as well. 
Cheers.",Downtown,Village Whiskey,7.44,2.98,40.0,2,36-45,,Mixed
1ZrZpzVjAk5wa--S-ZQpgQ,Customer_4707,2016-11-12 20:07:30,4.0,"The burgers were great. I'm not a fan of whiskey so I got a beer, but everyone else enjoyed their whiskey drinks. The atmosphere is trendy hipster, a good spot for a night out.",Downtown,Village Whiskey,38.9,7.48,19.2,3,26-35,Prefer not to say,Other
mqOlhok7MjTBLKsMLunvHw,Customer_9294,2010-01-23 18:16:33,5.0,"I frequently meet my son in Philadelphia for lunch and on Thursday he suggested Village Whiskey. We arrived around 2:30 - he said that would be the best time to get a seat, and he was right.

The ambience is both rich and charming with to-the-ceiling dark wood shelves behind the bar that are stocked with an abundance of varieties of whiskey, bourbon, scotch, cognac, etc., plus other types of imbibements. Raised banquettes and tall bar tables line the wall opposite the bar. It's difficult to envision a party of 4 being able to sit together comfortably, and the table of three we saw did not look particularly comfortable. 

It is definitely a small space, as others have mentioned, but we were seated promptly.

We each ordered burgers. Mine was embellished with avocado, excellent bacon (was that Nueske's?) and goat cheese, no tomato (it's January) and no thousand island. I asked for mustard and received on the side a mixture of exquisitely creamy and delicious  grainy mustard and creme fraiche. It was the finest burger I have ever eaten, and I've eaten at Boulud's and many 4-star restaurants all over the country.

My son ordered a burger with caramelized onion, fried egg, and bleu cheese. He said the flavor was amazing, but the combination made it very sloppy and difficult to handle. We shared the duck fat fries, which arrived piping hot and cut just thickly enough to hold the heat for a reasonable amount of time. The cheese sauce was delicious and smooth, but I prefer ketchup and it was also offered on the side.

The server was attentive to detail, got the order exactly right, and was pleasant.

We didn't order alcoholic beverages. The bill came to just under $40 before tip.

I will definitely return. The wine was particularly good.",Downtown,Village Whiskey,26.12,2.66,10.2,3,18-25,,Native American
DdYs_vAvtVj4SGSRkYdCbQ,Customer_5222,2010-07-14 12:05:57,4.0,"Their drink menu is pretty neat, and I'm not even a whiskey fan. (Thanks, that one night at college.) I'd been looking for a place with Franklin-level cocktails, and for some reason always forget Apothecary exists. Try the punch-y one, the mixed one. You wont regret till at least three in. 

As for the food, it's pretty good. A little more concept than flavor for a Garces joint, but it's like comparing Jesus' left foot stigmata to his right arm one -- they're both...um, awesome, if you're into that thing. OK, the metaphor was supposed to hint that they're both part of Jesus, so yum, really. The burger I've heard so much about, though: I prefer Sabrina's. 

The place itself is hip-ass inside, and the outdoor seating is awesome, when the servers feel like serving you there, albeit. But the marble and the booths: pretty damn cool for a romantic late-night drink when The Franklin is packed out the wazoo, fo sho. The wings was particularly good.",Downtown,Village Whiskey,19.19,2.39,12.4,3,,,Native American
vMg4j4YJK2kNFMyPRzcZzw,Customer_8923,2010-05-19 19:21:32,4.0,Went here for lunch today. Burger was still a bit squishy/messy but good. Fries were much better and the cheese dipping sauce was rad. Wish the seating inside was more accommodating for groups of 3+,Downtown,Village Whiskey,33.2,6.75,20.3,3,,Non-binary,
CVZDyCilzuUFtd--qpj93A,Customer_1448,2014-03-15 19:25:23,4.0,"Small place, 7 tables or something like that.  Expect to wait hours for one probably any day of the week. 

Food is great, killer burgers and fries.  

It's a whiskey bar, thought they would have more of a selection,but decent enough.  They have a few decent beer in bottles.  We had a couple ipas which were fresh.",Downtown,Village Whiskey,24.56,3.43,14.0,2,36-45,Male,Other
U-N22inxjQXAH_tbWNs5eg,Customer_4767,2010-01-19 15:02:56,4.0,"I sort of knew what to expect going in, tight seating with a possibility of a long wait. However we snagged a seat almost immediately. Great waiter who really knew his stuff and had no problem dealing with our being a bit indecisive. Had the the lobster roll, not amazing by any means- especially the hot dog roll, the cheddar and short rib fries, yummy, and the spicy popcorn shrimp, wow. Grabbed a couple of the smaller dishes afterwards, not out of hunger really, but wanted to try them out. The pickles were fantastic! Especially the ricotta thingy. 

My only issue was the hostess, who was directly in front of us and constantly texting. Really annoying and distracting. She hid the iphone from all the staff who went by her, including the hostess from next door, but didn't think that the customers should be shielded from her lack of professionalism.",Downtown,Village Whiskey,21.35,3.06,14.3,4,46-55,Non-binary,Caucasian
VZ7lDtzMgzrqEHc0RlNErw,Customer_5314,2010-11-27 01:02:00,4.0,,Downtown,Village Whiskey,16.67,3.85,23.1,1,18-25,Prefer not to say,Mixed
Kg7o1SX-pu-0Gacl3FvO6Q,Customer_8807,2015-05-29 04:23:34,3.0,"My friend from out of town is a burger connoisseur so I thought this place would be the perfect place to take him for a casual lunch. The burger of the month at the time included pork belly, an edamame spread, and some sweet and tangy asian sauce that was amazing! I'd heard a lot about the duck fat fries so we ordered them, but to be honest I was a little disappointed at how bland they were. It was a bit emptier at that time of day so the service was fine, but I wouldn't necessarily come back.

I've also been here for the bar at night, which I prefer. Limited seating but really delicious drinks!",Downtown,Village Whiskey,94.68,19.07,20.1,1,26-35,,Native American
rUse_56onI85b4dLRaQaAQ,Customer_4115,2016-10-01 22:52:06,4.0,"Very cool atmosphere in Philly! We came here on a weekend and the wait was going to be over an hour. We came back during the week and there was still a wait for a table but the bar was open. Honestly we probably had more fun sitting at the bar than if we had a table. I got the veggie burger and my BF got a regular bacon cheese burger. He enjoyed his burger and ranked it in his top 5. I enjoyed the veggie burger and it was quite large, but I quite honestly was wishing for more sauciness or some moisture. I would not say that this was the best veggie burger I have had and for the price I was slightly disappointed. I did, however, immensely enjoy the tater tots! They were crispy on the outside and like mashed potatoes on the inside! Whatever sauce they give you to go with it was delicious as well! All-in-all, I enjoyed my dinner at the bar at Village Whiskey. It is a bit pricey, but if you can swing it I don't think you'll be disappointed!",Downtown,Village Whiskey,35.35,7.03,19.9,1,26-35,Female,Asian
iwyJKX7T5X21FdaiEUu7UA,Customer_4387,2014-05-09 01:44:23,5.0,,Downtown,Village Whiskey,61.84,7.82,12.6,2,,Female,Mixed
7twg4ht9CPPCk3Zn84rC-g,Customer_9071,2015-10-12 00:17:03,3.0,"Very accommodating staff. Knowledgeable, large whiskey selection. Outside seating. Food was average. Nothing too special. I had the pulled pork sandwich. It was okay. My date had the veggie burger. I tried some, it was very hearty and full of beans. There's nothing special about the duck fat fries. I was disappointed with them. The pasta was particularly good.",Downtown,Village Whiskey,5.8,0.91,15.8,2,,,Caucasian
Mx5UXomIfCbHQNh7tSkqCw,Customer_7081,2015-07-07 17:35:31,5.0,,Downtown,Village Whiskey,68.3,14.41,21.1,1,46-55,,Native American
DMw2FB_pCDYmYGYEL_8smg,Customer_9374,2010-03-31 18:10:43,2.0,"Went on a Wednesday night 7:30-11:00m and am sorry to say, it was a total disappoint. The girl at the front door, was unfriendly and unhelpful the bar staff had attitude and when I asked a server on a table update (since we had been waiting for over 2 hours) he got confrontational. I can't believe we even stayed for the food. 

The place looks cool, but if I'm looking for that kind of service, I'll move back to NY.

Total disappointment...wish it hadn't been .",Downtown,Village Whiskey,69.94,17.48,25.0,2,26-35,,African American
Npme4LIYYGdX2P5Qmo1K0Q,Customer_8836,2013-09-04 21:57:44,4.0,"Came here to grab a drink with the girlies. There were easily available seats at the bar. I asked the waitress to recommend me a spicy whiskey and she brought out a more-than-your-average shot of liquor on ice. I loved it. It went down well and I'll be coming to this bar when I visit Philly again.

Excellent service!",Downtown,Village Whiskey,25.72,0.0,0.0,1,56-65,Non-binary,Other
BZ66sjvvUtInVX9LZ4BXww,Customer_3863,2014-02-27 22:03:44,5.0,,Downtown,Village Whiskey,18.26,3.84,21.0,2,18-25,,
HIzVQYwoN3hnO7Cy7-OFjA,Customer_4452,2010-08-30 17:51:57,4.0,"We went to Village Whiskey today after having waited outside until 12:15 for Frog Burger to not open *groan*.  I had been there once before for Dining Out For Life, and had enjoyed myself.  We ordered everything on the menu that time, and it was more a novelty dining experience than a real one (i.e. we were too drunk to notice anything).   

Today we told them we only had about half an hour, and they had our food out within 10 minutes.   Only downside is the price.  $5 for what are fairly run-of-the-mill fries is highway robbery.  However their burgers are quite tasty, and the service was friendly and accommodating.  If you're looking for a reliably good burger in Rittenhouse-- this would be the place to find it. The ribeye was particularly good.",Downtown,Village Whiskey,19.64,2.6,13.2,4,18-25,Non-binary,Mixed
0Ild4vMH-apyfitsSOnQ6g,Customer_5306,2011-01-09 13:40:12,4.0,"We assumed that a Saturday night would have at least a healthy wait attached with it for this Philly gem. The great thing is instead of holding a buzzer, or waiting to hear your name called over the crowds, VW takes your phone number, and calls you once a table is near available (10-15 minutes).

Upon entering the black curtain, you begin to understand why such seating delays are the norm. I would be very surprised if the place seats more than 60 (including the bar). The intimacy of VW is nice though, and the ambiance was well-receipted. A nice mature energy and vibe is instantly obtained. The bar display with all of their choice whiskey and scotch selections is quite a sight to see.

The whiskey menu is larger than the food menu which is a nice change of pace. It's nice to see condensed menus, of which showcases what is exceptional, instead of having 5-6 pages of moderate prepared items. Rumor had it that VW had the best burger on the East Coast, so I was ready to test that theory.

Service was solid (not too outgoing, but efficient) My burger of choice was an adhoc option with a fried egg, bacon, and Rogue bleu cheese. The toppings are very generous, which is good for the appetite, but made it challenging to eat as a burger. The Bleu cheese combined with the rareness of the beef really brought out a great taste. Although I was quite pleased with the burger, I would still rather stick with a few DC burger establishments as my top tier.

The Duck Fat Fries were equally impressive, as the sweet/salty combo is a real treat. The serving portion was perfect, as many places bombard you with starch, which VW only fills a small cup.

The whiskey tastings (1 oz per) were impressive, and the tasting sheet/place holder was very informative.  Although the beer selection is small, the choices by the beverage manager show a great knowledge, and really pair well with the menu.

Prices are very affordable, and I was surprised that they don't charge more for their great product. 

Granted Philly is cheese steak nation, but VW shows a great understanding of Angus beef burger style. The nachos was particularly good.",Downtown,Village Whiskey,12.13,2.24,18.5,4,46-55,,Mixed
36mFRDv4PCVnfhxfgVDkmg,Customer_4449,2012-08-20 16:15:47,3.0,"I'm a fan of Iron Chef, Jose Garcias so we decided to try Village Whiskey. First, let me say, it's very small, so don't expect a spacious place to dine. Although small, It's a nice looking place, cool atmosphere. The appetizers were DELICIOUS!!! We started with the crab cocktail and a horseraddish dip sauce. The crab was whole jumbo lump crab meat with chives finely chopped and mixed in the cocktail, it was served chilled, of course, and it was enough to intimately share. The short-rib cheddar fries were amazing! The short-rib is pulled and spread over a bed of fries topped with a cheddar cheese like sauce. The fries were crisp and crunchy, the short-rib meat was tender and flavourful. The raw Eastcoast oysters were fresh. They're slightly salty served with cocktail sauce and another sauce (???) it was very good. The drinks were awesome. If you're looking for something fruitier and smooth, try the one legged man. The mint julep was stronger than I expected, you can really taste the whisky and hints of mint. The New York sour is sour on top of sour if you like that sort of thing and the Sansome Street Sangria was pretty good with a hint of fruity wines and, once again, the whisky shines through. The featured item fell short for me. My entree was the Burger w/crab slaw, sunny side egg, applewood bacon, tomato and lettuce. The burger to bun ratio was way off. The bun was way to thick and wide. I must have bit the burger about 3 times before I made a dent in the burger. I was unable to taste any of the ingredients on my burger because the bread was so over-powering and thick. The burger and the toppings were sliding off the bun. I had to eat the toppings separate in order to taste them. Our bill was $144.00. I could've saved $100.00 and ate at Bobby Flays. He has the best burgers that I've ever tasted in my life. People fail to understand that a good burger is about having a nice soft reasonably sized bun with well seasoned good quality beef. The burger and the bun should be the same size. I should be able to comfortable open my mouth and,  with the first bite, taste all of the ingredients and toppings. Some chef's get caught up in the prettiness of the bun and the bigger the burger the better it taste... No! That's not it at all... To be honest. I'd rather have a burger from Nifty Fifty than Village Whisky. But it depends on how you like your burgers and I, frankly, am not impressed by size and glazed over-sized shiny buns. IF I go back, it would be for the appetizers only.",Downtown,Village Whiskey,21.61,2.2,10.2,8,,Non-binary,Mixed
0Ild4vMH-apyfitsSOnQ6g,Customer_5581,2011-01-09 13:40:12,4.0,,Downtown,Village Whiskey,24.25,3.47,14.3,5,56-65,Female,Asian
zC74v5qa1jN04T99aeSCtA,Customer_5422,2010-05-24 19:08:39,3.0,,Downtown,Village Whiskey,22.84,6.85,30.0,1,56-65,Prefer not to say,Other
V-qQnO_UTLnWHGAsq9NSPQ,Customer_3450,2013-12-08 17:28:10,3.0,"Food was very good I had the chicken sandwich which was great, however if your drinking here I hope you have time to wait since it takes FOREVER to get a drink. I mean like 30 min to just get a beer.",Downtown,Village Whiskey,42.02,8.62,20.5,2,18-25,Female,Other
eHS02vM2CU0F9s_ik8Uwbw,Customer_9470,2013-10-28 22:54:38,5.0,"Burgers, staff and mgmt. and Whiskey selection all amazing!",Downtown,Village Whiskey,26.46,2.86,10.8,2,36-45,Prefer not to say,Native American
ze3gf6OkHQKFBp2wSctnhQ,Customer_1781,2014-02-23 23:56:59,3.0,"disclosure: review is for food only and not on the whiskey unfortunately

a friend took me here expressing this was the best burger in all of philly. 

service was efficient and there wasn't a wait at all that tuesday evening at 6pm. we were bummed they didn't have a happy hour. the burger portion was super generous and i had trouble eating it without my utensils. the quality of the ingredients was great but i still felt as if something was missing.. wish there was an extra sauce or dressing element to make it a bit juicer though the meat was far from dry. it was just missing something for me. there was a long list of add on's (at a cost) that maybe i should have splurged on? it was pretty dark in there and i was too lazy to tackle that part of the menu. i was uncomfortably full after so i'd probably share a burger if there is ever a next time.

it was a decent burger but not worth any potential long wait and definitely out of my normal price range for a burger. this place left me really missing home/in n'out...",Downtown,Village Whiskey,29.97,7.44,24.8,3,65+,Female,Caucasian
mU8lwM7jYKCCSar1R1CeGA,Customer_2577,2015-06-08 17:37:31,5.0,"Had the Kentucky Brown, deelish!! My friend had the duck fat fries that looked amazing and he had one of the burgers that was also outstanding he said. The risotto was particularly good.",Downtown,Village Whiskey,19.99,4.88,24.4,5,36-45,Non-binary,Mixed
3cq6qM96Tztwa1jEjzov9g,Customer_5222,2014-11-13 18:49:09,4.0,The burgers here live up to the hype. They are delicious and so are the short rib french fries.. These things are amazing. The only downfall is the size of the restaurant which results in a 45+ min wait.. Can be up to a 2 hour wait on a Friday or Saturday night but it is still worth the wait.. Just put your name down and take a stroll through Philly or go to the irish pub down the street and grab a drink. they will shoot you a text message when your table is ready!,Downtown,Village Whiskey,13.59,2.53,18.6,3,46-55,Male,Mixed
