review_number,guest_name,visit_date,satisfaction_score,feedback_comments,venue_location,restaurant_name,total_spent,tip_amount,tip_percentage,party_size,age_range,gender,ethnicity
xZnk3q-AHjpN6aSR_6Sqhg,Guest_6617,2011-11-02,5.0,,Eastside,The Bricks,22.25,3.99,17.9,3,,Non-binary,Other
2umV3kR4UxjuYV4wU7Qw1w,Guest_6307,07.02.2014,4.0,,Eastside,The Bricks,8.83,1.47,16.7,2,26-35,Prefer not to say,Native American
hBzLjPySOBHDz0NiGf6SfQ,Guest_8824,06/09/2018,4.0,"Friendly service & neat building. Depending on the atmosphere you are looking for, the music is a bit loud.",Eastside,The Bricks,20.2,3.23,16.0,2,36-45,Non-binary,African American
xZnk3q-AHjpN6aSR_6Sqhg,Guest_2054,2011-11-02,5.0,"They have a super friendly staff and a simple modern decor. I enjoyed the Six Degrees of Kevin Bacon exhibit on display. I got a really young and hip vibe from this place, and the sandwiches are amazing!",Eastside,The Bricks,,4.55,18.1,5,36-45,,Other
hQz9UnbHvv3ctllRquULuQ,Guest_2930,2015-04-18,5.0,,Eastside,The Bricks,16.3,2.07,12.7,2,56-65,Prefer not to say,Other
77SVp08MVwzf7CP9vviZgw,Guest_8140,2012-07-22,3.0,"We've heard that we need to go to places in Ybor and try them out, so we set out to find a place for dinner.  One thing is for sure...the menu has traditional food, but in a unique way.  

I ordered the deluxe grilled cheese (has tomatoes, pesto, whole wheat) and my husband had the BBQ pig quesadilla.  Both dishes were good, but I don't feel like they were 'awesome'.  

We went out on a limb and tried the hibiscus sangria and the chocolate espresso cake for dessert.  The cake was VERY espresso!  Too rich for me!  The sangria definitely tasted like flowers, but in a good way. It was pretty refreshing too!

 It was fun to try a new place, but I don't think we'll go back.",Eastside,The Bricks,35.9,5.48,15.3,2,18-25,,Other
L35Awd7K5slzNlEAI6H8xQ,Guest_4384,04/01/2016,4.0,,Eastside,The Bricks,35.04,6.71,19.1,4,,Female,Caucasian
Cf3QB0VEbdWFq94tZcWgTQ,,10.11.2017,5.0,,Eastside,The Bricks,24.48,3.56,14.5,2,26-35,Female,Native American
s9dqqPMdKO3QdJ5s7lrt3g,Guest_3742,2016-11-28,1.0,"This place is listed as vegetarian-friendly and it is, provided that you eat eggs, cheese, and whatever else they put on the food without listing it in the menu description. Unfortunately this place was a nightmare for me as a vegan. I ordered the veggie cuban with no swiss or honey mustard since those were the only non-vegan ingredients listed in the description, and if it wasn't for the server mentioning ""oh that's a great choice; the chef puts an egg on it too,"" then I would have gotten a sandwich with egg. After I stressed ""no animal products, no egg, no dairy, no butter,"" the server responded with ""oh well you know the egg isn't actually meat"" as opposed to, you know, respecting my dietary restrictions.

I have no intention of returning, due to the lack of clarity on the menu and the server's rudeness when I was expressing my allergies/restrictions. Maybe if the restaurant lists all of the ingredients and trains their staff on how to not be rude to someone who was rightfully annoyed at almost getting an item I couldn't eat, then it might be worth a recommendation. But then again, it's not a vegan-friendly establishment despite it being vegetarian-friendly.",Eastside,The Bricks,18.19,3.2,17.6,2,46-55,,Caucasian
uoiQHg2o0l9eNvOESYq1UA,Guest_9292,2016-03-07,1.0,"It sucks, don't go!!!!!!!!!!!!!!!!!!!!!!!!!!!!!!!!!!!!!!!!!!!! Cold food, stuck up waiters, expensive drinks",Eastside,The Bricks,,3.68,35.0,3,18-25,Female,Asian
siwaa7bmNx91IxRVWwhp3g,Guest_4965,29.05.2014,4.0,,Eastside,The Bricks,13.76,1.96,14.2,1,56-65,Prefer not to say,Other
C5VBfvKrFBGl7uhEONk8OA,Guest_5014,09.02.2017,5.0,"Great bar/café! Such a great place to hang, inside is beautiful and outside you can hear nice music while having a coffee and a cig! Definitely coming back! Loved it",Eastside,The Bricks,29.73,5.61,18.9,2,46-55,Male,Other
QuLLvrwzNEizCRDiRPsVGQ,,12.02.2012,5.0,"We walked into The Bricks of Ybor and were immediately greeted by the owner and taken on a tour. He showed us the studio area next door, the small patio in the back, and the food prep area. He also explained the menu and gave some recommendations. I've never been treated that way at a restraunt and it was an awesome touch. The food was great. The waitress did bring my husband the wrong sandwich but by the time we figured it out, it wasn't worth mentioning. He liked whatever it was she brought him. The beer selection was very good. The atmosphere is laid back and unique. They have games to play while you enjoy your drinks. The music is awesome. All in all, I love this place!",Eastside,The Bricks,26.82,4.11,15.3,3,65+,Non-binary,Hispanic
rzkOryEsl-T1AvF6e3DcIw,Guest_3515,2012-12-05,4.0,"Either ate or had drinks here a few times over the summer as my office was just upstairs.  I'm not a vegetarian, but the Goodness wrap is a knockout.  I also greatly enjoyed the chili I had here, though it was a special so I'm not sure how often it comes around.  I'm not really into the hipster vibe of the staff, but I never had any service problems and that's what is most important.  

I definitely don't live or die by The Bricks but it's a place I would suggest if you're ever in Ybor City.",Eastside,The Bricks,16.47,3.05,18.5,3,36-45,Male,African American
I3nDwvABhYqKdcxpN6_eaA,Guest_4563,2014-04-23,5.0,,Eastside,The Bricks,10.64,1.46,13.7,4,,Male,
gHUkEhOWnsgHft9SzkSiZQ,Guest_9388,2015-12-24,4.0,Just came here for cocktails on a Tuesday night. The bar was full but not very busy otherwise. We got the huckle punch and Constantine. The huckleberry vodka in the huckle punch is one of my favorites so loved that drink and the Constantine also very good if you like bourbon! Service was very good and prices were reasonable. Had $3 taco deals and a very cute coffee bar so would definetly be interested in coming back to eat or for a good studying place!,Eastside,The Bricks,35.29,3.67,10.4,2,65+,Prefer not to say,Caucasian
UmA-9d4M4x8F5UKkVCAjEg,Guest_2639,01/19/2015,,,Eastside,The Bricks,6.63,0.86,13.0,1,18-25,Prefer not to say,
I3nDwvABhYqKdcxpN6_eaA,Guest_3706,2014-04-23,5.0,"Easily my favorite overall spot in Ybor. The food is freaking amazing, the staff is awesome and know their booze/beer, and it just has a great feel.",Eastside,The Bricks,,2.7,8.4,2,65+,Male,Other
L35Awd7K5slzNlEAI6H8xQ,Guest_6510,2016-04-01,4.0,,Eastside,The Bricks,27.27,4.79,17.6,3,46-55,Non-binary,
miIwXNa5O-ILZaN_S3EH2g,Guest_6012,2014-02-24,,"I'm defintely a fan. The food/drinks are always stellar and while the staff is super friendly, the only issue with The Bricks is the time it takes to order/be served. It isn't like the servers are slow either, they are clearly working their assess off running from table to table, so maybe it is that people have called in sick the couple of times I've been in recently and they had to work twice as hard but a Sunday lunch shouldn't take 3 hours. Now that my complaining is out of the way, the restaurant itself is super groovy. The kitchen is on full display so no crazy stories of chefs putting anything crazy into your food here. And they look like they are having a great time while they prepare meals (whether they are or not, I love to see people enjoy what they do). I normally get draft beer but their cocktails look really interesting and innovative. At lunch, I normally get the ""Goodness"" which is a hummus wrap and it comes with a choice of a side ($8). Don't bother being wishy-washy on the side, get the Asian slaw, it is delicious, and if available I would order as a meal. The wrap was good but the star was the slaw. Thai, pea-nutty, goodness:) I've gotten the Elvis before ($8) and it was delicious but something I can make a home. I ordered it without bacon. My husband ordered the burrito and loved it as well ($9). Others at our table raved about the Chicken and the Pig, The BBQ pork, and The Cure sandwiches. Everyone really liked their food. The Bricks really is a great spot on the 7th Avenue strip, perfect for late night people watching that make Ybor awesome and also out of the way enough to not feel like it's distinctly part of the Ybor scene.",Eastside,The Bricks,60.41,15.91,26.3,3,,Prefer not to say,
mu7DWrjoa6b2yqcfH75QYw,Guest_8976,12/24/2016,1.0,"For days I have tried to put a side the terrible experince I had, I really don't like to put a bad review, but most of all I deeply appreciate when businesses treat everyone with respect and priority, and for some reason and actually for no reason. I walked in and noticed I have to go to the bar for srvice, there were no available seats, so I stood at the beginning of the bar from the entrance, made an eye contact with the bar tender, 5 min passed he still didn't come to me so I looked over for a menu and grabbed it myself, shortly after he reached to me and took my order of drinks and food... 10 min passed and he didn't prepare my drinks, he left the bar area, and another guy came to replace him, he asked us if we needed help, I told him we already ordered, mean while I'm waiting and waiting and I see our server went to take out food for people, totally forgot about us, he could have at least tell the other two guys who were at the bar ( one of them was the owner) to make us the drink... Then the owner came to me and he told me I should have told the guy that replaced him to make me the drinks, i told him how could I know it works that way? And instead of trying to make excuses for why I don't have my drinks and blaming me for it, he obviously didn't care for what u had to say but I tried explain him how long I've been waiting and that I should have been taken care off and that he's been very rude for trying to excuse the situation instead of handling It property... End of story, He got mad he said I'm the owner and that I'm not going to talk to him that way and he walked away from me! So to sum it all up, I waited a while until I was served, the tender argued with me that chocolate always has milk inside ( just a lack of knowledge) the owner saw us waiting and waiting , looked at us while serving others, and than he got the nerve to be mad at me for being upset....!!!!",Eastside,The Bricks,23.32,6.5,27.9,4,65+,Female,Native American
ntNxLQQTBZhYVGZpvUQYzw,Guest_5133,08.09.2016,5.0,My favorite lunch spot in Ybor. Best greek salad of all time. Great servise.,Eastside,The Bricks,24.15,2.0,8.3,4,,Female,Native American
NVGknCokupO-YGnK8vI5Kg,Guest_3187,22.04.2014,,"Excellent service, trendy yet comfortable atmosphere, and very nice food. About half the items we requested weren't available b/c they're transitioning to a new menu.",Eastside,The Bricks,9.41,1.35,14.4,4,36-45,Prefer not to say,Mixed
8_4B-G7i1ETKqsNLEiaXfw,Guest_6062,27.10.2011,4.0,,Eastside,The Bricks,21.44,4.0,18.6,2,56-65,Non-binary,Mixed
dFgGps6gQQbWoKOR60X72w,Guest_6726,02.03.2012,5.0,"My friend and I visited Tampa for a concert, and about ten minutes away from the Atlanta airport he realized that he had purchased tickets for the wrong day. We had already made hotel reservations and bought the concert tickets, so he just had to pay same-day price for airfare: all in all about $800 more. ""It was totally worth it,"" he later told me, ""Because I got to have the best sandwich of my entire life.""

All because we randomly picked the Bricks of Ybor from Yelp. I can't vouch for the peanut butter or meatless menu, but the meat sandwiches that we bought were absolutely phenomenal. I had the pulled pork, which was flavored with ponzu and served on Hawaiian sweet bread. It was one of the best meals I've had in a long time. We spent a few hours hanging out and drinking, during which time Brian, the owner, came out and talked to us, comped us a drink, let us try new appetizers he was developing (all for free) and generally made us feel really welcome. 

I kept my eyes open to the kind of crowd that came in and out of the restaurant. It seemed to draw everything from hipsters to geriatrics and strait-laced families with young kids. I think it speaks to both the diversity of the menu and the pleasant environment. We went back for drinks before and after the concert. It got very crowded but we still received excellent food, drinks and service. I give this restaurant my strongest recommendation, and it's the first place I'm going when I next visit Tampa.",Eastside,The Bricks,14.88,2.2,14.8,3,,,Mixed
P-lZE6cZgfWkojreLiu7Vg,Guest_1725,15.03.2017,4.0,The Bricks is a tasty restaurant for lunch with a cool and unique Ybor City atmosphere along with friendly service! The only reason it didn't get 5 stars is because it is a little pricey for the quantities.,Eastside,The Bricks,17.52,2.31,13.2,3,56-65,Non-binary,Hispanic
xFxilqzpu6Xac1admnl7MA,Guest_8275,28.09.2015,4.0,"I dig the art and the choices on the menu.

Skanky Chai is pretty good. 

The Elvis was pretty awesome. Peanut butter, bacon, and bananas on cuban toast. 
That sounds a lot like something I would drool over.

Nice!",Eastside,The Bricks,19.5,4.35,22.3,5,18-25,Prefer not to say,Hispanic
nAdvLArVs5EaKwrOvFXTuQ,,13.11.2014,5.0,,Eastside,The Bricks,29.38,6.1,20.8,4,46-55,Female,Native American
BceKC7jAlfmF6C-z-OTflQ,,19.08.2017,,"I went there for dinner while in the Tampa area and had a great meal.   They have multiple Vegan and Vegetarian options, while also having a full bar with Guinness.   Very unusual across the good ole USA.

The place is in an interesting area, which seems it could be a little rough in the dark, so if you go, I would recommend going during the light hours.

The bartenders are really nice, and helpful with picking a good dish.",Eastside,The Bricks,18.93,2.63,13.9,2,,Prefer not to say,Caucasian
94N0yL4NknDfB4JITXlUWA,Guest_1511,2015-06-21,4.0,Just went there yesterday for brunch...  I've had a ton of grilled cheese sandwiches but this makes my top five. Loved the atmosphere. So happy we gave this restaurant a chance.,Eastside,The Bricks,15.63,3.94,25.2,3,18-25,Male,
EVklXIXTKM7MroTzc-EsPA,Guest_9667,04/09/2017,4.0,"I ordered the Kung fury bowl and it's pretty good, just not a huge fan of Asian slaw. The restaurant is pretty cool with the decoration and not at a super crowded location in ybor. The service was a bit slow, but the food came pretty quick.",Eastside,The Bricks,7.85,1.44,18.3,1,65+,Male,Other
P-lZE6cZgfWkojreLiu7Vg,Guest_7950,03/15/2017,4.0,,Eastside,The Bricks,45.93,7.28,15.9,6,65+,Female,Mixed
OhxIJjuDwcA0tRwXImwpeA,Guest_9637,24.08.2014,3.0,,Eastside,The Bricks,29.95,5.15,17.2,1,18-25,Prefer not to say,Caucasian
asr6SiNjIrpTrGwMeBp9Pg,Guest_2744,03.07.2015,,"Great environment, good assortments of beers, funky people, board games, chill vibes, Monday Game nights and random parties, outside patio, great coffee, try liquid heroin coffee, one of my favorite places in town",Eastside,The Bricks,17.71,3.89,21.9,2,56-65,Male,Hispanic
6W_KEeCPnxjcuD6u4UXi0Q,Guest_4714,2017-06-18,5.0,"Came for Father's day brunch, and will definitely come back. great selection of vegetarian food.  Veggie Cuban and cheese grits were awesome. .and service was so good!",Eastside,The Bricks,25.19,4.72,18.8,3,,Female,Mixed
asr6SiNjIrpTrGwMeBp9Pg,Guest_5391,07/03/2015,5.0,,Eastside,The Bricks,28.56,4.46,15.6,2,18-25,Female,Caucasian
N1BiMP9r3IsmEzChi9PPwA,Guest_3512,23.02.2011,4.0,"I read the reviews on Yelp and decided to check out Bricks of Ybor for myself. 

Nice atmosphere and hip music playing in the background. I sat at the bar and watched the flat screen televisions (they were playing the History Channel on one TV. & ""Shaun of the Dead"" on another TV.). 

Good beer on tap (I tried the IPA -- it was good) and a small menu specializing in appetizers, salads & sandwiches. I ordered the hummus plate and the iceberg wedge salad -- both were delicious. The blue cheese dressing on the salad was particularly scrumptious. 

For one beer and an app and a salad, my bill came to just under $25 before tip -- kinda expensive (considering they no longer serve the ""salmon spread"" on the hummus plate -- should that really be priced at $10, still?).",Eastside,The Bricks,30.0,5.62,18.7,2,18-25,,African American
eWzgGaazlADYOBS_hzFLtA,Guest_5332,2014-05-09,4.0,"Tasty place to grab a unique sandwich or something else with some tasty beer. I love the decor in this restaurant, as it seems to marry bricks, random tomfoolery, and nerdiness quite well. I've enjoyed most things there. The Bird and Pig was quite good as well as their veggie burger. They also have lots of theme nights, but I've never been to one.",Eastside,The Bricks,18.36,3.29,17.9,3,,Male,African American
exVAtPSIFht6QUVDftWSzw,Guest_2237,07/14/2013,1.0,"The Bricks gets a ""1"" in my book because they have terrible servise. Great food, but terrible service. I went there about 3pm on a Tuesday...which happened to be my birthday to have lunch with my mother. Not only were we not greeted by the 3 staff standing around with NO other customers, but we were also not brought any menus or given direction about seating. We sat down and waited for a server to come by and ask for our drink order and bring menus. No one ever did. We got up and grabbed our own menus close to where the staff were standing. They paid no attention. After 3 or 4 more minutes we stood up to leave and they didn't care. So we walked out and I had my birthday lunch elsewhere. I wrote to them on Facebook about our service and they promptly deleted my comment and ignored my message. I used to go to the Bricks all the time, but we've never been back since and I warn any new friends to not go there as well.",Eastside,The Bricks,,1.83,8.1,1,,Female,Mixed
umKey8gxNoyUcwZY2azciw,Guest_3404,2011-06-02,3.0,"nice place for gatherings and hanging out. Friendly staff. 

Food was OK. Not bad, not good, it just sat somewhere in the middle.",Eastside,The Bricks,23.62,4.34,18.4,1,,,Native American
zs4OcjXPJOkdhKV_CtRgpQ,Guest_4518,2014-06-11,,"One of my favorite spots to swing by while in the Ybor area, either with a group of friends or alone, as they do have a lot of space to bring out your laptop to work or read. Since I usually come during the workday for lunch, I'm a big fan of their specialty coffee drinks. They have a very unique one - espresso lemonade - which I got to try on my last visit. The bitterness was cancelled out by the lemonade and it was delicious. The Bricks has a good choice of apps/salads/sandwiches and I also tried a spicy chorizo, creamed soup, which my server recommended, and he was right-on point with this pick. If you're in Ybor please make sure you stop by here...it's vegan/vegetarian friendly and just has a good all-around vibe inside.",Eastside,The Bricks,20.99,4.39,20.9,2,65+,Non-binary,Native American
3FfhPCMT5T2e369qqYfV7g,Guest_6613,2015-09-10,,"The Bricks has a super cool vibe. I've visited multiple times for dinner and once for drinks. I'm always impressed with their sandwiches and other food. Normally everything is very fresh and tasty. They have a good sized line up of craft beers most of them local to the area, which is something I'm always looking for. 

It's sort of a dive-y location on the outskirts of the main part of Ybor. Late night they have a small menu of appetizers/small plates and have a DJ. It's clientele leads to some awesome people watching. 

All in all, definitely worth a try. It's not super fancy, so it's perfect for a casual dinner or a new place to try to grab a beer (there's a full bar as well).",Eastside,The Bricks,38.01,8.0,21.1,3,,Prefer not to say,Asian
_aJ77lzyw1BhFqRU-wPwhA,Guest_2642,2012-03-02,4.0,fun place with a nice atmosphere. Ordered the Elvis which is a good sandwich with peanut butter honey bananana and bacon! it sounds weird but it was delicious.,Eastside,The Bricks,16.22,4.7,29.0,1,26-35,Prefer not to say,Other
KIA9s_8qZEtuSjIFdjBwYQ,Guest_5262,06/29/2014,1.0,,Eastside,The Bricks,32.25,3.56,11.1,2,,Female,Caucasian
t6OmnU6qlaPS2BzDnMS28w,Guest_2823,05/20/2018,,"My favorite drinks place to imbibe before a show in Ybor. Kyle is spot on every time with what is seemingly the exact thing I want before I even know it. Also, the nachos. Trust me!",Eastside,The Bricks,,4.01,21.3,2,26-35,,Asian
dxp5wFqMeO2x3Rz-8km5Cw,Guest_8679,27.05.2017,5.0,,Eastside,The Bricks,22.74,0.0,0.0,2,,,Caucasian
jE2zHov_2Eii9XrrmkSV5g,Guest_3365,28.06.2012,3.0,"Visited The Bricks this evening for dinner with a group of 6 and I think I can say we all enjoyed our experience  - I give it a solid 3-stars because I wasn't blown away by the food, ambiance or service but all were good if not a little above average. 

I started with an Old Fashioned which was sadly, quite watered down.  The table started with the Bricklayer Nachos which were good and a pretty decent size portion too.  For my dinner I had the Mediterranean Grilled Cheese - feta and mozzarella cheese, olive tapenade, baby spinach and portabello mushroom pressed in a piece of flatbread.  The first few bites were enjoyable but about a quarter of the way into it I realized how SALTY it was.  Unfortunately, it was a little one-note and better in concept than in execution in my opinion. 

Our waitress was pleasant and split the check 6-ways without us even having to ask, which I thought was really nice of her.  Atmosphere was unique but nothing worth coming back for.

Also, worth noting - The Bricks doesn't have its own parking lot so you'll have to find street parking (good luck), a paid parking lot lot or one of the local parking garages.",Eastside,The Bricks,31.02,6.13,19.8,3,36-45,Male,
11LaR_wnmQpNf7fD6d6n1Q,Guest_1684,11/12/2014,4.0,I love this place. Everything I've had seems really fresh. The hummus is really tasty and the ambiance is nice and relaxed.,Eastside,The Bricks,,4.95,23.4,4,56-65,,Other
OkD1Hn96bO8NYIClN6bvyA,Guest_3651,2018-01-24,4.0,"2 words THE CURE! I ended up here after a night of one too many drinks (it happens). A friend recommended this place for a hang over cure! She was not mistaken! After reviewing their menu, which seemed a bit obnoxious, (I'm talking quirky names that require you read the description to be able to decipher what you're eating) I settled on the sandwich with an egg on it! Im a sucker for a runny egg on just about anything! Messy eggs, bacon, mozzarella, jalapeño aioli, on toasted cuban bread; this holy grail of a sandwich is called THE CURE! I have been back a few times to this establishment just for this sandwich, the mimosas too. Oh yea they have liquor so you can totally have drinks here. The ambience is very chill. There are a good amount of tables inside and bar seating; no outside seating. I have been here on a Sunday for brunch and found it to be pretty family/kid friendly. The whole place and most of the staff is painfully hipster but it works. The bathrooms are clean and there is a small back patio with mural art.",Eastside,The Bricks,16.49,2.21,13.4,2,36-45,Non-binary,Other
hBzLjPySOBHDz0NiGf6SfQ,Guest_4779,2018-06-09,4.0,"Friendly service & neat building. Depending on the atmosphere you are looking for, the music is a bit loud.",Eastside,The Bricks,29.56,5.35,18.1,4,18-25,Prefer not to say,Native American
dDKRtNXR8JJAz4x_ZCGo3g,Guest_1253,2014-05-29,4.0,,Eastside,The Bricks,18.24,3.1,17.0,2,,Non-binary,Hispanic
rno5BeYy-bMFKINk43MmNw,Guest_2635,2014-05-30,,"It is definitely a place to bring your friends and chat. I love their different types of Peanut Butter sandwiches. Amazing! Not only that, but the inside environment is just so positive and provides inspiration.",Eastside,The Bricks,30.24,3.16,10.5,5,,Female,Other
ylcQSUvE8VHikFz_gWIWWQ,Guest_5079,2017-08-19,5.0,"This is THE BEST spot for food and drinks in Ybor. The drinks are amazing and the food is top notch. Cool, laid back atmosphere and amazing bar!! All of the staff are helpful and accommodating!! Best happy hour!!!",Eastside,The Bricks,,4.11,19.5,4,,Female,Mixed
N1BiMP9r3IsmEzChi9PPwA,,02/23/2011,4.0,"I read the reviews on Yelp and decided to check out Bricks of Ybor for myself. 

Nice atmosphere and hip music playing in the background. I sat at the bar and watched the flat screen televisions (they were playing the History Channel on one TV. & ""Shaun of the Dead"" on another TV.). 

Good beer on tap (I tried the IPA -- it was good) and a small menu specializing in appetizers, salads & sandwiches. I ordered the hummus plate and the iceberg wedge salad -- both were delicious. The blue cheese dressing on the salad was particularly scrumptious. 

For one beer and an app and a salad, my bill came to just under $25 before tip -- kinda expensive (considering they no longer serve the ""salmon spread"" on the hummus plate -- should that really be priced at $10, still?).",Eastside,The Bricks,9.65,1.8,18.6,2,,Non-binary,Caucasian
8PtU0lutz85WqmKOhTY-3w,Guest_4781,2017-03-16,1.0,,Eastside,The Bricks,,8.97,19.9,2,,Non-binary,Asian
0F7dbDBRCGYd3wFBuVpFMA,Guest_2383,28.07.2014,4.0,"What an eclectic hipster joint, right in the heart of Ybor. The restaurant name alone fits the atmosphere perfectly. The menu options are unique, what might sound like it wouldn't mesh on the palette ends up making you want seconds and if drinking enough-- thirds. This is a great place to have a drink and a scrumptious sandwich on a Sunday. I had the bird and pig, perfect combination of savory and sweet.",Eastside,The Bricks,9.85,1.1,11.1,6,,Non-binary,Other
EVklXIXTKM7MroTzc-EsPA,Guest_2335,2017-04-09,4.0,,Eastside,The Bricks,,7.15,16.3,4,,Male,African American
QuLLvrwzNEizCRDiRPsVGQ,Guest_8900,2012-02-12,5.0,"We walked into The Bricks of Ybor and were immediately greeted by the owner and taken on a tour.  He showed us the studio area next door, the small patio in the back, and the food prep area.  He also explained the menu and gave some recommendations.  I've never been treated that way at a restaurant and it was an awesome touch.

The food was great.  The waitress did bring my husband the wrong sandwich but by the time we figured it out, it wasn't worth mentioning.  He liked whatever it was she brought him.

The beer selection was very good.

The atmosphere is laid back and unique.  They have games to play while you enjoy your drinks.  The music is awesome.

All in all, I love this place!",Eastside,The Bricks,25.61,2.54,9.9,4,18-25,Female,Mixed
rno5BeYy-bMFKINk43MmNw,Guest_1439,2014-05-30,5.0,"It is definitely a place to bring your friends and chat. I love their different types of Peanut Butter sandwiches. Amazing! Not only that, but the inside environment is just so positive and provides inspiration.",Eastside,The Bricks,28.05,5.0,17.8,2,,Prefer not to say,
exVAtPSIFht6QUVDftWSzw,Guest_7258,2013-07-14,1.0,,Eastside,The Bricks,24.96,4.72,18.9,4,18-25,Prefer not to say,Native American
F4_DYi_7czpyLMrErrKaQg,Guest_5241,01.08.2011,5.0,"We cam here for my wife's birthday this year that also just so happens to be Cinco De Mayo. We didn't want to go to a mexican joint so we chose the Bricks after reading some specials that they had going online. I have to say it was a good night and a lot of fun. Good drinks as well as food. Great ambiance, this is an older building in Ybor that they really did a great job of restoring. These guys are always having great food and happy hour specials. You won't be disappointed.",Eastside,The Bricks,22.48,5.36,23.8,2,,Prefer not to say,Other
uVRXElOZDBO2TXq_gveXYA,Guest_8455,21.03.2013,5.0,"Where do i start with this place! I love that they have local art on the walls/ always doing art shows the staff that works there always rocking smiles talking to all the guess a all around good atmosphere vibe I tip my hat to the head chef (Chef Ben) The food is always on point and i like when the cooks yell ""ORDER UP"" hahaha I can wright a book about how awesome this place is KEEP UP THE GOOD WORK and SEE YOU SOON!",Eastside,The Bricks,18.92,4.08,21.5,2,65+,Female,Hispanic
UDE36dmZLk5NQvHWFs7ouQ,Guest_8392,02.05.2012,4.0,"I thoroughly enjoy going to the Bricks.  It's unique atmosphere with cheap, but tasty, food options combine for a great experience.  

The term hipster is thrown around a lot these days and while you may be greeted and surrounded by people in skinny jeans, wearing Toms shoes, IMAX glasses, and an extra piercing, you are treated no differently.  I always feel warmly welcomed and entertained.  

As it does have a large bar, it may get rowdy in the evenings, but the Bricks maintains a family-friendly atmosphere.  

I ate the Bird and Pig meal once, very very good, and the breakfast bagel the next time.  The fiancee had black bean soup and a grilled cheese sandwich.  Very tasty combination. 

Highly recommend!",Eastside,The Bricks,55.8,5.28,9.5,2,,Prefer not to say,Native American
gHUkEhOWnsgHft9SzkSiZQ,Guest_5972,12/24/2015,4.0,Just came here for cocktails on a Tuesday night. The bar was full but not very busy otherwise. We got the huckle punch and Constantine. The huckleberry vodka in the huckle punch is one of my favorites so loved that drink and the Constantine also very good if you like bourbon! Service was very good and prices were reasonable. Had $3 taco deals and a very cute coffee bar so would definitely be interested in coming back to eat or for a good studying place!,Eastside,The Bricks,57.71,6.56,11.4,1,46-55,Female,Hispanic
qzgc5-lizZMqupW7ZR8qmQ,Guest_8924,07/28/2014,4.0,,Eastside,The Bricks,14.98,2.92,19.5,5,56-65,,Mixed
ELbCs-aC8mAxrAEu36Hihw,Guest_2761,10/13/2014,4.0,,Eastside,The Bricks,14.53,2.17,14.9,2,56-65,Prefer not to say,Other
jrGMuHix2T4NvxVmR0yF_g,Guest_8469,2013-02-27,5.0,"Great atmosphere, always a good variety of music playing, excellent food and an increasingly diverse drink menu make this possibly my favorite place in Tampa. The Bird and Pig could quite possibly be the best sandwich in the history of sandwiches! Chicken, bacon, Brie, agave on Hawaiian sweet bread....yum! Also, try Root Down on the drink menu. Tastes exactly like Root Beer!",Eastside,The Bricks,23.09,5.25,22.7,2,46-55,,Asian
ylcQSUvE8VHikFz_gWIWWQ,Guest_1170,2017-08-19,,,Eastside,The Bricks,18.06,1.61,8.9,6,36-45,Prefer not to say,Mixed
s9dqqPMdKO3QdJ5s7lrt3g,Guest_7680,11/28/2016,1.0,,Eastside,The Bricks,30.29,4.08,13.5,2,56-65,Female,Other
ZqzXpRt9FsPQUDCNmvj0ew,Guest_8193,25.02.2017,4.0,,Eastside,The Bricks,16.37,1.44,8.8,1,46-55,Male,Asian
6W_KEeCPnxjcuD6u4UXi0Q,Guest_8275,2017-06-18,5.0,"Came for Father's day brunch, and will definitely come back. great selection of vegetarian food.  Veggie Cuban and cheese grits were awesome. .and service was so good!",Eastside,The Bricks,14.55,3.16,21.7,3,,Male,Caucasian
nWXxee5pTo9vvnbB6ir-4g,Guest_1532,06/24/2016,3.0,"First of all I would like to say this is a pretty cool place. They have a great selection of beer and booze. The bartenders were very attentive and made awesome drinks. I was there on a Thursday night with a wedding party of about 12 people and we were having a great night. This is where I would love to end this review because based on the atmosphere and bartenders, this is a really chill place to hang out in ybor. Unfortunately, there is more to the story.

Later in the night, the bar started clearing out. The only people in the bar were myself, the wedding party I was with, the bartenders, and 3 other people. That's it. We (the wedding party) thought it would be fun to do the wobble and since the DJ was playing hip-hip anyway, we figured that it wouldn't be an issue to request that he play the wobble. After All, there wasn't many people in the bar anyway. Upon requesting to the DJ that we would like him to play the wobble he proceeded to respond with statements like ""I refuse to play that song"" ""I don't like that song"" ""I'm not a jukebox"". After briefly sharing our differences of opinion, I went to the bar to get a drink. At this time the DJ also walked up to the bar as we were kindly telling the bartender that they might want to reconsider their DJ choices because he was more concerned with what he wanted to hear, rather than what the patrons of the bar wanted to hear. Upon sharing our opinion with the bartender, the DJ butts in again to express that ""I'm the DJ, and I'll play what I want to hear"" that irritated me and I got a little heated. The bartender proceeded to cut me off because I argued with the DJ. I totally understand that, the bartender did the right thing there to calm down a situation. 

Point of my long story is, I really hope this place reconsiders their DJ choices in the future. They need someone that will play what the patrons want to hear and not what he wants to hear. Maybe that's just my opinion, but I feel that I make a strong case considering that by the time it was all said and done, our party was the only people in the bar. So, instead of 5 stars, I'm marking it a 3 based on the DJ alone.",Eastside,The Bricks,22.26,3.82,17.1,4,65+,Female,Native American
77SVp08MVwzf7CP9vviZgw,Guest_5132,07/22/2012,3.0,"We've heard that we need to go to places in Ybor and try them out, so we set out to find a place for dinner. One thing is for sure...the menu has traditional food, but in a unique way. I ordered the deluxe grilled cheese (has tomatoes, pesto, whole wheat) and my husband had the BBQ pig quesadilla. Both dishes were good, but I don't feel like they were 'awesome'. We went out on a limb and tried the hibiscus sangria and the chocolate espresso cake for dessert. The cake was VERY espresso! Too rich for me! The sangria definitely tasted like flowers, but in a good way. It was pretty refreshing too! It was fun to try a new place, but I don't think we'll go back.",Eastside,The Bricks,19.76,4.06,20.6,3,18-25,Prefer not to say,Caucasian
s9dqqPMdKO3QdJ5s7lrt3g,Guest_6632,28.11.2016,1.0,"This place is listed as vegetarian-friendly and it is, provided that you eat eggs, cheese, and whatever else they put on the food without listing it in the menu description. Unfortunately this place was a nightmare for me as a vegan. I ordered the veggie cuban with no swiss or honey mustard since those were the only non-vegan ingredients listed in the description, and if it wasn't for the server mentioning ""oh that's a great choice; the chef puts an egg on it too,"" then I would have gotten a sandwich with egg. After I stressed ""no animal products, no egg, no dairy, no butter,"" the server responded with ""oh well you know the egg isn't actually meat"" as opposed to, you know, respecting my dietary restrictions. I have no intention of returning, due to the lack of clarity on the menu and the server's rudeness when I was expressing my allergies/restrictions. Maybe if the restaurant lists all of the ingredients and trains their staff on how to not be rude to someone who was rightfully annoyed at almost getting an item I couldn't eat, then it might be worth a recommendation. But then again, it's not a vegan-friendly establishment despite it being vegetarian-friendly.",Eastside,The Bricks,11.28,1.77,15.7,2,26-35,Non-binary,
IgVIc163TZ4xbJqfUKdnRw,Guest_8903,10/21/2015,5.0,"This might be my first five star rating. This place was absolutely awesome and I cannot wait until I go back for a second time. Our sever, Millie, was friendly and efficient from the moment we sat down. The atmosphere of the place was unique, and the food was among the most unique in Tampa that I have experienced in years. I got the pork tacos for an appetizer and the ""bird and pig"" for lunch. The sandwich was so good I could have ordered it again. Overall it was a fantastic experience and I will be returning for their drink specials.",Eastside,The Bricks,21.97,3.02,13.7,3,18-25,Male,Other
N1BiMP9r3IsmEzChi9PPwA,Guest_5020,23.02.2011,4.0,"I read the reviews on Yelp and decided to check out Bricks of Ybor for myself. 

Nice atmosphere and hip music playing in the background. I sat at the bar and watched the flat screen televisions (they were playing the History Channel on one TV. & ""Shaun of the Dead"" on another TV.). 

Good beer on tap (I tried the IPA -- it was good) and a small menu specializing in appetizers, salads & sandwiches. I ordered the hummus plate and the iceberg wedge salad -- both were delicious. The blue cheese dressing on the salad was particularly scrumptious. 

For one beer and an app and a salad, my bill came to just under $25 before tip -- kinda expensive (considering they no longer serve the ""salmon spread"" on the hummus plate -- should that really be priced at $10, still?).",Eastside,The Bricks,55.5,11.32,20.4,1,56-65,,Caucasian
IdUkBQcMt0460g5W1LCZmg,Guest_8275,01/20/2014,,"The Bricks is a hipster haven, but don't let that deter you if you don't wear non-prescription glasses and flannel. I'm always the least cool person in here and no one seems to mind. (Although maybe I AM cool -- last time I was here the DJ was playing Hall & Oates most likely to be ironic, but I genuinely enjoyed it.) The menu is mostly sandwiches and some salads. It's all about the Bird & Pig sandwich. I have a hard time straying from this delicacy of chicken, bacon, brie, and apples on pressed sweet bread. Sweet, check. Salty, check. Crunchy, check. Nice selection of local and craft brews, too.",Eastside,The Bricks,8.31,1.69,20.3,5,36-45,Female,Mixed
zGNexIUL8EG3_hTXpSY_Iw,Guest_9918,09.05.2014,4.0,"I dined here for the first time with my daughter, who is a regular. We had the Hummus appetizer. I had the Bricks Club and she had the specialty Grilled Cheese. The food was fresh, tasty and full of flavor. The service was very good. The bottle of ice water they bring is a classy touch. The ambiance is eclectic. My daughter told me normally the place is full of hipsters, but the crowd was spare on the day we were there. The prices are reasonable and in line with the usual and customary norms for Tampa. I don't drink, but it looked like they have quite an assortment of craft beer available.",Eastside,The Bricks,,3.66,12.4,2,,Female,Caucasian
oX3VSZ2WBLd-mKidL87Q5g,Guest_1560,19.05.2018,4.0,,Eastside,The Bricks,33.1,0.0,0.0,3,56-65,Non-binary,Other
siwaa7bmNx91IxRVWwhp3g,Guest_9593,29.05.2014,4.0,"Recently stopped in during a bar crawl for some drinks and Battletoads. Couldn't eat the buzz away, but loved what I saw. Photos on walls showed the transformation from Tahiti Joe's/Latitudes into The Bricks of today, and brought back some old Ybor memories. The staff was kind, and the video game corner was a blast. Delicious coffee, and had an artsy feel as well. Every food item that passed our sniffers en route to their respective hipster pie holes was cause for comment. I will certainly be coming by for a sammich at this place.",Eastside,The Bricks,,2.0,9.9,2,26-35,,
N1BiMP9r3IsmEzChi9PPwA,Guest_6935,2011-02-23,4.0,,Eastside,The Bricks,10.24,2.08,20.3,2,26-35,,Hispanic
DadAufR2brJtQCCq_NsPcQ,Guest_1108,2012-03-04,4.0,"It was so difficult deciding what to order here. I was in the mood for a skanky chai latte, but the skinny bitch latte just had that calorie conscious ring to it. After a bit of thought I decided, skanky it shall be! This has got to be one of my favorite places in Tampa. I had never really put a pulse on ""hipster"" in Tampa, but I found the closest thing to it at Bricks. Plenty of space to lounge here with a nice offering that ranged from caffeinated beverages to brews and snacks. I would have never typically thought to throw bacon on a peanut butter and banana sandwich and then drizzle with honey, but I'm glad someone did. The Elvis sandwich is a hunka, hunka, burning yum! I would give this place five stars all day, except for the fact that service is slow. Like, dial-up slow. Like larvae to butterfly metamorphosis slow. So slow in fact that on a pretty *slow* afternoon, it would take 20 minutes just to get an iced chai even though you have a clear view of queue and activity of the servers. So slow that from time of check request to actually receiving it, was about another 20 minutes. While the laid back atmosphere is one of the things that makes this place so cool, it's also the incredibly laid back service that could put a damper on things if you're in a rush.",Eastside,The Bricks,11.51,2.32,20.2,3,18-25,Non-binary,Hispanic
jrGMuHix2T4NvxVmR0yF_g,Guest_3608,02/27/2013,5.0,"Great atmosphere, always a good variety of music playing, excellent food and an increasingly diverse drink menu make this possibly my favorite place in Tampa. The Bird and Pig could quite possibly be the best sandwich in the history of sandwiches! Chicken, bacon, Brie, agave on Hawaiian sweet bread....yum! Also, try Root Down on the drink menu. Tastes exactly like Root Beer!",Eastside,The Bricks,26.98,3.23,12.0,4,65+,Male,Hispanic
zGNexIUL8EG3_hTXpSY_Iw,,2014-05-09,4.0,"I dined here for the first time with my daughter, who is a regular. We had the Hummus appetizer. I had the Bricks Club and she had the specialty Grilled Cheese. The food was fresh, tasty and full of flavor. The servise was very good. The bottle of ice water they bring is a classy touch. The ambiance is eclectic. My daughter told me normally the place is full of hipsters, but the crowd was spare on the day we were there. The prices are reasonable and in line with the usual and customary norms for Tampa. I don't drink, but it looked like they have quite an assortment of craft beer available.",Eastside,The Bricks,15.07,1.55,10.3,2,,Prefer not to say,Other
FWWE8HkUu42FgIfi2_FI-w,Guest_8328,2013-01-02,4.0,"Cheaper than the $$ rating by far, depending on your interests (I had the $5.50 grilled peanut butter and Gouda). And I didn't think the combination would work, but I was wrong. It's not my absolute favorite peanut butter sandwich, but it's tasty. Sadly, the ""peanut butter bars"" don't have as extensive a list of ingredients as they did when Brett N. visited. I also tasted a forkful of Jodi's Greek salad (which was all that was left!), and that lemon-dill vinaigrette just made my ""next time we're here"" list.",Eastside,The Bricks,19.25,3.93,20.4,2,26-35,Male,Asian
rno5BeYy-bMFKINk43MmNw,,05/30/2014,5.0,"It is definitely a place to bring your friends and chat. I love their different types of Peanut Butter sandwiches. Amazing! Not only that, but the inside environment is just so positive and provides inspiration.",Eastside,The Bricks,14.99,0.75,5.0,3,36-45,,
I3nDwvABhYqKdcxpN6_eaA,Guest_7983,04/23/2014,5.0,,Eastside,The Bricks,40.88,6.7,16.4,2,18-25,Non-binary,Mixed
eNHgYkJwmuM0Gg42AL6V6Q,,2017-01-31,1.0,"If you're immune to salmonella poisoning then this is the perfect place for you! Very overpriced, minimum effort in providing authentic food NOT out of a can. They undercook the chicken and it taste like refrigerator. Please don't waste your hard earned cash on half assed food. Unless you just want drinks and a good time with friends, don't come here.",Eastside,The Bricks,19.68,4.66,23.7,3,18-25,,
exVAtPSIFht6QUVDftWSzw,Guest_3166,14.07.2013,,"The Bricks gets a ""1"" in my book because they have terrible service.  Great food, but terrible service. 

I went there about 3pm on a Tuesday...which happened to be my birthday to have lunch with my mother.  Not only were we not greeted by the 3 staff standing around with NO other customers, but we were also not brought any menus or given direction about seating.  

We sat down and waited for a server to come by and ask for our drink order and bring menus.  No one ever did.  We got up and grabbed our own menus close to where the staff were standing.  They paid no attention.  After 3 or 4 more minutes we stood up to leave and they didn't care. So we walked out and I had my birthday lunch elsewhere. 

I  wrote to them on Facebook about our service and they promptly deleted my comment and ignored my message.  

I used to go to the Bricks all the time, but we've never been back since and I warn any new friends to not go there as well.",Eastside,The Bricks,56.96,11.44,20.1,2,,Non-binary,Hispanic
zbJJjS4qCofo0l5Cr39R8A,Guest_3069,02.05.2015,5.0,,Eastside,The Bricks,12.22,1.72,14.1,3,65+,Female,
aHtgSP4nTEtHvYQ0TE6w1g,Guest_6578,2017-10-02,5.0,,Eastside,The Bricks,36.65,6.39,17.4,3,56-65,Male,Mixed
Y95YeYL9jxYcdkQgsTNzNg,,09/11/2017,4.0,,Eastside,The Bricks,15.15,3.25,21.4,3,,,
2umV3kR4UxjuYV4wU7Qw1w,Guest_5959,07.02.2014,4.0,"I've always thought the idea of apple on a sandwich (that didn't involve peanut butter) as completely preposterous, because sweet things do not belong on sandwiches!  

So what did I order at The Bricks?  Naturally, the Bird and Pig - which features chicken, bacon, apple, brie and agave nectar.   It was definitely sweet.  And savory.  And absolutely, positively to die for.  I loved every scrumptious bite of it.... except for the dry chicken breast.  I'm not sure if it was just old, but either way it was dry and disappointing.

Next on the menu was the deluxe grilled cheese sandwich, which was all sorts of yummy cheese, smothering delicious garden fresh basil (wow!), spinach and tomato.   The first bite of this sandwich was knock-your-socks-off.  The basil really stands out and it definitely warranted an audible moan.  The next few bites weren't as spectacular, but I still loved the sandwich.  I'd go with the Bird and Pig again if I had to choose.

While we waited, we treated our faces to black bean dip (suggested by the waiter) and we enjoyed it.  If you like black bean dip, then you'll like this one.  

We washed all of that down with a glass of liquid heroin, and all was right with the world.

The end.

Oh, and the service - spot on.  The place is cute, the staff is attentive, and it's clear this place easily doubles as a comfy daytime spot and a lovely night spot - if that's your kinda thing.",Eastside,The Bricks,14.57,1.33,9.1,2,18-25,Non-binary,African American
ZqzXpRt9FsPQUDCNmvj0ew,Guest_9936,2017-02-25,4.0,"Really like the Bricks. Always a new experience when i go. The coffee, good. The cocktails, better! The ambiance is hip. The food is pretty good too.",Eastside,The Bricks,34.05,4.96,14.6,3,18-25,Female,Native American
t6OmnU6qlaPS2BzDnMS28w,Guest_8114,05/20/2018,5.0,,Eastside,The Bricks,67.49,7.52,11.1,2,46-55,Prefer not to say,African American
UmA-9d4M4x8F5UKkVCAjEg,Guest_8576,19.01.2015,,"Great atmosphere and service, food and drinks were excellent. Everything was fresh.  Bird and the pig sandwich was delicious, also the pacific rim. Will return soon.",Eastside,The Bricks,17.17,3.76,21.9,2,26-35,,Other
Cbxf9vtQNVzMoch3s_AKTA,Guest_9495,05/30/2012,4.0,,Eastside,The Bricks,27.81,5.01,18.0,5,65+,Male,African American
UDE36dmZLk5NQvHWFs7ouQ,Guest_1307,2012-05-02,4.0,,Eastside,The Bricks,,6.21,23.2,1,,Non-binary,
J6PwgKRAnTAfSCqKSBq-bg,Guest_6805,08.08.2015,4.0,"Great craft beers, friendly bartenders, and AMAZING, delicious food. The vegetarian Cuban sandwich was wonderful!",Eastside,The Bricks,32.35,4.32,13.4,4,46-55,Prefer not to say,African American
4ywDqRoYjy16Z_UFox0qTg,Guest_5287,22.07.2012,1.0,"Food is terrible. Nacho dip was covered in there advacado cream dressing which was bad. Very sloppy. The pesto grilled cheese, was covered in way too much pesto. Again very sloppy. Overall bad food, chef must be high or something. Oh and found a few ants crawling up my leg. Will never come back.",Eastside,The Bricks,38.09,8.82,23.2,1,,Female,Other
P-lZE6cZgfWkojreLiu7Vg,Guest_1960,2017-03-15,4.0,,Eastside,The Bricks,,6.16,40.0,2,36-45,Female,
QuLLvrwzNEizCRDiRPsVGQ,Guest_6091,12.02.2012,5.0,,Eastside,The Bricks,12.14,4.25,35.0,2,46-55,Non-binary,Other
svHZLGNpGq3BvqCkeKI56g,Guest_4562,01/29/2017,1.0,"We waited an hour for our food. No coffee refills the entire time. We saw our food souring in the window for 20 minutes. When we finally left the server said it couldn't be helped. No apologies, no service, no food, no tip.",Eastside,The Bricks,8.4,3.36,40.0,4,56-65,Non-binary,
ntNxLQQTBZhYVGZpvUQYzw,Guest_6292,2016-09-08,5.0,,Eastside,The Bricks,,2.51,14.3,4,65+,Prefer not to say,
UDE36dmZLk5NQvHWFs7ouQ,Guest_3765,05/02/2012,4.0,,Eastside,The Bricks,12.87,1.39,10.8,4,,Female,Native American
GsLZMdhl4PB0hqtQY9nK0Q,Guest_1260,04/15/2015,5.0,,Eastside,The Bricks,,11.17,23.7,4,65+,Male,Other
R_A16STMTt2oZGmpH0R0lA,Guest_6322,09/12/2012,3.0,"We went at a slow time on a weekday afternoon for a late lunch because we were all wanting sandwiches. So between us all we had: the Bird & Pig, BBQ quesadilla, ahi BLT, clubhouse and kids pbj. All the sandwiches were great! Service was a bit slow though. If I was in the area again I may try again but I would not go out of my way to eat here.",Eastside,The Bricks,27.52,7.29,26.5,4,65+,Male,Native American
UmA-9d4M4x8F5UKkVCAjEg,Guest_8092,01/19/2015,5.0,"Great atmosphere and service, food and drinks were excellent. Everything was fresh.  Bird and the pig sandwich was delicious, also the pacific rim. Will return soon.",Eastside,The Bricks,12.41,2.63,21.2,2,36-45,Non-binary,Asian
NVGknCokupO-YGnK8vI5Kg,Guest_4001,2014-04-22,4.0,"Excellent service, trendy yet comfortable atmosphere, and very nice food. About half the items we requested weren't available b/c they're transitioning to a new menu.",Eastside,The Bricks,14.21,2.55,18.0,6,65+,Non-binary,African American
J6PwgKRAnTAfSCqKSBq-bg,Guest_2615,2015-08-08,4.0,"Great craft beers, friendly bartenders, and AMAZING, delicious food. The vegetarian Cuban sandwich was wonderful!",Eastside,The Bricks,24.31,3.48,14.3,2,26-35,Male,
vHLviczaBYS88UGWFWC8Qg,,03/03/2013,5.0,"staff is awesome and food is damn good. drinks are a reasonable price and Andrew always has something awesome/weird playing on the TV. If the independent were cooler, it would be the Bricks. One of the gods invented the bird and pig. Definitely get that.The cure is pretty tasty too, I'd eat it again. The place has cool wall art, a comfortable back patio, and Paper Mario characters on the bathroom doors. Have to appreciate the subtle nerdiness.",Eastside,The Bricks,20.83,4.98,23.9,2,,Prefer not to say,Native American
LyBfA_NGwBAqf0LqVsDBhw,,29.05.2012,,"Based this visit entirely upon previous Yelp reviews, which as usual we're spot on. Great atmosphere and feel to this place - Kind of an art house meets coffee house meets Animal House environment. Very unusual. In a good way. The servise was relaxed, social and great. The beverages were delicous and the menu was quite interesting. I so wanted the food to be much better than it was. Tried the Bird and Pig, a specialty grilled cheese and a couple apps. Everything was good but not great. In truth, if I was judging on food alone, there would be three stars instead of four. But the atmosphere and the staff clearly deserved the extra star, and I'll head back to try some other items on the menu next visit.",Eastside,The Bricks,17.07,2.32,13.6,2,,Female,Mixed
pOilCvNQPufxgGMlpFe44Q,Guest_1887,11.10.2010,5.0,"The Bricks completely lives up to the hype. Don't leave without trying their amazing Basil-infused lemonade!

Really chill cafe-like vibe, with a creative comfort food menu (peanut butter sandwiches!), and full table service.

In a few weeks they will be opening a quiet ""study hall"" space for laptop lurkers, making this a killer telecommute/study spot.",Eastside,The Bricks,26.03,4.7,18.0,3,36-45,Male,Native American
zGNexIUL8EG3_hTXpSY_Iw,Guest_6006,09.05.2014,4.0,,Eastside,The Bricks,,5.11,21.9,2,56-65,,African American
siwaa7bmNx91IxRVWwhp3g,Guest_9468,29.05.2014,4.0,"Recently stopped in during a bar crawl for some drinks and Battletoads. Couldn't eat the buzz away, but loved what I saw. Photos on walls showed the transformation from Tahiti Joe's/Latitudes into The Bricks of today, and brought back some old Ybor memories. The staff was kind, and the video game corner was a blast. Delicious coffee, and had an artsy feel as well. Every food item that passed our sniffers en route to their respective hipster pie holes was cause for comment. I will certainly be coming by for a sammich at this place.",Eastside,The Bricks,19.08,4.54,23.8,4,18-25,Female,Mixed
De-IwBjVk0Rkn1mGQ8GIbQ,Guest_8707,12/06/2011,5.0,"A must when you are in Ybor.  I ate and drank here multiple times a day for my 5 day trip to Tampa.  Every single meal was spectacular.  The Skinny bitch latte is perfect to start the day.  The proper grilled cheese is amazing, just wish they would have tomato soup to go along with it.  And you can't find better bartenders anywhere else in town.",Eastside,The Bricks,14.1,2.26,16.0,4,65+,Prefer not to say,Mixed
IdUkBQcMt0460g5W1LCZmg,Guest_9436,01/20/2014,4.0,,Eastside,The Bricks,31.81,6.06,19.0,5,26-35,Non-binary,Other
exVAtPSIFht6QUVDftWSzw,Guest_9789,2013-07-14,,"The Bricks gets a ""1"" in my book because they have terrible service.  Great food, but terrible service. 

I went there about 3pm on a Tuesday...which happened to be my birthday to have lunch with my mother.  Not only were we not greeted by the 3 staff standing around with NO other customers, but we were also not brought any menus or given direction about seating.  

We sat down and waited for a server to come by and ask for our drink order and bring menus.  No one ever did.  We got up and grabbed our own menus close to where the staff were standing.  They paid no attention.  After 3 or 4 more minutes we stood up to leave and they didn't care. So we walked out and I had my birthday lunch elsewhere. 

I  wrote to them on Facebook about our service and they promptly deleted my comment and ignored my message.  

I used to go to the Bricks all the time, but we've never been back since and I warn any new friends to not go there as well.",Eastside,The Bricks,20.01,2.93,14.6,2,65+,Prefer not to say,Asian
nAdvLArVs5EaKwrOvFXTuQ,Guest_1680,13.11.2014,5.0,,Eastside,The Bricks,37.0,7.64,20.6,2,18-25,Non-binary,Other
EWgE8zamjHBz8CMRdLIHVw,,2011-12-03,,"Lots of vegetarian options. The servise was pretty fast. The skateboard wall was nice (Calvin & Hobbes represent!). The sandwich I got was a bit lacking in the flavor department. Really didn't know what to eat since I went here at night just before a binge of dancing and drinking. Didn't really feel into the peanut butter at that point in time. Next time I'll try their peanut butter creations, but I'll probably go for brunch or a late lunch since it seems the menu is more designed for that and not any pre-gaming.",Eastside,The Bricks,48.37,9.87,20.4,1,56-65,Male,Caucasian
4ywDqRoYjy16Z_UFox0qTg,Guest_4547,07/22/2012,1.0,,Eastside,The Bricks,24.56,5.91,24.1,5,46-55,,Hispanic
dxp5wFqMeO2x3Rz-8km5Cw,,05/27/2017,5.0,Where do I start: Phenomenal food Excellent Bartender - I didn't know what to drink and bartender created one to her liking Great Atmosphere Great music - DJ on Friday Night was awesome Even the free water in the beginning tasted amazingly Definitely would go again,Eastside,The Bricks,13.71,4.8,35.0,2,65+,,Mixed
pOilCvNQPufxgGMlpFe44Q,Guest_1576,2010-10-11,5.0,"The Bricks completely lives up to the hype. Don't leave without trying their amazing Basil-infused lemonade!

Really chill cafe-like vibe, with a creative comfort food menu (peanut butter sandwiches!), and full table service.

In a few weeks they will be opening a quiet ""study hall"" space for laptop lurkers, making this a killer telecommute/study spot.",Eastside,The Bricks,,1.15,6.7,1,46-55,Non-binary,Other
zs4OcjXPJOkdhKV_CtRgpQ,Guest_8999,2014-06-11,4.0,"One of my favorite spots to swing by while in the Ybor area, either with a group of friends or alone, as they do have a lot of space to bring out your laptop to work or read. Since I usually come during the workday for lunch, I'm a big fan of their specialty coffee drinks. They have a very unique one - espresso lemonade - which I got to try on my last visit. The bitterness was cancelled out by the lemonade and it was delicious. The Bricks has a good choice of apps/salads/sandwiches and I also tried a spicy chorizo, creamed soup, which my server recommended, and he was right-on point with this pick. If you're in Ybor please make sure you stop by here...it's vegan/vegetarian friendly and just has a good all-around vibe inside.",Eastside,The Bricks,24.81,6.03,24.3,2,,,Hispanic
RDpU2WQuBhhCWPJWojmFvw,,07.01.2012,4.0,"The husband and I had a kid free day so we decided to have a (gasp) lunch date. We picked The Bricks because...well why the hell not. As soon as we walked in I loved the place. It was bright and cozy at the same time. The staff was super friendly and we got the vibe that we could hang out all day if we wanted. I ordered the most delicous ""adult"" coffee to drop kick the sleepiness out of my head. The coffee was SUPER yummy and the liquor did the trick. It took me a while to figure out what I wanted to eat because everything on the menu looked soooo good and I was super hungry. In the end, I decided on the Harvest Grill Cheese Sandwich.....nom nom noom.....I was not dissappointed. It hit the spot and filled my belly with melty cheesy goodness. The bread was fresh, crunchy, tender and tasty. The sandwich innards were porportioned perfect. The Gouda, bacon and apple playing off each other in perfect harmony. GO HERE AND EAT! I cannot wait to go again and feel this will be a staple on our lunch resturant list. Even if your not hungry this would be a wonderful place to have a drink and just chill day or night. Thanks Bricks for a great lunch!",Eastside,The Bricks,49.32,8.22,16.7,2,65+,Male,Asian
OkD1Hn96bO8NYIClN6bvyA,Guest_7082,2018-01-24,4.0,,Eastside,The Bricks,26.42,3.53,13.4,5,,Non-binary,Native American
fRdKsfvptL0A4aFfVPkZQQ,Guest_8123,10/06/2013,5.0,"Came hungry and left full but not stuffed. The goodness wrap was named appropriately. Hummus with cucumber, tomato, lettuce, feta cheese and I added avocado was very flavorful. No need for any sauce of any kind. Had the potato salad as a side and though it was a bit bland, added a little salt to it, it was still good. Glad they don't add mayo to it and tasted home made for sure. Nice ambience too, decorated for Halloween. I'm not a fan of TV's while dining, but will always give a pass when they have good tunes playing so don't have to listen to TV. Only saw 2 servers on but it wasn't that busy on this Sunday afternoon. Server was knowledgeable and personable so not sure why others complained about rudeness. Saw none of that.",Eastside,The Bricks,21.04,3.05,14.5,2,56-65,Prefer not to say,
qzgc5-lizZMqupW7ZR8qmQ,Guest_8063,28.07.2014,4.0,Seems like a good place ...very chill and low key..not my particular favorite food ( more on the healthy side) but still good quality food and service with a fun video game theme once a week ...good place to check out,Eastside,The Bricks,18.01,3.55,19.7,3,65+,,Mixed
umKey8gxNoyUcwZY2azciw,,2011-06-02,3.0,"nice place for gatherings and hanging out. Friendly staff. Food was OK. Not bad, not good, it just sat somewhere in the middle.",Eastside,The Bricks,69.99,12.26,17.5,4,26-35,Male,Caucasian
BCLvpd08Ci4Tcq-fIRhZdA,Guest_4935,08/08/2017,,,Eastside,The Bricks,18.11,4.41,24.4,2,65+,Prefer not to say,
R_A16STMTt2oZGmpH0R0lA,Guest_3635,2012-09-12,3.0,"We went at a slow time on a weekday afternoon for a late lunch because we were all wanting sandwiches. So between us all we had: the Bird & Pig, BBQ quesadilla, ahi BLT, clubhouse and kids pbj. All the sandwiches were great! Service was a bit slow though. If I was in the area again I may try again but I would not go out of my way to eat here.",Eastside,The Bricks,,1.46,16.1,2,,Non-binary,Native American
rzkOryEsl-T1AvF6e3DcIw,Guest_6521,05.12.2012,4.0,"Either ate or had drinks here a few times over the summer as my office was just upstairs. I'm not a vegetarian, but the Goodness wrap is a knockout. I also greatly enjoyed the chili I had here, though it was a special so I'm not sure how often it comes around. I'm not really into the hipster vibe of the staff, but I never had any service problems and that's what is most important. I definitely don't live or die by The Bricks but it's a place I would suggest if you're ever in Ybor City.",Eastside,The Bricks,13.66,3.38,24.8,3,65+,Male,Mixed
4Wxmz2w4cbaOepnIwcI1ig,Guest_4420,2014-12-23,5.0,"While I was in Tampa for the last 2 years, The Bricks was a second home. Great food and even greater people. I moved back to Seattle and left making friends. Wish I could've brought The Bricks and my new friends back with me. Definitely a place for locals and visitors to check out!",Eastside,The Bricks,,2.68,10.9,2,46-55,Prefer not to say,
eWzgGaazlADYOBS_hzFLtA,,09.05.2014,,"Tasty place to grab a unique sandwich or something else with some tasty beer. I love the decor in this restaurant, as it seems to marry bricks, random tomfoolery, and nerdiness quite well. I've enjoyed most things there. The Bird and Pig was quite good as well as their veggie burger. They also have lots of theme nights, but I've never been to one.",Eastside,The Bricks,48.03,11.4,23.7,2,,Male,Caucasian
umKey8gxNoyUcwZY2azciw,Guest_9056,06/02/2011,3.0,"nice place for gatherings and hanging out. Friendly staff. 

Food was OK. Not bad, not good, it just sat somewhere in the middle.",Eastside,The Bricks,17.33,3.31,19.1,4,65+,Non-binary,Hispanic
rno5BeYy-bMFKINk43MmNw,Guest_7348,30.05.2014,5.0,,Eastside,The Bricks,18.4,5.52,30.0,2,,Prefer not to say,Asian
FWWE8HkUu42FgIfi2_FI-w,,02.01.2013,4.0,"Cheaper than the $$ rating by far, depending on your interests (I had the $5.50 grilled peanut butter and Gouda). And I didn't think the combination would work, but I was wrong. It's not my absolute favorite peanut butter sandwich, but it's tasty. Sadly, the ""peanut butter bars"" don't have as extensive a list of ingredients as they did when Brett N. visited.

I also tasted a forkful of Jodi's Greek salad (which was all that was left!), and that lemon-dill vinaigrette just made my ""next time we're here"" list.",Eastside,The Bricks,18.94,4.07,21.5,2,,Female,Asian
TU-0T2GWAAW4GBI68LNt-A,Guest_4022,05/07/2016,,"Wanted to try the pig and bird sammich but when I got there I decided on the Pacific Rim. The Asian slaw and bbq theme was too much to pass up. I thought the sandwich was really good and had a nice balance to it. I got chips and queso as my side but with this sandwich fries would have been the go to. They don't have fries so you'll have to choose something else. 

Service at the bar was really good, there were multiple people that helped me during my meal. One thing is they were out of three of the beers I wanted right off the bat. 

Pretty cool vibe in the place and people just hanging with friends having drinks and food.",Eastside,The Bricks,44.17,9.16,20.7,2,65+,Non-binary,Caucasian
4ywDqRoYjy16Z_UFox0qTg,,2012-07-22,1.0,,Eastside,The Bricks,,3.66,23.1,4,,Prefer not to say,Other
OgVW9QTtF4aAHFTTc0x2rA,Guest_5815,2013-02-22,3.0,"I had high expectations when I went to this place recently after some recommendations from friends.  We visited on a night when there weren't very crowded so it was nice to be able to have such an attentive waitress and service.  I was a bit disappointed when I didn't find as much on the menu as I would have liked to have seen that would appeal to me.  I guess I have become very picky with my Yelp addiction in terms of scrutinizing every establishment I go to pretty thoroughly.  

I ordered the hummus appetizer for the table and was very pleased at the quality of the dish.  For my entree I ordered their Bricks Salad which had plenty of fresh produce packed in.  I ordered a double portion of chicken for it, which still seemed pretty skimpy especially since I was charged for that request.  Overall, I'd say this is probably one of Ybor's lesser known spots as its more on the western edge of the main strip, yet it seems very lively and upbeat.  I did like that they had featured lots of artwork by various local artists that were on display and offerred for sale.  Not a bad place to hang out and have a drink if you're looking for a lower key outing in the Ybor area.",Eastside,The Bricks,22.23,2.63,11.8,4,,,Caucasian
xZnk3q-AHjpN6aSR_6Sqhg,Guest_5617,02.11.2011,5.0,"They have a super friendly staff and a simple modern decor.

I enjoyed the Six Degrees of Kevin Bacon exhibit on display.

I got a really young and hip vibe from this place, and the sandwiches are amazing!",Eastside,The Bricks,15.25,1.73,11.4,5,,Male,African American
oX3VSZ2WBLd-mKidL87Q5g,,05/19/2018,4.0,"Full disclosure: My experience might just have been an isolated, rare occurrence. I arrived to The Brick and sat myself at the bar. After 15 minutes of zero service I was getting ready to leave but I noticed the waiting staff on the main floor looked active and on top of things. I decided to transition from the lack of service bar to the main floor and, literally, as soon as I sat down I had a waiter hand me a menu, take my drink order and before even a blink I had a Bloody Mary in front on me. Moral of this story, careful sitting at the bar since the service there seemed to be lacking. I'm sure it was the timing since my overall experience was a thumbs up. 

I ordered the loaded Bloody Mary. The drink was simple but very delightful, clearly proving that less is more. The drink had a little satisfying kick that's normal to any Bloody Mary. Overall- very satisfied with their Bloody Mary, so much in fact I ordered two. Maybe a little more body to it but not a must. 

Food: I ordered the Tuna BLT with the side of Asian slaw. Overall: GREAT. The theme here is clearly simple. They exploit every taste which is gratifying since that's the most important thing. The slaw was crisp and surprisingly very refreshing. Now, the tuna can only be described as crafted by a masterful craftsman! Yes, I said it. It tasted better than it looked and that's hard todo since it looked as if out of a magazine. Nothing but quality dining. 

I place four starts because of the first part of my experience but other than that it was a good experience and I I'll come to The Brick again.",Eastside,The Bricks,17.31,3.16,18.2,3,,Female,
jE2zHov_2Eii9XrrmkSV5g,Guest_9732,06/28/2012,3.0,,Eastside,The Bricks,18.16,2.26,12.4,2,26-35,Prefer not to say,Other
cyVCkTAFWVqZnTPJfS2IUw,Guest_7278,05/08/2013,3.0,"We came here on a bustling Saturday. Needless to say, Bricks of Ybor was vacant. A few people were at the bar and some people were sitting outside. The service was subpar and the bartender must have had the worst day of her life. She hated everyone who asked to close their tab. Oh well. I should put a disclaimer that I hate Ybor. It brings me nothing but sorrow.",Eastside,The Bricks,11.15,1.78,16.0,5,36-45,Prefer not to say,Hispanic
RNtIj-FjLZFmGAp2Wy607A,Guest_3051,2012-12-05,4.0,,Eastside,The Bricks,21.7,4.46,20.5,2,,Prefer not to say,African American
zbJJjS4qCofo0l5Cr39R8A,,02.05.2015,5.0,,Eastside,The Bricks,14.7,0.0,0.0,1,,Male,Native American
hBzLjPySOBHDz0NiGf6SfQ,Guest_2696,2018-06-09,4.0,,Eastside,The Bricks,44.89,6.35,14.1,3,36-45,Male,Asian
eoFZMOL0XJ9yF8sW3OChIw,Guest_9230,11/19/2017,4.0,"Yummy food, good vibes, & nice service. Music wasn't too loud. Could hold a conversation without hearing everyone else's. 

I had the Bird & Pig (the way it comes) with the Mac & Cheese. 

I also had the Hukilau. Not a fan. It sounded sweeter than it was. Still giving it a 4 for the food service and atmosphere. It's not their fault I didn't like the alcohol. 

Had a quick bite of the nachos and may have to orders those for the table next visit.",Eastside,The Bricks,16.03,3.56,22.2,2,18-25,,Native American
3FfhPCMT5T2e369qqYfV7g,Guest_9627,10.09.2015,4.0,"The Bricks has a super cool vibe. I've visited multiple times for dinner and once for drinks. I'm always impressed with their sandwiches and other food. Normally everything is very fresh and tasty. They have a good sized line up of craft beers most of them local to the area, which is something I'm always looking for. 

It's sort of a dive-y location on the outskirts of the main part of Ybor. Late night they have a small menu of appetizers/small plates and have a DJ. It's clientele leads to some awesome people watching. 

All in all, definitely worth a try. It's not super fancy, so it's perfect for a casual dinner or a new place to try to grab a beer (there's a full bar as well).",Eastside,The Bricks,6.65,1.12,16.9,4,18-25,Female,Hispanic
RNtIj-FjLZFmGAp2Wy607A,Guest_6375,05.12.2012,4.0,"I went to this place for the first time last Saturday. I just wanted a place to grab some brunch that had mimosas and my friend suggested here. Boy am I glad she did! Besides the crazy run in with a hard core group of strangers doing a running/fitness challenge, the staff there was really really friendly. Our server was very friendly and he even gave us free Appletinis on him! I had the deluxe grilled cheese and it was really really good. The decor was awesome and I'm definitely going back and bringing friends!",Eastside,The Bricks,17.57,2.95,16.8,3,46-55,,Native American
zGNexIUL8EG3_hTXpSY_Iw,,09.05.2014,4.0,,Eastside,The Bricks,11.6,2.41,20.8,2,,,
1zcUh5uv1Qvv3mqYKC5QdA,,2017-03-04,4.0,"This was my first time here and I would recommend it! I had the Liquid Heroin (espresso, chocolate and milk) and the Bird and Pig. These two are the Bricks specialities. The Bird and Pig has chicken, bacon, apple, Brie, and honey. It is a perfect combination of salty and sweet. For dessert, we had the Ice Cream Sammy. A chocolate chip cookie with vanilla bean ice cream and chocolate syrup. I was a bit disappointed on the dessert because I was expecting the cookie to be soft and warm, it was the opposite; very hard. Overall the atmosphere is nice and I would come back to try some of the other specialties they have!",Eastside,The Bricks,,8.07,22.2,2,,Prefer not to say,Native American
rPf97Sb-wcMOJ1XBO8M9EA,Guest_6744,27.06.2018,5.0,,Eastside,The Bricks,20.7,3.86,18.6,2,,,Caucasian
DadAufR2brJtQCCq_NsPcQ,Guest_1438,03/04/2012,,,Eastside,The Bricks,48.66,19.46,40.0,3,46-55,Non-binary,Native American
GqJahjGcKfiFxfA7oCnvCg,Guest_5602,05/21/2016,4.0,A good watering hole. Beer and coffee are decent! Try UNITA REady Set Gose and UNITA summer ale.,Eastside,The Bricks,27.54,4.51,16.4,2,56-65,Prefer not to say,
ceZuAvgL5kULPFX4PFjIUg,Guest_9335,18.08.2017,5.0,Busy and noisy at 12:30 lunch on a Tuesday.   Quieter by one.  Nice interior gastropub.  My pork and arugala slaw sandwich was good.  It came on a bun that was soft enough to pull apart easily.  When I did so the levels stayed together.  The texture and taste of both the sandwich and the slighly curried potato salad side were good.  I found myself enjoying the overall experience and reluctant to leave.  A good value at less than $10.,Eastside,The Bricks,30.74,7.29,23.7,3,,Prefer not to say,Caucasian
uoiQHg2o0l9eNvOESYq1UA,Guest_1064,07.03.2016,1.0,"It sucks, don't go!!!!!!!!!!!!!!!!!!!!!!!!!!!!!!!!!!!!!!!!!!!! Cold food, stuck up waiters, expensive drinks",Eastside,The Bricks,37.81,6.68,17.7,4,46-55,Prefer not to say,Asian
3FfhPCMT5T2e369qqYfV7g,,09/10/2015,4.0,,Eastside,The Bricks,36.33,7.67,21.1,3,,Male,
dDKRtNXR8JJAz4x_ZCGo3g,Guest_2520,05/29/2014,4.0,"Great location, cool atmosphere! The food was a fairly priced for the quality, which was good. I had the pulled pork tacos and they were not skimpy, fully stuffed and filling for $6. Great draft beer selection but it was a buck or two overpriced compared to other craft beer places. The two waitresses were very nice and pleasant. It was slow when we got there and them boom it was packed, they didn't forget about us but we did have to track her down for our last beer. I will be back for sure!",Eastside,The Bricks,18.05,3.63,20.1,2,36-45,Male,Mixed
gHUkEhOWnsgHft9SzkSiZQ,Guest_7670,24.12.2015,,Just came here for cocktails on a Tuesday night. The bar was full but not very busy otherwise. We got the huckle punch and Constantine. The huckleberry vodka in the huckle punch is one of my favorites so loved that drink and the Constantine also very good if you like bourbon! Service was very good and prices were reasonable. Had $3 taco deals and a very cute coffee bar so would definitely be interested in coming back to eat or for a good studying place!,Eastside,The Bricks,8.97,3.14,35.0,1,,Female,Asian
OhxIJjuDwcA0tRwXImwpeA,Guest_3950,24.08.2014,3.0,"I have to say that the food here is good; however, the staff/service could be better. My sister and I came here for lunch and a few drinks. My sister ordered a drink off the menu and 10+min later, as we're finishing our lunch, the waitress comes back and says ""sorry, our bartender doesn't know how to make that"" ..... So the bartender doesn't know how to make the drinks listed on the menu? And the 10+mins. it took to tell us that, it could have ben googled and made. I don't want to bash this establishment, but the customer servise has always been an issue here. I would recommend continued training to both current and new staffers to improve their level of knowledge and customer service",Eastside,The Bricks,8.6,1.91,22.2,1,46-55,Non-binary,Asian
dYKjSQ9ITqPgzkyglOGrJQ,Guest_8445,04/05/2018,5.0,1st time we've tried The Bricks. So yummy!!! I had the Blackened Shrimp Salad and my husband had Sammy Tuna. We both loved every bite. Looking forward to eating there again.,Eastside,The Bricks,21.54,4.38,20.4,4,56-65,Non-binary,Other
dFgGps6gQQbWoKOR60X72w,Guest_6717,2012-03-02,5.0,"My friend and I visited Tampa for a concert, and about ten minutes away from the Atlanta airport he realized that he had purchased tickets for the wrong day. We had already made hotel reservations and bought the concert tickets, so he just had to pay same-day price for airfare: all in all about $800 more. ""It was totally worth it,"" he later told me, ""Because I got to have the best sandwich of my entire life.""

All because we randomly picked the Bricks of Ybor from Yelp. I can't vouch for the peanut butter or meatless menu, but the meat sandwiches that we bought were absolutely phenomenal. I had the pulled pork, which was flavored with ponzu and served on Hawaiian sweet bread. It was one of the best meals I've had in a long time. We spent a few hours hanging out and drinking, during which time Brian, the owner, came out and talked to us, comped us a drink, let us try new appetizers he was developing (all for free) and generally made us feel really welcome. 

I kept my eyes open to the kind of crowd that came in and out of the restaurant. It seemed to draw everything from hipsters to geriatrics and strait-laced families with young kids. I think it speaks to both the diversity of the menu and the pleasant environment. We went back for drinks before and after the concert. It got very crowded but we still received excellent food, drinks and service. I give this restaurant my strongest recommendation, and it's the first place I'm going when I next visit Tampa.",Eastside,The Bricks,11.42,2.84,24.9,2,46-55,Non-binary,Asian
uoiQHg2o0l9eNvOESYq1UA,Guest_2281,07.03.2016,1.0,"It sucks, don't go!!!!!!!!!!!!!!!!!!!!!!!!!!!!!!!!!!!!!!!!!!!! Cold food, stuck up waiters, expensive drinks",Eastside,The Bricks,22.41,0.0,0.0,2,36-45,,Asian
TCzaF5Lj0NLoCQuIujEzJg,Guest_2659,2014-11-30,,We were greeted by a very pretty waitress that made us feel like we had chosen the right place. We were then turned over to a nice gentleman that took our orders with a polite smile. We are vegetarians and there were lots of options. We settled for the salsa and house made avocado sauce with corn chips and we split their famous black star black bean burger... Yesss!! The food presentation was that of fine dining and the food was very pleasing to our pallets. We give The Bricks 4 stars and would reccomend to anyone who plans to visit Tampa,Eastside,The Bricks,20.89,4.29,20.6,2,26-35,Non-binary,
ZqzXpRt9FsPQUDCNmvj0ew,Guest_4079,2017-02-25,4.0,"Really like the Bricks. Always a new experience when i go. The coffee, good. The cocktails, better! The ambiance is hip. The food is pretty good too.",Eastside,The Bricks,22.12,7.74,35.0,6,,Non-binary,Other
4zK6gMub9v__3lsr9FU7KQ,Guest_4888,01/18/2015,5.0,Very fresh food- they actually make their own stuff! We ate lunch at the bar and the bartender went out of his way to help my husband find a good gluten free option. I ordered the black bean burger and it was delishous! Great atmosphere as well. Definitely recomend this place as there are not all that many fresh and relatively healthy places in the area. Wish we had found it sooner!,Eastside,The Bricks,19.66,4.43,22.5,2,26-35,Prefer not to say,Hispanic
NVGknCokupO-YGnK8vI5Kg,,22.04.2014,4.0,,Eastside,The Bricks,11.3,2.16,19.1,2,,Male,Mixed
OhxIJjuDwcA0tRwXImwpeA,Guest_1907,2014-08-24,3.0,"I have to say that the food here is good; however, the staff/service could be better. My sister and I came here for lunch and a few drinks. My sister ordered a drink off the menu and 10+min later, as we're finishing our lunch, the waitress comes back and says ""sorry, our bartender doesn't know how to make that"" ..... So the bartender doesn't know how to make the drinks listed on the menu? And the 10+mins. it took to tell us that, it could have ben googled and made. I don't want to bash this establishment, but the customer service has always been an issue here. I would recommend continued training to both current and new staffers to improve their level of knowledge and customer service",Eastside,The Bricks,44.33,6.68,15.1,4,36-45,Prefer not to say,Hispanic
IgVIc163TZ4xbJqfUKdnRw,,2015-10-21,5.0,,Eastside,The Bricks,21.45,4.48,20.9,2,18-25,Female,Caucasian
EVklXIXTKM7MroTzc-EsPA,Guest_7151,2017-04-09,4.0,"I ordered the Kung fury bowl and it's pretty good, just not a huge fan of Asian slaw. The restaurant is pretty cool with the decoration and not at a super crowded location in ybor. The service was a bit slow, but the food came pretty quick.",Eastside,The Bricks,47.84,10.2,21.3,5,,Male,Other
UDE36dmZLk5NQvHWFs7ouQ,Guest_5014,02.05.2012,,"I thoroughly enjoy going to the Bricks. It's unique atmosphere with cheap, but tasty, food options combine for a great experince. The term hipster is thrown around a lot these days and while you may be greeted and surrounded by people in skinny jeans, wearing Toms shoes, IMAX glasses, and an extra piercing, you are treated no differently. I always feel warmly welcomed and entertained. As it does have a large bar, it may get rowdy in the evenings, but the Bricks maintains a family-friendly atmosphere. I ate the Bird and Pig meal once, very very good, and the breakfast bagel the next time. The fiancee had black bean soup and a grilled cheese sandwich. Very tasty combination. Highly recommend!",Eastside,The Bricks,,3.23,25.1,3,46-55,Non-binary,Mixed
OkD1Hn96bO8NYIClN6bvyA,Guest_9961,2018-01-24,,,Eastside,The Bricks,18.91,2.98,15.7,2,26-35,Male,Other
Cf3QB0VEbdWFq94tZcWgTQ,Guest_4659,11/10/2017,,"They seem to have expanded their menu or, I'm just imaging that and actually gave them another chance. Good beer selection. Great ambiance. More hip than some of the other bars. Accommodated my large party.",Eastside,The Bricks,24.08,3.27,13.6,4,26-35,Female,Other
KIA9s_8qZEtuSjIFdjBwYQ,,2014-06-29,1.0,"I loved this place, the food, atmosphere, and drinks and I was in Ybor one night and came in about midnight and walked back to use the restroom and then to sit down and get some food and drinks, typical of anyone that's out drinking and midnight rolls around. Well, I continue on the path to the restroom and the manager, yes, the manager, had the audacity to tell me if I proceeded to the restroom that he would come on after me. I thought he was joking. But no, he was serious, then he told me I needed to tip the bartender before using the restroom, even though I hadn't sat down to order anything yet. I was clearly upset and walked back out to leave. The guy at the door was very nice and lead me back in to use the restroom. I decided after being treated that way, by the manager, that this was not an establishment I would be frequenting any longer, even though I loved the place. I went to the restroom and came back out and put $3 on the bar, because I needed to ""tip"" to use the restroom. Well, the guy at the door said that the manager had ASSUMED that we came from a rave across the street and that we just wanted to use the restroom. Well, his assumption lost him business, and I have been living in the Bay Area for 32 years. I'm pretty sure telling a patron you are going to follow them into he women's restroom is some form of sexual harassment. I have NEVER been treated like that ever in an establishment. Hopefully, for the greater good of the restaurant, that manager is no longer there.",Eastside,The Bricks,27.6,5.17,18.7,2,46-55,Prefer not to say,Native American
nWXxee5pTo9vvnbB6ir-4g,Guest_3943,06/24/2016,3.0,"First of all I would like to say this is a pretty cool place. They have a great selection of beer and booze. The bartenders were very attentive and made awesome drinks. I was there on a Thursday night with a wedding party of about 12 people and we were having a great night. This is where I would love to end this review because based on the atmosphere and bartenders, this is a really chill place to hang out in ybor. Unfortunately, there is more to the story.

Later in the night, the bar started clearing out. The only people in the bar were myself, the wedding party I was with, the bartenders, and 3 other people. That's it. We (the wedding party) thought it would be fun to do the wobble and since the DJ was playing hip-hip anyway, we figured that it wouldn't be an issue to request that he play the wobble. After All, there wasn't many people in the bar anyway. Upon requesting to the DJ that we would like him to play the wobble he proceeded to respond with statements like ""I refuse to play that song"" ""I don't like that song"" ""I'm not a jukebox"". After briefly sharing our differences of opinion, I went to the bar to get a drink. At this time the DJ also walked up to the bar as we were kindly telling the bartender that they might want to reconsider their DJ choices because he was more concerned with what he wanted to hear, rather than what the patrons of the bar wanted to hear. Upon sharing our opinion with the bartender, the DJ butts in again to express that ""I'm the DJ, and I'll play what I want to hear"" that irritated me and I got a little heated. The bartender proceeded to cut me off because I argued with the DJ. I totally understand that, the bartender did the right thing there to calm down a situation. 

Point of my long story is, I really hope this place reconsiders their DJ choices in the future. They need someone that will play what the patrons want to hear and not what he wants to hear. Maybe that's just my opinion, but I feel that I make a strong case considering that by the time it was all said and done, our party was the only people in the bar. So, instead of 5 stars, I'm marking it a 3 based on the DJ alone.",Eastside,The Bricks,32.35,0.0,0.0,1,,,African American
OgVW9QTtF4aAHFTTc0x2rA,Guest_4938,2013-02-22,3.0,"I had high expectations when I went to this place recently after some recommendations from friends.  We visited on a night when there weren't very crowded so it was nice to be able to have such an attentive waitress and service.  I was a bit disappointed when I didn't find as much on the menu as I would have liked to have seen that would appeal to me.  I guess I have become very picky with my Yelp addiction in terms of scrutinizing every establishment I go to pretty thoroughly.  

I ordered the hummus appetizer for the table and was very pleased at the quality of the dish.  For my entree I ordered their Bricks Salad which had plenty of fresh produce packed in.  I ordered a double portion of chicken for it, which still seemed pretty skimpy especially since I was charged for that request.  Overall, I'd say this is probably one of Ybor's lesser known spots as its more on the western edge of the main strip, yet it seems very lively and upbeat.  I did like that they had featured lots of artwork by various local artists that were on display and offerred for sale.  Not a bad place to hang out and have a drink if you're looking for a lower key outing in the Ybor area.",Eastside,The Bricks,30.15,5.85,19.4,1,,,Mixed
ylcQSUvE8VHikFz_gWIWWQ,Guest_5936,19.08.2017,5.0,"This is THE BEST spot for food and drinks in Ybor.  The drinks are amazing and the food is top notch. Cool, laid back atmosphere and amazing bar!! All of the staff are helpful and accommodating!! Best happy hour!!!",Eastside,The Bricks,23.47,4.36,18.6,2,,Female,Other
nAdvLArVs5EaKwrOvFXTuQ,Guest_2218,11/13/2014,,,Eastside,The Bricks,7.0,1.4,20.1,2,,Female,Caucasian
gHUkEhOWnsgHft9SzkSiZQ,Guest_6198,24.12.2015,4.0,Just came here for cocktails on a Tuesday night. The bar was full but not very busy otherwise. We got the huckle punch and Constantine. The huckleberry vodka in the huckle punch is one of my favorites so loved that drink and the Constantine also very good if you like bourbon! Service was very good and prices were reasonable. Had $3 taco deals and a very cute coffee bar so would definitely be interested in coming back to eat or for a good studying place!,Eastside,The Bricks,17.8,3.14,17.7,2,56-65,Male,Other
3FfhPCMT5T2e369qqYfV7g,Guest_3489,2015-09-10,4.0,"The Bricks has a super cool vibe. I've visited multiple times for dinner and once for drinks. I'm always impressed with their sandwiches and other food. Normally everything is very fresh and tasty. They have a good sized line up of craft beers most of them local to the area, which is something I'm always looking for. It's sort of a dive-y location on the outskirts of the main part of Ybor. Late night they have a small menu of appetizers/small plates and have a DJ. It's clientele leads to some awesome people watching. All in all, definately worth a try. It's not super fancy, so it's perfect for a casual dinner or a new place to try to grab a beer (there's a full bar as well).",Eastside,The Bricks,,1.88,10.2,1,,Non-binary,Other
vHLviczaBYS88UGWFWC8Qg,Guest_7476,03.03.2013,5.0,,Eastside,The Bricks,14.55,1.84,12.7,3,,Female,Asian
R_A16STMTt2oZGmpH0R0lA,Guest_9023,2012-09-12,3.0,"We went at a slow time on a weekday afternoon for a late lunch because we were all wanting sandwiches. So between us all we had: the Bird & Pig, BBQ quesadilla, ahi BLT, clubhouse and kids pbj. All the sandwiches were great! Service was a bit slow though. If I was in the area again I may try again but I would not go out of my way to eat here.",Eastside,The Bricks,9.26,1.32,14.2,5,26-35,Prefer not to say,Asian
fRdKsfvptL0A4aFfVPkZQQ,,10/06/2013,5.0,,Eastside,The Bricks,42.77,3.98,9.3,3,46-55,Non-binary,Hispanic
P3PXmTyL5hzvqaCdJGk90w,Guest_4578,11/18/2015,5.0,,Eastside,The Bricks,57.21,10.01,17.5,2,,Female,Mixed
0F7dbDBRCGYd3wFBuVpFMA,Guest_3627,28.07.2014,4.0,"What an eclectic hipster joint, right in the heart of Ybor. The restaurant name alone fits the atmosphere perfectly. The menu options are unique, what might sound like it wouldn't mesh on the palette ends up making you want seconds and if drinking enough-- thirds. This is a great place to have a drink and a scrumptious sandwich on a Sunday. I had the bird and pig, perfect combination of savory and sweet.",Eastside,The Bricks,,4.14,23.7,4,18-25,Male,Caucasian
t6OmnU6qlaPS2BzDnMS28w,Guest_5140,05/20/2018,5.0,"My favorite drinks place to imbibe before a show in Ybor. Kyle is spot on every time with what is seemingly the exact thing I want before I even know it. Also, the nachos. Trust me!",Eastside,The Bricks,11.79,4.71,40.0,3,26-35,,
ELbCs-aC8mAxrAEu36Hihw,Guest_9547,2014-10-13,4.0,"Cute place, got there too late to eat,the drinks were good though, they have fresh ingredients and crushed ice!only bar in ybor I've seen with fresh things and a wide selection of booze",Eastside,The Bricks,23.64,4.81,20.3,2,18-25,Female,
TU-0T2GWAAW4GBI68LNt-A,,05/07/2016,3.0,"Wanted to try the pig and bird sammich but when I got there I decided on the Pacific Rim. The Asian slaw and bbq theme was too much to pass up. I thought the sandwich was really good and had a nice balance to it. I got chips and queso as my side but with this sandwich fries would have been the go to. They don't have fries so you'll have to choose something else. Service at the bar was really good, there were multiple people that helped me during my meal. One thing is they were out of three of the beers I wanted right off the bat. Pretty cool vibe in the place and people just hanging with friends having drinks and food.",Eastside,The Bricks,15.6,3.04,19.5,4,,Male,Native American
eoFZMOL0XJ9yF8sW3OChIw,Guest_7480,2017-11-19,,"Yummy food, good vibes, & nice service. Music wasn't too loud. Could hold a conversation without hearing everyone else's. I had the Bird & Pig (the way it comes) with the Mac & Cheese. I also had the Hukilau. Not a fan. It sounded sweeter than it was. Still giving it a 4 for the food servise and atmosphere. It's not their fault I didn't like the alcohol. Had a quick bite of the nachos and may have to orders those for the table next visit.",Eastside,The Bricks,7.97,1.55,19.4,3,,,Mixed
4Wxmz2w4cbaOepnIwcI1ig,,2014-12-23,5.0,"While I was in Tampa for the last 2 years, The Bricks was a second home. Great food and even greater people. I moved back to Seattle and left making friends. Wish I could've brought The Bricks and my new friends back with me. Definitely a place for locals and visitors to check out!",Eastside,The Bricks,11.04,2.31,20.9,1,,Non-binary,African American
_aJ77lzyw1BhFqRU-wPwhA,,03/02/2012,4.0,fun place with a nice atmosphere. Ordered the Elvis which is a good sandwich with peanut butter honey bananana and bacon! it sounds weird but it was delicous.,Eastside,The Bricks,50.63,4.62,9.1,4,65+,,Asian
jE2zHov_2Eii9XrrmkSV5g,Guest_5499,2012-06-28,3.0,,Eastside,The Bricks,20.53,4.5,21.9,4,,Non-binary,Asian
exVAtPSIFht6QUVDftWSzw,,07/14/2013,1.0,,Eastside,The Bricks,44.52,7.14,16.0,2,65+,Prefer not to say,Asian
4ywDqRoYjy16Z_UFox0qTg,Guest_6006,22.07.2012,1.0,,Eastside,The Bricks,,4.55,11.1,1,,Male,Native American
ADodUkepU3OyY-G5zZk7yA,Guest_8607,2012-10-15,3.0,This place is fun! I like the staff and the vibe. Food is okay. Beer selection is okay. Great happy hour on wine once a week. 3.5 stars is more appropriate for this place.,Eastside,The Bricks,29.48,6.06,20.6,2,,,Native American
LyBfA_NGwBAqf0LqVsDBhw,Guest_9024,05/29/2012,4.0,,Eastside,The Bricks,,6.12,17.1,4,,,Other
oX3VSZ2WBLd-mKidL87Q5g,,19.05.2018,4.0,"Full disclosure: My experience might just have been an isolated, rare occurrence. I arrived to The Brick and sat myself at the bar. After 15 minutes of zero service I was getting ready to leave but I noticed the waiting staff on the main floor looked active and on top of things. I decided to transition from the lack of service bar to the main floor and, literally, as soon as I sat down I had a waiter hand me a menu, take my drink order and before even a blink I had a Bloody Mary in front on me. Moral of this story, careful sitting at the bar since the service there seemed to be lacking. I'm sure it was the timing since my overall experience was a thumbs up. 

I ordered the loaded Bloody Mary. The drink was simple but very delightful, clearly proving that less is more. The drink had a little satisfying kick that's normal to any Bloody Mary. Overall- very satisfied with their Bloody Mary, so much in fact I ordered two. Maybe a little more body to it but not a must. 

Food: I ordered the Tuna BLT with the side of Asian slaw. Overall: GREAT. The theme here is clearly simple. They exploit every taste which is gratifying since that's the most important thing. The slaw was crisp and surprisingly very refreshing. Now, the tuna can only be described as crafted by a masterful craftsman! Yes, I said it. It tasted better than it looked and that's hard todo since it looked as if out of a magazine. Nothing but quality dining. 

I place four starts because of the first part of my experience but other than that it was a good experience and I I'll come to The Brick again.",Eastside,The Bricks,12.21,1.47,12.1,3,,Prefer not to say,Other
TU-0T2GWAAW4GBI68LNt-A,Guest_5006,05/07/2016,3.0,"Wanted to try the pig and bird sammich but when I got there I decided on the Pacific Rim. The Asian slaw and bbq theme was too much to pass up. I thought the sandwich was really good and had a nice balance to it. I got chips and queso as my side but with this sandwich fries would have been the go to. They don't have fries so you'll have to choose something else. 

Service at the bar was really good, there were multiple people that helped me during my meal. One thing is they were out of three of the beers I wanted right off the bat. 

Pretty cool vibe in the place and people just hanging with friends having drinks and food.",Eastside,The Bricks,10.95,2.1,19.1,2,26-35,,Caucasian
8_4B-G7i1ETKqsNLEiaXfw,Guest_5440,27.10.2011,4.0,Loved the Mediterranean Grilled Cheese sandwich! Nice casual atmosphere. On the end of the strip so it is very convenient to get to during lunch hour. Looking forward to trying something else on the menu.,Eastside,The Bricks,23.22,4.92,21.2,8,65+,Non-binary,
UDE36dmZLk5NQvHWFs7ouQ,Guest_2424,05/02/2012,4.0,"I thoroughly enjoy going to the Bricks.  It's unique atmosphere with cheap, but tasty, food options combine for a great experience.  

The term hipster is thrown around a lot these days and while you may be greeted and surrounded by people in skinny jeans, wearing Toms shoes, IMAX glasses, and an extra piercing, you are treated no differently.  I always feel warmly welcomed and entertained.  

As it does have a large bar, it may get rowdy in the evenings, but the Bricks maintains a family-friendly atmosphere.  

I ate the Bird and Pig meal once, very very good, and the breakfast bagel the next time.  The fiancee had black bean soup and a grilled cheese sandwich.  Very tasty combination. 

Highly recommend!",Eastside,The Bricks,28.09,4.06,14.4,1,36-45,Female,Mixed
NYilSGDWsYrFnB2EpDRMFA,Guest_9819,2018-02-04,2.0,,Eastside,The Bricks,16.67,4.69,28.1,2,18-25,Female,Hispanic
xFxilqzpu6Xac1admnl7MA,,28.09.2015,4.0,"I dig the art and the choices on the menu.

Skanky Chai is pretty good. 

The Elvis was pretty awesome. Peanut butter, bacon, and bananas on cuban toast. 
That sounds a lot like something I would drool over.

Nice!",Eastside,The Bricks,,3.43,16.6,2,56-65,Male,
8zXgEkLjDwArMWCiDa4tLQ,Guest_3917,10/11/2012,2.0,,Eastside,The Bricks,36.3,5.98,16.5,2,26-35,Non-binary,Mixed
N4J7LZI9eKDt4U0RLpWEww,Guest_6340,03/30/2017,5.0,,Eastside,The Bricks,37.48,8.97,23.9,2,36-45,,Other
zbaEspWboOPPonKjB4jbWA,Guest_9982,29.06.2012,4.0,"A couple of nights ago the Tampa Bay Lady Bloggers met at The Bricks for our monthly book club meeting. The staff was very welcoming and was happy to push together several tables for us. Our server was so nice and helpful and cheerfully took a group photo for us (annoying bloggers).

The ""hole in the wall"" atmosphere at The Bricks is fun and eclectic, with local art for sale lining the walls. I loved the laid-back, hip feeling of the place.

I had the ""brick,paper,scissors"" martini and it was so refreshing and delicious that I had to get a second with my entree. The table shared an order of the ""bricklayer"" nachos and they were okay, but the house-made salsa on the side was out of this world. For my entree I got the ""bird and pig"", based on so many great Yelp recommendations. It did not disappoint with thick, crispy bacon, sweet apples and agave nectar, tasty chicken and delicious pressed ""sweet"" bread. I almost caved in and got the Ahi tuna BLT because it looked so good on the menu...I'll definitely be back and try that next time to compare.

Thank you Bricks for hosting our meet-up. See you again soon I hope! My blog post about our meeting at The Bricks is here: http://carolinecalcote.com/2012/06/28/tampa-bay-lady-bloggers-book-club/",Eastside,The Bricks,31.96,4.97,15.5,4,65+,Non-binary,Mixed
0XuENPl2FwekIfu9M-1jDw,Guest_2705,2018-09-03,1.0,,Eastside,The Bricks,24.43,1.94,7.9,1,,Male,Mixed
zbaEspWboOPPonKjB4jbWA,Guest_3750,29.06.2012,4.0,,Eastside,The Bricks,19.3,2.06,10.7,1,,Female,Asian
R_A16STMTt2oZGmpH0R0lA,Guest_5461,09/12/2012,3.0,,Eastside,The Bricks,25.52,5.57,21.8,5,65+,Male,African American
PJv1iTOgQTS0Aan6_UAZnw,Guest_9123,10/31/2013,4.0,,Eastside,The Bricks,23.95,4.5,18.8,3,18-25,Male,Asian
nWXxee5pTo9vvnbB6ir-4g,Guest_3074,2016-06-24,3.0,,Eastside,The Bricks,23.39,4.29,18.3,3,65+,Non-binary,Other
1zcUh5uv1Qvv3mqYKC5QdA,Guest_9504,2017-03-04,4.0,"This was my first time here and I would recommend it! I had the Liquid Heroin (espresso, chocolate and milk) and the Bird and Pig. These two are the Bricks specialities. The Bird and Pig has chicken, bacon, apple, Brie, and honey. It is a perfect combination of salty and sweet. For dessert, we had the Ice Cream Sammy. A chocolate chip cookie with vanilla bean ice cream and chocolate syrup. I was a bit disappointed on the dessert because I was expecting the cookie to be soft and warm, it was the opposite; very hard. Overall the atmosphere is nice and I would come back to try some of the other specialties they have!",Eastside,The Bricks,48.31,10.78,22.3,8,,Female,Mixed
eWzgGaazlADYOBS_hzFLtA,Guest_5230,2014-05-09,,"Tasty place to grab a unique sandwich or something else with some tasty beer. I love the decor in this restaurant, as it seems to marry bricks, random tomfoolery, and nerdiness quite well. I've enjoyed most things there. The Bird and Pig was quite good as well as their veggie burger. They also have lots of theme nights, but I've never been to one.",Eastside,The Bricks,22.84,3.37,14.8,2,56-65,Prefer not to say,Other
zbJJjS4qCofo0l5Cr39R8A,Guest_5662,02.05.2015,5.0,"If you have ever dreamed of owning a bad ass bar and restaurant, with phenomenal and creative food, solid service, and atmosphere as cool as - well as cool as the bricks in the streets of Ybor City - don't go here. It will be likely to depress you to see that your dream has already been done so well that there just isnt much improvement. 
Well, if there was parking, that would be an improvement - but that's about it. I work nearby and rock their little patio in the back about once a week, it just never disappoints. The CURE is my favorite sandwich but i dont think there are any bad items on the menu - not even the vegetarian ones, and you know how bad those CAN be!

If you are on the west end of Ybor, or staying at the hotels nearby, or just stepped off the streetcar and want to figure out what Ybor City has come to mean these days - the Bricks of Ybor should be your first stop!",Eastside,The Bricks,37.23,9.71,26.1,2,56-65,Non-binary,Native American
eoFZMOL0XJ9yF8sW3OChIw,Guest_2807,19.11.2017,4.0,,Eastside,The Bricks,25.89,3.05,11.8,1,,Prefer not to say,Other
OhxIJjuDwcA0tRwXImwpeA,Guest_4805,24.08.2014,,"I have to say that the food here is good; however, the staff/service could be better. My sister and I came here for lunch and a few drinks. My sister ordered a drink off the menu and 10+min later, as we're finishing our lunch, the waitress comes back and says ""sorry, our bartender doesn't know how to make that"" ..... So the bartender doesn't know how to make the drinks listed on the menu? And the 10+mins. it took to tell us that, it could have ben googled and made. I don't want to bash this establishment, but the customer service has always been an issue here. I would recommend continued training to both current and new staffers to improve their level of knowledge and customer service",Eastside,The Bricks,28.85,4.45,15.4,2,46-55,Non-binary,Hispanic
vHLviczaBYS88UGWFWC8Qg,Guest_4429,2013-03-03,5.0,"staff is awesome and food is damn good. drinks are a reasonable price and Andrew always has something awesome/weird playing on the TV. If the independent were cooler, it would be the Bricks. 

One of the gods invented the bird and pig. Definitely get that.The cure is pretty tasty too, I'd eat it again. 

The place has cool wall art, a comfortable back patio, and Paper Mario characters on the bathroom doors. Have to appreciate the subtle nerdiness.",Eastside,The Bricks,28.47,11.39,40.0,2,36-45,,Caucasian
t6OmnU6qlaPS2BzDnMS28w,Guest_9312,20.05.2018,5.0,"My favorite drinks place to imbibe before a show in Ybor. Kyle is spot on every time with what is seemingly the exact thing I want before I even know it. Also, the nachos. Trust me!",Eastside,The Bricks,19.81,5.06,25.5,4,65+,Prefer not to say,Mixed
N4J7LZI9eKDt4U0RLpWEww,Guest_6023,03/30/2017,5.0,"One of my favorite places to eat in Ybor! Good vibes, good food, and good drinks. Even their coffee is good! Service is a hit or miss, although most recently I have had consistent great service. And their veggie Cuban sandwich is amaaaazing!",Eastside,The Bricks,,1.32,14.5,1,46-55,Female,Caucasian
9g-mtjmWHY0miughafkXMQ,Guest_4167,07/12/2010,5.0,"I'd been following the progress of The Bricks via their FB page for some time - I'm happy to report that the end product lives up to the expectations (exceeds them, even!). 

The first thing you notice is the atmosphere: laid-back & friendly, fostering a close-knit/ community feel that encourages you to slow down and linger for a bit longer, enjoying the company. 

When it comes to the menu, it's full of simple foods that have been completely mastered. I suggest the Peanut Butter Bar (choose your bread, peanut butter, and toppers). The Roasted Garlic Hummus is amazing, as is the Italian Brick sandwich. As far as coffee goes - they won't disappoint, I'm partial to the Brickaccino (frozen coffee). Another standout factor is their beer selection - which alone is worth strolling by for.

All in all, The Bricks as a 5-Star stop, you won't soon forget.",Eastside,The Bricks,28.66,3.71,12.9,3,,Male,
Cbxf9vtQNVzMoch3s_AKTA,,30.05.2012,4.0,"I had a good time at The Bricks of Ybor.  The service is really spot on and the quality of the food's pretty good.  I had the pulled pork sandwich.  It was pretty good.  Nothing memorable but what makes this place a four star place are the happy hour beer prices and the interesting art inside.

I loved the star wars art throughout this place and particularly loved the berpo and ern2d2 painting.

Friendly, fun crowd that looks like they're coming to a John Waters costume party.",Eastside,The Bricks,16.97,2.76,16.3,4,,Prefer not to say,Mixed
6W_KEeCPnxjcuD6u4UXi0Q,Guest_6161,18.06.2017,5.0,"Came for Father's day brunch, and will definitely come back. great selection of vegetarian food. Veggie Cuban and cheese grits were awesome. .and srvice was so good!",Eastside,The Bricks,21.25,3.38,15.9,3,46-55,Female,Mixed
NVGknCokupO-YGnK8vI5Kg,Guest_5388,04/22/2014,4.0,"Excellent servise, trendy yet comfortable atmosphere, and very nice food. About half the items we requested weren't available b/c they're transitioning to a new menu.",Eastside,The Bricks,,0.89,9.7,1,18-25,Non-binary,Other
EWgE8zamjHBz8CMRdLIHVw,Guest_8397,2011-12-03,4.0,"Lots of vegetarian options. The service was pretty fast. The skateboard wall was nice (Calvin & Hobbes represent!). The sandwich I got was a bit lacking in the flavor department. Really didn't know what to eat since I went here at night just before a binge of dancing and drinking. Didn't really feel into the peanut butter at that point in time. Next time I'll try their peanut butter creations, but I'll probably go for brunch or a late lunch since it seems the menu is more designed for that and not any pre-gaming.",Eastside,The Bricks,,0.0,0.0,2,26-35,Male,Caucasian
uVRXElOZDBO2TXq_gveXYA,Guest_5490,21.03.2013,,"Where do i start with this place!
I love that they have local art on the walls/ always doing art shows 

the staff that works there always rocking smiles talking to all the guess a all around good atmosphere vibe

I tip my hat to the head chef (Chef Ben) The food is always on point and i like when the cooks yell ""ORDER UP"" hahaha 

I can wright a book about how awesome this place is 

KEEP UP THE GOOD WORK and SEE YOU SOON!",Eastside,The Bricks,22.19,4.14,18.7,2,,Prefer not to say,Hispanic
EVklXIXTKM7MroTzc-EsPA,Guest_8825,04/09/2017,4.0,"I ordered the Kung fury bowl and it's pretty good, just not a huge fan of Asian slaw. The restaurant is pretty cool with the decoration and not at a super crowded location in ybor. The service was a bit slow, but the food came pretty quick.",Eastside,The Bricks,47.07,6.95,14.8,5,,Male,Other
rzkOryEsl-T1AvF6e3DcIw,Guest_1432,2012-12-05,4.0,"Either ate or had drinks here a few times over the summer as my office was just upstairs. I'm not a vegetarian, but the Goodness wrap is a knockout. I also greatly enjoyed the chili I had here, though it was a special so I'm not sure how often it comes around. I'm not really into the hipster vibe of the staff, but I never had any service problems and that's what is most important. I definitely don't live or die by The Bricks but it's a place I would suggest if you're ever in Ybor City.",Eastside,The Bricks,16.16,1.57,9.7,4,36-45,Non-binary,Other
N4J7LZI9eKDt4U0RLpWEww,Guest_6455,30.03.2017,5.0,"One of my favorite places to eat in Ybor! Good vibes, good food, and good drinks. Even their coffee is good! Service is a hit or miss, although most recently I have had consistent great service. And their veggie Cuban sandwich is amaaaazing!",Eastside,The Bricks,12.84,2.47,19.2,3,46-55,Female,Mixed
X6J3JHd9uD5MhSL-dIVynQ,Guest_4545,27.02.2013,4.0,,Eastside,The Bricks,20.45,2.28,11.2,2,,Prefer not to say,Other
nWXxee5pTo9vvnbB6ir-4g,Guest_9512,06/24/2016,3.0,"First of all I would like to say this is a pretty cool place. They have a great selection of beer and booze. The bartenders were very attentive and made awesome drinks. I was there on a Thursday night with a wedding party of about 12 people and we were having a great night. This is where I would love to end this review because based on the atmosphere and bartenders, this is a really chill place to hang out in ybor. Unfortunately, there is more to the story.

Later in the night, the bar started clearing out. The only people in the bar were myself, the wedding party I was with, the bartenders, and 3 other people. That's it. We (the wedding party) thought it would be fun to do the wobble and since the DJ was playing hip-hip anyway, we figured that it wouldn't be an issue to request that he play the wobble. After All, there wasn't many people in the bar anyway. Upon requesting to the DJ that we would like him to play the wobble he proceeded to respond with statements like ""I refuse to play that song"" ""I don't like that song"" ""I'm not a jukebox"". After briefly sharing our differences of opinion, I went to the bar to get a drink. At this time the DJ also walked up to the bar as we were kindly telling the bartender that they might want to reconsider their DJ choices because he was more concerned with what he wanted to hear, rather than what the patrons of the bar wanted to hear. Upon sharing our opinion with the bartender, the DJ butts in again to express that ""I'm the DJ, and I'll play what I want to hear"" that irritated me and I got a little heated. The bartender proceeded to cut me off because I argued with the DJ. I totally understand that, the bartender did the right thing there to calm down a situation. 

Point of my long story is, I really hope this place reconsiders their DJ choices in the future. They need someone that will play what the patrons want to hear and not what he wants to hear. Maybe that's just my opinion, but I feel that I make a strong case considering that by the time it was all said and done, our party was the only people in the bar. So, instead of 5 stars, I'm marking it a 3 based on the DJ alone.",Eastside,The Bricks,18.98,4.41,23.3,2,65+,Female,Other
asr6SiNjIrpTrGwMeBp9Pg,,03.07.2015,5.0,,Eastside,The Bricks,25.21,4.12,16.3,2,65+,Female,African American
aHtgSP4nTEtHvYQ0TE6w1g,Guest_1608,2017-10-02,5.0,Their bird & pig sandwich is the bomb. Brie cheese is one of my favs and this sandwich offers plenty. The Asian Slaw was a suggestion from our waitress and did not disappoint. It was yummy. The sesame seeds made all the difference. Full bar always has a variety of tasty drink options. This place is cool bc it has a vegan options for those folks with those dietary needs.,Eastside,The Bricks,,1.73,16.5,4,,Male,Hispanic
IdUkBQcMt0460g5W1LCZmg,Guest_1543,20.01.2014,4.0,"The Bricks is a hipster haven, but don't let that deter you if you don't wear non-prescription glasses and flannel. I'm always the least cool person in here and no one seems to mind. (Although maybe I AM cool -- last time I was here the DJ was playing Hall & Oates most likely to be ironic, but I genuinely enjoyed it.) The menu is mostly sandwiches and some salads. It's all about the Bird & Pig sandwich. I have a hard time straying from this delicacy of chicken, bacon, brie, and apples on pressed sweet bread. Sweet, check. Salty, check. Crunchy, check. Nice selection of local and craft brews, too.",Eastside,The Bricks,6.8,1.1,16.1,2,56-65,Prefer not to say,African American
1zcUh5uv1Qvv3mqYKC5QdA,Guest_2188,03/04/2017,4.0,"This was my first time here and I would recommend it! I had the Liquid Heroin (espresso, chocolate and milk) and the Bird and Pig. These two are the Bricks specialities. The Bird and Pig has chicken, bacon, apple, Brie, and honey. It is a perfect combination of salty and sweet. For dessert, we had the Ice Cream Sammy. A chocolate chip cookie with vanilla bean ice cream and chocolate syrup. I was a bit disappointed on the dessert because I was expecting the cookie to be soft and warm, it was the opposite; very hard. Overall the atmosphere is nice and I would come back to try some of the other specialties they have!",Eastside,The Bricks,,5.19,23.8,3,26-35,,Other
s9dqqPMdKO3QdJ5s7lrt3g,Guest_3839,11/28/2016,1.0,"This place is listed as vegetarian-friendly and it is, provided that you eat eggs, cheese, and whatever else they put on the food without listing it in the menu description. Unfortunately this place was a nightmare for me as a vegan. I ordered the veggie cuban with no swiss or honey mustard since those were the only non-vegan ingredients listed in the description, and if it wasn't for the server mentioning ""oh that's a great choice; the chef puts an egg on it too,"" then I would have gotten a sandwich with egg. After I stressed ""no animal products, no egg, no dairy, no butter,"" the server responded with ""oh well you know the egg isn't actually meat"" as opposed to, you know, respecting my dietary restrictions.

I have no intention of returning, due to the lack of clarity on the menu and the server's rudeness when I was expressing my allergies/restrictions. Maybe if the restaurant lists all of the ingredients and trains their staff on how to not be rude to someone who was rightfully annoyed at almost getting an item I couldn't eat, then it might be worth a recommendation. But then again, it's not a vegan-friendly establishment despite it being vegetarian-friendly.",Eastside,The Bricks,23.69,0.0,0.0,1,,Male,African American
1zcUh5uv1Qvv3mqYKC5QdA,Guest_6170,03/04/2017,4.0,"This was my first time here and I would recommend it! I had the Liquid Heroin (espresso, chocolate and milk) and the Bird and Pig. These two are the Bricks specialities. The Bird and Pig has chicken, bacon, apple, Brie, and honey. It is a perfect combination of salty and sweet. For dessert, we had the Ice Cream Sammy. A chocolate chip cookie with vanilla bean ice cream and chocolate syrup. I was a bit disappointed on the dessert because I was expecting the cookie to be soft and warm, it was the opposite; very hard. Overall the atmosphere is nice and I would come back to try some of the other specialties they have!",Eastside,The Bricks,18.76,4.15,22.1,2,,Non-binary,
11LaR_wnmQpNf7fD6d6n1Q,Guest_4170,12.11.2014,4.0,I love this place. Everything I've had seems really fresh. The hummus is really tasty and the ambiance is nice and relaxed.,Eastside,The Bricks,,2.34,13.3,3,65+,,Caucasian
UDE36dmZLk5NQvHWFs7ouQ,,02.05.2012,4.0,"I thoroughly enjoy going to the Bricks.  It's unique atmosphere with cheap, but tasty, food options combine for a great experience.  

The term hipster is thrown around a lot these days and while you may be greeted and surrounded by people in skinny jeans, wearing Toms shoes, IMAX glasses, and an extra piercing, you are treated no differently.  I always feel warmly welcomed and entertained.  

As it does have a large bar, it may get rowdy in the evenings, but the Bricks maintains a family-friendly atmosphere.  

I ate the Bird and Pig meal once, very very good, and the breakfast bagel the next time.  The fiancee had black bean soup and a grilled cheese sandwich.  Very tasty combination. 

Highly recommend!",Eastside,The Bricks,11.68,3.08,26.4,4,,,Mixed
zs4OcjXPJOkdhKV_CtRgpQ,Guest_7989,06/11/2014,4.0,"One of my favorite spots to swing by while in the Ybor area, either with a group of friends or alone, as they do have a lot of space to bring out your laptop to work or read.

Since I usually come during the workday for lunch, I'm a big fan of their specialty coffee drinks. They have a very unique one - espresso lemonade - which I got to try on my last visit. The bitterness was cancelled out by the lemonade and it was delicious.

The Bricks has a good choice of apps/salads/sandwiches and I also tried a spicy chorizo, creamed soup, which my server recommended, and he was right-on point with this pick.

If you're in Ybor please make sure you stop by here...it's vegan/vegetarian friendly and just has a good all-around vibe inside.",Eastside,The Bricks,15.92,2.02,12.7,5,36-45,Prefer not to say,African American
_aJ77lzyw1BhFqRU-wPwhA,,2012-03-02,,fun place with a nice atmosphere. Ordered the Elvis which is a good sandwich with peanut butter honey bananana and bacon! it sounds weird but it was delicious.,Eastside,The Bricks,27.31,3.98,14.6,1,56-65,,Native American
qzgc5-lizZMqupW7ZR8qmQ,Guest_1866,28.07.2014,4.0,Seems like a good place ...very chill and low key..not my particular favorite food ( more on the healthy side) but still good quality food and service with a fun video game theme once a week ...good place to check out,Eastside,The Bricks,15.89,0.0,0.0,3,26-35,,
OhxIJjuDwcA0tRwXImwpeA,Guest_3402,2014-08-24,3.0,"I have to say that the food here is good; however, the staff/service could be better. My sister and I came here for lunch and a few drinks. My sister ordered a drink off the menu and 10+min later, as we're finishing our lunch, the waitress comes back and says ""sorry, our bartender doesn't know how to make that"" ..... So the bartender doesn't know how to make the drinks listed on the menu? And the 10+mins. it took to tell us that, it could have ben googled and made. I don't want to bash this establishment, but the customer service has always been an issue here. I would recommend continued training to both current and new staffers to improve their level of knowledge and customer service",Eastside,The Bricks,,1.54,13.1,3,,Male,Other
jE2zHov_2Eii9XrrmkSV5g,Guest_1545,28.06.2012,,"Visited The Bricks this evening for dinner with a group of 6 and I think I can say we all enjoyed our experience  - I give it a solid 3-stars because I wasn't blown away by the food, ambiance or service but all were good if not a little above average. 

I started with an Old Fashioned which was sadly, quite watered down.  The table started with the Bricklayer Nachos which were good and a pretty decent size portion too.  For my dinner I had the Mediterranean Grilled Cheese - feta and mozzarella cheese, olive tapenade, baby spinach and portabello mushroom pressed in a piece of flatbread.  The first few bites were enjoyable but about a quarter of the way into it I realized how SALTY it was.  Unfortunately, it was a little one-note and better in concept than in execution in my opinion. 

Our waitress was pleasant and split the check 6-ways without us even having to ask, which I thought was really nice of her.  Atmosphere was unique but nothing worth coming back for.

Also, worth noting - The Bricks doesn't have its own parking lot so you'll have to find street parking (good luck), a paid parking lot lot or one of the local parking garages.",Eastside,The Bricks,26.53,5.68,21.4,2,65+,Prefer not to say,Caucasian
aHtgSP4nTEtHvYQ0TE6w1g,Guest_7024,2017-10-02,5.0,Their bird & pig sandwich is the bomb. Brie cheese is one of my favs and this sandwich offers plenty. The Asian Slaw was a suggestion from our waitress and did not disappoint. It was yummy. The sesame seeds made all the difference. Full bar always has a variety of tasty drink options. This place is cool bc it has a vegan options for those folks with those dietary needs.,Eastside,The Bricks,13.83,1.14,8.2,3,26-35,Prefer not to say,Asian
X6J3JHd9uD5MhSL-dIVynQ,Guest_7112,02/27/2013,,My 2 favorite guy friends and I came here for Valentine's Day this year! I love everything about this place.  Every time I have visited there has been a friendly/diverse crowd and good music. I really like the atmosphere and the local artwork that is displayed throughout the restaurant. I highly recommend the brick layer nachos! My friends and I ate every bite and I honestly will most likely order that as my meal next time. The night we visited they had 50% off bottles of wine and after splitting the cost with one of my friends it was only $7 (need I say more?).  I ordered the brick layer salad with tuna for my meal. I ordered something lighter due to my massive nacho intake and the salad was good but it was similar to a house salad you can get anywhere. They have a very eclectic menu and next time I will probably try one of the many grilled cheese sandwiches listed on the menu. I will definitely be back!,Eastside,The Bricks,8.48,1.88,22.1,3,36-45,Male,Other
8_4B-G7i1ETKqsNLEiaXfw,,10/27/2011,4.0,Loved the Mediterranean Grilled Cheese sandwich! Nice casual atmosphere. On the end of the strip so it is very convenient to get to during lunch hour. Looking forward to trying something else on the menu.,Eastside,The Bricks,19.77,3.29,16.6,1,65+,Male,
X6J3JHd9uD5MhSL-dIVynQ,Guest_7013,02/27/2013,,,Eastside,The Bricks,11.43,2.43,21.2,2,,Prefer not to say,Hispanic
F4_DYi_7czpyLMrErrKaQg,Guest_7111,2011-08-01,5.0,"We cam here for my wife's birthday this year that also just so happens to be Cinco De Mayo. We didn't want to go to a mexican joint so we chose the Bricks after reading some specials that they had going online. I have to say it was a good night and a lot of fun. Good drinks as well as food. Great ambiance, this is an older building in Ybor that they really did a great job of restoring. These guys are always having great food and happy hour specials. You won't be disappointed.",Eastside,The Bricks,22.35,2.48,11.1,1,,Prefer not to say,
OgVW9QTtF4aAHFTTc0x2rA,,02/22/2013,,"I had high expectations when I went to this place recently after some recommendations from friends.  We visited on a night when there weren't very crowded so it was nice to be able to have such an attentive waitress and service.  I was a bit disappointed when I didn't find as much on the menu as I would have liked to have seen that would appeal to me.  I guess I have become very picky with my Yelp addiction in terms of scrutinizing every establishment I go to pretty thoroughly.  

I ordered the hummus appetizer for the table and was very pleased at the quality of the dish.  For my entree I ordered their Bricks Salad which had plenty of fresh produce packed in.  I ordered a double portion of chicken for it, which still seemed pretty skimpy especially since I was charged for that request.  Overall, I'd say this is probably one of Ybor's lesser known spots as its more on the western edge of the main strip, yet it seems very lively and upbeat.  I did like that they had featured lots of artwork by various local artists that were on display and offerred for sale.  Not a bad place to hang out and have a drink if you're looking for a lower key outing in the Ybor area.",Eastside,The Bricks,16.65,6.66,40.0,1,18-25,Male,
L35Awd7K5slzNlEAI6H8xQ,Guest_7098,04/01/2016,4.0,,Eastside,The Bricks,21.85,0.5,2.3,6,36-45,Non-binary,
hBzLjPySOBHDz0NiGf6SfQ,Guest_8711,06/09/2018,4.0,"Friendly srvice & neat building. Depending on the atmosphere you are looking for, the music is a bit loud.",Eastside,The Bricks,29.74,3.88,13.1,2,56-65,,
RNtIj-FjLZFmGAp2Wy607A,Guest_4769,2012-12-05,4.0,,Eastside,The Bricks,61.33,11.44,18.7,3,46-55,Non-binary,
aHtgSP4nTEtHvYQ0TE6w1g,,2017-10-02,5.0,Their bird & pig sandwich is the bomb. Brie cheese is one of my favs and this sandwich offers plenty. The Asian Slaw was a suggestion from our waitress and did not disappoint. It was yummy. The sesame seeds made all the difference. Full bar always has a variety of tasty drink options. This place is cool bc it has a vegan options for those folks with those dietary needs.,Eastside,The Bricks,26.62,4.6,17.3,2,26-35,Male,Native American
ss4LSp-dCCuhpxDrRH_GLQ,Guest_2522,28.10.2011,5.0,"I walk in, and they're playing the greatest hits of De La Soul throughout lunch. They could have been serving Big Macs and that gets you four stars alone. I order a grilled cheese sandwich, and it comes with apple, plums, and bacon on some delicious bread with tortilla chips. And it is sublime. The cheese is perfectly melted, and the goodies inside are covered in wonderful gooey dairy greatness. I order a cafe con leche while getting some work done on my laptop. It is flawlessly prepared by a lovely server, and I'm a coffee snob. And if I didn't get buried in work stuff, I was jonesing for one of those half-price martinis they serve on Thursdays. Wonderful atmosphere (the skatepark staff makes it friendly and fun), great food, delicious coffee, a full bar, and lots of different options. This place is a total home run, and a can't miss for anyone in Ybor.",Eastside,The Bricks,23.79,0.0,0.0,1,26-35,Prefer not to say,Asian
0F7dbDBRCGYd3wFBuVpFMA,Guest_8328,2014-07-28,4.0,"What an eclectic hipster joint, right in the heart of Ybor. The restaurant name alone fits the atmosphere perfectly. The menu options are unique, what might sound like it wouldn't mesh on the palette ends up making you want seconds and if drinking enough-- thirds. This is a great place to have a drink and a scrumptious sandwich on a Sunday. I had the bird and pig, perfect combination of savory and sweet.",Eastside,The Bricks,18.11,3.43,18.9,4,,Prefer not to say,Caucasian
ntNxLQQTBZhYVGZpvUQYzw,Guest_1760,08.09.2016,,,Eastside,The Bricks,13.74,2.83,20.6,3,56-65,Non-binary,Other
rSkTYJMKMUg8QHpsfV6syw,Guest_5640,07/20/2017,3.0,"I walked into the restaurant and the general scene was promising: a friendly environment with interesting decor like a diner, despite being poorly lit. I ordered the ""King Fu pork bowl"" and a macchiato, to which the waitress replied that their barista doesn't really make it the traditional way. I still ordered it. The macchiato came first, and to my surprise it was in a mug filled to the brim. I let the barista know that I ordered a macchiato, not a latte or cappuccino, and she said that she knows that, she made a macchiato. After a brief discussion I discovered she doesn't know what a macchiato was. I went back to my table. The food came. The pork was room temperature and the rice was plain. The dish lacked flavor overall. Maybe they don't specialize in rice bowls as it was a smaller item on their menu, but that was my expereince.",Eastside,The Bricks,12.51,1.91,15.3,4,65+,Non-binary,
hQz9UnbHvv3ctllRquULuQ,,18.04.2015,,This is where the cool kids hang and there's reasons for it. The beer and the food! Tons of vegetarian and even vegan options. I'm not either but I do love that black bean burger and the salads are to die for. The staff is great and always sweet and accommodating. The place is usually filled with great art and an eccentric lot of people. I gave this place five stars because I would be lying if I said I didn't love this place. It's my vibe. It can be yours also. Yup! Just referred to myself as a cool kid.:D,Eastside,The Bricks,8.83,0.9,10.2,2,,,Hispanic
dxp5wFqMeO2x3Rz-8km5Cw,Guest_2160,27.05.2017,5.0,,Eastside,The Bricks,,11.27,35.0,2,46-55,Prefer not to say,Mixed
QuLLvrwzNEizCRDiRPsVGQ,Guest_8437,02/12/2012,,"We walked into The Bricks of Ybor and were immediately greeted by the owner and taken on a tour. He showed us the studio area next door, the small patio in the back, and the food prep area. He also explained the menu and gave some recommendations. I've never been treated that way at a restaurant and it was an awesome touch. The food was great. The waitress did bring my husband the wrong sandwich but by the time we figured it out, it wasn't worth mentioning. He liked whatever it was she brought him. The beer selection was very good. The atmosphere is laid back and unique. They have games to play while you enjoy your drinks. The music is awesome. All in all, I love this place!",Eastside,The Bricks,,2.86,16.6,4,26-35,Non-binary,Caucasian
zs4OcjXPJOkdhKV_CtRgpQ,Guest_3199,11.06.2014,4.0,"One of my favorite spots to swing by while in the Ybor area, either with a group of friends or alone, as they do have a lot of space to bring out your laptop to work or read. Since I usually come during the workday for lunch, I'm a big fan of their specialty coffee drinks. They have a very unique one - espresso lemonade - which I got to try on my last visit. The bitterness was cancelled out by the lemonade and it was delicious. The Bricks has a good choice of apps/salads/sandwiches and I also tried a spicy chorizo, creamed soup, which my server recommended, and he was right-on point with this pick. If you're in Ybor please make sure you stop by here...it's vegan/vegetarian friendly and just has a good all-around vibe inside.",Eastside,The Bricks,17.21,3.67,21.3,4,,Non-binary,Native American
P-lZE6cZgfWkojreLiu7Vg,Guest_2670,2017-03-15,4.0,,Eastside,The Bricks,9.24,1.73,18.7,3,26-35,Male,Native American
8zXgEkLjDwArMWCiDa4tLQ,Guest_3859,11.10.2012,2.0,"I like some of the cocktails here but the food is mediocre. Ive never understood why it gets the ratings on food that it does, but then again we are in Tampa. Its basically like food you could whip up in a few minutes at home using your microwave for a 3rd of the cost. Except not as tasty. Anyone who loves eating here has the palate of a 14-year-old boy. Maybe its time they get an actual kitchen.",Eastside,The Bricks,22.43,3.6,16.0,4,46-55,Male,
11LaR_wnmQpNf7fD6d6n1Q,Guest_5296,11/12/2014,,,Eastside,The Bricks,41.91,4.74,11.3,3,46-55,Female,
rno5BeYy-bMFKINk43MmNw,Guest_8307,30.05.2014,5.0,"It is definitely a place to bring your friends and chat. I love their different types of Peanut Butter sandwiches. Amazing! Not only that, but the inside environment is just so positive and provides inspiration.",Eastside,The Bricks,14.31,2.8,19.5,2,,Prefer not to say,
OhxIJjuDwcA0tRwXImwpeA,,24.08.2014,3.0,"I have to say that the food here is good; however, the staff/service could be better. My sister and I came here for lunch and a few drinks. My sister ordered a drink off the menu and 10+min later, as we're finishing our lunch, the waitress comes back and says ""sorry, our bartender doesn't know how to make that"" ..... So the bartender doesn't know how to make the drinks listed on the menu? And the 10+mins. it took to tell us that, it could have ben googled and made. I don't want to bash this establishment, but the customer service has always been an issue here. I would recommend continued training to both current and new staffers to improve their level of knowledge and customer service",Eastside,The Bricks,19.49,4.23,21.7,2,,Female,Native American
LyBfA_NGwBAqf0LqVsDBhw,Guest_4490,2012-05-29,4.0,,Eastside,The Bricks,14.54,2.55,17.5,3,,Non-binary,Other
OgVW9QTtF4aAHFTTc0x2rA,Guest_1445,2013-02-22,3.0,"I had high expectations when I went to this place recently after some recommendations from friends. We visited on a night when there weren't very crowded so it was nice to be able to have such an attentive waitress and servise. I was a bit disappointed when I didn't find as much on the menu as I would have liked to have seen that would appeal to me. I guess I have become very picky with my Yelp addiction in terms of scrutinizing every establishment I go to pretty thoroughly. I ordered the hummus appetizer for the table and was very pleased at the quality of the dish. For my entree I ordered their Bricks Salad which had plenty of fresh produce packed in. I ordered a double portion of chicken for it, which still seemed pretty skimpy especially since I was charged for that request. Overall, I'd say this is probably one of Ybor's lesser known spots as its more on the western edge of the main strip, yet it seems very lively and upbeat. I did like that they had featured lots of artwork by various local artists that were on display and offerred for sale. Not a bad place to hang out and have a drink if you're looking for a lower key outing in the Ybor area.",Eastside,The Bricks,30.23,3.12,10.3,2,,Non-binary,Native American
dYKjSQ9ITqPgzkyglOGrJQ,Guest_6900,04/05/2018,5.0,1st time we've tried The Bricks. So yummy!!! I had the Blackened Shrimp Salad and my husband had Sammy Tuna. We both loved every bite. Looking forward to eating there again.,Eastside,The Bricks,18.22,4.67,25.6,3,,Prefer not to say,African American
zs4OcjXPJOkdhKV_CtRgpQ,Guest_1462,11.06.2014,4.0,,Eastside,The Bricks,16.01,1.98,12.4,2,,,Native American
R_A16STMTt2oZGmpH0R0lA,Guest_5907,12.09.2012,3.0,"We went at a slow time on a weekday afternoon for a late lunch because we were all wanting sandwiches. So between us all we had: the Bird & Pig, BBQ quesadilla, ahi BLT, clubhouse and kids pbj. All the sandwiches were great! Service was a bit slow though. If I was in the area again I may try again but I would not go out of my way to eat here.",Eastside,The Bricks,32.53,5.82,17.9,1,18-25,Female,
94N0yL4NknDfB4JITXlUWA,Guest_2104,21.06.2015,4.0,,Eastside,The Bricks,21.04,4.29,20.4,3,,Female,Native American
mu7DWrjoa6b2yqcfH75QYw,Guest_2253,12/24/2016,1.0,"For days I have tried to put a side the terrible experience I had, I really don't like to put a bad review, but most of all I deeply appreciate when businesses treat everyone with respect and priority, and for some reason and actually for no reason.
I walked in and noticed I have to go to the bar for service, there were no available seats, so I stood at the beginning of the bar from the entrance, made an eye contact with the bar tender, 5 min passed he still didn't come to me so I looked over for a menu and grabbed it myself, shortly after he reached to me and took my order of drinks and food... 10 min passed and he didn't prepare my drinks, he left the bar area, and another guy came to replace him, he asked us if we needed help, I told him we already ordered, mean while I'm waiting and waiting and I see our server went to take out food for people, totally forgot about us, he could have at least tell the other two guys who were at the bar ( one of them was the owner) to make us the drink...
Then the owner came to me and he told me I should have told the guy that replaced him to make me the drinks, i told him how could I know it works that way?
And instead of trying to make excuses for why I don't have my drinks and blaming me for it, he obviously didn't care for what u had to say but I tried explain him how long I've been waiting and that I should have been taken care off and that he's been very rude for trying to excuse the situation instead of handling It property...
End of story, He got mad he said I'm the owner and that I'm not going to talk to him that way and he walked away from me!


So to sum it all up, I waited a while until I was served, the tender argued with me that chocolate always has milk inside ( just a lack of knowledge) the owner saw us waiting and waiting , looked at us while serving others, and than he got the nerve to be mad at me for being upset....!!!!",Eastside,The Bricks,11.98,1.75,14.6,4,65+,Male,
s9dqqPMdKO3QdJ5s7lrt3g,Guest_7818,28.11.2016,1.0,,Eastside,The Bricks,29.85,3.71,12.4,2,65+,Non-binary,Mixed
ZqzXpRt9FsPQUDCNmvj0ew,Guest_2309,25.02.2017,,"Really like the Bricks. Always a new experience when i go. The coffee, good. The cocktails, better! The ambiance is hip. The food is pretty good too.",Eastside,The Bricks,,6.22,17.2,4,18-25,Female,African American
OWqNO-H7eAWJH7hsQfO0_A,Guest_8090,17.10.2016,5.0,,Eastside,The Bricks,11.22,2.68,23.9,3,36-45,,Native American
2a8_Q5XhjoQHaZ_KtISZuQ,,12/09/2012,,"Since moving to Tampa about three weeks ago, I have found some ridiculously good restaurants thanks to Yelp and friends' recommendations. 

The Bricks has been on my list of places to try for a while now, and I finally made it last night. 

My friend & I walked in and were greeted immediately by the staff who told us to sit where we wanted. The place was fairly empty on a Tuesday at 7pm. I've heard it's packed on weekends, so perhaps going on off-nights is key. 

We started off with the Bricklayer, a fancy name for extra delicious nachos that are topped with queso, avocado cream, olives, and jalapeños. The salsa that comes on the side is awesome - super fresh, flavorful, and not too watery. This is a big appetizer and probably a bit too much for two girls before dinner. If I ordered it again, it would be as a bar snack rather than an app. 

For dinner, I had to try the Bird & the Pig. Wow - that pressed sweet bread combined with the salty bacon and chicken, paired with crisp apples and agave nectar? Yeah, the distinct flavors come together nicely to create one hell of a sandwich. 

I tasted my friend's black bean burger and liked that, too. 

The only thing I tasted that didn't blow me away was the roasted potato salad I got on the side. I'll probably just go with the mixed greens salad next time. 

Aside from the food, the environment is cool, too. I really liked all the local artists' work adorning the walls. 

There is ample parking nearby, including a garage on 15th that only charges $1 for the first 3 hours.",Eastside,The Bricks,17.46,6.11,35.0,2,18-25,Non-binary,African American
RNtIj-FjLZFmGAp2Wy607A,Guest_8541,2012-12-05,4.0,,Eastside,The Bricks,22.08,6.63,30.0,2,65+,Female,Asian
L35Awd7K5slzNlEAI6H8xQ,,01.04.2016,4.0,It's a beer pub so don't go to eat a meal. Beer was great but not all of them were available at the time I visited [April] so....??,Eastside,The Bricks,17.97,2.36,13.1,1,,Prefer not to say,Other
uVRXElOZDBO2TXq_gveXYA,Guest_7204,21.03.2013,5.0,"Where do i start with this place! I love that they have local art on the walls/ always doing art shows the staff that works there always rocking smiles talking to all the guess a all around good atmosphere vibe I tip my hat to the head chef (Chef Ben) The food is always on point and i like when the cooks yell ""ORDER UP"" hahaha I can wright a book about how awesome this place is KEEP UP THE GOOD WORK and SEE YOU SOON!",Eastside,The Bricks,18.25,7.3,40.0,2,26-35,Female,Caucasian
Y95YeYL9jxYcdkQgsTNzNg,Guest_1118,2017-09-11,4.0,"I have actually never been inside the restaurant but have ordered from them through delivery services a bunch of times. The Brick Layer Nachos are fantastic, I love the salsa they use on them. They also make a good veggie Cuban.",Eastside,The Bricks,12.93,2.2,17.0,4,65+,,Asian
4lpkYTTdzqMuaZ4qoLlUgA,Guest_7033,2011-07-01,5.0,,Eastside,The Bricks,27.9,7.62,27.3,2,36-45,Prefer not to say,African American
FWWE8HkUu42FgIfi2_FI-w,Guest_1916,01/02/2013,4.0,"Cheaper than the $$ rating by far, depending on your interests (I had the $5.50 grilled peanut butter and Gouda). And I didn't think the combination would work, but I was wrong. It's not my absolute favorite peanut butter sandwich, but it's tasty. Sadly, the ""peanut butter bars"" don't have as extensive a list of ingredients as they did when Brett N. visited.

I also tasted a forkful of Jodi's Greek salad (which was all that was left!), and that lemon-dill vinaigrette just made my ""next time we're here"" list.",Eastside,The Bricks,,4.19,18.2,4,,Non-binary,Mixed
dDKRtNXR8JJAz4x_ZCGo3g,Guest_3073,2014-05-29,4.0,"Great location, cool atmosphere! The food was a fairly priced for the quality, which was good. I had the pulled pork tacos and they were not skimpy, fully stuffed and filling for $6. Great draft beer selection but it was a buck or two overpriced compared to other craft beer places. The two waitresses were very nice and pleasant. It was slow when we got there and them boom it was packed, they didn't forget about us but we did have to track her down for our last beer. I will be back for sure!",Eastside,The Bricks,28.31,3.99,14.1,3,36-45,Prefer not to say,Caucasian
GsLZMdhl4PB0hqtQY9nK0Q,Guest_6606,15.04.2015,5.0,,Eastside,The Bricks,17.53,3.15,17.9,2,46-55,,Asian
PJv1iTOgQTS0Aan6_UAZnw,Guest_9805,2013-10-31,4.0,"Food was delish. Stopped before a concert at The Ritz, it is just a block away and the perfect stop for reasonably priced fresh, healthy-ish meal before you wreck your liver. BFF had the Bird and Pig, she loved it. I had the Blackstar Bean Burger. It was spicy which in my opinion was perfect. The drinks are pricy, but well crafted. Our servic was meh. A little slow, but we received the correct order and were informed of specials and what they were out of before we decided. I will totally be back next time I am in town.",Eastside,The Bricks,17.74,3.35,18.9,2,18-25,Non-binary,Other
X6J3JHd9uD5MhSL-dIVynQ,Guest_7227,27.02.2013,4.0,My 2 favorite guy friends and I came here for Valentine's Day this year! I love everything about this place.  Every time I have visited there has been a friendly/diverse crowd and good music. I really like the atmosphere and the local artwork that is displayed throughout the restaurant. I highly recommend the brick layer nachos! My friends and I ate every bite and I honestly will most likely order that as my meal next time. The night we visited they had 50% off bottles of wine and after splitting the cost with one of my friends it was only $7 (need I say more?).  I ordered the brick layer salad with tuna for my meal. I ordered something lighter due to my massive nacho intake and the salad was good but it was similar to a house salad you can get anywhere. They have a very eclectic menu and next time I will probably try one of the many grilled cheese sandwiches listed on the menu. I will definitely be back!,Eastside,The Bricks,20.46,3.72,18.2,2,36-45,Non-binary,Native American
8zXgEkLjDwArMWCiDa4tLQ,Guest_2155,2012-10-11,2.0,,Eastside,The Bricks,39.22,0.0,0.0,5,,,Mixed
J6PwgKRAnTAfSCqKSBq-bg,Guest_4918,08/08/2015,4.0,"Great craft beers, friendly bartenders, and AMAZING, delicious food. The vegetarian Cuban sandwich was wonderful!",Eastside,The Bricks,,4.34,19.5,2,36-45,Non-binary,Native American
F4_DYi_7czpyLMrErrKaQg,Guest_1969,08/01/2011,5.0,"We cam here for my wife's birthday this year that also just so happens to be Cinco De Mayo. We didn't want to go to a mexican joint so we chose the Bricks after reading some specials that they had going online. I have to say it was a good night and a lot of fun. Good drinks as well as food. Great ambiance, this is an older building in Ybor that they really did a great job of restoring. These guys are always having great food and happy hour specials. You won't be disappointed.",Eastside,The Bricks,9.43,1.81,19.2,2,65+,Male,Asian
ELbCs-aC8mAxrAEu36Hihw,Guest_2492,13.10.2014,4.0,"Cute place, got there too late to eat,the drinks were good though, they have fresh ingredients and crushed ice!only bar in ybor I've seen with fresh things and a wide selection of booze",Eastside,The Bricks,37.9,6.71,17.7,4,46-55,Female,Asian
N1BiMP9r3IsmEzChi9PPwA,Guest_1625,02/23/2011,4.0,,Eastside,The Bricks,17.36,3.08,17.7,4,18-25,Male,Mixed
6W_KEeCPnxjcuD6u4UXi0Q,Guest_8370,06/18/2017,5.0,"Came for Father's day brunch, and will definitely come back. great selection of vegetarian food.  Veggie Cuban and cheese grits were awesome. .and service was so good!",Eastside,The Bricks,24.7,3.05,12.4,1,56-65,Prefer not to say,Hispanic
TCzaF5Lj0NLoCQuIujEzJg,Guest_5846,2014-11-30,4.0,"We were greeted by a very pretty waitress that made us feel like we had chosen the right place. We were then turned over to a nice gentleman that took our orders with a polite smile. We are vegetarians and there were lots of options. We settled for the salsa and house made avocado sauce with corn chips  and we split their famous black star black bean burger... Yesss!! The food presentation was that of fine dining and the food was very pleasing to our pallets. 
We give The Bricks 4 stars and would recommend to anyone who plans to visit Tampa",Eastside,The Bricks,21.78,3.88,17.8,1,46-55,Non-binary,Mixed
BCLvpd08Ci4Tcq-fIRhZdA,,2017-08-08,2.0,"Leaving this 2-star review in response to the food, not the place as a drinking/hangout spot...although the wine was crap, too. 2-Stars awarded for the Nintendo 64 and all of the nostalgia-worthy games, the decent choice of drafts (even if they were out of the draft I ordered), and the great service from the staff. The food, on the other hand, will make you wish you had eaten at home. My wife and I went out as a treat because we didn't feel like cooking, but the majority of our food was sub-par. I got the shrimp po-boy which was not a po-boy by definition (it was just shrimp on a crappy sandwich...no French bread, no Cajun sauce or even enough Cajun seasoning, and the shrimp was obviously frozen-thawed not fresh). One of the shrimps was even gray when I bit into it, and the sandwich itself smelled more like old fish than fresh shrimp. My wife got the Athena chicken sandwich and that was just so-so, with the overwhelming taste of feta disguising the low-quality factory chicken they use for the sandwich. The best part of our collective meals was the mixed greens we ordered as a side, so I wouldn't exactly recommend ordering food here unless you're completely hammered and taste is not a priority.",Eastside,The Bricks,8.36,1.22,14.5,5,65+,Male,
gHUkEhOWnsgHft9SzkSiZQ,Guest_6127,2015-12-24,,Just came here for cocktails on a Tuesday night. The bar was full but not very busy otherwise. We got the huckle punch and Constantine. The huckleberry vodka in the huckle punch is one of my favorites so loved that drink and the Constantine also very good if you like bourbon! Service was very good and prices were reasonable. Had $3 taco deals and a very cute coffee bar so would definitely be interested in coming back to eat or for a good studying place!,Eastside,The Bricks,16.67,3.43,20.6,1,,Non-binary,African American
eNHgYkJwmuM0Gg42AL6V6Q,Guest_2217,01/31/2017,1.0,"If you're immune to salmonella poisoning then this is the perfect place for you! Very overpriced, minimum effort in providing authentic food NOT out of a can. They undercook the chicken and it taste like refrigerator. Please don't waste your hard earned cash on half assed food. Unless you just want drinks and a good time with friends, don't come here.",Eastside,The Bricks,,2.26,23.8,3,36-45,Male,Hispanic
ss4LSp-dCCuhpxDrRH_GLQ,Guest_3220,10/28/2011,,"I walk in, and they're playing the greatest hits of De La Soul throughout lunch. They could have been serving Big Macs and that gets you four stars alone. I order a grilled cheese sandwich, and it comes with apple, plums, and bacon on some delicous bread with tortilla chips. And it is sublime. The cheese is perfectly melted, and the goodies inside are covered in wonderful gooey dairy greatness. I order a cafe con leche while getting some work done on my laptop. It is flawlessly prepared by a lovely server, and I'm a coffee snob. And if I didn't get buried in work stuff, I was jonesing for one of those half-price martinis they serve on Thursdays. Wonderful atmosphere (the skatepark staff makes it friendly and fun), great food, delicous coffee, a full bar, and lots of different options. This place is a total home run, and a can't miss for anyone in Ybor.",Eastside,The Bricks,11.94,2.55,21.3,4,46-55,,Native American
I3nDwvABhYqKdcxpN6_eaA,Guest_6937,2014-04-23,5.0,"Easily my favorite overall spot in Ybor. The food is freaking amazing, the staff is awesome and know their booze/beer, and it just has a great feel.",Eastside,The Bricks,12.77,2.67,20.9,3,26-35,Female,Hispanic
gHUkEhOWnsgHft9SzkSiZQ,Guest_4281,2015-12-24,,Just came here for cocktails on a Tuesday night. The bar was full but not very busy otherwise. We got the huckle punch and Constantine. The huckleberry vodka in the huckle punch is one of my favorites so loved that drink and the Constantine also very good if you like bourbon! Service was very good and prices were reasonable. Had $3 taco deals and a very cute coffee bar so would definitely be interested in coming back to eat or for a good studying place!,Eastside,The Bricks,12.57,4.4,35.0,4,,Non-binary,Caucasian
zGNexIUL8EG3_hTXpSY_Iw,Guest_3699,2014-05-09,4.0,"I dined here for the first time with my daughter, who is a regular. We had the Hummus appetizer. I had the Bricks Club and she had the specialty Grilled Cheese. The food was fresh, tasty and full of flavor. The service was very good. The bottle of ice water they bring is a classy touch. The ambiance is eclectic. My daughter told me normally the place is full of hipsters, but the crowd was spare on the day we were there. The prices are reasonable and in line with the usual and customary norms for Tampa. I don't drink, but it looked like they have quite an assortment of craft beer available.",Eastside,The Bricks,35.23,3.53,10.0,3,56-65,Non-binary,Caucasian
R_A16STMTt2oZGmpH0R0lA,Guest_3520,09/12/2012,3.0,"We went at a slow time on a weekday afternoon for a late lunch because we were all wanting sandwiches. So between us all we had: the Bird & Pig, BBQ quesadilla, ahi BLT, clubhouse and kids pbj. All the sandwiches were great! Service was a bit slow though. If I was in the area again I may try again but I would not go out of my way to eat here.",Eastside,The Bricks,42.13,5.06,12.0,2,46-55,Male,Hispanic
BCLvpd08Ci4Tcq-fIRhZdA,,2017-08-08,2.0,"Leaving this 2-star review in response to the food, not the place as a drinking/hangout spot...although the wine was crap, too. 2-Stars awarded for the Nintendo 64 and all of the nostalgia-worthy games, the decent choice of drafts (even if they were out of the draft I ordered), and the great service from the staff. The food, on the other hand, will make you wish you had eaten at home. My wife and I went out as a treat because we didn't feel like cooking, but the majority of our food was sub-par. I got the shrimp po-boy which was not a po-boy by definition (it was just shrimp on a crappy sandwich...no French bread, no Cajun sauce or even enough Cajun seasoning, and the shrimp was obviously frozen-thawed not fresh). One of the shrimps was even gray when I bit into it, and the sandwich itself smelled more like old fish than fresh shrimp. My wife got the Athena chicken sandwich and that was just so-so, with the overwhelming taste of feta disguising the low-quality factory chicken they use for the sandwich. The best part of our collective meals was the mixed greens we ordered as a side, so I wouldn't exactly recommend ordering food here unless you're completely hammered and taste is not a priority.",Eastside,The Bricks,22.94,2.91,12.7,4,56-65,Non-binary,
xFxilqzpu6Xac1admnl7MA,Guest_9959,28.09.2015,4.0,"I dig the art and the choices on the menu.

Skanky Chai is pretty good. 

The Elvis was pretty awesome. Peanut butter, bacon, and bananas on cuban toast. 
That sounds a lot like something I would drool over.

Nice!",Eastside,The Bricks,8.62,1.86,21.6,2,,Prefer not to say,Asian
8PtU0lutz85WqmKOhTY-3w,Guest_2414,2017-03-16,,,Eastside,The Bricks,19.72,4.91,24.9,2,65+,Female,Hispanic
ELbCs-aC8mAxrAEu36Hihw,Guest_1831,2014-10-13,4.0,"Cute place, got there too late to eat,the drinks were good though, they have fresh ingredients and crushed ice!only bar in ybor I've seen with fresh things and a wide selection of booze",Eastside,The Bricks,16.34,2.41,14.7,2,65+,,Hispanic
ADodUkepU3OyY-G5zZk7yA,Guest_1591,10/15/2012,3.0,This place is fun! I like the staff and the vibe. Food is okay. Beer selection is okay. Great happy hour on wine once a week. 3.5 stars is more appropriate for this place.,Eastside,The Bricks,20.7,4.45,21.5,3,18-25,Female,Asian
xFxilqzpu6Xac1admnl7MA,,09/28/2015,4.0,"I dig the art and the choices on the menu.

Skanky Chai is pretty good. 

The Elvis was pretty awesome. Peanut butter, bacon, and bananas on cuban toast. 
That sounds a lot like something I would drool over.

Nice!",Eastside,The Bricks,16.81,3.49,20.8,4,65+,Prefer not to say,
9g-mtjmWHY0miughafkXMQ,Guest_2393,12.07.2010,5.0,,Eastside,The Bricks,7.24,0.85,11.7,1,65+,Female,Hispanic
N4J7LZI9eKDt4U0RLpWEww,Guest_2835,03/30/2017,5.0,"One of my favorite places to eat in Ybor! Good vibes, good food, and good drinks. Even their coffee is good! Service is a hit or miss, although most recently I have had consistent great service. And their veggie Cuban sandwich is amaaaazing!",Eastside,The Bricks,10.82,2.52,23.3,2,26-35,Female,Caucasian
8PtU0lutz85WqmKOhTY-3w,Guest_2255,16.03.2017,1.0,"Went here for lunch. Ordered the pork rice bowl. My food took forever to be served. Then it was cold. The server took it back offering me a NEW order to be cooked. My food came back quickly, it was the same good and the exact same temperature. I wasn't offered a NEW order, however I was asked if I'd like something else, I declined.  
Terrible service, manager was never sent over while I sat and watched my colleagues eat their lunch!",Eastside,The Bricks,23.18,5.02,21.7,2,56-65,Prefer not to say,Other
RDpU2WQuBhhCWPJWojmFvw,,07.01.2012,,,Eastside,The Bricks,39.84,8.03,20.2,4,18-25,Prefer not to say,Asian
KIA9s_8qZEtuSjIFdjBwYQ,Guest_1898,06/29/2014,1.0,"I loved this place, the food, atmosphere, and drinks and I was in Ybor one night and came in about midnight and walked back to use the restroom and then to sit down and get some food and drinks, typical of anyone that's out drinking and midnight rolls around. Well, I continue on the path to the restroom and the manager, yes, the manager, had the audacity to tell me if I proceeded to the restroom that he would come on after me. I thought he was joking. But no, he was serious, then he told me I needed to tip the bartender before using the restroom, even though I hadn't sat down to order anything yet. I was clearly upset and walked back out to leave. The guy at the door was very nice and lead me back in to use the restroom. I decided after being treated that way, by the manager, that this was not an establishment I would be frequenting any longer, even though I loved the place. I went to the restroom and came back out and put $3 on the bar, because I needed to ""tip"" to use the restroom. Well, the guy at the door said that the manager had ASSUMED that we came from a rave across the street and that we just wanted to use the restroom. Well, his assumption lost him business, and I have been living in the Bay Area for 32 years. I'm pretty sure telling a patron you are going to follow them into he women's restroom is some form of sexual harassment. I have NEVER been treated like that ever in an establishment. Hopefully, for the greater good of the restaurant, that manager is no longer there.",Eastside,The Bricks,13.79,3.54,25.7,1,65+,Prefer not to say,Caucasian
8PtU0lutz85WqmKOhTY-3w,Guest_7955,03/16/2017,1.0,,Eastside,The Bricks,24.68,4.69,19.0,3,46-55,Male,Caucasian
2umV3kR4UxjuYV4wU7Qw1w,Guest_7507,07.02.2014,4.0,,Eastside,The Bricks,,8.55,23.3,5,,Female,Asian
TU-0T2GWAAW4GBI68LNt-A,Guest_1432,05/07/2016,3.0,"Wanted to try the pig and bird sammich but when I got there I decided on the Pacific Rim. The Asian slaw and bbq theme was too much to pass up. I thought the sandwich was really good and had a nice balance to it. I got chips and queso as my side but with this sandwich fries would have been the go to. They don't have fries so you'll have to choose something else. 

Service at the bar was really good, there were multiple people that helped me during my meal. One thing is they were out of three of the beers I wanted right off the bat. 

Pretty cool vibe in the place and people just hanging with friends having drinks and food.",Eastside,The Bricks,17.01,5.1,30.0,3,,Male,Native American
4zK6gMub9v__3lsr9FU7KQ,Guest_6531,18.01.2015,5.0,"Very fresh food- they actually make their own stuff! We ate lunch at the bar and the bartender went out of his way to help my husband find a good gluten free option. 

I ordered the black bean burger and it was delicious! Great atmosphere as well. Definitely recommend this place as there are not all that many fresh and relatively healthy places in the area. Wish we had found it sooner!",Eastside,The Bricks,21.82,3.84,17.6,2,,Prefer not to say,Native American
8zXgEkLjDwArMWCiDa4tLQ,Guest_8669,10/11/2012,2.0,"I like some of the cocktails here but the food is mediocre. Ive never understood why it gets the ratings on food that it does, but then again we are in Tampa. Its basically like food you could whip up in a few minutes at home using your microwave for a 3rd of the cost. Except not as tasty. Anyone who loves eating here has the palate of a 14-year-old boy. Maybe its time they get an actual kitchen.",Eastside,The Bricks,39.82,7.82,19.6,5,65+,Male,
ceZuAvgL5kULPFX4PFjIUg,Guest_7124,08/18/2017,5.0,,Eastside,The Bricks,5.14,1.08,21.0,2,36-45,Non-binary,Mixed
siwaa7bmNx91IxRVWwhp3g,Guest_1392,29.05.2014,4.0,,Eastside,The Bricks,20.65,7.23,35.0,3,56-65,Female,Asian
xFxilqzpu6Xac1admnl7MA,,2015-09-28,4.0,"I dig the art and the choices on the menu.

Skanky Chai is pretty good. 

The Elvis was pretty awesome. Peanut butter, bacon, and bananas on cuban toast. 
That sounds a lot like something I would drool over.

Nice!",Eastside,The Bricks,26.6,6.11,23.0,3,26-35,,Caucasian
4Wxmz2w4cbaOepnIwcI1ig,Guest_9474,23.12.2014,5.0,"While I was in Tampa for the last 2 years, The Bricks was a second home. Great food and even greater people. I moved back to Seattle and left making friends. Wish I could've brought The Bricks and my new friends back with me. Definitely a place for locals and visitors to check out!",Eastside,The Bricks,,6.57,19.0,4,,Non-binary,Hispanic
oX3VSZ2WBLd-mKidL87Q5g,,19.05.2018,4.0,"Full disclosure: My experience might just have been an isolated, rare occurrence. I arrived to The Brick and sat myself at the bar. After 15 minutes of zero service I was getting ready to leave but I noticed the waiting staff on the main floor looked active and on top of things. I decided to transition from the lack of service bar to the main floor and, literally, as soon as I sat down I had a waiter hand me a menu, take my drink order and before even a blink I had a Bloody Mary in front on me. Moral of this story, careful sitting at the bar since the service there seemed to be lacking. I'm sure it was the timing since my overall experience was a thumbs up. 

I ordered the loaded Bloody Mary. The drink was simple but very delightful, clearly proving that less is more. The drink had a little satisfying kick that's normal to any Bloody Mary. Overall- very satisfied with their Bloody Mary, so much in fact I ordered two. Maybe a little more body to it but not a must. 

Food: I ordered the Tuna BLT with the side of Asian slaw. Overall: GREAT. The theme here is clearly simple. They exploit every taste which is gratifying since that's the most important thing. The slaw was crisp and surprisingly very refreshing. Now, the tuna can only be described as crafted by a masterful craftsman! Yes, I said it. It tasted better than it looked and that's hard todo since it looked as if out of a magazine. Nothing but quality dining. 

I place four starts because of the first part of my experience but other than that it was a good experience and I I'll come to The Brick again.",Eastside,The Bricks,9.34,1.43,15.3,4,46-55,Prefer not to say,Caucasian
_aJ77lzyw1BhFqRU-wPwhA,Guest_2302,02.03.2012,4.0,fun place with a nice atmosphere. Ordered the Elvis which is a good sandwich with peanut butter honey bananana and bacon! it sounds weird but it was delicious.,Eastside,The Bricks,38.78,6.41,16.5,2,26-35,,Hispanic
rzkOryEsl-T1AvF6e3DcIw,,12/05/2012,4.0,"Either ate or had drinks here a few times over the summer as my office was just upstairs.  I'm not a vegetarian, but the Goodness wrap is a knockout.  I also greatly enjoyed the chili I had here, though it was a special so I'm not sure how often it comes around.  I'm not really into the hipster vibe of the staff, but I never had any service problems and that's what is most important.  

I definitely don't live or die by The Bricks but it's a place I would suggest if you're ever in Ybor City.",Eastside,The Bricks,,3.42,17.1,1,18-25,Female,Other
vHLviczaBYS88UGWFWC8Qg,Guest_5417,03.03.2013,5.0,"staff is awesome and food is damn good. drinks are a reasonable price and Andrew always has something awesome/weird playing on the TV. If the independent were cooler, it would be the Bricks. 

One of the gods invented the bird and pig. Definitely get that.The cure is pretty tasty too, I'd eat it again. 

The place has cool wall art, a comfortable back patio, and Paper Mario characters on the bathroom doors. Have to appreciate the subtle nerdiness.",Eastside,The Bricks,13.25,3.0,22.7,2,36-45,Non-binary,African American
F4_DYi_7czpyLMrErrKaQg,Guest_9189,08/01/2011,5.0,"We cam here for my wife's birthday this year that also just so happens to be Cinco De Mayo. We didn't want to go to a mexican joint so we chose the Bricks after reading some specials that they had going online. I have to say it was a good night and a lot of fun. Good drinks as well as food. Great ambiance, this is an older building in Ybor that they really did a great job of restoring. These guys are always having great food and happy hour specials. You won't be disappointed.",Eastside,The Bricks,17.67,2.76,15.6,4,36-45,Male,Asian
C5VBfvKrFBGl7uhEONk8OA,,2017-02-09,5.0,"Great bar/café! Such a great place to hang, inside is beautiful and outside you can hear nice music while having a coffee and a cig! Definitely coming back! Loved it",Eastside,The Bricks,24.56,3.23,13.1,5,,Prefer not to say,Caucasian
RDpU2WQuBhhCWPJWojmFvw,Guest_3255,2012-01-07,4.0,,Eastside,The Bricks,32.9,6.87,20.9,1,,Female,Asian
Cbxf9vtQNVzMoch3s_AKTA,Guest_8291,2012-05-30,4.0,"I had a good time at The Bricks of Ybor.  The service is really spot on and the quality of the food's pretty good.  I had the pulled pork sandwich.  It was pretty good.  Nothing memorable but what makes this place a four star place are the happy hour beer prices and the interesting art inside.

I loved the star wars art throughout this place and particularly loved the berpo and ern2d2 painting.

Friendly, fun crowd that looks like they're coming to a John Waters costume party.",Eastside,The Bricks,24.97,4.14,16.6,3,,Female,Other
zbaEspWboOPPonKjB4jbWA,Guest_8388,2012-06-29,4.0,"A couple of nights ago the Tampa Bay Lady Bloggers met at The Bricks for our monthly book club meeting. The staff was very welcoming and was happy to push together several tables for us. Our server was so nice and helpful and cheerfully took a group photo for us (annoying bloggers).

The ""hole in the wall"" atmosphere at The Bricks is fun and eclectic, with local art for sale lining the walls. I loved the laid-back, hip feeling of the place.

I had the ""brick,paper,scissors"" martini and it was so refreshing and delicious that I had to get a second with my entree. The table shared an order of the ""bricklayer"" nachos and they were okay, but the house-made salsa on the side was out of this world. For my entree I got the ""bird and pig"", based on so many great Yelp recommendations. It did not disappoint with thick, crispy bacon, sweet apples and agave nectar, tasty chicken and delicious pressed ""sweet"" bread. I almost caved in and got the Ahi tuna BLT because it looked so good on the menu...I'll definitely be back and try that next time to compare.

Thank you Bricks for hosting our meet-up. See you again soon I hope! My blog post about our meeting at The Bricks is here: http://carolinecalcote.com/2012/06/28/tampa-bay-lady-bloggers-book-club/",Eastside,The Bricks,40.23,9.64,24.0,2,,,Asian
Cf3QB0VEbdWFq94tZcWgTQ,Guest_9906,11/10/2017,5.0,"They seem to have expanded their menu or, I'm just imaging that and actually gave them another chance. Good beer selection. Great ambiance. More hip than some of the other bars. Accommodated my large party.",Eastside,The Bricks,17.18,4.81,28.0,4,26-35,Prefer not to say,Native American
FWWE8HkUu42FgIfi2_FI-w,,2013-01-02,4.0,,Eastside,The Bricks,,1.39,13.0,4,26-35,Prefer not to say,
ylcQSUvE8VHikFz_gWIWWQ,Guest_6494,2017-08-19,5.0,"This is THE BEST spot for food and drinks in Ybor.  The drinks are amazing and the food is top notch. Cool, laid back atmosphere and amazing bar!! All of the staff are helpful and accommodating!! Best happy hour!!!",Eastside,The Bricks,20.74,5.23,25.2,1,18-25,Non-binary,African American
8zXgEkLjDwArMWCiDa4tLQ,,10/11/2012,2.0,"I like some of the cocktails here but the food is mediocre. Ive never understood why it gets the ratings on food that it does, but then again we are in Tampa. Its basically like food you could whip up in a few minutes at home using your microwave for a 3rd of the cost. Except not as tasty. Anyone who loves eating here has the palate of a 14-year-old boy. Maybe its time they get an actual kitchen.",Eastside,The Bricks,27.42,10.97,40.0,2,46-55,Non-binary,Other
QuLLvrwzNEizCRDiRPsVGQ,Guest_2095,2012-02-12,5.0,"We walked into The Bricks of Ybor and were immediately greeted by the owner and taken on a tour.  He showed us the studio area next door, the small patio in the back, and the food prep area.  He also explained the menu and gave some recommendations.  I've never been treated that way at a restaurant and it was an awesome touch.

The food was great.  The waitress did bring my husband the wrong sandwich but by the time we figured it out, it wasn't worth mentioning.  He liked whatever it was she brought him.

The beer selection was very good.

The atmosphere is laid back and unique.  They have games to play while you enjoy your drinks.  The music is awesome.

All in all, I love this place!",Eastside,The Bricks,11.25,1.75,15.6,4,46-55,Female,Native American
94N0yL4NknDfB4JITXlUWA,Guest_4487,21.06.2015,4.0,Just went there yesterday for brunch... I've had a ton of grilled cheese sandwiches but this makes my top five. Loved the atmosphere. So happy we gave this restaraunt a chance.,Eastside,The Bricks,36.44,4.69,12.9,1,,Female,Other
ZqzXpRt9FsPQUDCNmvj0ew,,02/25/2017,4.0,"Really like the Bricks. Always a new experience when i go. The coffee, good. The cocktails, better! The ambiance is hip. The food is pretty good too.",Eastside,The Bricks,15.91,3.5,22.0,2,18-25,Prefer not to say,Hispanic
eNHgYkJwmuM0Gg42AL6V6Q,Guest_4922,2017-01-31,,"If you're immune to salmonella poisoning then this is the perfect place for you! Very overpriced, minimum effort in providing authentic food NOT out of a can. They undercook the chicken and it taste like refrigerator. Please don't waste your hard earned cash on half assed food. Unless you just want drinks and a good time with friends, don't come here.",Eastside,The Bricks,17.84,3.06,17.1,5,36-45,,Native American
dFgGps6gQQbWoKOR60X72w,Guest_6134,03/02/2012,5.0,"My friend and I visited Tampa for a concert, and about ten minutes away from the Atlanta airport he realized that he had purchased tickets for the wrong day. We had already made hotel reservations and bought the concert tickets, so he just had to pay same-day price for airfare: all in all about $800 more. ""It was totally worth it,"" he later told me, ""Because I got to have the best sandwich of my entire life.""

All because we randomly picked the Bricks of Ybor from Yelp. I can't vouch for the peanut butter or meatless menu, but the meat sandwiches that we bought were absolutely phenomenal. I had the pulled pork, which was flavored with ponzu and served on Hawaiian sweet bread. It was one of the best meals I've had in a long time. We spent a few hours hanging out and drinking, during which time Brian, the owner, came out and talked to us, comped us a drink, let us try new appetizers he was developing (all for free) and generally made us feel really welcome. 

I kept my eyes open to the kind of crowd that came in and out of the restaurant. It seemed to draw everything from hipsters to geriatrics and strait-laced families with young kids. I think it speaks to both the diversity of the menu and the pleasant environment. We went back for drinks before and after the concert. It got very crowded but we still received excellent food, drinks and service. I give this restaurant my strongest recommendation, and it's the first place I'm going when I next visit Tampa.",Eastside,The Bricks,19.35,3.64,18.8,2,,Female,Asian
QuLLvrwzNEizCRDiRPsVGQ,,12.02.2012,5.0,,Eastside,The Bricks,11.45,2.01,17.6,2,56-65,Male,Asian
nAdvLArVs5EaKwrOvFXTuQ,Guest_2570,13.11.2014,5.0,I ordered the bird and pig with Asian slaw.. $10.   The sandwich is warm and pressed.  It has pulled chicken inside.  I was worried it would be dry.  IT'S NOT.  Very moist!  Thick cut bacon and thinly sliced green apple.there was also a mayo type sauce. .tasted a bit sweet...Boy was this sandwich great!!  The Asian slaw was delicately dressed with the careful handed use of sesame oil.   Fantastic!   And they have a large assortment of Florida brewed beers.  The Wynwood iPA was so flavorful and foam on top just pillowy.  Atmosphere relaxed.  Staff is friendly and service great.  I was here on a Thursday night about 6pm.  Nice and clean.,Eastside,The Bricks,,9.67,21.6,5,36-45,,African American
4Wxmz2w4cbaOepnIwcI1ig,,23.12.2014,5.0,,Eastside,The Bricks,,3.94,21.1,2,56-65,,Native American
TU-0T2GWAAW4GBI68LNt-A,Guest_2246,05/07/2016,3.0,"Wanted to try the pig and bird sammich but when I got there I decided on the Pacific Rim. The Asian slaw and bbq theme was too much to pass up. I thought the sandwich was really good and had a nice balance to it. I got chips and queso as my side but with this sandwich fries would have been the go to. They don't have fries so you'll have to choose something else. 

Service at the bar was really good, there were multiple people that helped me during my meal. One thing is they were out of three of the beers I wanted right off the bat. 

Pretty cool vibe in the place and people just hanging with friends having drinks and food.",Eastside,The Bricks,23.78,6.01,25.3,3,46-55,Non-binary,Native American
zbaEspWboOPPonKjB4jbWA,Guest_1988,06/29/2012,4.0,,Eastside,The Bricks,9.34,0.52,5.6,8,46-55,Non-binary,Native American
N4J7LZI9eKDt4U0RLpWEww,Guest_9457,2017-03-30,5.0,,Eastside,The Bricks,15.9,6.36,40.0,4,,Non-binary,African American
uoiQHg2o0l9eNvOESYq1UA,Guest_9119,2016-03-07,1.0,"It sucks, don't go!!!!!!!!!!!!!!!!!!!!!!!!!!!!!!!!!!!!!!!!!!!! Cold food, stuck up waiters, expensive drinks",Eastside,The Bricks,,7.18,15.6,2,18-25,Prefer not to say,Hispanic
2a8_Q5XhjoQHaZ_KtISZuQ,Guest_1504,2012-12-09,4.0,"Since moving to Tampa about three weeks ago, I have found some ridiculously good restaurants thanks to Yelp and friends' recommendations. 

The Bricks has been on my list of places to try for a while now, and I finally made it last night. 

My friend & I walked in and were greeted immediately by the staff who told us to sit where we wanted. The place was fairly empty on a Tuesday at 7pm. I've heard it's packed on weekends, so perhaps going on off-nights is key. 

We started off with the Bricklayer, a fancy name for extra delicious nachos that are topped with queso, avocado cream, olives, and jalapeños. The salsa that comes on the side is awesome - super fresh, flavorful, and not too watery. This is a big appetizer and probably a bit too much for two girls before dinner. If I ordered it again, it would be as a bar snack rather than an app. 

For dinner, I had to try the Bird & the Pig. Wow - that pressed sweet bread combined with the salty bacon and chicken, paired with crisp apples and agave nectar? Yeah, the distinct flavors come together nicely to create one hell of a sandwich. 

I tasted my friend's black bean burger and liked that, too. 

The only thing I tasted that didn't blow me away was the roasted potato salad I got on the side. I'll probably just go with the mixed greens salad next time. 

Aside from the food, the environment is cool, too. I really liked all the local artists' work adorning the walls. 

There is ample parking nearby, including a garage on 15th that only charges $1 for the first 3 hours.",Eastside,The Bricks,,2.48,14.3,2,26-35,Female,Other
94N0yL4NknDfB4JITXlUWA,Guest_9866,06/21/2015,4.0,Just went there yesterday for brunch...  I've had a ton of grilled cheese sandwiches but this makes my top five. Loved the atmosphere. So happy we gave this restaurant a chance.,Eastside,The Bricks,33.85,2.97,8.8,1,,Female,Asian
zs4OcjXPJOkdhKV_CtRgpQ,Guest_9677,2014-06-11,4.0,"One of my favorite spots to swing by while in the Ybor area, either with a group of friends or alone, as they do have a lot of space to bring out your laptop to work or read.

Since I usually come during the workday for lunch, I'm a big fan of their specialty coffee drinks. They have a very unique one - espresso lemonade - which I got to try on my last visit. The bitterness was cancelled out by the lemonade and it was delicious.

The Bricks has a good choice of apps/salads/sandwiches and I also tried a spicy chorizo, creamed soup, which my server recommended, and he was right-on point with this pick.

If you're in Ybor please make sure you stop by here...it's vegan/vegetarian friendly and just has a good all-around vibe inside.",Eastside,The Bricks,26.17,4.88,18.6,8,18-25,Male,Caucasian
svHZLGNpGq3BvqCkeKI56g,Guest_8323,01/29/2017,1.0,,Eastside,The Bricks,9.68,1.3,13.4,4,26-35,Prefer not to say,Caucasian
TU-0T2GWAAW4GBI68LNt-A,Guest_4683,07.05.2016,3.0,,Eastside,The Bricks,,5.81,21.3,2,46-55,Male,Asian
jrGMuHix2T4NvxVmR0yF_g,Guest_8213,2013-02-27,5.0,"Great atmosphere, always a good variety of music playing, excellent food and an increasingly diverse drink menu make this possibly my favorite place in Tampa. The Bird and Pig could quite possibly be the best sandwich in the history of sandwiches! Chicken, bacon, Brie, agave on Hawaiian sweet bread....yum! Also, try Root Down on the drink menu. Tastes exactly like Root Beer!",Eastside,The Bricks,36.56,7.07,19.3,3,65+,Female,Other
0F7dbDBRCGYd3wFBuVpFMA,Guest_8235,28.07.2014,,"What an eclectic hipster joint, right in the heart of Ybor. The restaurant name alone fits the atmosphere perfectly. The menu options are unique, what might sound like it wouldn't mesh on the palette ends up making you want seconds and if drinking enough-- thirds. This is a great place to have a drink and a scrumptious sandwich on a Sunday. I had the bird and pig, perfect combination of savory and sweet.",Eastside,The Bricks,16.28,2.48,15.3,5,,Prefer not to say,Mixed
P3PXmTyL5hzvqaCdJGk90w,Guest_9165,18.11.2015,5.0,"The Bricks of Ybor is a restaurant, bar, and coffee bar in Ybor City and also has live music and special events at times. It is affiliated with the SkatePark of Tampa (SpoT) which has a shop next door and there are skateboard decks mounted on the walls of The Bricks as artwork and they play skate videos on the TVs above the bar; as I'm a skater myself, this is if anything just the icing on the cake for me. 

However, The Bricks' ardent support of skateboarding would not be enough to garner a five-star review alone, but thankfully it measures up in all other regards. The interior atmosphere is lively, inviting, and unique. The waitstaff and bartenders are on point, outgoing, friendly, and most importantly, quite prompt. As to the food, it's fairly simply fare but very tasty and very well-prepared. Tacos, a variety of Cuban sandwich variants, and some salads compose the lion's share of the menu. I had the Bird & Pig Cuban sandwich and also an order of chips and queso dip. The queso was especially good, which impressed me because too often things like queso are simply after-thoughts at bar-type restaurants. The sandwich itself was also very good. They have a full bar with a good selection of bourbons and ryes and also an expectedly good selection of beer, with an emphasis on Tampa's local brews. The wine list also looked better than you'd think for a casual bar atmosphere. Overall, it's clear they're investing in quality here. 

While their skateboarding association was enough to grab my attention to The Bricks, their stellar food and service are what really sets them apart. Ybor has a reputation for food being hit or miss, as is the case with many touristy areas, but The Bricks I found to be simply and casual yet truly impressive.",Eastside,The Bricks,,3.31,10.4,2,,Male,Caucasian
t6OmnU6qlaPS2BzDnMS28w,Guest_4698,20.05.2018,5.0,"My favorite drinks place to imbibe before a show in Ybor. Kyle is spot on every time with what is seemingly the exact thing I want before I even know it. Also, the nachos. Trust me!",Eastside,The Bricks,15.15,2.37,15.7,2,26-35,Prefer not to say,Native American
EVklXIXTKM7MroTzc-EsPA,Guest_1540,2017-04-09,4.0,"I ordered the Kung fury bowl and it's pretty good, just not a huge fan of Asian slaw. The restaurant is pretty cool with the decoration and not at a super crowded location in ybor. The service was a bit slow, but the food came pretty quick.",Eastside,The Bricks,,2.89,35.0,5,,Non-binary,Caucasian
77SVp08MVwzf7CP9vviZgw,Guest_7030,22.07.2012,3.0,"We've heard that we need to go to places in Ybor and try them out, so we set out to find a place for dinner. One thing is for sure...the menu has traditional food, but in a unique way. I ordered the deluxe grilled cheese (has tomatoes, pesto, whole wheat) and my husband had the BBQ pig quesadilla. Both dishes were good, but I don't feel like they were 'awesome'. We went out on a limb and tried the hibiscus sangria and the chocolate espresso cake for dessert. The cake was VERY espresso! Too rich for me! The sangria defintely tasted like flowers, but in a good way. It was pretty refreshing too! It was fun to try a new place, but I don't think we'll go back.",Eastside,The Bricks,20.2,2.93,14.5,3,,,Asian
2a8_Q5XhjoQHaZ_KtISZuQ,Guest_4439,09.12.2012,4.0,,Eastside,The Bricks,19.44,4.64,23.9,2,,Prefer not to say,Asian
ZqzXpRt9FsPQUDCNmvj0ew,Guest_7557,25.02.2017,4.0,"Really like the Bricks. Always a new experience when i go. The coffee, good. The cocktails, better! The ambiance is hip. The food is pretty good too.",Eastside,The Bricks,10.38,2.63,25.3,5,,,Asian
EVklXIXTKM7MroTzc-EsPA,Guest_4758,04/09/2017,4.0,"I ordered the Kung fury bowl and it's pretty good, just not a huge fan of Asian slaw. The restraunt is pretty cool with the decoration and not at a super crowded location in ybor. The servise was a bit slow, but the food came pretty quick.",Eastside,The Bricks,,3.34,13.8,2,,Male,Caucasian
cyVCkTAFWVqZnTPJfS2IUw,Guest_4349,05/08/2013,3.0,,Eastside,The Bricks,10.91,1.43,13.1,2,,Non-binary,Asian
Cbxf9vtQNVzMoch3s_AKTA,,2012-05-30,4.0,"I had a good time at The Bricks of Ybor.  The service is really spot on and the quality of the food's pretty good.  I had the pulled pork sandwich.  It was pretty good.  Nothing memorable but what makes this place a four star place are the happy hour beer prices and the interesting art inside.

I loved the star wars art throughout this place and particularly loved the berpo and ern2d2 painting.

Friendly, fun crowd that looks like they're coming to a John Waters costume party.",Eastside,The Bricks,19.89,3.96,19.9,5,36-45,Prefer not to say,Hispanic
vHLviczaBYS88UGWFWC8Qg,Guest_2655,03.03.2013,5.0,"staff is awesome and food is damn good. drinks are a reasonable price and Andrew always has something awesome/weird playing on the TV. If the independent were cooler, it would be the Bricks. 

One of the gods invented the bird and pig. Definitely get that.The cure is pretty tasty too, I'd eat it again. 

The place has cool wall art, a comfortable back patio, and Paper Mario characters on the bathroom doors. Have to appreciate the subtle nerdiness.",Eastside,The Bricks,12.18,2.84,23.3,1,,Non-binary,Hispanic
I3nDwvABhYqKdcxpN6_eaA,Guest_7326,2014-04-23,5.0,,Eastside,The Bricks,,3.24,14.0,2,,Non-binary,Native American
xZnk3q-AHjpN6aSR_6Sqhg,,11/02/2011,5.0,"They have a super friendly staff and a simple modern decor.

I enjoyed the Six Degrees of Kevin Bacon exhibit on display.

I got a really young and hip vibe from this place, and the sandwiches are amazing!",Eastside,The Bricks,,6.65,14.4,3,26-35,Prefer not to say,Native American
J6PwgKRAnTAfSCqKSBq-bg,Guest_8023,2015-08-08,4.0,"Great craft beers, friendly bartenders, and AMAZING, delicious food. The vegetarian Cuban sandwich was wonderful!",Eastside,The Bricks,18.4,2.54,13.8,1,36-45,,Asian
ntNxLQQTBZhYVGZpvUQYzw,Guest_8484,09/08/2016,,My favorite lunch spot in Ybor. Best greek salad of all time. Great service.,Eastside,The Bricks,11.56,2.07,17.9,3,56-65,Prefer not to say,Asian
ss4LSp-dCCuhpxDrRH_GLQ,,2011-10-28,,"I walk in, and they're playing the greatest hits of De La Soul throughout lunch. They could have been serving Big Macs and that gets you four stars alone. 

I order a grilled cheese sandwich, and it comes with apple, plums, and bacon on some delicious bread with tortilla chips. And it is sublime. The cheese is perfectly melted, and the goodies inside are covered in wonderful gooey dairy greatness. 

I order a cafe con leche while getting some work done on my laptop. It is flawlessly prepared by a lovely server, and I'm a coffee snob. And if I didn't get buried in work stuff, I was jonesing for one of those half-price martinis they serve on Thursdays.

Wonderful atmosphere (the skatepark staff makes it friendly and fun), great food, delicious coffee, a full bar, and lots of different options. This place is a total home run, and a can't miss for anyone in Ybor.",Eastside,The Bricks,35.07,12.27,35.0,3,,Male,Caucasian
uVRXElOZDBO2TXq_gveXYA,Guest_7632,2013-03-21,5.0,,Eastside,The Bricks,10.54,1.7,16.1,3,,Male,Other
cyVCkTAFWVqZnTPJfS2IUw,Guest_9714,2013-05-08,,"We came here on a bustling Saturday. Needless to say, Bricks of Ybor was vacant. A few people were at the bar and some people were sitting outside. The service was subpar and the bartender must have had the worst day of her life. She hated everyone who asked to close their tab. Oh well. I should put a disclaimer that I hate Ybor. It brings me nothing but sorrow.",Eastside,The Bricks,12.54,2.68,21.4,2,26-35,,Mixed
dxp5wFqMeO2x3Rz-8km5Cw,Guest_7244,27.05.2017,5.0,"Where do I start:
Phenomenal food
Excellent Bartender - I didn't know what to drink and bartender created one to her liking
Great Atmosphere
Great music - DJ on Friday Night was awesome
Even the free water in the beginning tasted amazingly
Definitely would go again",Eastside,The Bricks,5.31,0.61,11.5,3,18-25,Non-binary,Mixed
NVGknCokupO-YGnK8vI5Kg,Guest_4733,22.04.2014,4.0,"Excellent service, trendy yet comfortable atmosphere, and very nice food. About half the items we requested weren't available b/c they're transitioning to a new menu.",Eastside,The Bricks,42.25,10.3,24.4,3,36-45,,Mixed
ss4LSp-dCCuhpxDrRH_GLQ,,28.10.2011,,"I walk in, and they're playing the greatest hits of De La Soul throughout lunch. They could have been serving Big Macs and that gets you four stars alone. 

I order a grilled cheese sandwich, and it comes with apple, plums, and bacon on some delicious bread with tortilla chips. And it is sublime. The cheese is perfectly melted, and the goodies inside are covered in wonderful gooey dairy greatness. 

I order a cafe con leche while getting some work done on my laptop. It is flawlessly prepared by a lovely server, and I'm a coffee snob. And if I didn't get buried in work stuff, I was jonesing for one of those half-price martinis they serve on Thursdays.

Wonderful atmosphere (the skatepark staff makes it friendly and fun), great food, delicious coffee, a full bar, and lots of different options. This place is a total home run, and a can't miss for anyone in Ybor.",Eastside,The Bricks,12.06,1.46,12.1,2,,Non-binary,Asian
jrGMuHix2T4NvxVmR0yF_g,Guest_3399,02/27/2013,5.0,"Great atmosphere, always a good variety of music playing, excellent food and an increasingly diverse drink menu make this possibly my favorite place in Tampa. The Bird and Pig could quite possibly be the best sandwich in the history of sandwiches! Chicken, bacon, Brie, agave on Hawaiian sweet bread....yum! Also, try Root Down on the drink menu. Tastes exactly like Root Beer!",Eastside,The Bricks,16.17,3.23,20.0,1,,Female,Other
GqJahjGcKfiFxfA7oCnvCg,Guest_8556,2016-05-21,4.0,,Eastside,The Bricks,20.89,2.71,13.0,4,65+,Female,African American
hBzLjPySOBHDz0NiGf6SfQ,,06/09/2018,,"Friendly service & neat building. Depending on the atmosphere you are looking for, the music is a bit loud.",Eastside,The Bricks,13.12,2.82,21.5,2,18-25,Male,Hispanic
jrGMuHix2T4NvxVmR0yF_g,Guest_1375,2013-02-27,5.0,,Eastside,The Bricks,39.89,7.25,18.2,4,26-35,Female,Other
miIwXNa5O-ILZaN_S3EH2g,Guest_4239,2014-02-24,4.0,,Eastside,The Bricks,20.2,4.54,22.5,3,56-65,Non-binary,Mixed
QuLLvrwzNEizCRDiRPsVGQ,Guest_1380,2012-02-12,5.0,"We walked into The Bricks of Ybor and were immediately greeted by the owner and taken on a tour.  He showed us the studio area next door, the small patio in the back, and the food prep area.  He also explained the menu and gave some recommendations.  I've never been treated that way at a restaurant and it was an awesome touch.

The food was great.  The waitress did bring my husband the wrong sandwich but by the time we figured it out, it wasn't worth mentioning.  He liked whatever it was she brought him.

The beer selection was very good.

The atmosphere is laid back and unique.  They have games to play while you enjoy your drinks.  The music is awesome.

All in all, I love this place!",Eastside,The Bricks,21.69,2.86,13.2,2,46-55,Male,Other
ELbCs-aC8mAxrAEu36Hihw,Guest_5678,10/13/2014,4.0,"Cute place, got there too late to eat,the drinks were good though, they have fresh ingredients and crushed ice!only bar in ybor I've seen with fresh things and a wide selection of booze",Eastside,The Bricks,53.1,6.92,13.0,2,46-55,Female,Native American
OgVW9QTtF4aAHFTTc0x2rA,,02/22/2013,3.0,"I had high expectations when I went to this place recently after some recommendations from friends. We visited on a night when there weren't very crowded so it was nice to be able to have such an attentive waitress and service. I was a bit disappointed when I didn't find as much on the menu as I would have liked to have seen that would appeal to me. I guess I have become very picky with my Yelp addiction in terms of scrutinizing every establishment I go to pretty thoroughly. I ordered the hummus appetizer for the table and was very pleased at the quality of the dish. For my entree I ordered their Bricks Salad which had plenty of fresh produce packed in. I ordered a double portion of chicken for it, which still seemed pretty skimpy especially since I was charged for that request. Overall, I'd say this is probably one of Ybor's lesser known spots as its more on the western edge of the main strip, yet it seems very lively and upbeat. I did like that they had featured lots of artwork by various local artists that were on display and offerred for sale. Not a bad place to hang out and have a drink if you're looking for a lower key outing in the Ybor area.",Eastside,The Bricks,,2.76,15.9,2,56-65,Male,Mixed
KIA9s_8qZEtuSjIFdjBwYQ,Guest_4135,06/29/2014,1.0,"I loved this place, the food, atmosphere, and drinks and I was in Ybor one night and came in about midnight and walked back to use the restroom and then to sit down and get some food and drinks, typical of anyone that's out drinking and midnight rolls around. Well, I continue on the path to the restroom and the manager, yes, the manager, had the audacity to tell me if I proceeded to the restroom that he would come on after me. I thought he was joking. But no, he was serious, then he told me I needed to tip the bartender before using the restroom, even though I hadn't sat down to order anything yet. I was clearly upset and walked back out to leave. The guy at the door was very nice and lead me back in to use the restroom. I decided after being treated that way, by the manager, that this was not an establishment I would be frequenting any longer, even though I loved the place. I went to the restroom and came back out and put $3 on the bar, because I needed to ""tip"" to use the restroom. Well, the guy at the door said that the manager had ASSUMED that we came from a rave across the street and that we just wanted to use the restroom. Well, his assumption lost him business, and I have been living in the Bay Area for 32 years. I'm pretty sure telling a patron you are going to follow them into he women's restroom is some form of sexual harassment. I have NEVER been treated like that ever in an establishment. Hopefully, for the greater good of the restaurant, that manager is no longer there.",Eastside,The Bricks,21.34,2.71,12.7,4,,Non-binary,
C5VBfvKrFBGl7uhEONk8OA,Guest_5325,02/09/2017,5.0,"Great bar/café! Such a great place to hang, inside is beautiful and outside you can hear nice music while having a coffee and a cig! Definitely coming back! Loved it",Eastside,The Bricks,11.09,2.57,23.2,3,56-65,Prefer not to say,Mixed
gHUkEhOWnsgHft9SzkSiZQ,Guest_7388,2015-12-24,4.0,Just came here for cocktails on a Tuesday night. The bar was full but not very busy otherwise. We got the huckle punch and Constantine. The huckleberry vodka in the huckle punch is one of my favorites so loved that drink and the Constantine also very good if you like bourbon! Service was very good and prices were reasonable. Had $3 taco deals and a very cute coffee bar so would definitely be interested in coming back to eat or for a good studying place!,Eastside,The Bricks,32.89,7.46,22.7,3,,,African American
NVGknCokupO-YGnK8vI5Kg,Guest_3896,22.04.2014,4.0,"Excellent service, trendy yet comfortable atmosphere, and very nice food. About half the items we requested weren't available b/c they're transitioning to a new menu.",Eastside,The Bricks,8.74,0.0,0.0,3,,Male,Mixed
OgVW9QTtF4aAHFTTc0x2rA,Guest_5763,22.02.2013,3.0,"I had high expectations when I went to this place recently after some recommendations from friends. We visited on a night when there weren't very crowded so it was nice to be able to have such an attentive waitress and servic. I was a bit disappointed when I didn't find as much on the menu as I would have liked to have seen that would appeal to me. I guess I have become very picky with my Yelp addiction in terms of scrutinizing every establishment I go to pretty thoroughly. I ordered the hummus appetizer for the table and was very pleased at the quality of the dish. For my entree I ordered their Bricks Salad which had plenty of fresh produce packed in. I ordered a double portion of chicken for it, which still seemed pretty skimpy especially since I was charged for that request. Overall, I'd say this is probably one of Ybor's lesser known spots as its more on the western edge of the main strip, yet it seems very lively and upbeat. I did like that they had featured lots of artwork by various local artists that were on display and offerred for sale. Not a bad place to hang out and have a drink if you're looking for a lower key outing in the Ybor area.",Eastside,The Bricks,50.8,11.88,23.4,2,18-25,Non-binary,Caucasian
NYilSGDWsYrFnB2EpDRMFA,Guest_3007,2018-02-04,,,Eastside,The Bricks,19.16,2.39,12.5,2,18-25,Prefer not to say,Hispanic
zbaEspWboOPPonKjB4jbWA,Guest_7636,2012-06-29,4.0,"A couple of nights ago the Tampa Bay Lady Bloggers met at The Bricks for our monthly book club meeting. The staff was very welcoming and was happy to push together several tables for us. Our server was so nice and helpful and cheerfully took a group photo for us (annoying bloggers).

The ""hole in the wall"" atmosphere at The Bricks is fun and eclectic, with local art for sale lining the walls. I loved the laid-back, hip feeling of the place.

I had the ""brick,paper,scissors"" martini and it was so refreshing and delicious that I had to get a second with my entree. The table shared an order of the ""bricklayer"" nachos and they were okay, but the house-made salsa on the side was out of this world. For my entree I got the ""bird and pig"", based on so many great Yelp recommendations. It did not disappoint with thick, crispy bacon, sweet apples and agave nectar, tasty chicken and delicious pressed ""sweet"" bread. I almost caved in and got the Ahi tuna BLT because it looked so good on the menu...I'll definitely be back and try that next time to compare.

Thank you Bricks for hosting our meet-up. See you again soon I hope! My blog post about our meeting at The Bricks is here: http://carolinecalcote.com/2012/06/28/tampa-bay-lady-bloggers-book-club/",Eastside,The Bricks,19.31,3.03,15.7,2,36-45,,Other
C5VBfvKrFBGl7uhEONk8OA,Guest_1694,02/09/2017,5.0,,Eastside,The Bricks,11.55,2.28,19.7,1,,Male,Mixed
rno5BeYy-bMFKINk43MmNw,Guest_7571,2014-05-30,,"It is definitely a place to bring your friends and chat. I love their different types of Peanut Butter sandwiches. Amazing! Not only that, but the inside environment is just so positive and provides inspiration.",Eastside,The Bricks,14.97,2.36,15.8,2,,Female,Mixed
FWWE8HkUu42FgIfi2_FI-w,Guest_9497,01/02/2013,4.0,"Cheaper than the $$ rating by far, depending on your interests (I had the $5.50 grilled peanut butter and Gouda). And I didn't think the combination would work, but I was wrong. It's not my absolute favorite peanut butter sandwich, but it's tasty. Sadly, the ""peanut butter bars"" don't have as extensive a list of ingredients as they did when Brett N. visited.

I also tasted a forkful of Jodi's Greek salad (which was all that was left!), and that lemon-dill vinaigrette just made my ""next time we're here"" list.",Eastside,The Bricks,16.32,4.9,30.0,2,,Male,African American
OhxIJjuDwcA0tRwXImwpeA,Guest_1897,2014-08-24,3.0,"I have to say that the food here is good; however, the staff/service could be better. My sister and I came here for lunch and a few drinks. My sister ordered a drink off the menu and 10+min later, as we're finishing our lunch, the waitress comes back and says ""sorry, our bartender doesn't know how to make that"" ..... So the bartender doesn't know how to make the drinks listed on the menu? And the 10+mins. it took to tell us that, it could have ben googled and made. I don't want to bash this establishment, but the customer service has always been an issue here. I would recommend continued training to both current and new staffers to improve their level of knowledge and customer service",Eastside,The Bricks,,3.8,14.0,5,65+,Male,Native American
nAdvLArVs5EaKwrOvFXTuQ,Guest_6836,11/13/2014,5.0,I ordered the bird and pig with Asian slaw.. $10.   The sandwich is warm and pressed.  It has pulled chicken inside.  I was worried it would be dry.  IT'S NOT.  Very moist!  Thick cut bacon and thinly sliced green apple.there was also a mayo type sauce. .tasted a bit sweet...Boy was this sandwich great!!  The Asian slaw was delicately dressed with the careful handed use of sesame oil.   Fantastic!   And they have a large assortment of Florida brewed beers.  The Wynwood iPA was so flavorful and foam on top just pillowy.  Atmosphere relaxed.  Staff is friendly and service great.  I was here on a Thursday night about 6pm.  Nice and clean.,Eastside,The Bricks,34.23,4.82,14.1,4,,Male,Asian
4zK6gMub9v__3lsr9FU7KQ,Guest_8913,01/18/2015,5.0,"Very fresh food- they actually make their own stuff! We ate lunch at the bar and the bartender went out of his way to help my husband find a good gluten free option. 

I ordered the black bean burger and it was delicious! Great atmosphere as well. Definitely recommend this place as there are not all that many fresh and relatively healthy places in the area. Wish we had found it sooner!",Eastside,The Bricks,,7.94,15.1,2,18-25,Non-binary,African American
P3PXmTyL5hzvqaCdJGk90w,,2015-11-18,5.0,,Eastside,The Bricks,30.93,5.48,17.7,4,65+,Male,Other
oX3VSZ2WBLd-mKidL87Q5g,Guest_8719,05/19/2018,4.0,"Full disclosure: My experience might just have been an isolated, rare occurrence. I arrived to The Brick and sat myself at the bar. After 15 minutes of zero servise I was getting ready to leave but I noticed the waiting staff on the main floor looked active and on top of things. I decided to transition from the lack of servic bar to the main floor and, literally, as soon as I sat down I had a waiter hand me a menu, take my drink order and before even a blink I had a Bloody Mary in front on me. Moral of this story, careful sitting at the bar since the servise there seemed to be lacking. I'm sure it was the timing since my overall experience was a thumbs up. I ordered the loaded Bloody Mary. The drink was simple but very delightful, clearly proving that less is more. The drink had a little satisfying kick that's normal to any Bloody Mary. Overall- very satisfied with their Bloody Mary, so much in fact I ordered two. Maybe a little more body to it but not a must. Food: I ordered the Tuna BLT with the side of Asian slaw. Overall: GREAT. The theme here is clearly simple. They exploit every taste which is gratifying since that's the most important thing. The slaw was crisp and surprisingly very refreshing. Now, the tuna can only be described as crafted by a masterful craftsman! Yes, I said it. It tasted better than it looked and that's hard todo since it looked as if out of a magazine. Nothing but quality dining. I place four starts because of the first part of my experience but other than that it was a good experince and I I'll come to The Brick again.",Eastside,The Bricks,15.01,2.73,18.2,2,,,Mixed
3FfhPCMT5T2e369qqYfV7g,Guest_7791,09/10/2015,4.0,"The Bricks has a super cool vibe. I've visited multiple times for dinner and once for drinks. I'm always impressed with their sandwiches and other food. Normally everything is very fresh and tasty. They have a good sized line up of craft beers most of them local to the area, which is something I'm always looking for. It's sort of a dive-y location on the outskirts of the main part of Ybor. Late night they have a small menu of appetizers/small plates and have a DJ. It's clientele leads to some awesome people watching. All in all, definitely worth a try. It's not super fancy, so it's perfect for a casual dinner or a new place to try to grab a beer (there's a full bar as well).",Eastside,The Bricks,20.21,3.83,19.0,4,65+,Female,Caucasian
OkD1Hn96bO8NYIClN6bvyA,,01/24/2018,4.0,,Eastside,The Bricks,,2.35,18.2,4,65+,Male,African American
qzgc5-lizZMqupW7ZR8qmQ,Guest_3158,2014-07-28,4.0,Seems like a good place ...very chill and low key..not my particular favorite food ( more on the healthy side) but still good quality food and service with a fun video game theme once a week ...good place to check out,Eastside,The Bricks,18.45,2.79,15.1,6,65+,Female,Asian
RDpU2WQuBhhCWPJWojmFvw,,2012-01-07,4.0,"The husband and I had a kid free day so we decided to have a (gasp) lunch date.

 We picked The Bricks because...well why the hell not.  As soon as we walked in I loved the place.  It was bright and cozy at the same time.  The staff was super friendly and we got the vibe that we could hang out all day if we wanted.

I ordered the most delicious ""adult"" coffee to drop kick the sleepiness out of my head.  The coffee was SUPER yummy and the liquor did the trick.

It took me a while to figure out what I wanted to eat because everything on the menu looked soooo good and I was super hungry.  In the end, I decided on the Harvest Grill Cheese Sandwich.....nom nom noom.....I was not dissappointed.  It hit the spot and filled my belly with melty cheesy goodness.  The bread was fresh, crunchy, tender and tasty.  The sandwich innards were porportioned perfect.  The Gouda, bacon and apple playing off each other in perfect harmony.

GO HERE AND EAT!  I cannot wait to go again and feel this will be a staple on our lunch resturant list.  Even if your not hungry this would be a wonderful place to have a drink and just chill day or night.

Thanks Bricks for a great lunch!",Eastside,The Bricks,32.42,6.82,21.0,4,,Female,Asian
8_4B-G7i1ETKqsNLEiaXfw,Guest_2727,2011-10-27,4.0,Loved the Mediterranean Grilled Cheese sandwich! Nice casual atmosphere. On the end of the strip so it is very convenient to get to during lunch hour. Looking forward to trying something else on the menu.,Eastside,The Bricks,16.94,3.37,19.9,1,56-65,Prefer not to say,Hispanic
X6J3JHd9uD5MhSL-dIVynQ,,02/27/2013,4.0,My 2 favorite guy friends and I came here for Valentine's Day this year! I love everything about this place.  Every time I have visited there has been a friendly/diverse crowd and good music. I really like the atmosphere and the local artwork that is displayed throughout the restaurant. I highly recommend the brick layer nachos! My friends and I ate every bite and I honestly will most likely order that as my meal next time. The night we visited they had 50% off bottles of wine and after splitting the cost with one of my friends it was only $7 (need I say more?).  I ordered the brick layer salad with tuna for my meal. I ordered something lighter due to my massive nacho intake and the salad was good but it was similar to a house salad you can get anywhere. They have a very eclectic menu and next time I will probably try one of the many grilled cheese sandwiches listed on the menu. I will definitely be back!,Eastside,The Bricks,43.32,3.12,7.2,4,18-25,Female,Other
EVklXIXTKM7MroTzc-EsPA,Guest_1218,2017-04-09,4.0,,Eastside,The Bricks,25.46,4.96,19.5,1,65+,Prefer not to say,Caucasian
UmA-9d4M4x8F5UKkVCAjEg,,19.01.2015,5.0,"Great atmosphere and service, food and drinks were excellent. Everything was fresh. Bird and the pig sandwich was delishous, also the pacific rim. Will return soon.",Eastside,The Bricks,21.95,3.52,16.0,1,36-45,Male,Other
rno5BeYy-bMFKINk43MmNw,Guest_1569,2014-05-30,5.0,,Eastside,The Bricks,23.34,4.25,18.2,3,26-35,Prefer not to say,Native American
nWXxee5pTo9vvnbB6ir-4g,,24.06.2016,3.0,"First of all I would like to say this is a pretty cool place. They have a great selection of beer and booze. The bartenders were very attentive and made awesome drinks. I was there on a Thursday night with a wedding party of about 12 people and we were having a great night. This is where I would love to end this review because based on the atmosphere and bartenders, this is a really chill place to hang out in ybor. Unfortunately, there is more to the story.

Later in the night, the bar started clearing out. The only people in the bar were myself, the wedding party I was with, the bartenders, and 3 other people. That's it. We (the wedding party) thought it would be fun to do the wobble and since the DJ was playing hip-hip anyway, we figured that it wouldn't be an issue to request that he play the wobble. After All, there wasn't many people in the bar anyway. Upon requesting to the DJ that we would like him to play the wobble he proceeded to respond with statements like ""I refuse to play that song"" ""I don't like that song"" ""I'm not a jukebox"". After briefly sharing our differences of opinion, I went to the bar to get a drink. At this time the DJ also walked up to the bar as we were kindly telling the bartender that they might want to reconsider their DJ choices because he was more concerned with what he wanted to hear, rather than what the patrons of the bar wanted to hear. Upon sharing our opinion with the bartender, the DJ butts in again to express that ""I'm the DJ, and I'll play what I want to hear"" that irritated me and I got a little heated. The bartender proceeded to cut me off because I argued with the DJ. I totally understand that, the bartender did the right thing there to calm down a situation. 

Point of my long story is, I really hope this place reconsiders their DJ choices in the future. They need someone that will play what the patrons want to hear and not what he wants to hear. Maybe that's just my opinion, but I feel that I make a strong case considering that by the time it was all said and done, our party was the only people in the bar. So, instead of 5 stars, I'm marking it a 3 based on the DJ alone.",Eastside,The Bricks,18.37,3.28,17.9,2,,,Native American
LyBfA_NGwBAqf0LqVsDBhw,Guest_8259,2012-05-29,4.0,"Based this visit entirely upon previous Yelp reviews, which as usual we're spot on. Great atmosphere and feel to this place - Kind of an art house meets coffee house meets Animal House environment. Very unusual. In a good way. The service was relaxed, social and great. The beverages were delicious and the menu was quite interesting. 
I so wanted the food to be much better than it was. Tried the Bird and Pig, a specialty grilled cheese and a couple apps. Everything was good but not great. In truth, if I was judging on food alone, there would be three stars instead of four. But the atmosphere and the staff clearly deserved the extra star, and I'll head back to try some other items on the menu next visit.",Eastside,The Bricks,21.44,0.0,0.0,3,36-45,Female,Native American
OgVW9QTtF4aAHFTTc0x2rA,,02/22/2013,3.0,,Eastside,The Bricks,17.02,4.2,24.7,3,,Non-binary,
TU-0T2GWAAW4GBI68LNt-A,,2016-05-07,3.0,"Wanted to try the pig and bird sammich but when I got there I decided on the Pacific Rim. The Asian slaw and bbq theme was too much to pass up. I thought the sandwich was really good and had a nice balance to it. I got chips and queso as my side but with this sandwich fries would have been the go to. They don't have fries so you'll have to choose something else. 

Service at the bar was really good, there were multiple people that helped me during my meal. One thing is they were out of three of the beers I wanted right off the bat. 

Pretty cool vibe in the place and people just hanging with friends having drinks and food.",Eastside,The Bricks,19.7,4.69,23.8,2,,Female,Other
9g-mtjmWHY0miughafkXMQ,,12.07.2010,5.0,,Eastside,The Bricks,14.89,2.93,19.7,2,,Prefer not to say,Other
vHLviczaBYS88UGWFWC8Qg,Guest_9984,03.03.2013,5.0,,Eastside,The Bricks,26.09,2.37,9.1,2,,Prefer not to say,
ADodUkepU3OyY-G5zZk7yA,Guest_5839,2012-10-15,3.0,This place is fun! I like the staff and the vibe. Food is okay. Beer selection is okay. Great happy hour on wine once a week. 3.5 stars is more appropriate for this place.,Eastside,The Bricks,16.38,3.08,18.8,1,,Non-binary,
asr6SiNjIrpTrGwMeBp9Pg,,07/03/2015,5.0,"Great environment, good assortments of beers, funky people, board games, chill vibes, Monday Game nights and random parties, outside patio, great coffee, try liquid heroin coffee, one of my favorite places in town",Eastside,The Bricks,6.94,1.25,17.9,2,,Prefer not to say,Caucasian
rzkOryEsl-T1AvF6e3DcIw,Guest_8415,12/05/2012,,"Either ate or had drinks here a few times over the summer as my office was just upstairs.  I'm not a vegetarian, but the Goodness wrap is a knockout.  I also greatly enjoyed the chili I had here, though it was a special so I'm not sure how often it comes around.  I'm not really into the hipster vibe of the staff, but I never had any service problems and that's what is most important.  

I definitely don't live or die by The Bricks but it's a place I would suggest if you're ever in Ybor City.",Eastside,The Bricks,13.93,2.76,19.8,1,36-45,Male,Mixed
OgVW9QTtF4aAHFTTc0x2rA,Guest_9438,02/22/2013,3.0,"I had high expectations when I went to this place recently after some recommendations from friends. We visited on a night when there weren't very crowded so it was nice to be able to have such an attentive waitress and srvice. I was a bit disappointed when I didn't find as much on the menu as I would have liked to have seen that would appeal to me. I guess I have become very picky with my Yelp addiction in terms of scrutinizing every establishment I go to pretty thoroughly. I ordered the hummus appetizer for the table and was very pleased at the quality of the dish. For my entree I ordered their Bricks Salad which had plenty of fresh produce packed in. I ordered a double portion of chicken for it, which still seemed pretty skimpy especially since I was charged for that request. Overall, I'd say this is probably one of Ybor's lesser known spots as its more on the western edge of the main strip, yet it seems very lively and upbeat. I did like that they had featured lots of artwork by various local artists that were on display and offerred for sale. Not a bad place to hang out and have a drink if you're looking for a lower key outing in the Ybor area.",Eastside,The Bricks,46.48,6.76,14.5,4,46-55,Male,Mixed
TU-0T2GWAAW4GBI68LNt-A,Guest_1108,05/07/2016,3.0,"Wanted to try the pig and bird sammich but when I got there I decided on the Pacific Rim. The Asian slaw and bbq theme was too much to pass up. I thought the sandwich was really good and had a nice balance to it. I got chips and queso as my side but with this sandwich fries would have been the go to. They don't have fries so you'll have to choose something else. Service at the bar was really good, there were multiple people that helped me during my meal. One thing is they were out of three of the beers I wanted right off the bat. Pretty cool vibe in the place and people just hanging with friends having drinks and food.",Eastside,The Bricks,18.84,4.82,25.6,2,,,Native American
aHtgSP4nTEtHvYQ0TE6w1g,Guest_2230,2017-10-02,5.0,,Eastside,The Bricks,10.51,2.13,20.2,5,18-25,,
8PtU0lutz85WqmKOhTY-3w,Guest_9912,16.03.2017,,"Went here for lunch. Ordered the pork rice bowl. My food took forever to be served. Then it was cold. The server took it back offering me a NEW order to be cooked. My food came back quickly, it was the same good and the exact same temperature. I wasn't offered a NEW order, however I was asked if I'd like something else, I declined.  
Terrible service, manager was never sent over while I sat and watched my colleagues eat their lunch!",Eastside,The Bricks,,4.3,15.6,4,,Non-binary,Caucasian
FWWE8HkUu42FgIfi2_FI-w,Guest_9471,02.01.2013,4.0,"Cheaper than the $$ rating by far, depending on your interests (I had the $5.50 grilled peanut butter and Gouda). And I didn't think the combination would work, but I was wrong. It's not my absolute favorite peanut butter sandwich, but it's tasty. Sadly, the ""peanut butter bars"" don't have as extensive a list of ingredients as they did when Brett N. visited. I also tasted a forkful of Jodi's Greek salad (which was all that was left!), and that lemon-dill vinaigrette just made my ""next time we're here"" list.",Eastside,The Bricks,,2.91,17.0,6,18-25,Male,Caucasian
79szQCU8GqpMZYtRX2rKvw,Guest_8588,07.11.2017,3.0,,Eastside,The Bricks,28.6,4.59,16.0,1,56-65,Prefer not to say,Asian
jrGMuHix2T4NvxVmR0yF_g,Guest_3088,27.02.2013,5.0,,Eastside,The Bricks,19.72,3.15,16.0,2,,Non-binary,African American
umKey8gxNoyUcwZY2azciw,,06/02/2011,3.0,"nice place for gatherings and hanging out. Friendly staff. Food was OK. Not bad, not good, it just sat somewhere in the middle.",Eastside,The Bricks,27.32,7.38,27.0,1,26-35,Non-binary,Hispanic
Y95YeYL9jxYcdkQgsTNzNg,Guest_6511,11.09.2017,4.0,"I have actually never been inside the restaraunt but have ordered from them through delivery services a bunch of times. The Brick Layer Nachos are fantastic, I love the salsa they use on them. They also make a good veggie Cuban.",Eastside,The Bricks,,2.07,12.5,2,56-65,,African American
L35Awd7K5slzNlEAI6H8xQ,Guest_1725,01.04.2016,4.0,It's a beer pub so don't go to eat a meal. Beer was great but not all of them were available at the time I visited [April] so....??,Eastside,The Bricks,16.46,4.08,24.8,1,56-65,,
8_4B-G7i1ETKqsNLEiaXfw,Guest_1911,10/27/2011,4.0,,Eastside,The Bricks,12.8,2.28,17.8,1,36-45,Female,Hispanic
4lpkYTTdzqMuaZ4qoLlUgA,Guest_3232,01.07.2011,5.0,"Great, laid-back atmosphere, terrific food. The ahi was good quality, as were the hummus and curry dip. We're going back for the peanut butter sandwiches.",Eastside,The Bricks,26.45,4.23,16.0,5,18-25,Male,
mu7DWrjoa6b2yqcfH75QYw,,12/24/2016,1.0,,Eastside,The Bricks,15.53,3.57,23.0,2,18-25,Male,Other
TCzaF5Lj0NLoCQuIujEzJg,Guest_6011,30.11.2014,4.0,,Eastside,The Bricks,47.6,9.48,19.9,8,46-55,Non-binary,Native American
P-lZE6cZgfWkojreLiu7Vg,Guest_6937,2017-03-15,4.0,The Bricks is a tasty restaurant for lunch with a cool and unique Ybor City atmosphere along with friendly service! The only reason it didn't get 5 stars is because it is a little pricey for the quantities.,Eastside,The Bricks,,6.4,20.6,4,,Female,Native American
ceZuAvgL5kULPFX4PFjIUg,Guest_4375,2017-08-18,5.0,Busy and noisy at 12:30 lunch on a Tuesday. Quieter by one. Nice interior gastropub. My pork and arugala slaw sandwich was good. It came on a bun that was soft enough to pull apart easily. When I did so the levels stayed together. The texture and taste of both the sandwich and the slighly curried potato salad side were good. I found myself enjoying the overall experiance and reluctant to leave. A good value at less than $10.,Eastside,The Bricks,23.15,4.3,18.6,2,36-45,Female,Native American
4zK6gMub9v__3lsr9FU7KQ,Guest_7772,2015-01-18,5.0,,Eastside,The Bricks,15.86,3.53,22.2,2,65+,,Hispanic
IgVIc163TZ4xbJqfUKdnRw,Guest_2894,10/21/2015,5.0,,Eastside,The Bricks,7.44,2.09,28.1,4,56-65,Female,
pOilCvNQPufxgGMlpFe44Q,Guest_1737,11.10.2010,5.0,"The Bricks completely lives up to the hype. Don't leave without trying their amazing Basil-infused lemonade!

Really chill cafe-like vibe, with a creative comfort food menu (peanut butter sandwiches!), and full table service.

In a few weeks they will be opening a quiet ""study hall"" space for laptop lurkers, making this a killer telecommute/study spot.",Eastside,The Bricks,17.49,0.0,0.0,4,26-35,Male,African American
77SVp08MVwzf7CP9vviZgw,Guest_5748,07/22/2012,3.0,"We've heard that we need to go to places in Ybor and try them out, so we set out to find a place for dinner.  One thing is for sure...the menu has traditional food, but in a unique way.  

I ordered the deluxe grilled cheese (has tomatoes, pesto, whole wheat) and my husband had the BBQ pig quesadilla.  Both dishes were good, but I don't feel like they were 'awesome'.  

We went out on a limb and tried the hibiscus sangria and the chocolate espresso cake for dessert.  The cake was VERY espresso!  Too rich for me!  The sangria definitely tasted like flowers, but in a good way. It was pretty refreshing too!

 It was fun to try a new place, but I don't think we'll go back.",Eastside,The Bricks,16.03,2.66,16.6,2,65+,Male,Native American
t6OmnU6qlaPS2BzDnMS28w,,2018-05-20,,,Eastside,The Bricks,14.55,1.84,12.7,4,46-55,Prefer not to say,Native American
Y95YeYL9jxYcdkQgsTNzNg,Guest_7589,11.09.2017,4.0,,Eastside,The Bricks,24.21,5.36,22.1,2,65+,Prefer not to say,Other
dFgGps6gQQbWoKOR60X72w,Guest_9827,03/02/2012,5.0,"My friend and I visited Tampa for a concert, and about ten minutes away from the Atlanta airport he realized that he had purchased tickets for the wrong day. We had already made hotel reservations and bought the concert tickets, so he just had to pay same-day price for airfare: all in all about $800 more. ""It was totally worth it,"" he later told me, ""Because I got to have the best sandwich of my entire life.""

All because we randomly picked the Bricks of Ybor from Yelp. I can't vouch for the peanut butter or meatless menu, but the meat sandwiches that we bought were absolutely phenomenal. I had the pulled pork, which was flavored with ponzu and served on Hawaiian sweet bread. It was one of the best meals I've had in a long time. We spent a few hours hanging out and drinking, during which time Brian, the owner, came out and talked to us, comped us a drink, let us try new appetizers he was developing (all for free) and generally made us feel really welcome. 

I kept my eyes open to the kind of crowd that came in and out of the restaurant. It seemed to draw everything from hipsters to geriatrics and strait-laced families with young kids. I think it speaks to both the diversity of the menu and the pleasant environment. We went back for drinks before and after the concert. It got very crowded but we still received excellent food, drinks and service. I give this restaurant my strongest recommendation, and it's the first place I'm going when I next visit Tampa.",Eastside,The Bricks,18.99,2.76,14.5,1,56-65,Female,Other
gHUkEhOWnsgHft9SzkSiZQ,Guest_7990,12/24/2015,,,Eastside,The Bricks,16.09,2.11,13.1,2,,Female,Asian
J6PwgKRAnTAfSCqKSBq-bg,Guest_3721,08.08.2015,4.0,"Great craft beers, friendly bartenders, and AMAZING, delicious food. The vegetarian Cuban sandwich was wonderful!",Eastside,The Bricks,20.81,2.1,10.1,2,18-25,Prefer not to say,Other
0XuENPl2FwekIfu9M-1jDw,Guest_3977,09/03/2018,1.0,,Eastside,The Bricks,27.42,4.41,16.1,5,65+,Non-binary,Asian
GqJahjGcKfiFxfA7oCnvCg,,05/21/2016,4.0,,Eastside,The Bricks,28.96,11.58,40.0,2,,Prefer not to say,Mixed
X6J3JHd9uD5MhSL-dIVynQ,,2013-02-27,4.0,My 2 favorite guy friends and I came here for Valentine's Day this year! I love everything about this place. Every time I have visited there has been a friendly/diverse crowd and good music. I really like the atmosphere and the local artwork that is displayed throughout the restaurant. I highly recomand the brick layer nachos! My friends and I ate every bite and I honestly will most likely order that as my meal next time. The night we visited they had 50% off bottles of wine and after splitting the cost with one of my friends it was only $7 (need I say more?). I ordered the brick layer salad with tuna for my meal. I ordered something lighter due to my massive nacho intake and the salad was good but it was similar to a house salad you can get anywhere. They have a very eclectic menu and next time I will probably try one of the many grilled cheese sandwiches listed on the menu. I will defintely be back!,Eastside,The Bricks,14.63,2.8,19.1,2,36-45,,Hispanic
P3PXmTyL5hzvqaCdJGk90w,Guest_7099,2015-11-18,5.0,"The Bricks of Ybor is a restaurant, bar, and coffee bar in Ybor City and also has live music and special events at times. It is affiliated with the SkatePark of Tampa (SpoT) which has a shop next door and there are skateboard decks mounted on the walls of The Bricks as artwork and they play skate videos on the TVs above the bar; as I'm a skater myself, this is if anything just the icing on the cake for me. 

However, The Bricks' ardent support of skateboarding would not be enough to garner a five-star review alone, but thankfully it measures up in all other regards. The interior atmosphere is lively, inviting, and unique. The waitstaff and bartenders are on point, outgoing, friendly, and most importantly, quite prompt. As to the food, it's fairly simply fare but very tasty and very well-prepared. Tacos, a variety of Cuban sandwich variants, and some salads compose the lion's share of the menu. I had the Bird & Pig Cuban sandwich and also an order of chips and queso dip. The queso was especially good, which impressed me because too often things like queso are simply after-thoughts at bar-type restaurants. The sandwich itself was also very good. They have a full bar with a good selection of bourbons and ryes and also an expectedly good selection of beer, with an emphasis on Tampa's local brews. The wine list also looked better than you'd think for a casual bar atmosphere. Overall, it's clear they're investing in quality here. 

While their skateboarding association was enough to grab my attention to The Bricks, their stellar food and service are what really sets them apart. Ybor has a reputation for food being hit or miss, as is the case with many touristy areas, but The Bricks I found to be simply and casual yet truly impressive.",Eastside,The Bricks,21.68,5.57,25.7,5,36-45,Female,Hispanic
_aJ77lzyw1BhFqRU-wPwhA,Guest_7453,03/02/2012,4.0,fun place with a nice atmosphere. Ordered the Elvis which is a good sandwich with peanut butter honey bananana and bacon! it sounds weird but it was delicious.,Eastside,The Bricks,33.73,5.73,17.0,2,46-55,Female,
dxp5wFqMeO2x3Rz-8km5Cw,Guest_7965,2017-05-27,5.0,"Where do I start:
Phenomenal food
Excellent Bartender - I didn't know what to drink and bartender created one to her liking
Great Atmosphere
Great music - DJ on Friday Night was awesome
Even the free water in the beginning tasted amazingly
Definitely would go again",Eastside,The Bricks,,4.76,16.3,4,,Non-binary,Hispanic
8_4B-G7i1ETKqsNLEiaXfw,Guest_1384,2011-10-27,4.0,,Eastside,The Bricks,,10.46,40.0,1,56-65,Non-binary,African American
jE2zHov_2Eii9XrrmkSV5g,,28.06.2012,,"Visited The Bricks this evening for dinner with a group of 6 and I think I can say we all enjoyed our experience  - I give it a solid 3-stars because I wasn't blown away by the food, ambiance or service but all were good if not a little above average. 

I started with an Old Fashioned which was sadly, quite watered down.  The table started with the Bricklayer Nachos which were good and a pretty decent size portion too.  For my dinner I had the Mediterranean Grilled Cheese - feta and mozzarella cheese, olive tapenade, baby spinach and portabello mushroom pressed in a piece of flatbread.  The first few bites were enjoyable but about a quarter of the way into it I realized how SALTY it was.  Unfortunately, it was a little one-note and better in concept than in execution in my opinion. 

Our waitress was pleasant and split the check 6-ways without us even having to ask, which I thought was really nice of her.  Atmosphere was unique but nothing worth coming back for.

Also, worth noting - The Bricks doesn't have its own parking lot so you'll have to find street parking (good luck), a paid parking lot lot or one of the local parking garages.",Eastside,The Bricks,10.71,1.74,16.2,1,,Male,Caucasian
fRdKsfvptL0A4aFfVPkZQQ,Guest_4005,06.10.2013,5.0,"Came hungry and left full but not stuffed. The goodness wrap was named appropriately. Hummus with cucumber, tomato, lettuce, feta cheese and I added avocado was very flavorful. No need for any sauce of any kind. Had the potato salad as a side and though it was a bit bland, added a little salt to it, it was still good. Glad they don't add mayo to it and tasted home made for sure. Nice ambience too, decorated for Halloween. I'm not a fan of TV's while dining, but will always give a pass when they have good tunes playing so don't have to listen to TV. Only saw 2 servers on but it wasn't that busy on this Sunday afternoon. Server was knowledgeable and personable so not sure why others complained about rudeness. Saw none of that.",Eastside,The Bricks,24.04,6.05,25.2,4,46-55,Non-binary,
dYKjSQ9ITqPgzkyglOGrJQ,Guest_9594,2018-04-05,5.0,1st time we've tried The Bricks. So yummy!!! I had the Blackened Shrimp Salad and my husband had Sammy Tuna. We both loved every bite. Looking forward to eating there again.,Eastside,The Bricks,,0.0,0.0,6,,Prefer not to say,Native American
ylcQSUvE8VHikFz_gWIWWQ,Guest_2467,2017-08-19,5.0,,Eastside,The Bricks,14.2,2.49,17.5,3,46-55,Female,Caucasian
TU-0T2GWAAW4GBI68LNt-A,Guest_7461,05/07/2016,3.0,"Wanted to try the pig and bird sammich but when I got there I decided on the Pacific Rim. The Asian slaw and bbq theme was too much to pass up. I thought the sandwich was really good and had a nice balance to it. I got chips and queso as my side but with this sandwich fries would have been the go to. They don't have fries so you'll have to choose something else. 

Service at the bar was really good, there were multiple people that helped me during my meal. One thing is they were out of three of the beers I wanted right off the bat. 

Pretty cool vibe in the place and people just hanging with friends having drinks and food.",Eastside,The Bricks,8.67,2.47,28.5,2,,Female,Asian
oX3VSZ2WBLd-mKidL87Q5g,,2018-05-19,4.0,"Full disclosure: My experience might just have been an isolated, rare occurrence. I arrived to The Brick and sat myself at the bar. After 15 minutes of zero service I was getting ready to leave but I noticed the waiting staff on the main floor looked active and on top of things. I decided to transition from the lack of service bar to the main floor and, literally, as soon as I sat down I had a waiter hand me a menu, take my drink order and before even a blink I had a Bloody Mary in front on me. Moral of this story, careful sitting at the bar since the service there seemed to be lacking. I'm sure it was the timing since my overall experience was a thumbs up. 

I ordered the loaded Bloody Mary. The drink was simple but very delightful, clearly proving that less is more. The drink had a little satisfying kick that's normal to any Bloody Mary. Overall- very satisfied with their Bloody Mary, so much in fact I ordered two. Maybe a little more body to it but not a must. 

Food: I ordered the Tuna BLT with the side of Asian slaw. Overall: GREAT. The theme here is clearly simple. They exploit every taste which is gratifying since that's the most important thing. The slaw was crisp and surprisingly very refreshing. Now, the tuna can only be described as crafted by a masterful craftsman! Yes, I said it. It tasted better than it looked and that's hard todo since it looked as if out of a magazine. Nothing but quality dining. 

I place four starts because of the first part of my experience but other than that it was a good experience and I I'll come to The Brick again.",Eastside,The Bricks,6.91,2.42,35.0,4,36-45,,
pOilCvNQPufxgGMlpFe44Q,Guest_9010,10/11/2010,5.0,"The Bricks completely lives up to the hype. Don't leave without trying their amazing Basil-infused lemonade!

Really chill cafe-like vibe, with a creative comfort food menu (peanut butter sandwiches!), and full table service.

In a few weeks they will be opening a quiet ""study hall"" space for laptop lurkers, making this a killer telecommute/study spot.",Eastside,The Bricks,20.32,4.72,23.2,2,18-25,Male,Mixed
ss4LSp-dCCuhpxDrRH_GLQ,Guest_7778,10/28/2011,5.0,"I walk in, and they're playing the greatest hits of De La Soul throughout lunch. They could have been serving Big Macs and that gets you four stars alone. 

I order a grilled cheese sandwich, and it comes with apple, plums, and bacon on some delicious bread with tortilla chips. And it is sublime. The cheese is perfectly melted, and the goodies inside are covered in wonderful gooey dairy greatness. 

I order a cafe con leche while getting some work done on my laptop. It is flawlessly prepared by a lovely server, and I'm a coffee snob. And if I didn't get buried in work stuff, I was jonesing for one of those half-price martinis they serve on Thursdays.

Wonderful atmosphere (the skatepark staff makes it friendly and fun), great food, delicious coffee, a full bar, and lots of different options. This place is a total home run, and a can't miss for anyone in Ybor.",Eastside,The Bricks,21.25,4.45,20.9,3,56-65,Prefer not to say,Mixed
ZqzXpRt9FsPQUDCNmvj0ew,Guest_9581,02/25/2017,4.0,"Really like the Bricks. Always a new experience when i go. The coffee, good. The cocktails, better! The ambiance is hip. The food is pretty good too.",Eastside,The Bricks,16.09,3.32,20.6,2,56-65,Prefer not to say,Asian
QuLLvrwzNEizCRDiRPsVGQ,Guest_5806,2012-02-12,5.0,,Eastside,The Bricks,,1.85,17.2,3,65+,Female,Other
4lpkYTTdzqMuaZ4qoLlUgA,Guest_7951,01.07.2011,5.0,"Great, laid-back atmosphere, terrific food. The ahi was good quality, as were the hummus and curry dip. We're going back for the peanut butter sandwiches.",Eastside,The Bricks,36.35,6.16,16.9,8,,Non-binary,Other
zbaEspWboOPPonKjB4jbWA,Guest_5248,2012-06-29,4.0,"A couple of nights ago the Tampa Bay Lady Bloggers met at The Bricks for our monthly book club meeting. The staff was very welcoming and was happy to push together several tables for us. Our server was so nice and helpful and cheerfully took a group photo for us (annoying bloggers).

The ""hole in the wall"" atmosphere at The Bricks is fun and eclectic, with local art for sale lining the walls. I loved the laid-back, hip feeling of the place.

I had the ""brick,paper,scissors"" martini and it was so refreshing and delicious that I had to get a second with my entree. The table shared an order of the ""bricklayer"" nachos and they were okay, but the house-made salsa on the side was out of this world. For my entree I got the ""bird and pig"", based on so many great Yelp recommendations. It did not disappoint with thick, crispy bacon, sweet apples and agave nectar, tasty chicken and delicious pressed ""sweet"" bread. I almost caved in and got the Ahi tuna BLT because it looked so good on the menu...I'll definitely be back and try that next time to compare.

Thank you Bricks for hosting our meet-up. See you again soon I hope! My blog post about our meeting at The Bricks is here: http://carolinecalcote.com/2012/06/28/tampa-bay-lady-bloggers-book-club/",Eastside,The Bricks,13.26,2.1,15.8,2,65+,Non-binary,
8zXgEkLjDwArMWCiDa4tLQ,,11.10.2012,2.0,"I like some of the cocktails here but the food is mediocre. Ive never understood why it gets the ratings on food that it does, but then again we are in Tampa. Its basically like food you could whip up in a few minutes at home using your microwave for a 3rd of the cost. Except not as tasty. Anyone who loves eating here has the palate of a 14-year-old boy. Maybe its time they get an actual kitchen.",Eastside,The Bricks,24.34,5.81,23.9,4,,Female,Native American
s7X6kSDGGlowmEqCDEh2SQ,Guest_9588,29.06.2014,,"I am not nearly cool enough to go here. The waiter was not unfriendly, but he was much more friendly to some ladies who sat near me with full sleeves of tattoos.  I ordered the black bean burger, it was so flavor less and thin it could have been omitted.  The mayo on the sandwich and mixed greens on the side,  along with the pickle,  we're the best part of the meal. My beer was alright,  but if I am going to spend $7 on a pint it should be delicious or high gravity,  this was neither, and since no prices appeared next to the draft list,  the price was a bit of a shock.",Eastside,The Bricks,10.28,1.88,18.3,4,36-45,Female,Native American
L35Awd7K5slzNlEAI6H8xQ,Guest_8897,04/01/2016,4.0,It's a beer pub so don't go to eat a meal. Beer was great but not all of them were available at the time I visited [April] so....??,Eastside,The Bricks,45.98,5.92,12.9,3,36-45,Female,Asian
NVGknCokupO-YGnK8vI5Kg,Guest_7669,04/22/2014,4.0,"Excellent service, trendy yet comfortable atmosphere, and very nice food. About half the items we requested weren't available b/c they're transitioning to a new menu.",Eastside,The Bricks,18.35,5.0,27.2,5,36-45,,Caucasian
mu7DWrjoa6b2yqcfH75QYw,Guest_7329,12/24/2016,,"For days I have tried to put a side the terrible experience I had, I really don't like to put a bad review, but most of all I deeply appreciate when businesses treat everyone with respect and priority, and for some reason and actually for no reason. I walked in and noticed I have to go to the bar for servic, there were no available seats, so I stood at the beginning of the bar from the entrance, made an eye contact with the bar tender, 5 min passed he still didn't come to me so I looked over for a menu and grabbed it myself, shortly after he reached to me and took my order of drinks and food... 10 min passed and he didn't prepare my drinks, he left the bar area, and another guy came to replace him, he asked us if we needed help, I told him we already ordered, mean while I'm waiting and waiting and I see our server went to take out food for people, totally forgot about us, he could have at least tell the other two guys who were at the bar ( one of them was the owner) to make us the drink... Then the owner came to me and he told me I should have told the guy that replaced him to make me the drinks, i told him how could I know it works that way? And instead of trying to make excuses for why I don't have my drinks and blaming me for it, he obviously didn't care for what u had to say but I tried explain him how long I've been waiting and that I should have been taken care off and that he's been very rude for trying to excuse the situation instead of handling It property... End of story, He got mad he said I'm the owner and that I'm not going to talk to him that way and he walked away from me! So to sum it all up, I waited a while until I was served, the tender argued with me that chocolate always has milk inside ( just a lack of knowledge) the owner saw us waiting and waiting , looked at us while serving others, and than he got the nerve to be mad at me for being upset....!!!!",Eastside,The Bricks,32.82,2.88,8.8,6,,Non-binary,Caucasian
eoFZMOL0XJ9yF8sW3OChIw,Guest_4374,19.11.2017,4.0,"Yummy food, good vibes, & nice service. Music wasn't too loud. Could hold a conversation without hearing everyone else's. I had the Bird & Pig (the way it comes) with the Mac & Cheese. I also had the Hukilau. Not a fan. It sounded sweeter than it was. Still giving it a 4 for the food service and atmosphere. It's not their fault I didn't like the alcohol. Had a quick bite of the nachos and may have to orders those for the table next visit.",Eastside,The Bricks,13.52,2.16,16.0,2,36-45,Prefer not to say,
6W_KEeCPnxjcuD6u4UXi0Q,Guest_8075,18.06.2017,5.0,,Eastside,The Bricks,30.27,3.77,12.5,6,26-35,Female,African American
IgVIc163TZ4xbJqfUKdnRw,Guest_1879,10/21/2015,,"This might be my first five star rating. This place was absolutely awesome and I cannot wait until I go back for a second time. Our sever, Millie, was friendly and efficient from the moment we sat down. The atmosphere of the place was unique, and the food was among the most unique in Tampa that I have experienced in years. I got the pork tacos for an appetizer and the ""bird and pig"" for lunch. The sandwich was so good I could have ordered it again. Overall it was a fantastic experience and I will be returning for their drink specials.",Eastside,The Bricks,17.49,4.0,22.9,2,,,Native American
J6PwgKRAnTAfSCqKSBq-bg,,08.08.2015,4.0,"Great craft beers, friendly bartenders, and AMAZING, delicious food. The vegetarian Cuban sandwich was wonderful!",Eastside,The Bricks,17.65,2.81,15.9,4,,,Mixed
77SVp08MVwzf7CP9vviZgw,,22.07.2012,3.0,"We've heard that we need to go to places in Ybor and try them out, so we set out to find a place for dinner.  One thing is for sure...the menu has traditional food, but in a unique way.  

I ordered the deluxe grilled cheese (has tomatoes, pesto, whole wheat) and my husband had the BBQ pig quesadilla.  Both dishes were good, but I don't feel like they were 'awesome'.  

We went out on a limb and tried the hibiscus sangria and the chocolate espresso cake for dessert.  The cake was VERY espresso!  Too rich for me!  The sangria definitely tasted like flowers, but in a good way. It was pretty refreshing too!

 It was fun to try a new place, but I don't think we'll go back.",Eastside,The Bricks,20.42,5.56,27.2,1,26-35,Male,Other
Y95YeYL9jxYcdkQgsTNzNg,Guest_4446,2017-09-11,4.0,"I have actually never been inside the restaurant but have ordered from them through delivery services a bunch of times. The Brick Layer Nachos are fantastic, I love the salsa they use on them. They also make a good veggie Cuban.",Eastside,The Bricks,36.27,8.1,22.3,3,18-25,Non-binary,African American
s9dqqPMdKO3QdJ5s7lrt3g,,28.11.2016,1.0,,Eastside,The Bricks,9.74,2.22,22.8,2,46-55,Male,
1zcUh5uv1Qvv3mqYKC5QdA,Guest_2554,04.03.2017,4.0,"This was my first time here and I would recomand it! I had the Liquid Heroin (espresso, chocolate and milk) and the Bird and Pig. These two are the Bricks specialities. The Bird and Pig has chicken, bacon, apple, Brie, and honey. It is a perfect combination of salty and sweet. For dessert, we had the Ice Cream Sammy. A chocolate chip cookie with vanilla bean ice cream and chocolate syrup. I was a bit disappointed on the dessert because I was expecting the cookie to be soft and warm, it was the opposite; very hard. Overall the atmosphere is nice and I would come back to try some of the other specialties they have!",Eastside,The Bricks,59.24,8.99,15.2,4,56-65,Male,African American
UDE36dmZLk5NQvHWFs7ouQ,Guest_5070,05/02/2012,4.0,"I thoroughly enjoy going to the Bricks. It's unique atmosphere with cheap, but tasty, food options combine for a great experience. The term hipster is thrown around a lot these days and while you may be greeted and surrounded by people in skinny jeans, wearing Toms shoes, IMAX glasses, and an extra piercing, you are treated no differently. I always feel warmly welcomed and entertained. As it does have a large bar, it may get rowdy in the evenings, but the Bricks maintains a family-friendly atmosphere. I ate the Bird and Pig meal once, very very good, and the breakfast bagel the next time. The fiancee had black bean soup and a grilled cheese sandwich. Very tasty combination. Highly recommend!",Eastside,The Bricks,16.4,1.98,12.1,2,,Prefer not to say,Caucasian
dDKRtNXR8JJAz4x_ZCGo3g,Guest_7626,2014-05-29,4.0,"Great location, cool atmosphere! The food was a fairly priced for the quality, which was good. I had the pulled pork tacos and they were not skimpy, fully stuffed and filling for $6. Great draft beer selection but it was a buck or two overpriced compared to other craft beer places. The two waitresses were very nice and pleasant. It was slow when we got there and them boom it was packed, they didn't forget about us but we did have to track her down for our last beer. I will be back for sure!",Eastside,The Bricks,24.94,4.95,19.9,3,36-45,Male,Caucasian
xZnk3q-AHjpN6aSR_6Sqhg,Guest_5937,2011-11-02,5.0,"They have a super friendly staff and a simple modern decor.

I enjoyed the Six Degrees of Kevin Bacon exhibit on display.

I got a really young and hip vibe from this place, and the sandwiches are amazing!",Eastside,The Bricks,26.62,2.76,10.4,6,65+,Non-binary,Asian
6W_KEeCPnxjcuD6u4UXi0Q,Guest_5665,18.06.2017,5.0,"Came for Father's day brunch, and will definitely come back. great selection of vegetarian food.  Veggie Cuban and cheese grits were awesome. .and service was so good!",Eastside,The Bricks,14.84,2.19,14.8,4,18-25,Non-binary,Native American
BceKC7jAlfmF6C-z-OTflQ,Guest_9291,2017-08-19,4.0,"I went there for dinner while in the Tampa area and had a great meal.   They have multiple Vegan and Vegetarian options, while also having a full bar with Guinness.   Very unusual across the good ole USA.

The place is in an interesting area, which seems it could be a little rough in the dark, so if you go, I would recommend going during the light hours.

The bartenders are really nice, and helpful with picking a good dish.",Eastside,The Bricks,32.4,4.54,14.0,2,65+,Prefer not to say,Native American
asr6SiNjIrpTrGwMeBp9Pg,Guest_5277,03.07.2015,5.0,"Great environment, good assortments of beers, funky people, board games, chill vibes, Monday Game nights and random parties, outside patio, great coffee, try liquid heroin coffee, one of my favorite places in town",Eastside,The Bricks,,0.0,0.0,2,56-65,,Mixed
94N0yL4NknDfB4JITXlUWA,Guest_8555,06/21/2015,4.0,,Eastside,The Bricks,,3.57,15.1,2,36-45,Prefer not to say,Caucasian
BceKC7jAlfmF6C-z-OTflQ,Guest_6924,08/19/2017,4.0,,Eastside,The Bricks,19.49,2.72,14.0,4,,Male,African American
dDKRtNXR8JJAz4x_ZCGo3g,Guest_5028,05/29/2014,4.0,"Great location, cool atmosphere! The food was a fairly priced for the quality, which was good. I had the pulled pork tacos and they were not skimpy, fully stuffed and filling for $6. Great draft beer selection but it was a buck or two overpriced compared to other craft beer places. The two waitresses were very nice and pleasant. It was slow when we got there and them boom it was packed, they didn't forget about us but we did have to track her down for our last beer. I will be back for sure!",Eastside,The Bricks,,6.08,21.7,2,46-55,Non-binary,Native American
OkD1Hn96bO8NYIClN6bvyA,Guest_1985,24.01.2018,,"2 words THE CURE! I ended up here after a night of one too many drinks (it happens). A friend recommended this place for a hang over cure! She was not mistaken! After reviewing their menu, which seemed a bit obnoxious, (I'm talking quirky names that require you read the description to be able to decipher what you're eating) I settled on the sandwich with an egg on it! Im a sucker for a runny egg on just about anything! Messy eggs, bacon, mozzarella, jalapeño aioli, on toasted cuban bread; this holy grail of a sandwich is called THE CURE! I have been back a few times to this establishment just for this sandwich, the mimosas too. Oh yea they have liquor so you can totally have drinks here. 

The ambience is very chill. There are a good amount of tables inside and bar seating; no outside seating. I have been here on a Sunday for brunch and found it to be pretty family/kid friendly. The whole place and most of the staff is painfully hipster but it works. The bathrooms are clean and there is a small back patio with mural art.",Eastside,The Bricks,,7.71,12.5,6,65+,Prefer not to say,Asian
NOTAXpx4vcngxjIXyhHBrg,,2012-09-13,4.0,"I love the Bricks! We live in Ybor and this is one of our favorite lunch spots. I always have a hard time selecting between two sandwiches - The Elvis which is a peanut butter, banana and bacon sandwich or the Bird and Pig - roasted chicken, bacon, brie, apple, pressed on a Hawaiian sweet roll. Bricks always offers weekly specials and featured drinks. The crowd is always fun and the staff is friendly.",Eastside,The Bricks,,4.45,16.9,2,,Female,Asian
OkD1Hn96bO8NYIClN6bvyA,Guest_9473,24.01.2018,,,Eastside,The Bricks,62.54,8.96,14.3,2,18-25,Non-binary,Hispanic
IdUkBQcMt0460g5W1LCZmg,Guest_5871,20.01.2014,4.0,,Eastside,The Bricks,15.01,2.45,16.3,1,65+,Prefer not to say,Asian
uVRXElOZDBO2TXq_gveXYA,Guest_3463,2013-03-21,5.0,"Where do i start with this place! I love that they have local art on the walls/ always doing art shows the staff that works there always rocking smiles talking to all the guess a all around good atmosphere vibe I tip my hat to the head chef (Chef Ben) The food is always on point and i like when the cooks yell ""ORDER UP"" hahaha I can wright a book about how awesome this place is KEEP UP THE GOOD WORK and SEE YOU SOON!",Eastside,The Bricks,36.83,5.33,14.5,3,,Non-binary,Mixed
DadAufR2brJtQCCq_NsPcQ,Guest_8153,03/04/2012,4.0,"It was so difficult deciding what to order here. I was in the mood for a skanky chai latte, but the skinny bitch latte just had that calorie conscious ring to it. After a bit of thought I decided, skanky it shall be! This has got to be one of my favorite places in Tampa. I had never really put a pulse on ""hipster"" in Tampa, but I found the closest thing to it at Bricks. Plenty of space to lounge here with a nice offering that ranged from caffeinated beverages to brews and snacks. I would have never typically thought to throw bacon on a peanut butter and banana sandwich and then drizzle with honey, but I'm glad someone did. The Elvis sandwich is a hunka, hunka, burning yum! I would give this place five stars all day, except for the fact that service is slow. Like, dial-up slow. Like larvae to butterfly metamorphosis slow. So slow in fact that on a pretty *slow* afternoon, it would take 20 minutes just to get an iced chai even though you have a clear view of queue and activity of the servers. So slow that from time of check request to actually receiving it, was about another 20 minutes. While the laid back atmosphere is one of the things that makes this place so cool, it's also the incredibly laid back service that could put a damper on things if you're in a rush.",Eastside,The Bricks,25.3,0.0,0.0,3,56-65,Non-binary,Hispanic
zs4OcjXPJOkdhKV_CtRgpQ,Guest_2298,2014-06-11,4.0,"One of my favorite spots to swing by while in the Ybor area, either with a group of friends or alone, as they do have a lot of space to bring out your laptop to work or read.

Since I usually come during the workday for lunch, I'm a big fan of their specialty coffee drinks. They have a very unique one - espresso lemonade - which I got to try on my last visit. The bitterness was cancelled out by the lemonade and it was delicious.

The Bricks has a good choice of apps/salads/sandwiches and I also tried a spicy chorizo, creamed soup, which my server recommended, and he was right-on point with this pick.

If you're in Ybor please make sure you stop by here...it's vegan/vegetarian friendly and just has a good all-around vibe inside.",Eastside,The Bricks,,3.68,17.5,3,36-45,,Caucasian
RNtIj-FjLZFmGAp2Wy607A,Guest_6379,2012-12-05,4.0,,Eastside,The Bricks,10.42,1.68,16.1,2,36-45,,
fRdKsfvptL0A4aFfVPkZQQ,Guest_5615,2013-10-06,5.0,,Eastside,The Bricks,15.11,1.86,12.3,3,18-25,Non-binary,Caucasian
umKey8gxNoyUcwZY2azciw,Guest_1438,02.06.2011,3.0,"nice place for gatherings and hanging out. Friendly staff. Food was OK. Not bad, not good, it just sat somewhere in the middle.",Eastside,The Bricks,19.61,1.95,9.9,1,,Prefer not to say,Mixed
4Wxmz2w4cbaOepnIwcI1ig,Guest_9368,2014-12-23,5.0,"While I was in Tampa for the last 2 years, The Bricks was a second home. Great food and even greater people. I moved back to Seattle and left making friends. Wish I could've brought The Bricks and my new friends back with me. Definitely a place for locals and visitors to check out!",Eastside,The Bricks,29.15,4.98,17.1,2,18-25,,African American
oX3VSZ2WBLd-mKidL87Q5g,Guest_9137,19.05.2018,4.0,,Eastside,The Bricks,,4.89,35.0,2,36-45,,African American
IdUkBQcMt0460g5W1LCZmg,,2014-01-20,,"The Bricks is a hipster haven, but don't let that deter you if you don't wear non-prescription glasses and flannel. I'm always the least cool person in here and no one seems to mind. (Although maybe I AM cool -- last time I was here the DJ was playing Hall & Oates most likely to be ironic, but I  genuinely enjoyed it.)

The menu is mostly sandwiches and some salads. It's all about the Bird & Pig sandwich. I have a hard time straying from this delicacy of chicken, bacon, brie, and apples on pressed sweet bread. Sweet, check. Salty, check. Crunchy, check. 

Nice selection of local and craft brews, too.",Eastside,The Bricks,29.65,8.51,28.7,2,46-55,,Caucasian
0F7dbDBRCGYd3wFBuVpFMA,Guest_6087,2014-07-28,4.0,"What an eclectic hipster joint, right in the heart of Ybor. The restaurant name alone fits the atmosphere perfectly. The menu options are unique, what might sound like it wouldn't mesh on the palette ends up making you want seconds and if drinking enough-- thirds. This is a great place to have a drink and a scrumptious sandwich on a Sunday. I had the bird and pig, perfect combination of savory and sweet.",Eastside,The Bricks,35.53,3.6,10.1,4,,Prefer not to say,
LyBfA_NGwBAqf0LqVsDBhw,Guest_9004,2012-05-29,,"Based this visit entirely upon previous Yelp reviews, which as usual we're spot on. Great atmosphere and feel to this place - Kind of an art house meets coffee house meets Animal House environment. Very unusual. In a good way. The service was relaxed, social and great. The beverages were delicious and the menu was quite interesting. I so wanted the food to be much better than it was. Tried the Bird and Pig, a specialty grilled cheese and a couple apps. Everything was good but not great. In truth, if I was judging on food alone, there would be three stars instead of four. But the atmosphere and the staff clearly deserved the extra star, and I'll head back to try some other items on the menu next visit.",Eastside,The Bricks,,6.13,25.9,2,36-45,Non-binary,Asian
jrGMuHix2T4NvxVmR0yF_g,Guest_7153,02/27/2013,5.0,"Great atmosphere, always a good variety of music playing, excellent food and an increasingly diverse drink menu make this possibly my favorite place in Tampa. The Bird and Pig could quite possibly be the best sandwich in the history of sandwiches! Chicken, bacon, Brie, agave on Hawaiian sweet bread....yum! Also, try Root Down on the drink menu. Tastes exactly like Root Beer!",Eastside,The Bricks,31.0,5.1,16.4,1,,Female,African American
mu7DWrjoa6b2yqcfH75QYw,Guest_5526,12/24/2016,1.0,"For days I have tried to put a side the terrible experiance I had, I really don't like to put a bad review, but most of all I deeply appreciate when businesses treat everyone with respect and priority, and for some reason and actually for no reason. I walked in and noticed I have to go to the bar for service, there were no available seats, so I stood at the beginning of the bar from the entrance, made an eye contact with the bar tender, 5 min passed he still didn't come to me so I looked over for a menu and grabbed it myself, shortly after he reached to me and took my order of drinks and food... 10 min passed and he didn't prepare my drinks, he left the bar area, and another guy came to replace him, he asked us if we needed help, I told him we already ordered, mean while I'm waiting and waiting and I see our server went to take out food for people, totally forgot about us, he could have at least tell the other two guys who were at the bar ( one of them was the owner) to make us the drink... Then the owner came to me and he told me I should have told the guy that replaced him to make me the drinks, i told him how could I know it works that way? And instead of trying to make excuses for why I don't have my drinks and blaming me for it, he obviously didn't care for what u had to say but I tried explain him how long I've been waiting and that I should have been taken care off and that he's been very rude for trying to excuse the situation instead of handling It property... End of story, He got mad he said I'm the owner and that I'm not going to talk to him that way and he walked away from me! So to sum it all up, I waited a while until I was served, the tender argued with me that chocolate always has milk inside ( just a lack of knowledge) the owner saw us waiting and waiting , looked at us while serving others, and than he got the nerve to be mad at me for being upset....!!!!",Eastside,The Bricks,18.45,3.38,18.3,3,65+,Male,Caucasian
dDKRtNXR8JJAz4x_ZCGo3g,Guest_6956,29.05.2014,4.0,"Great location, cool atmosphere! The food was a fairly priced for the quality, which was good. I had the pulled pork tacos and they were not skimpy, fully stuffed and filling for $6. Great draft beer selection but it was a buck or two overpriced compared to other craft beer places. The two waitresses were very nice and pleasant. It was slow when we got there and them boom it was packed, they didn't forget about us but we did have to track her down for our last beer. I will be back for sure!",Eastside,The Bricks,12.3,0.0,0.0,2,18-25,Prefer not to say,Asian
umKey8gxNoyUcwZY2azciw,Guest_7795,02.06.2011,3.0,,Eastside,The Bricks,19.63,3.66,18.6,2,56-65,,Mixed
EVklXIXTKM7MroTzc-EsPA,Guest_1832,2017-04-09,4.0,"I ordered the Kung fury bowl and it's pretty good, just not a huge fan of Asian slaw. The restaurant is pretty cool with the decoration and not at a super crowded location in ybor. The service was a bit slow, but the food came pretty quick.",Eastside,The Bricks,32.5,6.16,19.0,3,18-25,Prefer not to say,Hispanic
6W_KEeCPnxjcuD6u4UXi0Q,Guest_8484,2017-06-18,5.0,"Came for Father's day brunch, and will definitely come back. great selection of vegetarian food.  Veggie Cuban and cheese grits were awesome. .and service was so good!",Eastside,The Bricks,16.54,3.16,19.1,2,26-35,Prefer not to say,Other
8zXgEkLjDwArMWCiDa4tLQ,Guest_7885,2012-10-11,,,Eastside,The Bricks,,7.28,10.9,5,56-65,,Mixed
dYKjSQ9ITqPgzkyglOGrJQ,Guest_4226,2018-04-05,5.0,,Eastside,The Bricks,,2.45,9.5,2,18-25,Male,Mixed
exVAtPSIFht6QUVDftWSzw,Guest_4888,2013-07-14,,"The Bricks gets a ""1"" in my book because they have terrible service.  Great food, but terrible service. 

I went there about 3pm on a Tuesday...which happened to be my birthday to have lunch with my mother.  Not only were we not greeted by the 3 staff standing around with NO other customers, but we were also not brought any menus or given direction about seating.  

We sat down and waited for a server to come by and ask for our drink order and bring menus.  No one ever did.  We got up and grabbed our own menus close to where the staff were standing.  They paid no attention.  After 3 or 4 more minutes we stood up to leave and they didn't care. So we walked out and I had my birthday lunch elsewhere. 

I  wrote to them on Facebook about our service and they promptly deleted my comment and ignored my message.  

I used to go to the Bricks all the time, but we've never been back since and I warn any new friends to not go there as well.",Eastside,The Bricks,29.77,4.69,15.7,2,56-65,Prefer not to say,Asian
jE2zHov_2Eii9XrrmkSV5g,Guest_8332,2012-06-28,3.0,,Eastside,The Bricks,24.51,2.98,12.2,4,65+,Male,Asian
IdUkBQcMt0460g5W1LCZmg,Guest_8418,20.01.2014,4.0,,Eastside,The Bricks,35.3,6.99,19.8,1,26-35,Non-binary,African American
fRdKsfvptL0A4aFfVPkZQQ,Guest_8126,06.10.2013,5.0,"Came hungry and left full but not stuffed. The goodness wrap was named appropriately. Hummus with cucumber, tomato, lettuce, feta cheese and I added avocado was very flavorful. No need for any sauce of any kind. Had the potato salad as a side and though it was a bit bland, added a little salt to it, it was still good. Glad they don't add mayo to it and tasted home made for sure. Nice ambience too, decorated for Halloween. I'm not a fan of TV's while dining, but will always give a pass when they have good tunes playing so don't have to listen to TV. Only saw 2 servers on but it wasn't that busy on this Sunday afternoon. Server was knowledgeable and personable so not sure why others complained about rudeness. Saw none of that.",Eastside,The Bricks,15.5,1.37,8.9,2,36-45,Female,Other
ELbCs-aC8mAxrAEu36Hihw,Guest_9108,10/13/2014,4.0,"Cute place, got there too late to eat,the drinks were good though, they have fresh ingredients and crushed ice!only bar in ybor I've seen with fresh things and a wide selection of booze",Eastside,The Bricks,33.01,6.25,18.9,8,,Prefer not to say,Asian
4ywDqRoYjy16Z_UFox0qTg,Guest_5466,22.07.2012,1.0,"Food is terrible. Nacho dip was covered in there advacado cream dressing which was bad. Very sloppy. The pesto grilled cheese, was covered in way too much pesto. Again very sloppy. Overall bad food, chef must be high or something. Oh and found a few ants crawling up my leg. 
Will never come back.",Eastside,The Bricks,66.45,10.47,15.7,3,26-35,Non-binary,Other
F4_DYi_7czpyLMrErrKaQg,Guest_6487,2011-08-01,5.0,"We cam here for my wife's birthday this year that also just so happens to be Cinco De Mayo. We didn't want to go to a mexican joint so we chose the Bricks after reading some specials that they had going online. I have to say it was a good night and a lot of fun. Good drinks as well as food. Great ambiance, this is an older building in Ybor that they really did a great job of restoring. These guys are always having great food and happy hour specials. You won't be disappointed.",Eastside,The Bricks,5.0,0.83,16.5,1,,Non-binary,Mixed
8PtU0lutz85WqmKOhTY-3w,Guest_7207,2017-03-16,1.0,"Went here for lunch. Ordered the pork rice bowl. My food took forever to be served. Then it was cold. The server took it back offering me a NEW order to be cooked. My food came back quickly, it was the same good and the exact same temperature. I wasn't offered a NEW order, however I was asked if I'd like something else, I declined.  
Terrible service, manager was never sent over while I sat and watched my colleagues eat their lunch!",Eastside,The Bricks,14.15,3.61,25.5,2,56-65,Male,Other
siwaa7bmNx91IxRVWwhp3g,Guest_2046,2014-05-29,4.0,,Eastside,The Bricks,19.24,0.0,0.0,2,65+,,African American
C5VBfvKrFBGl7uhEONk8OA,Guest_3234,2017-02-09,,,Eastside,The Bricks,21.02,2.92,13.9,2,56-65,Prefer not to say,African American
N1BiMP9r3IsmEzChi9PPwA,Guest_1872,23.02.2011,4.0,,Eastside,The Bricks,22.83,9.13,40.0,1,65+,Male,Asian
P3PXmTyL5hzvqaCdJGk90w,Guest_5007,2015-11-18,5.0,"The Bricks of Ybor is a restaurant, bar, and coffee bar in Ybor City and also has live music and special events at times. It is affiliated with the SkatePark of Tampa (SpoT) which has a shop next door and there are skateboard decks mounted on the walls of The Bricks as artwork and they play skate videos on the TVs above the bar; as I'm a skater myself, this is if anything just the icing on the cake for me. 

However, The Bricks' ardent support of skateboarding would not be enough to garner a five-star review alone, but thankfully it measures up in all other regards. The interior atmosphere is lively, inviting, and unique. The waitstaff and bartenders are on point, outgoing, friendly, and most importantly, quite prompt. As to the food, it's fairly simply fare but very tasty and very well-prepared. Tacos, a variety of Cuban sandwich variants, and some salads compose the lion's share of the menu. I had the Bird & Pig Cuban sandwich and also an order of chips and queso dip. The queso was especially good, which impressed me because too often things like queso are simply after-thoughts at bar-type restaurants. The sandwich itself was also very good. They have a full bar with a good selection of bourbons and ryes and also an expectedly good selection of beer, with an emphasis on Tampa's local brews. The wine list also looked better than you'd think for a casual bar atmosphere. Overall, it's clear they're investing in quality here. 

While their skateboarding association was enough to grab my attention to The Bricks, their stellar food and service are what really sets them apart. Ybor has a reputation for food being hit or miss, as is the case with many touristy areas, but The Bricks I found to be simply and casual yet truly impressive.",Eastside,The Bricks,20.65,3.57,17.3,6,36-45,Non-binary,Mixed
zs4OcjXPJOkdhKV_CtRgpQ,Guest_7543,2014-06-11,4.0,,Eastside,The Bricks,,1.87,19.6,2,65+,Non-binary,
RNtIj-FjLZFmGAp2Wy607A,Guest_7481,12/05/2012,4.0,"I went to this place for the first time last Saturday. I just wanted a place to grab some brunch that had mimosas and my friend suggested here. Boy am I glad she did!

Besides the crazy run in with a hard core group of strangers doing a running/fitness challenge, the staff there was really really friendly. Our server was very friendly and he even gave us free Appletinis on him!

I had the deluxe grilled cheese and it was really really good. 

The decor was awesome and I'm definitely going back and bringing friends!",Eastside,The Bricks,22.27,3.83,17.2,6,46-55,Prefer not to say,Native American
oX3VSZ2WBLd-mKidL87Q5g,Guest_8649,05/19/2018,4.0,,Eastside,The Bricks,17.92,4.23,23.6,4,46-55,Male,Native American
ELbCs-aC8mAxrAEu36Hihw,Guest_2438,10/13/2014,,"Cute place, got there too late to eat,the drinks were good though, they have fresh ingredients and crushed ice!only bar in ybor I've seen with fresh things and a wide selection of booze",Eastside,The Bricks,28.06,11.22,40.0,2,,Prefer not to say,Native American
R_A16STMTt2oZGmpH0R0lA,Guest_9645,09/12/2012,3.0,"We went at a slow time on a weekday afternoon for a late lunch because we were all wanting sandwiches. So between us all we had: the Bird & Pig, BBQ quesadilla, ahi BLT, clubhouse and kids pbj. All the sandwiches were great! Service was a bit slow though. If I was in the area again I may try again but I would not go out of my way to eat here.",Eastside,The Bricks,24.68,6.05,24.5,2,65+,Male,Mixed
dYKjSQ9ITqPgzkyglOGrJQ,Guest_1813,05.04.2018,5.0,,Eastside,The Bricks,39.28,11.78,30.0,4,65+,Non-binary,Asian
IgVIc163TZ4xbJqfUKdnRw,Guest_7729,21.10.2015,5.0,,Eastside,The Bricks,,3.78,19.4,4,26-35,Female,
6W_KEeCPnxjcuD6u4UXi0Q,Guest_7589,06/18/2017,5.0,"Came for Father's day brunch, and will definitely come back. great selection of vegetarian food.  Veggie Cuban and cheese grits were awesome. .and service was so good!",Eastside,The Bricks,,3.66,16.6,2,,,Hispanic
P3PXmTyL5hzvqaCdJGk90w,Guest_8522,18.11.2015,5.0,"The Bricks of Ybor is a restaurant, bar, and coffee bar in Ybor City and also has live music and special events at times. It is affiliated with the SkatePark of Tampa (SpoT) which has a shop next door and there are skateboard decks mounted on the walls of The Bricks as artwork and they play skate videos on the TVs above the bar; as I'm a skater myself, this is if anything just the icing on the cake for me. 

However, The Bricks' ardent support of skateboarding would not be enough to garner a five-star review alone, but thankfully it measures up in all other regards. The interior atmosphere is lively, inviting, and unique. The waitstaff and bartenders are on point, outgoing, friendly, and most importantly, quite prompt. As to the food, it's fairly simply fare but very tasty and very well-prepared. Tacos, a variety of Cuban sandwich variants, and some salads compose the lion's share of the menu. I had the Bird & Pig Cuban sandwich and also an order of chips and queso dip. The queso was especially good, which impressed me because too often things like queso are simply after-thoughts at bar-type restaurants. The sandwich itself was also very good. They have a full bar with a good selection of bourbons and ryes and also an expectedly good selection of beer, with an emphasis on Tampa's local brews. The wine list also looked better than you'd think for a casual bar atmosphere. Overall, it's clear they're investing in quality here. 

While their skateboarding association was enough to grab my attention to The Bricks, their stellar food and service are what really sets them apart. Ybor has a reputation for food being hit or miss, as is the case with many touristy areas, but The Bricks I found to be simply and casual yet truly impressive.",Eastside,The Bricks,18.9,7.56,40.0,3,,Non-binary,Other
R_A16STMTt2oZGmpH0R0lA,,12.09.2012,3.0,"We went at a slow time on a weekday afternoon for a late lunch because we were all wanting sandwiches. So between us all we had: the Bird & Pig, BBQ quesadilla, ahi BLT, clubhouse and kids pbj. All the sandwiches were great! Service was a bit slow though. If I was in the area again I may try again but I would not go out of my way to eat here.",Eastside,The Bricks,,5.78,35.0,1,26-35,Non-binary,Asian
asr6SiNjIrpTrGwMeBp9Pg,,2015-07-03,5.0,,Eastside,The Bricks,21.96,4.38,19.9,2,18-25,Prefer not to say,Hispanic
uVRXElOZDBO2TXq_gveXYA,Guest_5710,21.03.2013,5.0,"Where do i start with this place!
I love that they have local art on the walls/ always doing art shows 

the staff that works there always rocking smiles talking to all the guess a all around good atmosphere vibe

I tip my hat to the head chef (Chef Ben) The food is always on point and i like when the cooks yell ""ORDER UP"" hahaha 

I can wright a book about how awesome this place is 

KEEP UP THE GOOD WORK and SEE YOU SOON!",Eastside,The Bricks,41.37,6.08,14.7,3,,Prefer not to say,Hispanic
De-IwBjVk0Rkn1mGQ8GIbQ,Guest_8265,12/06/2011,5.0,"A must when you are in Ybor. I ate and drank here multiple times a day for my 5 day trip to Tampa. Every single meal was spectacular. The Skinny bitch latte is perfect to start the day. The proper grilled cheese is amazing, just wish they would have tomato soup to go along with it. And you can't find better bartenders anywhere else in town.",Eastside,The Bricks,11.97,3.11,25.9,2,,Male,African American
TU-0T2GWAAW4GBI68LNt-A,Guest_6829,07.05.2016,3.0,"Wanted to try the pig and bird sammich but when I got there I decided on the Pacific Rim. The Asian slaw and bbq theme was too much to pass up. I thought the sandwich was really good and had a nice balance to it. I got chips and queso as my side but with this sandwich fries would have been the go to. They don't have fries so you'll have to choose something else. 

Service at the bar was really good, there were multiple people that helped me during my meal. One thing is they were out of three of the beers I wanted right off the bat. 

Pretty cool vibe in the place and people just hanging with friends having drinks and food.",Eastside,The Bricks,8.69,1.28,14.7,4,18-25,Prefer not to say,African American
0XuENPl2FwekIfu9M-1jDw,Guest_4964,09/03/2018,1.0,,Eastside,The Bricks,,3.11,23.0,1,46-55,Male,African American
L35Awd7K5slzNlEAI6H8xQ,Guest_8153,2016-04-01,4.0,It's a beer pub so don't go to eat a meal. Beer was great but not all of them were available at the time I visited [April] so....??,Eastside,The Bricks,19.68,3.33,16.9,2,18-25,Prefer not to say,Caucasian
RDpU2WQuBhhCWPJWojmFvw,Guest_8432,07.01.2012,4.0,"The husband and I had a kid free day so we decided to have a (gasp) lunch date.

 We picked The Bricks because...well why the hell not.  As soon as we walked in I loved the place.  It was bright and cozy at the same time.  The staff was super friendly and we got the vibe that we could hang out all day if we wanted.

I ordered the most delicious ""adult"" coffee to drop kick the sleepiness out of my head.  The coffee was SUPER yummy and the liquor did the trick.

It took me a while to figure out what I wanted to eat because everything on the menu looked soooo good and I was super hungry.  In the end, I decided on the Harvest Grill Cheese Sandwich.....nom nom noom.....I was not dissappointed.  It hit the spot and filled my belly with melty cheesy goodness.  The bread was fresh, crunchy, tender and tasty.  The sandwich innards were porportioned perfect.  The Gouda, bacon and apple playing off each other in perfect harmony.

GO HERE AND EAT!  I cannot wait to go again and feel this will be a staple on our lunch resturant list.  Even if your not hungry this would be a wonderful place to have a drink and just chill day or night.

Thanks Bricks for a great lunch!",Eastside,The Bricks,19.82,3.86,19.5,2,56-65,Female,African American
4lpkYTTdzqMuaZ4qoLlUgA,Guest_1273,07/01/2011,5.0,"Great, laid-back atmosphere, terrific food. The ahi was good quality, as were the hummus and curry dip. We're going back for the peanut butter sandwiches.",Eastside,The Bricks,19.78,4.54,22.9,3,36-45,Non-binary,Native American
dYKjSQ9ITqPgzkyglOGrJQ,Guest_8247,04/05/2018,5.0,1st time we've tried The Bricks. So yummy!!! I had the Blackened Shrimp Salad and my husband had Sammy Tuna. We both loved every bite. Looking forward to eating there again.,Eastside,The Bricks,,2.5,14.0,5,,Female,Hispanic
ceZuAvgL5kULPFX4PFjIUg,Guest_6477,2017-08-18,5.0,Busy and noisy at 12:30 lunch on a Tuesday.   Quieter by one.  Nice interior gastropub.  My pork and arugala slaw sandwich was good.  It came on a bun that was soft enough to pull apart easily.  When I did so the levels stayed together.  The texture and taste of both the sandwich and the slighly curried potato salad side were good.  I found myself enjoying the overall experience and reluctant to leave.  A good value at less than $10.,Eastside,The Bricks,,1.92,23.1,3,,Non-binary,Hispanic
KIA9s_8qZEtuSjIFdjBwYQ,Guest_6291,06/29/2014,,,Eastside,The Bricks,17.69,3.58,20.2,2,,,Caucasian
eNHgYkJwmuM0Gg42AL6V6Q,Guest_4674,01/31/2017,1.0,"If you're immune to salmonella poisoning then this is the perfect place for you! Very overpriced, minimum effort in providing authentic food NOT out of a can. They undercook the chicken and it taste like refrigerator. Please don't waste your hard earned cash on half assed food. Unless you just want drinks and a good time with friends, don't come here.",Eastside,The Bricks,29.46,0.0,0.0,3,,Female,Caucasian
hQz9UnbHvv3ctllRquULuQ,Guest_9851,04/18/2015,5.0,"This is where the cool kids hang and there's reasons for it. The beer and the food! Tons of vegetarian and even vegan options.
I'm not either but I do love that black bean burger and the salads are to die for.
The staff is great and always sweet and accommodating. 
The place is usually filled with great art and an eccentric lot of people. I gave this place five stars because I would be lying if I said I didn't love this place. It's my vibe.
It can be yours also.
Yup! Just referred to myself as a cool kid.:D",Eastside,The Bricks,,4.74,11.3,3,18-25,Prefer not to say,Native American
svHZLGNpGq3BvqCkeKI56g,Guest_5416,2017-01-29,1.0,"We waited an hour for our food.  No coffee refills the entire time.  We saw our food souring in the window for 20 minutes.  When we finally left the server said it couldn't be helped.  No apologies, no service, no food, no tip.",Eastside,The Bricks,,1.87,16.0,2,18-25,Female,Mixed
OWqNO-H7eAWJH7hsQfO0_A,,10/17/2016,5.0,,Eastside,The Bricks,9.95,3.98,40.0,1,,,
xFxilqzpu6Xac1admnl7MA,Guest_8281,2015-09-28,4.0,"I dig the art and the choices on the menu.

Skanky Chai is pretty good. 

The Elvis was pretty awesome. Peanut butter, bacon, and bananas on cuban toast. 
That sounds a lot like something I would drool over.

Nice!",Eastside,The Bricks,19.36,3.92,20.2,6,36-45,,Hispanic
OgVW9QTtF4aAHFTTc0x2rA,Guest_1937,02/22/2013,3.0,"I had high expectations when I went to this place recently after some recommendations from friends.  We visited on a night when there weren't very crowded so it was nice to be able to have such an attentive waitress and service.  I was a bit disappointed when I didn't find as much on the menu as I would have liked to have seen that would appeal to me.  I guess I have become very picky with my Yelp addiction in terms of scrutinizing every establishment I go to pretty thoroughly.  

I ordered the hummus appetizer for the table and was very pleased at the quality of the dish.  For my entree I ordered their Bricks Salad which had plenty of fresh produce packed in.  I ordered a double portion of chicken for it, which still seemed pretty skimpy especially since I was charged for that request.  Overall, I'd say this is probably one of Ybor's lesser known spots as its more on the western edge of the main strip, yet it seems very lively and upbeat.  I did like that they had featured lots of artwork by various local artists that were on display and offerred for sale.  Not a bad place to hang out and have a drink if you're looking for a lower key outing in the Ybor area.",Eastside,The Bricks,22.76,2.88,12.7,2,65+,Non-binary,Hispanic
ceZuAvgL5kULPFX4PFjIUg,Guest_7156,08/18/2017,,Busy and noisy at 12:30 lunch on a Tuesday.   Quieter by one.  Nice interior gastropub.  My pork and arugala slaw sandwich was good.  It came on a bun that was soft enough to pull apart easily.  When I did so the levels stayed together.  The texture and taste of both the sandwich and the slighly curried potato salad side were good.  I found myself enjoying the overall experience and reluctant to leave.  A good value at less than $10.,Eastside,The Bricks,27.53,5.86,21.3,1,46-55,Male,Native American
IdUkBQcMt0460g5W1LCZmg,Guest_3445,20.01.2014,4.0,"The Bricks is a hipster haven, but don't let that deter you if you don't wear non-prescription glasses and flannel. I'm always the least cool person in here and no one seems to mind. (Although maybe I AM cool -- last time I was here the DJ was playing Hall & Oates most likely to be ironic, but I  genuinely enjoyed it.)

The menu is mostly sandwiches and some salads. It's all about the Bird & Pig sandwich. I have a hard time straying from this delicacy of chicken, bacon, brie, and apples on pressed sweet bread. Sweet, check. Salty, check. Crunchy, check. 

Nice selection of local and craft brews, too.",Eastside,The Bricks,21.06,7.37,35.0,4,56-65,Female,Mixed
3FfhPCMT5T2e369qqYfV7g,Guest_5275,09/10/2015,4.0,,Eastside,The Bricks,20.24,3.52,17.4,1,,Male,
OWqNO-H7eAWJH7hsQfO0_A,,17.10.2016,5.0,,Eastside,The Bricks,23.85,4.3,18.0,4,,Female,Other
FWWE8HkUu42FgIfi2_FI-w,,01/02/2013,4.0,"Cheaper than the $$ rating by far, depending on your interests (I had the $5.50 grilled peanut butter and Gouda). And I didn't think the combination would work, but I was wrong. It's not my absolute favorite peanut butter sandwich, but it's tasty. Sadly, the ""peanut butter bars"" don't have as extensive a list of ingredients as they did when Brett N. visited.

I also tasted a forkful of Jodi's Greek salad (which was all that was left!), and that lemon-dill vinaigrette just made my ""next time we're here"" list.",Eastside,The Bricks,10.06,2.02,20.1,2,56-65,Male,Hispanic
DadAufR2brJtQCCq_NsPcQ,Guest_2114,2012-03-04,,,Eastside,The Bricks,12.55,3.06,24.3,2,,,Caucasian
N4J7LZI9eKDt4U0RLpWEww,Guest_1395,2017-03-30,5.0,"One of my favorite places to eat in Ybor! Good vibes, good food, and good drinks. Even their coffee is good! Service is a hit or miss, although most recently I have had consistent great service. And their veggie Cuban sandwich is amaaaazing!",Eastside,The Bricks,10.73,1.72,16.0,4,,,
cyVCkTAFWVqZnTPJfS2IUw,Guest_7319,05/08/2013,3.0,"We came here on a bustling Saturday. Needless to say, Bricks of Ybor was vacant. A few people were at the bar and some people were sitting outside. The service was subpar and the bartender must have had the worst day of her life. She hated everyone who asked to close their tab. Oh well. 

I should put a disclaimer that I hate Ybor. It brings me nothing but sorrow.",Eastside,The Bricks,24.0,5.43,22.6,2,18-25,Male,Mixed
NOTAXpx4vcngxjIXyhHBrg,Guest_8366,13.09.2012,4.0,"I love the Bricks! We live in Ybor and this is one of our favorite lunch spots. I always have a hard time selecting between two sandwiches - The Elvis which is a peanut butter, banana and bacon sandwich or the Bird and Pig - roasted chicken, bacon, brie, apple, pressed on a Hawaiian sweet roll. Bricks always offers weekly specials and featured drinks. The crowd is always fun and the staff is friendly.",Eastside,The Bricks,24.5,4.94,20.1,2,36-45,,Mixed
2a8_Q5XhjoQHaZ_KtISZuQ,Guest_1604,12/09/2012,4.0,,Eastside,The Bricks,7.38,1.54,20.9,1,,Male,Asian
ELbCs-aC8mAxrAEu36Hihw,Guest_8529,2014-10-13,,,Eastside,The Bricks,27.69,7.09,25.6,2,65+,,African American
2umV3kR4UxjuYV4wU7Qw1w,Guest_9600,2014-02-07,4.0,,Eastside,The Bricks,18.09,2.82,15.6,3,46-55,Female,Mixed
eNHgYkJwmuM0Gg42AL6V6Q,Guest_9177,31.01.2017,1.0,"If you're immune to salmonella poisoning then this is the perfect place for you! Very overpriced, minimum effort in providing authentic food NOT out of a can. They undercook the chicken and it taste like refrigerator. Please don't waste your hard earned cash on half assed food. Unless you just want drinks and a good time with friends, don't come here.",Eastside,The Bricks,21.49,4.17,19.4,2,26-35,Non-binary,Mixed
xZnk3q-AHjpN6aSR_6Sqhg,Guest_3907,11/02/2011,,"They have a super friendly staff and a simple modern decor.

I enjoyed the Six Degrees of Kevin Bacon exhibit on display.

I got a really young and hip vibe from this place, and the sandwiches are amazing!",Eastside,The Bricks,17.25,3.77,21.9,1,,Male,Hispanic
2umV3kR4UxjuYV4wU7Qw1w,Guest_4099,2014-02-07,4.0,"I've always thought the idea of apple on a sandwich (that didn't involve peanut butter) as completely preposterous, because sweet things do not belong on sandwiches! So what did I order at The Bricks? Naturally, the Bird and Pig - which features chicken, bacon, apple, brie and agave nectar. It was definetly sweet. And savory. And absolutely, positively to die for. I loved every scrumptious bite of it.... except for the dry chicken breast. I'm not sure if it was just old, but either way it was dry and disappointing. Next on the menu was the deluxe grilled cheese sandwich, which was all sorts of yummy cheese, smothering delicous garden fresh basil (wow!), spinach and tomato. The first bite of this sandwich was knock-your-socks-off. The basil really stands out and it definitely warranted an audible moan. The next few bites weren't as spectacular, but I still loved the sandwich. I'd go with the Bird and Pig again if I had to choose. While we waited, we treated our faces to black bean dip (suggested by the waiter) and we enjoyed it. If you like black bean dip, then you'll like this one. We washed all of that down with a glass of liquid heroin, and all was right with the world. The end. Oh, and the service - spot on. The place is cute, the staff is attentive, and it's clear this place easily doubles as a comfy daytime spot and a lovely night spot - if that's your kinda thing.",Eastside,The Bricks,15.61,1.53,9.8,2,26-35,Male,Asian
ceZuAvgL5kULPFX4PFjIUg,Guest_3172,2017-08-18,5.0,Busy and noisy at 12:30 lunch on a Tuesday.   Quieter by one.  Nice interior gastropub.  My pork and arugala slaw sandwich was good.  It came on a bun that was soft enough to pull apart easily.  When I did so the levels stayed together.  The texture and taste of both the sandwich and the slighly curried potato salad side were good.  I found myself enjoying the overall experience and reluctant to leave.  A good value at less than $10.,Eastside,The Bricks,10.4,1.98,19.0,1,65+,Prefer not to say,Mixed
BCLvpd08Ci4Tcq-fIRhZdA,Guest_5154,08.08.2017,2.0,"Leaving this 2-star review in response to the food, not the place as a drinking/hangout spot...although the wine was crap, too. 2-Stars awarded for the Nintendo 64 and all of the nostalgia-worthy games, the decent choice of drafts (even if they were out of the draft I ordered), and the great service from the staff. The food, on the other hand, will make you wish you had eaten at home. My wife and I went out as a treat because we didn't feel like cooking, but the majority of our food was sub-par. I got the shrimp po-boy which was not a po-boy by definition (it was just shrimp on a crappy sandwich...no French bread, no Cajun sauce or even enough Cajun seasoning, and the shrimp was obviously frozen-thawed not fresh). One of the shrimps was even gray when I bit into it, and the sandwich itself smelled more like old fish than fresh shrimp. My wife got the Athena chicken sandwich and that was just so-so, with the overwhelming taste of feta disguising the low-quality factory chicken they use for the sandwich. The best part of our collective meals was the mixed greens we ordered as a side, so I wouldn't exactly recommend ordering food here unless you're completely hammered and taste is not a priority.",Eastside,The Bricks,23.53,4.51,19.2,5,18-25,Male,African American
eoFZMOL0XJ9yF8sW3OChIw,Guest_4780,19.11.2017,,"Yummy food, good vibes, & nice service. Music wasn't too loud. Could hold a conversation without hearing everyone else's. 

I had the Bird & Pig (the way it comes) with the Mac & Cheese. 

I also had the Hukilau. Not a fan. It sounded sweeter than it was. Still giving it a 4 for the food service and atmosphere. It's not their fault I didn't like the alcohol. 

Had a quick bite of the nachos and may have to orders those for the table next visit.",Eastside,The Bricks,49.58,10.67,21.5,2,26-35,Female,African American
ss4LSp-dCCuhpxDrRH_GLQ,Guest_5536,10/28/2011,5.0,"I walk in, and they're playing the greatest hits of De La Soul throughout lunch. They could have been serving Big Macs and that gets you four stars alone. 

I order a grilled cheese sandwich, and it comes with apple, plums, and bacon on some delicious bread with tortilla chips. And it is sublime. The cheese is perfectly melted, and the goodies inside are covered in wonderful gooey dairy greatness. 

I order a cafe con leche while getting some work done on my laptop. It is flawlessly prepared by a lovely server, and I'm a coffee snob. And if I didn't get buried in work stuff, I was jonesing for one of those half-price martinis they serve on Thursdays.

Wonderful atmosphere (the skatepark staff makes it friendly and fun), great food, delicious coffee, a full bar, and lots of different options. This place is a total home run, and a can't miss for anyone in Ybor.",Eastside,The Bricks,,0.24,2.9,2,,Prefer not to say,Mixed
LyBfA_NGwBAqf0LqVsDBhw,Guest_8905,2012-05-29,,"Based this visit entirely upon previous Yelp reviews, which as usual we're spot on. Great atmosphere and feel to this place - Kind of an art house meets coffee house meets Animal House environment. Very unusual. In a good way. The service was relaxed, social and great. The beverages were delicious and the menu was quite interesting. 
I so wanted the food to be much better than it was. Tried the Bird and Pig, a specialty grilled cheese and a couple apps. Everything was good but not great. In truth, if I was judging on food alone, there would be three stars instead of four. But the atmosphere and the staff clearly deserved the extra star, and I'll head back to try some other items on the menu next visit.",Eastside,The Bricks,,2.3,16.5,6,56-65,Male,
eoFZMOL0XJ9yF8sW3OChIw,Guest_5057,19.11.2017,4.0,"Yummy food, good vibes, & nice service. Music wasn't too loud. Could hold a conversation without hearing everyone else's. 

I had the Bird & Pig (the way it comes) with the Mac & Cheese. 

I also had the Hukilau. Not a fan. It sounded sweeter than it was. Still giving it a 4 for the food service and atmosphere. It's not their fault I didn't like the alcohol. 

Had a quick bite of the nachos and may have to orders those for the table next visit.",Eastside,The Bricks,,9.87,22.3,5,65+,Male,Hispanic
qzgc5-lizZMqupW7ZR8qmQ,Guest_3587,28.07.2014,4.0,,Eastside,The Bricks,11.36,2.52,22.2,4,36-45,,Caucasian
TCzaF5Lj0NLoCQuIujEzJg,Guest_4054,30.11.2014,4.0,"We were greeted by a very pretty waitress that made us feel like we had chosen the right place. We were then turned over to a nice gentleman that took our orders with a polite smile. We are vegetarians and there were lots of options. We settled for the salsa and house made avocado sauce with corn chips  and we split their famous black star black bean burger... Yesss!! The food presentation was that of fine dining and the food was very pleasing to our pallets. 
We give The Bricks 4 stars and would recommend to anyone who plans to visit Tampa",Eastside,The Bricks,24.05,5.77,24.0,2,36-45,Female,Asian
dxp5wFqMeO2x3Rz-8km5Cw,Guest_5460,27.05.2017,,Where do I start: Phenomenal food Excellent Bartender - I didn't know what to drink and bartender created one to her liking Great Atmosphere Great music - DJ on Friday Night was awesome Even the free water in the beginning tasted amazingly Definitely would go again,Eastside,The Bricks,8.63,0.89,10.3,3,,Non-binary,Native American
miIwXNa5O-ILZaN_S3EH2g,Guest_8765,2014-02-24,4.0,"I'm definitely a fan.  The food/drinks are always stellar and while the staff is super friendly, the only issue with The Bricks is the time it takes to order/be served.  

It isn't like the servers are slow either, they are clearly working their assess off running from table to table, so maybe it is that people have called in sick the couple of times I've been in recently and they had to work twice as hard but a Sunday lunch shouldn't take 3 hours.  

Now that my complaining is out of the way, the restaurant itself is super groovy.  The kitchen is on full display so no crazy stories of chefs putting anything crazy into your food here.  And they look like they are having a great time while they prepare meals (whether they are or not, I love to see people enjoy what they do).  I normally get draft beer but their cocktails look really interesting and innovative.  

At lunch, I normally get the ""Goodness"" which is a hummus wrap and it comes with a choice of a side ($8).  Don't bother being wishy-washy on the side, get the Asian slaw, it is delicious, and if available I would order as a meal.  The wrap was good but the star was the slaw.  Thai, pea-nutty, goodness:)

I've gotten the Elvis before ($8) and it was delicious but something I can make a home.  I ordered it without bacon.  

My husband ordered the burrito and loved it as well ($9).  Others at our table raved about the Chicken and the Pig, The BBQ pork, and The Cure sandwiches.  Everyone really liked their food.  

The Bricks really is a great spot on the 7th Avenue strip, perfect for late night people watching that make Ybor awesome and also out of the way enough to not feel like it's distinctly part of the Ybor scene.",Eastside,The Bricks,22.15,1.25,5.6,2,,Non-binary,Native American
oX3VSZ2WBLd-mKidL87Q5g,Guest_9272,05/19/2018,4.0,,Eastside,The Bricks,29.56,6.54,22.1,2,65+,,Other
eWzgGaazlADYOBS_hzFLtA,Guest_5020,2014-05-09,4.0,"Tasty place to grab a unique sandwich or something else with some tasty beer. I love the decor in this restaurant, as it seems to marry bricks, random tomfoolery, and nerdiness quite well. I've enjoyed most things there. The Bird and Pig was quite good as well as their veggie burger. They also have lots of theme nights, but I've never been to one.",Eastside,The Bricks,,5.94,25.1,2,,Female,Native American
QuLLvrwzNEizCRDiRPsVGQ,Guest_4090,02/12/2012,5.0,,Eastside,The Bricks,24.08,4.27,17.7,2,36-45,Prefer not to say,Caucasian
zGNexIUL8EG3_hTXpSY_Iw,Guest_3643,2014-05-09,4.0,,Eastside,The Bricks,,6.72,27.9,4,,Non-binary,Mixed
_aJ77lzyw1BhFqRU-wPwhA,,02.03.2012,4.0,fun place with a nice atmosphere. Ordered the Elvis which is a good sandwich with peanut butter honey bananana and bacon! it sounds weird but it was delicious.,Eastside,The Bricks,,4.9,29.5,2,26-35,,Native American
s7X6kSDGGlowmEqCDEh2SQ,Guest_6579,2014-06-29,,"I am not nearly cool enough to go here. The waiter was not unfriendly, but he was much more friendly to some ladies who sat near me with full sleeves of tattoos. I ordered the black bean burger, it was so flavor less and thin it could have been omitted. The mayo on the sandwich and mixed greens on the side, along with the pickle, we're the best part of the meal. My beer was alright, but if I am going to spend $7 on a pint it should be delicous or high gravity, this was neither, and since no prices appeared next to the draft list, the price was a bit of a shock.",Eastside,The Bricks,,1.21,10.1,6,36-45,Prefer not to say,Caucasian
9g-mtjmWHY0miughafkXMQ,Guest_2261,2010-07-12,5.0,,Eastside,The Bricks,,1.87,7.6,2,56-65,Non-binary,Hispanic
nWXxee5pTo9vvnbB6ir-4g,Guest_3905,2016-06-24,3.0,,Eastside,The Bricks,18.05,3.85,21.3,3,26-35,Female,Native American
rPf97Sb-wcMOJ1XBO8M9EA,Guest_5146,27.06.2018,5.0,"Have come to The Bricks a few times as I wait for classes, there is wifi and it's a nice environment to sit, eat, grab a beer and do some homework.  If I'm in Ybor for an extended period of time and have to wait, I usually try to make it here as much as I can.",Eastside,The Bricks,15.5,2.69,17.3,1,18-25,,Mixed
zbaEspWboOPPonKjB4jbWA,Guest_9485,06/29/2012,4.0,"A couple of nights ago the Tampa Bay Lady Bloggers met at The Bricks for our monthly book club meeting. The staff was very welcoming and was happy to push together several tables for us. Our server was so nice and helpful and cheerfully took a group photo for us (annoying bloggers).

The ""hole in the wall"" atmosphere at The Bricks is fun and eclectic, with local art for sale lining the walls. I loved the laid-back, hip feeling of the place.

I had the ""brick,paper,scissors"" martini and it was so refreshing and delicious that I had to get a second with my entree. The table shared an order of the ""bricklayer"" nachos and they were okay, but the house-made salsa on the side was out of this world. For my entree I got the ""bird and pig"", based on so many great Yelp recommendations. It did not disappoint with thick, crispy bacon, sweet apples and agave nectar, tasty chicken and delicious pressed ""sweet"" bread. I almost caved in and got the Ahi tuna BLT because it looked so good on the menu...I'll definitely be back and try that next time to compare.

Thank you Bricks for hosting our meet-up. See you again soon I hope! My blog post about our meeting at The Bricks is here: http://carolinecalcote.com/2012/06/28/tampa-bay-lady-bloggers-book-club/",Eastside,The Bricks,22.16,3.99,18.0,8,56-65,Male,Mixed
F4_DYi_7czpyLMrErrKaQg,Guest_7114,2011-08-01,5.0,"We cam here for my wife's birthday this year that also just so happens to be Cinco De Mayo. We didn't want to go to a mexican joint so we chose the Bricks after reading some specials that they had going online. I have to say it was a good night and a lot of fun. Good drinks as well as food. Great ambiance, this is an older building in Ybor that they really did a great job of restoring. These guys are always having great food and happy hour specials. You won't be disappointed.",Eastside,The Bricks,17.92,2.25,12.6,4,56-65,Female,Caucasian
dYKjSQ9ITqPgzkyglOGrJQ,Guest_2681,04/05/2018,5.0,1st time we've tried The Bricks. So yummy!!! I had the Blackened Shrimp Salad and my husband had Sammy Tuna. We both loved every bite. Looking forward to eating there again.,Eastside,The Bricks,34.81,5.27,15.1,1,26-35,,Native American
9g-mtjmWHY0miughafkXMQ,Guest_7500,12.07.2010,5.0,"I'd been following the progress of The Bricks via their FB page for some time - I'm happy to report that the end product lives up to the expectations (exceeds them, even!). 

The first thing you notice is the atmosphere: laid-back & friendly, fostering a close-knit/ community feel that encourages you to slow down and linger for a bit longer, enjoying the company. 

When it comes to the menu, it's full of simple foods that have been completely mastered. I suggest the Peanut Butter Bar (choose your bread, peanut butter, and toppers). The Roasted Garlic Hummus is amazing, as is the Italian Brick sandwich. As far as coffee goes - they won't disappoint, I'm partial to the Brickaccino (frozen coffee). Another standout factor is their beer selection - which alone is worth strolling by for.

All in all, The Bricks as a 5-Star stop, you won't soon forget.",Eastside,The Bricks,31.53,12.61,40.0,2,,,Hispanic
8_4B-G7i1ETKqsNLEiaXfw,,2011-10-27,4.0,Loved the Mediterranean Grilled Cheese sandwich! Nice casual atmosphere. On the end of the strip so it is very convenient to get to during lunch hour. Looking forward to trying something else on the menu.,Eastside,The Bricks,5.77,0.74,12.8,2,36-45,Male,African American
ntNxLQQTBZhYVGZpvUQYzw,Guest_9529,2016-09-08,5.0,My favorite lunch spot in Ybor. Best greek salad of all time. Great service.,Eastside,The Bricks,,3.83,14.7,8,,,Native American
J6PwgKRAnTAfSCqKSBq-bg,Guest_5051,08/08/2015,4.0,,Eastside,The Bricks,13.94,3.19,22.9,2,46-55,Non-binary,Hispanic
miIwXNa5O-ILZaN_S3EH2g,Guest_4135,24.02.2014,,"I'm definitely a fan.  The food/drinks are always stellar and while the staff is super friendly, the only issue with The Bricks is the time it takes to order/be served.  

It isn't like the servers are slow either, they are clearly working their assess off running from table to table, so maybe it is that people have called in sick the couple of times I've been in recently and they had to work twice as hard but a Sunday lunch shouldn't take 3 hours.  

Now that my complaining is out of the way, the restaurant itself is super groovy.  The kitchen is on full display so no crazy stories of chefs putting anything crazy into your food here.  And they look like they are having a great time while they prepare meals (whether they are or not, I love to see people enjoy what they do).  I normally get draft beer but their cocktails look really interesting and innovative.  

At lunch, I normally get the ""Goodness"" which is a hummus wrap and it comes with a choice of a side ($8).  Don't bother being wishy-washy on the side, get the Asian slaw, it is delicious, and if available I would order as a meal.  The wrap was good but the star was the slaw.  Thai, pea-nutty, goodness:)

I've gotten the Elvis before ($8) and it was delicious but something I can make a home.  I ordered it without bacon.  

My husband ordered the burrito and loved it as well ($9).  Others at our table raved about the Chicken and the Pig, The BBQ pork, and The Cure sandwiches.  Everyone really liked their food.  

The Bricks really is a great spot on the 7th Avenue strip, perfect for late night people watching that make Ybor awesome and also out of the way enough to not feel like it's distinctly part of the Ybor scene.",Eastside,The Bricks,,2.59,16.2,3,65+,Male,Caucasian
GsLZMdhl4PB0hqtQY9nK0Q,Guest_4863,04/15/2015,5.0,"How can you not like this place? Fresh water upon arrival followed by healthy food with a twist. The srvice has always been exemplary so no complaints there. This is one of the few joints in Tampa that can appease an array of crowds - hipsters love the decor, drink selections, etc.; geriatrics enjoy the healthy food portions, friendliness, etc.; and out-of-towners relish the overall uniqueness of the place. This is beyond highly recommended.",Eastside,The Bricks,43.72,9.62,22.0,3,56-65,Non-binary,Caucasian
umKey8gxNoyUcwZY2azciw,,02.06.2011,3.0,"nice place for gatherings and hanging out. Friendly staff. Food was OK. Not bad, not good, it just sat somewhere in the middle.",Eastside,The Bricks,12.14,1.44,11.9,3,65+,Female,African American
ADodUkepU3OyY-G5zZk7yA,Guest_3603,15.10.2012,3.0,,Eastside,The Bricks,,1.67,14.9,2,46-55,Prefer not to say,Caucasian
dxp5wFqMeO2x3Rz-8km5Cw,Guest_9769,2017-05-27,5.0,"Where do I start:
Phenomenal food
Excellent Bartender - I didn't know what to drink and bartender created one to her liking
Great Atmosphere
Great music - DJ on Friday Night was awesome
Even the free water in the beginning tasted amazingly
Definitely would go again",Eastside,The Bricks,16.12,2.71,16.8,4,65+,Prefer not to say,Other
GsLZMdhl4PB0hqtQY9nK0Q,Guest_8975,15.04.2015,5.0,,Eastside,The Bricks,16.37,3.36,20.5,1,18-25,Male,
Cf3QB0VEbdWFq94tZcWgTQ,Guest_1586,2017-11-10,5.0,"They seem to have expanded their menu or, I'm just imaging that and actually gave them another chance. Good beer selection. Great ambiance. More hip than some of the other bars. Accommodated my large party.",Eastside,The Bricks,13.22,2.83,21.4,2,36-45,Male,Caucasian
IdUkBQcMt0460g5W1LCZmg,Guest_8568,20.01.2014,4.0,"The Bricks is a hipster haven, but don't let that deter you if you don't wear non-prescription glasses and flannel. I'm always the least cool person in here and no one seems to mind. (Although maybe I AM cool -- last time I was here the DJ was playing Hall & Oates most likely to be ironic, but I  genuinely enjoyed it.)

The menu is mostly sandwiches and some salads. It's all about the Bird & Pig sandwich. I have a hard time straying from this delicacy of chicken, bacon, brie, and apples on pressed sweet bread. Sweet, check. Salty, check. Crunchy, check. 

Nice selection of local and craft brews, too.",Eastside,The Bricks,26.89,5.6,20.8,2,26-35,Non-binary,Native American
77SVp08MVwzf7CP9vviZgw,Guest_4397,2012-07-22,3.0,,Eastside,The Bricks,13.02,2.09,16.1,1,46-55,Prefer not to say,Asian
BceKC7jAlfmF6C-z-OTflQ,Guest_4124,2017-08-19,4.0,"I went there for dinner while in the Tampa area and had a great meal.   They have multiple Vegan and Vegetarian options, while also having a full bar with Guinness.   Very unusual across the good ole USA.

The place is in an interesting area, which seems it could be a little rough in the dark, so if you go, I would recommend going during the light hours.

The bartenders are really nice, and helpful with picking a good dish.",Eastside,The Bricks,,17.42,40.0,4,26-35,Female,
8PtU0lutz85WqmKOhTY-3w,Guest_5492,03/16/2017,1.0,,Eastside,The Bricks,22.63,4.67,20.7,2,26-35,Non-binary,
dxp5wFqMeO2x3Rz-8km5Cw,Guest_4065,2017-05-27,5.0,Where do I start: Phenomenal food Excellent Bartender - I didn't know what to drink and bartender created one to her liking Great Atmosphere Great music - DJ on Friday Night was awesome Even the free water in the beginning tasted amazingly Definitely would go again,Eastside,The Bricks,11.69,1.87,16.0,8,65+,Female,Mixed
BCLvpd08Ci4Tcq-fIRhZdA,Guest_1054,2017-08-08,2.0,,Eastside,The Bricks,30.17,5.52,18.3,4,36-45,Male,Native American
uoiQHg2o0l9eNvOESYq1UA,Guest_7191,07.03.2016,1.0,"It sucks, don't go!!!!!!!!!!!!!!!!!!!!!!!!!!!!!!!!!!!!!!!!!!!! Cold food, stuck up waiters, expensive drinks",Eastside,The Bricks,10.82,1.31,12.1,8,65+,Prefer not to say,African American
BceKC7jAlfmF6C-z-OTflQ,Guest_2195,19.08.2017,4.0,,Eastside,The Bricks,,1.58,27.5,1,,Non-binary,Native American
vHLviczaBYS88UGWFWC8Qg,Guest_4095,03/03/2013,,"staff is awesome and food is damn good. drinks are a reasonable price and Andrew always has something awesome/weird playing on the TV. If the independent were cooler, it would be the Bricks. 

One of the gods invented the bird and pig. Definitely get that.The cure is pretty tasty too, I'd eat it again. 

The place has cool wall art, a comfortable back patio, and Paper Mario characters on the bathroom doors. Have to appreciate the subtle nerdiness.",Eastside,The Bricks,10.13,2.04,20.2,2,65+,Non-binary,Hispanic
EVklXIXTKM7MroTzc-EsPA,Guest_2630,2017-04-09,4.0,"I ordered the Kung fury bowl and it's pretty good, just not a huge fan of Asian slaw. The restaurant is pretty cool with the decoration and not at a super crowded location in ybor. The service was a bit slow, but the food came pretty quick.",Eastside,The Bricks,32.87,5.99,18.2,1,46-55,Prefer not to say,Native American
De-IwBjVk0Rkn1mGQ8GIbQ,,06.12.2011,5.0,"A must when you are in Ybor.  I ate and drank here multiple times a day for my 5 day trip to Tampa.  Every single meal was spectacular.  The Skinny bitch latte is perfect to start the day.  The proper grilled cheese is amazing, just wish they would have tomato soup to go along with it.  And you can't find better bartenders anywhere else in town.",Eastside,The Bricks,17.72,6.2,35.0,1,65+,Male,Native American
4ywDqRoYjy16Z_UFox0qTg,Guest_8976,22.07.2012,1.0,"Food is terrible. Nacho dip was covered in there advacado cream dressing which was bad. Very sloppy. The pesto grilled cheese, was covered in way too much pesto. Again very sloppy. Overall bad food, chef must be high or something. Oh and found a few ants crawling up my leg. Will never come back.",Eastside,The Bricks,10.98,2.22,20.2,2,,Prefer not to say,Caucasian
hBzLjPySOBHDz0NiGf6SfQ,Guest_3292,06/09/2018,4.0,"Friendly service & neat building. Depending on the atmosphere you are looking for, the music is a bit loud.",Eastside,The Bricks,15.93,2.99,18.8,2,46-55,Male,Asian
dxp5wFqMeO2x3Rz-8km5Cw,Guest_3277,27.05.2017,5.0,,Eastside,The Bricks,22.73,0.0,0.0,3,18-25,Female,
dDKRtNXR8JJAz4x_ZCGo3g,Guest_2436,05/29/2014,,"Great location, cool atmosphere! The food was a fairly priced for the quality, which was good. I had the pulled pork tacos and they were not skimpy, fully stuffed and filling for $6. Great draft beer selection but it was a buck or two overpriced compared to other craft beer places. The two waitresses were very nice and pleasant. It was slow when we got there and them boom it was packed, they didn't forget about us but we did have to track her down for our last beer. I will be back for sure!",Eastside,The Bricks,,1.51,13.2,1,,Female,Asian
rno5BeYy-bMFKINk43MmNw,Guest_8077,05/30/2014,,"It is definitely a place to bring your friends and chat. I love their different types of Peanut Butter sandwiches. Amazing! Not only that, but the inside environment is just so positive and provides inspiration.",Eastside,The Bricks,30.82,5.34,17.3,5,36-45,,Native American
KIA9s_8qZEtuSjIFdjBwYQ,Guest_7840,06/29/2014,1.0,"I loved this place, the food, atmosphere, and drinks and I was in Ybor one night and came in about midnight and walked back to use the restroom and then to sit down and get some food and drinks, typical of anyone that's out drinking and midnight rolls around. Well, I continue on the path to the restroom and the manager, yes, the manager, had the audacity to tell me if I proceeded to the restroom that he would come on after me. I thought he was joking. But no, he was serious, then he told me I needed to tip the bartender before using the restroom, even though I hadn't sat down to order anything yet. I was clearly upset and walked back out to leave. The guy at the door was very nice and lead me back in to use the restroom. I decided after being treated that way, by the manager, that this was not an establishment I would be frequenting any longer, even though I loved the place. I went to the restroom and came back out and put $3 on the bar, because I needed to ""tip"" to use the restroom. Well, the guy at the door said that the manager had ASSUMED that we came from a rave across the street and that we just wanted to use the restroom. Well, his assumption lost him business, and I have been living in the Bay Area for 32 years. I'm pretty sure telling a patron you are going to follow them into he women's restroom is some form of sexual harassment. I have NEVER been treated like that ever in an establishment. Hopefully, for the greater good of the restaurant, that manager is no longer there.",Eastside,The Bricks,13.55,1.96,14.5,1,36-45,Male,Caucasian
miIwXNa5O-ILZaN_S3EH2g,Guest_9912,02/24/2014,,,Eastside,The Bricks,13.26,3.46,26.1,3,18-25,Female,Native American
IgVIc163TZ4xbJqfUKdnRw,Guest_4010,10/21/2015,5.0,"This might be my first five star rating. This place was absolutely awesome and I cannot wait until I go back for a second time. Our sever, Millie, was friendly and efficient from the moment we sat down. The atmosphere of the place was unique, and the food was among the most unique in Tampa that I have experienced in years. I got the pork tacos for an appetizer and the ""bird and pig"" for lunch. The sandwich was so good I could have ordered it again. Overall it was a fantastic experience and I will be returning for their drink specials.",Eastside,The Bricks,32.11,5.71,17.8,1,,,
vHLviczaBYS88UGWFWC8Qg,,03.03.2013,5.0,"staff is awesome and food is damn good. drinks are a reasonable price and Andrew always has something awesome/weird playing on the TV. If the independent were cooler, it would be the Bricks. One of the gods invented the bird and pig. Definitely get that.The cure is pretty tasty too, I'd eat it again. The place has cool wall art, a comfortable back patio, and Paper Mario characters on the bathroom doors. Have to appreciate the subtle nerdiness.",Eastside,The Bricks,,8.08,22.9,3,,Non-binary,African American
3FfhPCMT5T2e369qqYfV7g,,09/10/2015,4.0,"The Bricks has a super cool vibe. I've visited multiple times for dinner and once for drinks. I'm always impressed with their sandwiches and other food. Normally everything is very fresh and tasty. They have a good sized line up of craft beers most of them local to the area, which is something I'm always looking for. 

It's sort of a dive-y location on the outskirts of the main part of Ybor. Late night they have a small menu of appetizers/small plates and have a DJ. It's clientele leads to some awesome people watching. 

All in all, definitely worth a try. It's not super fancy, so it's perfect for a casual dinner or a new place to try to grab a beer (there's a full bar as well).",Eastside,The Bricks,10.66,2.97,27.8,3,36-45,Male,Asian
IgVIc163TZ4xbJqfUKdnRw,Guest_3095,10/21/2015,5.0,"This might be my first five star rating. This place was absolutely awesome and I cannot wait until I go back for a second time. Our sever, Millie, was friendly and efficient from the moment we sat down. The atmosphere of the place was unique, and the food was among the most unique in Tampa that I have experienced in years. I got the pork tacos for an appetizer and the ""bird and pig"" for lunch. The sandwich was so good I could have ordered it again. Overall it was a fantastic experience and I will be returning for their drink specials.",Eastside,The Bricks,23.62,4.51,19.1,4,56-65,Non-binary,Other
Cbxf9vtQNVzMoch3s_AKTA,Guest_9564,05/30/2012,4.0,"I had a good time at The Bricks of Ybor.  The service is really spot on and the quality of the food's pretty good.  I had the pulled pork sandwich.  It was pretty good.  Nothing memorable but what makes this place a four star place are the happy hour beer prices and the interesting art inside.

I loved the star wars art throughout this place and particularly loved the berpo and ern2d2 painting.

Friendly, fun crowd that looks like they're coming to a John Waters costume party.",Eastside,The Bricks,32.45,7.15,22.0,5,56-65,,
ntNxLQQTBZhYVGZpvUQYzw,,08.09.2016,5.0,My favorite lunch spot in Ybor. Best greek salad of all time. Great service.,Eastside,The Bricks,11.34,2.79,24.6,3,46-55,Prefer not to say,Hispanic
_aJ77lzyw1BhFqRU-wPwhA,,2012-03-02,4.0,fun place with a nice atmosphere. Ordered the Elvis which is a good sandwich with peanut butter honey bananana and bacon! it sounds weird but it was delicious.,Eastside,The Bricks,15.28,2.84,18.6,1,56-65,Prefer not to say,Asian
De-IwBjVk0Rkn1mGQ8GIbQ,Guest_9352,06.12.2011,5.0,,Eastside,The Bricks,14.44,1.36,9.4,1,,Prefer not to say,Asian
BceKC7jAlfmF6C-z-OTflQ,Guest_7598,2017-08-19,4.0,,Eastside,The Bricks,33.76,2.29,6.8,1,65+,Male,Asian
cyVCkTAFWVqZnTPJfS2IUw,Guest_2737,05/08/2013,3.0,"We came here on a bustling Saturday. Needless to say, Bricks of Ybor was vacant. A few people were at the bar and some people were sitting outside. The service was subpar and the bartender must have had the worst day of her life. She hated everyone who asked to close their tab. Oh well. 

I should put a disclaimer that I hate Ybor. It brings me nothing but sorrow.",Eastside,The Bricks,,6.5,21.4,2,56-65,Non-binary,Asian
s9dqqPMdKO3QdJ5s7lrt3g,,2016-11-28,1.0,,Eastside,The Bricks,26.3,3.64,13.8,4,56-65,Female,
De-IwBjVk0Rkn1mGQ8GIbQ,Guest_8472,06.12.2011,5.0,"A must when you are in Ybor.  I ate and drank here multiple times a day for my 5 day trip to Tampa.  Every single meal was spectacular.  The Skinny bitch latte is perfect to start the day.  The proper grilled cheese is amazing, just wish they would have tomato soup to go along with it.  And you can't find better bartenders anywhere else in town.",Eastside,The Bricks,14.27,2.61,18.3,4,18-25,Prefer not to say,Hispanic
4zK6gMub9v__3lsr9FU7KQ,Guest_6705,18.01.2015,5.0,"Very fresh food- they actually make their own stuff! We ate lunch at the bar and the bartender went out of his way to help my husband find a good gluten free option. 

I ordered the black bean burger and it was delicious! Great atmosphere as well. Definitely recommend this place as there are not all that many fresh and relatively healthy places in the area. Wish we had found it sooner!",Eastside,The Bricks,21.28,2.47,11.6,2,,Female,Mixed
I3nDwvABhYqKdcxpN6_eaA,Guest_7769,2014-04-23,5.0,,Eastside,The Bricks,,6.67,15.2,3,65+,,African American
EWgE8zamjHBz8CMRdLIHVw,,2011-12-03,4.0,"Lots of vegetarian options. The service was pretty fast. The skateboard wall was nice (Calvin & Hobbes represent!). The sandwich I got was a bit lacking in the flavor department. Really didn't know what to eat since I went here at night just before a binge of dancing and drinking. Didn't really feel into the peanut butter at that point in time. Next time I'll try their peanut butter creations, but I'll probably go for brunch or a late lunch since it seems the menu is more designed for that and not any pre-gaming.",Eastside,The Bricks,49.23,4.66,9.5,2,26-35,Male,Native American
79szQCU8GqpMZYtRX2rKvw,Guest_8267,11/07/2017,3.0,"This is more of a drinking place than dinner. I didn't enjoy dining here at all, the servic was slow and the acoustics of the place made It impossible to have a conversation. The veggie cubano was pretty good and the drinks were strong though.",Eastside,The Bricks,24.95,1.57,6.3,4,,,Caucasian
N1BiMP9r3IsmEzChi9PPwA,Guest_7698,23.02.2011,4.0,"I read the reviews on Yelp and decided to check out Bricks of Ybor for myself. 

Nice atmosphere and hip music playing in the background. I sat at the bar and watched the flat screen televisions (they were playing the History Channel on one TV. & ""Shaun of the Dead"" on another TV.). 

Good beer on tap (I tried the IPA -- it was good) and a small menu specializing in appetizers, salads & sandwiches. I ordered the hummus plate and the iceberg wedge salad -- both were delicious. The blue cheese dressing on the salad was particularly scrumptious. 

For one beer and an app and a salad, my bill came to just under $25 before tip -- kinda expensive (considering they no longer serve the ""salmon spread"" on the hummus plate -- should that really be priced at $10, still?).",Eastside,The Bricks,14.71,4.26,29.0,4,56-65,Prefer not to say,Native American
IgVIc163TZ4xbJqfUKdnRw,Guest_1971,21.10.2015,,"This might be my first five star rating. This place was absolutely awesome and I cannot wait until I go back for a second time. Our sever, Millie, was friendly and efficient from the moment we sat down. The atmosphere of the place was unique, and the food was among the most unique in Tampa that I have experienced in years. I got the pork tacos for an appetizer and the ""bird and pig"" for lunch. The sandwich was so good I could have ordered it again. Overall it was a fantastic experience and I will be returning for their drink specials.",Eastside,The Bricks,,1.62,13.6,5,,,Other
dDKRtNXR8JJAz4x_ZCGo3g,Guest_4968,05/29/2014,4.0,"Great location, cool atmosphere! The food was a fairly priced for the quality, which was good. I had the pulled pork tacos and they were not skimpy, fully stuffed and filling for $6. Great draft beer selection but it was a buck or two overpriced compared to other craft beer places. The two waitresses were very nice and pleasant. It was slow when we got there and them boom it was packed, they didn't forget about us but we did have to track her down for our last beer. I will be back for sure!",Eastside,The Bricks,12.37,1.83,14.8,1,46-55,Male,Native American
uVRXElOZDBO2TXq_gveXYA,Guest_7932,2013-03-21,5.0,"Where do i start with this place!
I love that they have local art on the walls/ always doing art shows 

the staff that works there always rocking smiles talking to all the guess a all around good atmosphere vibe

I tip my hat to the head chef (Chef Ben) The food is always on point and i like when the cooks yell ""ORDER UP"" hahaha 

I can wright a book about how awesome this place is 

KEEP UP THE GOOD WORK and SEE YOU SOON!",Eastside,The Bricks,22.45,4.48,20.0,3,56-65,,
uVRXElOZDBO2TXq_gveXYA,Guest_1934,2013-03-21,5.0,,Eastside,The Bricks,11.92,1.77,14.8,2,26-35,,Hispanic
pOilCvNQPufxgGMlpFe44Q,Guest_3338,2010-10-11,,,Eastside,The Bricks,12.18,2.61,21.4,3,,,African American
s9dqqPMdKO3QdJ5s7lrt3g,Guest_4139,2016-11-28,1.0,,Eastside,The Bricks,17.79,3.14,17.6,1,56-65,Prefer not to say,Native American
8PtU0lutz85WqmKOhTY-3w,Guest_9357,03/16/2017,1.0,"Went here for lunch. Ordered the pork rice bowl. My food took forever to be served. Then it was cold. The server took it back offering me a NEW order to be cooked. My food came back quickly, it was the same good and the exact same temperature. I wasn't offered a NEW order, however I was asked if I'd like something else, I declined.  
Terrible service, manager was never sent over while I sat and watched my colleagues eat their lunch!",Eastside,The Bricks,47.26,8.66,18.3,3,,Prefer not to say,Mixed
zbJJjS4qCofo0l5Cr39R8A,Guest_5436,02.05.2015,5.0,"If you have ever dreamed of owning a bad ass bar and restaurant, with phenomenal and creative food, solid service, and atmosphere as cool as - well as cool as the bricks in the streets of Ybor City - don't go here. It will be likely to depress you to see that your dream has already been done so well that there just isnt much improvement. 
Well, if there was parking, that would be an improvement - but that's about it. I work nearby and rock their little patio in the back about once a week, it just never disappoints. The CURE is my favorite sandwich but i dont think there are any bad items on the menu - not even the vegetarian ones, and you know how bad those CAN be!

If you are on the west end of Ybor, or staying at the hotels nearby, or just stepped off the streetcar and want to figure out what Ybor City has come to mean these days - the Bricks of Ybor should be your first stop!",Eastside,The Bricks,13.9,2.99,21.5,4,,Female,Mixed
9g-mtjmWHY0miughafkXMQ,Guest_6416,2010-07-12,5.0,,Eastside,The Bricks,12.75,3.26,25.6,2,,Non-binary,Hispanic
IgVIc163TZ4xbJqfUKdnRw,Guest_3252,10/21/2015,5.0,"This might be my first five star rating. This place was absolutely awesome and I cannot wait until I go back for a second time. Our sever, Millie, was friendly and efficient from the moment we sat down. The atmosphere of the place was unique, and the food was among the most unique in Tampa that I have experienced in years. I got the pork tacos for an appetizer and the ""bird and pig"" for lunch. The sandwich was so good I could have ordered it again. Overall it was a fantastic experince and I will be returning for their drink specials.",Eastside,The Bricks,15.25,3.59,23.6,8,,Prefer not to say,Hispanic
77SVp08MVwzf7CP9vviZgw,Guest_2235,07/22/2012,3.0,"We've heard that we need to go to places in Ybor and try them out, so we set out to find a place for dinner.  One thing is for sure...the menu has traditional food, but in a unique way.  

I ordered the deluxe grilled cheese (has tomatoes, pesto, whole wheat) and my husband had the BBQ pig quesadilla.  Both dishes were good, but I don't feel like they were 'awesome'.  

We went out on a limb and tried the hibiscus sangria and the chocolate espresso cake for dessert.  The cake was VERY espresso!  Too rich for me!  The sangria definitely tasted like flowers, but in a good way. It was pretty refreshing too!

 It was fun to try a new place, but I don't think we'll go back.",Eastside,The Bricks,29.12,10.19,35.0,2,36-45,Female,Other
zGNexIUL8EG3_hTXpSY_Iw,,05/09/2014,4.0,,Eastside,The Bricks,11.13,1.83,16.4,2,36-45,Prefer not to say,Hispanic
cyVCkTAFWVqZnTPJfS2IUw,Guest_6096,2013-05-08,3.0,,Eastside,The Bricks,26.02,5.0,19.2,2,26-35,Prefer not to say,Hispanic
ntNxLQQTBZhYVGZpvUQYzw,,08.09.2016,,,Eastside,The Bricks,15.05,5.27,35.0,2,56-65,Female,Mixed
gHUkEhOWnsgHft9SzkSiZQ,Guest_1514,24.12.2015,4.0,,Eastside,The Bricks,13.1,1.72,13.1,3,26-35,Female,Asian
2a8_Q5XhjoQHaZ_KtISZuQ,Guest_6460,2012-12-09,4.0,"Since moving to Tampa about three weeks ago, I have found some ridiculously good restaurants thanks to Yelp and friends' recommendations. The Bricks has been on my list of places to try for a while now, and I finally made it last night. My friend & I walked in and were greeted immediately by the staff who told us to sit where we wanted. The place was fairly empty on a Tuesday at 7pm. I've heard it's packed on weekends, so perhaps going on off-nights is key. We started off with the Bricklayer, a fancy name for extra delicious nachos that are topped with queso, avocado cream, olives, and jalapeños. The salsa that comes on the side is awesome - super fresh, flavorful, and not too watery. This is a big appetizer and probably a bit too much for two girls before dinner. If I ordered it again, it would be as a bar snack rather than an app. For dinner, I had to try the Bird & the Pig. Wow - that pressed sweet bread combined with the salty bacon and chicken, paired with crisp apples and agave nectar? Yeah, the distinct flavors come together nicely to create one hell of a sandwich. I tasted my friend's black bean burger and liked that, too. The only thing I tasted that didn't blow me away was the roasted potato salad I got on the side. I'll probably just go with the mixed greens salad next time. Aside from the food, the environment is cool, too. I really liked all the local artists' work adorning the walls. There is ample parking nearby, including a garage on 15th that only charges $1 for the first 3 hours.",Eastside,The Bricks,13.6,2.46,18.1,4,,,Caucasian
ceZuAvgL5kULPFX4PFjIUg,Guest_8390,08/18/2017,5.0,Busy and noisy at 12:30 lunch on a Tuesday.   Quieter by one.  Nice interior gastropub.  My pork and arugala slaw sandwich was good.  It came on a bun that was soft enough to pull apart easily.  When I did so the levels stayed together.  The texture and taste of both the sandwich and the slighly curried potato salad side were good.  I found myself enjoying the overall experience and reluctant to leave.  A good value at less than $10.,Eastside,The Bricks,17.88,3.81,21.3,3,36-45,Non-binary,Native American
ceZuAvgL5kULPFX4PFjIUg,,18.08.2017,5.0,Busy and noisy at 12:30 lunch on a Tuesday.   Quieter by one.  Nice interior gastropub.  My pork and arugala slaw sandwich was good.  It came on a bun that was soft enough to pull apart easily.  When I did so the levels stayed together.  The texture and taste of both the sandwich and the slighly curried potato salad side were good.  I found myself enjoying the overall experience and reluctant to leave.  A good value at less than $10.,Eastside,The Bricks,9.45,1.37,14.5,2,,,Asian
ss4LSp-dCCuhpxDrRH_GLQ,Guest_3223,2011-10-28,5.0,"I walk in, and they're playing the greatest hits of De La Soul throughout lunch. They could have been serving Big Macs and that gets you four stars alone. 

I order a grilled cheese sandwich, and it comes with apple, plums, and bacon on some delicious bread with tortilla chips. And it is sublime. The cheese is perfectly melted, and the goodies inside are covered in wonderful gooey dairy greatness. 

I order a cafe con leche while getting some work done on my laptop. It is flawlessly prepared by a lovely server, and I'm a coffee snob. And if I didn't get buried in work stuff, I was jonesing for one of those half-price martinis they serve on Thursdays.

Wonderful atmosphere (the skatepark staff makes it friendly and fun), great food, delicious coffee, a full bar, and lots of different options. This place is a total home run, and a can't miss for anyone in Ybor.",Eastside,The Bricks,54.16,11.09,20.5,2,56-65,Prefer not to say,African American
4lpkYTTdzqMuaZ4qoLlUgA,Guest_6761,07/01/2011,5.0,"Great, laid-back atmosphere, terrific food. The ahi was good quality, as were the hummus and curry dip. We're going back for the peanut butter sandwiches.",Eastside,The Bricks,,9.66,35.0,1,65+,Prefer not to say,Caucasian
rPf97Sb-wcMOJ1XBO8M9EA,,27.06.2018,5.0,"Have come to The Bricks a few times as I wait for classes, there is wifi and it's a nice environment to sit, eat, grab a beer and do some homework. If I'm in Ybor for an extended period of time and have to wait, I usually try to make it here as much as I can.",Eastside,The Bricks,,2.75,18.6,2,36-45,Female,Other
P3PXmTyL5hzvqaCdJGk90w,,11/18/2015,5.0,"The Bricks of Ybor is a restaurant, bar, and coffee bar in Ybor City and also has live music and special events at times. It is affiliated with the SkatePark of Tampa (SpoT) which has a shop next door and there are skateboard decks mounted on the walls of The Bricks as artwork and they play skate videos on the TVs above the bar; as I'm a skater myself, this is if anything just the icing on the cake for me. 

However, The Bricks' ardent support of skateboarding would not be enough to garner a five-star review alone, but thankfully it measures up in all other regards. The interior atmosphere is lively, inviting, and unique. The waitstaff and bartenders are on point, outgoing, friendly, and most importantly, quite prompt. As to the food, it's fairly simply fare but very tasty and very well-prepared. Tacos, a variety of Cuban sandwich variants, and some salads compose the lion's share of the menu. I had the Bird & Pig Cuban sandwich and also an order of chips and queso dip. The queso was especially good, which impressed me because too often things like queso are simply after-thoughts at bar-type restaurants. The sandwich itself was also very good. They have a full bar with a good selection of bourbons and ryes and also an expectedly good selection of beer, with an emphasis on Tampa's local brews. The wine list also looked better than you'd think for a casual bar atmosphere. Overall, it's clear they're investing in quality here. 

While their skateboarding association was enough to grab my attention to The Bricks, their stellar food and service are what really sets them apart. Ybor has a reputation for food being hit or miss, as is the case with many touristy areas, but The Bricks I found to be simply and casual yet truly impressive.",Eastside,The Bricks,13.25,3.06,23.1,4,,Non-binary,
nAdvLArVs5EaKwrOvFXTuQ,Guest_8813,11/13/2014,5.0,I ordered the bird and pig with Asian slaw.. $10.   The sandwich is warm and pressed.  It has pulled chicken inside.  I was worried it would be dry.  IT'S NOT.  Very moist!  Thick cut bacon and thinly sliced green apple.there was also a mayo type sauce. .tasted a bit sweet...Boy was this sandwich great!!  The Asian slaw was delicately dressed with the careful handed use of sesame oil.   Fantastic!   And they have a large assortment of Florida brewed beers.  The Wynwood iPA was so flavorful and foam on top just pillowy.  Atmosphere relaxed.  Staff is friendly and service great.  I was here on a Thursday night about 6pm.  Nice and clean.,Eastside,The Bricks,13.09,2.89,22.1,3,18-25,Prefer not to say,Caucasian
qzgc5-lizZMqupW7ZR8qmQ,Guest_5868,2014-07-28,4.0,Seems like a good place ...very chill and low key..not my particular favorite food ( more on the healthy side) but still good quality food and service with a fun video game theme once a week ...good place to check out,Eastside,The Bricks,14.79,3.74,25.3,2,65+,,Native American
NOTAXpx4vcngxjIXyhHBrg,Guest_2487,13.09.2012,4.0,"I love the Bricks! We live in Ybor and this is one of our favorite lunch spots. I always have a hard time selecting between two sandwiches - The Elvis which is a peanut butter, banana and bacon sandwich or the Bird and Pig - roasted chicken, bacon, brie, apple, pressed on a Hawaiian sweet roll.

Bricks always offers weekly specials and featured drinks. The crowd is always fun and the staff is friendly.",Eastside,The Bricks,30.18,5.5,18.2,3,46-55,,Native American
0F7dbDBRCGYd3wFBuVpFMA,Guest_6800,28.07.2014,4.0,"What an eclectic hipster joint, right in the heart of Ybor. The restaurant name alone fits the atmosphere perfectly. The menu options are unique, what might sound like it wouldn't mesh on the palette ends up making you want seconds and if drinking enough-- thirds. This is a great place to have a drink and a scrumptious sandwich on a Sunday. I had the bird and pig, perfect combination of savory and sweet.",Eastside,The Bricks,25.99,3.46,13.3,2,65+,,Hispanic
xFxilqzpu6Xac1admnl7MA,,2015-09-28,4.0,,Eastside,The Bricks,43.3,9.1,21.0,2,18-25,,Asian
fRdKsfvptL0A4aFfVPkZQQ,,10/06/2013,5.0,"Came hungry and left full but not stuffed.  The goodness wrap was named appropriately.  Hummus with cucumber, tomato, lettuce, feta cheese and I added avocado was very flavorful.  No need for any sauce of any kind.  Had the potato salad as a side and though it was a bit bland, added  a little salt to it, it was still good.  Glad they don't add mayo to it and tasted home made for sure.  Nice ambience too, decorated for Halloween.  

I'm not a fan of TV's while dining, but will always give a pass when they have good tunes playing so don't have to listen to TV.  Only saw 2 servers on but it wasn't that busy on this Sunday afternoon.  Server was knowledgeable and personable so not sure why others complained about rudeness.  Saw none of that.",Eastside,The Bricks,26.88,5.96,22.2,3,26-35,Prefer not to say,Other
De-IwBjVk0Rkn1mGQ8GIbQ,,06.12.2011,5.0,,Eastside,The Bricks,22.61,3.78,16.7,5,46-55,Non-binary,Mixed
qzgc5-lizZMqupW7ZR8qmQ,,07/28/2014,4.0,,Eastside,The Bricks,19.64,2.43,12.3,2,26-35,Female,African American
hBzLjPySOBHDz0NiGf6SfQ,Guest_3209,2018-06-09,4.0,"Friendly service & neat building. Depending on the atmosphere you are looking for, the music is a bit loud.",Eastside,The Bricks,30.19,6.86,22.7,1,46-55,Prefer not to say,
mu7DWrjoa6b2yqcfH75QYw,Guest_8484,12/24/2016,1.0,"For days I have tried to put a side the terrible experience I had, I really don't like to put a bad review, but most of all I deeply appreciate when businesses treat everyone with respect and priority, and for some reason and actually for no reason.
I walked in and noticed I have to go to the bar for service, there were no available seats, so I stood at the beginning of the bar from the entrance, made an eye contact with the bar tender, 5 min passed he still didn't come to me so I looked over for a menu and grabbed it myself, shortly after he reached to me and took my order of drinks and food... 10 min passed and he didn't prepare my drinks, he left the bar area, and another guy came to replace him, he asked us if we needed help, I told him we already ordered, mean while I'm waiting and waiting and I see our server went to take out food for people, totally forgot about us, he could have at least tell the other two guys who were at the bar ( one of them was the owner) to make us the drink...
Then the owner came to me and he told me I should have told the guy that replaced him to make me the drinks, i told him how could I know it works that way?
And instead of trying to make excuses for why I don't have my drinks and blaming me for it, he obviously didn't care for what u had to say but I tried explain him how long I've been waiting and that I should have been taken care off and that he's been very rude for trying to excuse the situation instead of handling It property...
End of story, He got mad he said I'm the owner and that I'm not going to talk to him that way and he walked away from me!


So to sum it all up, I waited a while until I was served, the tender argued with me that chocolate always has milk inside ( just a lack of knowledge) the owner saw us waiting and waiting , looked at us while serving others, and than he got the nerve to be mad at me for being upset....!!!!",Eastside,The Bricks,18.62,3.51,18.8,4,,Female,
DadAufR2brJtQCCq_NsPcQ,Guest_2961,04.03.2012,4.0,"It was so difficult deciding what to order here. I was in the mood for a skanky chai latte, but the skinny bitch latte just had that calorie conscious ring to it.

After a bit of thought I decided, skanky it shall be!

This has got to be one of my favorite places in Tampa. I had never really put a pulse on ""hipster"" in Tampa, but I found the closest thing to it at Bricks. Plenty of space to lounge here with a nice offering that ranged from caffeinated beverages to brews and snacks.

I would have never typically thought to throw bacon on a peanut butter and banana sandwich and then drizzle with honey, but I'm glad someone did.
The Elvis sandwich is a hunka, hunka, burning yum!

I would give this place five stars all day, except for the fact that service is slow. Like, dial-up slow. Like larvae to butterfly metamorphosis slow. So slow in fact that on a pretty *slow* afternoon, it would take 20 minutes just to get an iced chai even though you have a clear view of queue and activity of the servers. So slow that from time of check request to actually receiving it, was about another 20 minutes.

While the laid back atmosphere is one of the things that makes this place so cool, it's also the incredibly laid back service that could put a damper on things if you're in a rush.",Eastside,The Bricks,,1.16,15.5,2,,Prefer not to say,Caucasian
EWgE8zamjHBz8CMRdLIHVw,Guest_7313,2011-12-03,4.0,"Lots of vegetarian options. The service was pretty fast. The skateboard wall was nice (Calvin & Hobbes represent!). The sandwich I got was a bit lacking in the flavor department. Really didn't know what to eat since I went here at night just before a binge of dancing and drinking. Didn't really feel into the peanut butter at that point in time. Next time I'll try their peanut butter creations, but I'll probably go for brunch or a late lunch since it seems the menu is more designed for that and not any pre-gaming.",Eastside,The Bricks,25.44,10.18,40.0,3,65+,Prefer not to say,Mixed
BCLvpd08Ci4Tcq-fIRhZdA,,08.08.2017,2.0,"Leaving this 2-star review in response to the food, not the place as a drinking/hangout spot...although the wine was crap, too. 2-Stars awarded for the Nintendo 64 and all of the nostalgia-worthy games, the decent choice of drafts (even if they were out of the draft I ordered), and the great service from the staff. The food, on the other hand, will make you wish you had eaten at home. My wife and I went out as a treat because we didn't feel like cooking, but the majority of our food was sub-par. I got the shrimp po-boy which was not a po-boy by definition (it was just shrimp on a crappy sandwich...no French bread, no Cajun sauce or even enough Cajun seasoning, and the shrimp was obviously frozen-thawed not fresh). One of the shrimps was even gray when I bit into it, and the sandwich itself smelled more like old fish than fresh shrimp. My wife got the Athena chicken sandwich and that was just so-so, with the overwhelming taste of feta disguising the low-quality factory chicken they use for the sandwich. The best part of our collective meals was the mixed greens we ordered as a side, so I wouldn't exactly recommend ordering food here unless you're completely hammered and taste is not a priority.",Eastside,The Bricks,,2.27,18.6,3,56-65,,Asian
1zcUh5uv1Qvv3mqYKC5QdA,Guest_8803,03/04/2017,4.0,,Eastside,The Bricks,17.95,3.31,18.5,1,,Female,
NYilSGDWsYrFnB2EpDRMFA,Guest_2403,04.02.2018,2.0,"My wife and I have visited twice, and another time with friends. While we like the food and beer choices, the service is inexcusably very slow. We visited on a Saturday afternoon around 5:00 and the place was only 1/3 full. Took a while for our server to greet us, arrived just when we were about to get up and leave. Ordered a beer for each of us and waited at least 10 minutes before I finally got up to ask the bartender about our drinks (after watching him not making any drinks for several minutes and serving a few others who just arrived at the bar). I could barely get the words out before he says they'll be right up. I sit back down, and he still doesn't pour them. We were about to leave again when another bartender made eye contact and she poured the drinks and brought them to us. While our waitress was friendly, she should have been checking on our drinks. Same slow experience with the other two visits, this time we are certain we will not be back.",Eastside,The Bricks,14.29,2.89,20.3,4,56-65,Non-binary,Caucasian
OWqNO-H7eAWJH7hsQfO0_A,,17.10.2016,,,Eastside,The Bricks,,4.29,19.3,2,,,Caucasian
Cf3QB0VEbdWFq94tZcWgTQ,Guest_2986,11/10/2017,5.0,"They seem to have expanded their menu or, I'm just imaging that and actually gave them another chance. Good beer selection. Great ambiance. More hip than some of the other bars. Accommodated my large party.",Eastside,The Bricks,37.07,5.43,14.6,3,,Non-binary,Mixed
Cbxf9vtQNVzMoch3s_AKTA,Guest_9455,30.05.2012,4.0,"I had a good time at The Bricks of Ybor. The servise is really spot on and the quality of the food's pretty good. I had the pulled pork sandwich. It was pretty good. Nothing memorable but what makes this place a four star place are the happy hour beer prices and the interesting art inside. I loved the star wars art throughout this place and particularly loved the berpo and ern2d2 painting. Friendly, fun crowd that looks like they're coming to a John Waters costume party.",Eastside,The Bricks,,1.77,15.3,2,,Male,
svHZLGNpGq3BvqCkeKI56g,Guest_9821,2017-01-29,1.0,"We waited an hour for our food.  No coffee refills the entire time.  We saw our food souring in the window for 20 minutes.  When we finally left the server said it couldn't be helped.  No apologies, no service, no food, no tip.",Eastside,The Bricks,,2.83,20.4,5,46-55,Male,Native American
dYKjSQ9ITqPgzkyglOGrJQ,Guest_4621,04/05/2018,5.0,,Eastside,The Bricks,9.74,0.0,0.0,3,46-55,,Other
mu7DWrjoa6b2yqcfH75QYw,,12/24/2016,1.0,"For days I have tried to put a side the terrible experience I had, I really don't like to put a bad review, but most of all I deeply appreciate when businesses treat everyone with respect and priority, and for some reason and actually for no reason.
I walked in and noticed I have to go to the bar for service, there were no available seats, so I stood at the beginning of the bar from the entrance, made an eye contact with the bar tender, 5 min passed he still didn't come to me so I looked over for a menu and grabbed it myself, shortly after he reached to me and took my order of drinks and food... 10 min passed and he didn't prepare my drinks, he left the bar area, and another guy came to replace him, he asked us if we needed help, I told him we already ordered, mean while I'm waiting and waiting and I see our server went to take out food for people, totally forgot about us, he could have at least tell the other two guys who were at the bar ( one of them was the owner) to make us the drink...
Then the owner came to me and he told me I should have told the guy that replaced him to make me the drinks, i told him how could I know it works that way?
And instead of trying to make excuses for why I don't have my drinks and blaming me for it, he obviously didn't care for what u had to say but I tried explain him how long I've been waiting and that I should have been taken care off and that he's been very rude for trying to excuse the situation instead of handling It property...
End of story, He got mad he said I'm the owner and that I'm not going to talk to him that way and he walked away from me!


So to sum it all up, I waited a while until I was served, the tender argued with me that chocolate always has milk inside ( just a lack of knowledge) the owner saw us waiting and waiting , looked at us while serving others, and than he got the nerve to be mad at me for being upset....!!!!",Eastside,The Bricks,31.14,8.38,26.9,2,,Non-binary,Mixed
xZnk3q-AHjpN6aSR_6Sqhg,Guest_7444,02.11.2011,,"They have a super friendly staff and a simple modern decor.

I enjoyed the Six Degrees of Kevin Bacon exhibit on display.

I got a really young and hip vibe from this place, and the sandwiches are amazing!",Eastside,The Bricks,16.83,2.85,16.9,4,26-35,,Other
NVGknCokupO-YGnK8vI5Kg,Guest_5430,2014-04-22,4.0,"Excellent service, trendy yet comfortable atmosphere, and very nice food. About half the items we requested weren't available b/c they're transitioning to a new menu.",Eastside,The Bricks,16.04,1.99,12.4,1,36-45,Male,Native American
NVGknCokupO-YGnK8vI5Kg,Guest_4296,2014-04-22,4.0,"Excellent service, trendy yet comfortable atmosphere, and very nice food. About half the items we requested weren't available b/c they're transitioning to a new menu.",Eastside,The Bricks,18.05,3.04,16.9,1,36-45,Male,Other
nAdvLArVs5EaKwrOvFXTuQ,Guest_7872,13.11.2014,5.0,I ordered the bird and pig with Asian slaw.. $10.   The sandwich is warm and pressed.  It has pulled chicken inside.  I was worried it would be dry.  IT'S NOT.  Very moist!  Thick cut bacon and thinly sliced green apple.there was also a mayo type sauce. .tasted a bit sweet...Boy was this sandwich great!!  The Asian slaw was delicately dressed with the careful handed use of sesame oil.   Fantastic!   And they have a large assortment of Florida brewed beers.  The Wynwood iPA was so flavorful and foam on top just pillowy.  Atmosphere relaxed.  Staff is friendly and service great.  I was here on a Thursday night about 6pm.  Nice and clean.,Eastside,The Bricks,32.77,6.65,20.3,2,,Non-binary,Mixed
zGNexIUL8EG3_hTXpSY_Iw,Guest_8499,09.05.2014,4.0,"I dined here for the first time with my daughter, who is a regular. We had the Hummus appetizer. I had the Bricks Club and she had the specialty Grilled Cheese. The food was fresh, tasty and full of flavor. The service was very good. The bottle of ice water they bring is a classy touch. The ambiance is eclectic. My daughter told me normally the place is full of hipsters, but the crowd was spare on the day we were there. The prices are reasonable and in line with the usual and customary norms for Tampa. I don't drink, but it looked like they have quite an assortment of craft beer available.",Eastside,The Bricks,17.27,3.44,19.9,2,46-55,Non-binary,Hispanic
De-IwBjVk0Rkn1mGQ8GIbQ,Guest_8744,06.12.2011,,"A must when you are in Ybor.  I ate and drank here multiple times a day for my 5 day trip to Tampa.  Every single meal was spectacular.  The Skinny bitch latte is perfect to start the day.  The proper grilled cheese is amazing, just wish they would have tomato soup to go along with it.  And you can't find better bartenders anywhere else in town.",Eastside,The Bricks,23.93,3.06,12.8,2,26-35,Non-binary,Asian
pOilCvNQPufxgGMlpFe44Q,Guest_5238,10/11/2010,5.0,"The Bricks completely lives up to the hype. Don't leave without trying their amazing Basil-infused lemonade!

Really chill cafe-like vibe, with a creative comfort food menu (peanut butter sandwiches!), and full table service.

In a few weeks they will be opening a quiet ""study hall"" space for laptop lurkers, making this a killer telecommute/study spot.",Eastside,The Bricks,39.78,13.92,35.0,2,56-65,Male,Native American
2umV3kR4UxjuYV4wU7Qw1w,Guest_3286,2014-02-07,4.0,"I've always thought the idea of apple on a sandwich (that didn't involve peanut butter) as completely preposterous, because sweet things do not belong on sandwiches! So what did I order at The Bricks? Naturally, the Bird and Pig - which features chicken, bacon, apple, brie and agave nectar. It was definitely sweet. And savory. And absolutely, positively to die for. I loved every scrumptious bite of it.... except for the dry chicken breast. I'm not sure if it was just old, but either way it was dry and disappointing. Next on the menu was the deluxe grilled cheese sandwich, which was all sorts of yummy cheese, smothering deliciuos garden fresh basil (wow!), spinach and tomato. The first bite of this sandwich was knock-your-socks-off. The basil really stands out and it definitely warranted an audible moan. The next few bites weren't as spectacular, but I still loved the sandwich. I'd go with the Bird and Pig again if I had to choose. While we waited, we treated our faces to black bean dip (suggested by the waiter) and we enjoyed it. If you like black bean dip, then you'll like this one. We washed all of that down with a glass of liquid heroin, and all was right with the world. The end. Oh, and the servic - spot on. The place is cute, the staff is attentive, and it's clear this place easily doubles as a comfy daytime spot and a lovely night spot - if that's your kinda thing.",Eastside,The Bricks,26.94,5.66,21.0,2,,Female,African American
3FfhPCMT5T2e369qqYfV7g,,10.09.2015,4.0,"The Bricks has a super cool vibe. I've visited multiple times for dinner and once for drinks. I'm always impressed with their sandwiches and other food. Normally everything is very fresh and tasty. They have a good sized line up of craft beers most of them local to the area, which is something I'm always looking for. 

It's sort of a dive-y location on the outskirts of the main part of Ybor. Late night they have a small menu of appetizers/small plates and have a DJ. It's clientele leads to some awesome people watching. 

All in all, definitely worth a try. It's not super fancy, so it's perfect for a casual dinner or a new place to try to grab a beer (there's a full bar as well).",Eastside,The Bricks,21.84,0.0,0.0,2,,Female,Caucasian
0F7dbDBRCGYd3wFBuVpFMA,Guest_7019,07/28/2014,4.0,"What an eclectic hipster joint, right in the heart of Ybor. The restaurant name alone fits the atmosphere perfectly. The menu options are unique, what might sound like it wouldn't mesh on the palette ends up making you want seconds and if drinking enough-- thirds. This is a great place to have a drink and a scrumptious sandwich on a Sunday. I had the bird and pig, perfect combination of savory and sweet.",Eastside,The Bricks,,7.5,25.5,2,65+,Non-binary,African American
4zK6gMub9v__3lsr9FU7KQ,Guest_6466,01/18/2015,5.0,,Eastside,The Bricks,14.91,5.97,40.0,2,26-35,Prefer not to say,Caucasian
6W_KEeCPnxjcuD6u4UXi0Q,Guest_7646,06/18/2017,5.0,"Came for Father's day brunch, and will definitely come back. great selection of vegetarian food.  Veggie Cuban and cheese grits were awesome. .and service was so good!",Eastside,The Bricks,6.46,1.13,17.4,3,26-35,Female,Mixed
GsLZMdhl4PB0hqtQY9nK0Q,Guest_8228,2015-04-15,,"How can you not like this place? Fresh water upon arrival followed by healthy food with a twist. The service has always been exemplary so no complaints there. This is one of the few joints in Tampa that can appease an array of crowds - hipsters love the decor, drink selections, etc.; geriatrics enjoy the healthy food portions, friendliness, etc.; and out-of-towners relish the overall uniqueness of the place. This is beyond highly recommended.",Eastside,The Bricks,44.49,8.63,19.4,4,18-25,Prefer not to say,Caucasian
DadAufR2brJtQCCq_NsPcQ,Guest_5055,03/04/2012,,,Eastside,The Bricks,8.87,0.66,7.5,2,18-25,Male,Native American
hBzLjPySOBHDz0NiGf6SfQ,Guest_7349,06/09/2018,4.0,"Friendly service & neat building. Depending on the atmosphere you are looking for, the music is a bit loud.",Eastside,The Bricks,14.28,2.92,20.4,6,18-25,Prefer not to say,Asian
NOTAXpx4vcngxjIXyhHBrg,Guest_9024,13.09.2012,4.0,,Eastside,The Bricks,15.22,3.17,20.8,4,,Male,Mixed
zs4OcjXPJOkdhKV_CtRgpQ,Guest_6039,11.06.2014,4.0,"One of my favorite spots to swing by while in the Ybor area, either with a group of friends or alone, as they do have a lot of space to bring out your laptop to work or read. Since I usually come during the workday for lunch, I'm a big fan of their specialty coffee drinks. They have a very unique one - espresso lemonade - which I got to try on my last visit. The bitterness was cancelled out by the lemonade and it was delicious. The Bricks has a good choice of apps/salads/sandwiches and I also tried a spicy chorizo, creamed soup, which my server recommended, and he was right-on point with this pick. If you're in Ybor please make sure you stop by here...it's vegan/vegetarian friendly and just has a good all-around vibe inside.",Eastside,The Bricks,18.95,5.34,28.2,2,26-35,Prefer not to say,Mixed
R_A16STMTt2oZGmpH0R0lA,,09/12/2012,3.0,"We went at a slow time on a weekday afternoon for a late lunch because we were all wanting sandwiches. So between us all we had: the Bird & Pig, BBQ quesadilla, ahi BLT, clubhouse and kids pbj. All the sandwiches were great! Service was a bit slow though. If I was in the area again I may try again but I would not go out of my way to eat here.",Eastside,The Bricks,17.9,2.62,14.6,3,36-45,,African American
_aJ77lzyw1BhFqRU-wPwhA,Guest_3608,2012-03-02,4.0,,Eastside,The Bricks,20.91,3.21,15.3,2,56-65,Male,Caucasian
svHZLGNpGq3BvqCkeKI56g,,2017-01-29,1.0,"We waited an hour for our food. No coffee refills the entire time. We saw our food souring in the window for 20 minutes. When we finally left the server said it couldn't be helped. No apologies, no service, no food, no tip.",Eastside,The Bricks,27.79,9.73,35.0,2,,Prefer not to say,
gHUkEhOWnsgHft9SzkSiZQ,Guest_7223,2015-12-24,4.0,,Eastside,The Bricks,9.04,1.95,21.6,3,36-45,Non-binary,Other
J6PwgKRAnTAfSCqKSBq-bg,Guest_7071,08.08.2015,4.0,"Great craft beers, friendly bartenders, and AMAZING, delicious food. The vegetarian Cuban sandwich was wonderful!",Eastside,The Bricks,17.39,3.02,17.4,1,46-55,Prefer not to say,
asr6SiNjIrpTrGwMeBp9Pg,,03.07.2015,5.0,"Great environment, good assortments of beers, funky people, board games, chill vibes, Monday Game nights and random parties, outside patio, great coffee, try liquid heroin coffee, one of my favorite places in town",Eastside,The Bricks,21.29,0.0,0.0,6,56-65,Non-binary,African American
vHLviczaBYS88UGWFWC8Qg,Guest_6253,03.03.2013,5.0,"staff is awesome and food is damn good. drinks are a reasonable price and Andrew always has something awesome/weird playing on the TV. If the independent were cooler, it would be the Bricks. 

One of the gods invented the bird and pig. Definitely get that.The cure is pretty tasty too, I'd eat it again. 

The place has cool wall art, a comfortable back patio, and Paper Mario characters on the bathroom doors. Have to appreciate the subtle nerdiness.",Eastside,The Bricks,18.37,0.0,0.0,2,46-55,Non-binary,Caucasian
2a8_Q5XhjoQHaZ_KtISZuQ,Guest_8668,12/09/2012,4.0,"Since moving to Tampa about three weeks ago, I have found some ridiculously good restaurants thanks to Yelp and friends' recommendations. 

The Bricks has been on my list of places to try for a while now, and I finally made it last night. 

My friend & I walked in and were greeted immediately by the staff who told us to sit where we wanted. The place was fairly empty on a Tuesday at 7pm. I've heard it's packed on weekends, so perhaps going on off-nights is key. 

We started off with the Bricklayer, a fancy name for extra delicious nachos that are topped with queso, avocado cream, olives, and jalapeños. The salsa that comes on the side is awesome - super fresh, flavorful, and not too watery. This is a big appetizer and probably a bit too much for two girls before dinner. If I ordered it again, it would be as a bar snack rather than an app. 

For dinner, I had to try the Bird & the Pig. Wow - that pressed sweet bread combined with the salty bacon and chicken, paired with crisp apples and agave nectar? Yeah, the distinct flavors come together nicely to create one hell of a sandwich. 

I tasted my friend's black bean burger and liked that, too. 

The only thing I tasted that didn't blow me away was the roasted potato salad I got on the side. I'll probably just go with the mixed greens salad next time. 

Aside from the food, the environment is cool, too. I really liked all the local artists' work adorning the walls. 

There is ample parking nearby, including a garage on 15th that only charges $1 for the first 3 hours.",Eastside,The Bricks,11.1,2.02,18.2,3,65+,Non-binary,African American
rPf97Sb-wcMOJ1XBO8M9EA,Guest_3788,2018-06-27,5.0,"Have come to The Bricks a few times as I wait for classes, there is wifi and it's a nice environment to sit, eat, grab a beer and do some homework.  If I'm in Ybor for an extended period of time and have to wait, I usually try to make it here as much as I can.",Eastside,The Bricks,23.52,3.02,12.8,5,,Prefer not to say,Asian
OWqNO-H7eAWJH7hsQfO0_A,Guest_7797,17.10.2016,5.0,"Bird and Pig and the Tuna BLT are awesome!  Delicious cold beer. Thanks for the recommendation, Yelp!",Eastside,The Bricks,,3.93,14.5,1,46-55,Female,Caucasian
GqJahjGcKfiFxfA7oCnvCg,Guest_4916,05/21/2016,4.0,A good watering hole. Beer and coffee are decent!  Try UNITA REady Set Gose and UNITA summer ale.,Eastside,The Bricks,13.04,2.17,16.6,2,18-25,Male,Hispanic
ZqzXpRt9FsPQUDCNmvj0ew,Guest_9569,25.02.2017,4.0,"Really like the Bricks. Always a new experience when i go. The coffee, good. The cocktails, better! The ambiance is hip. The food is pretty good too.",Eastside,The Bricks,,2.0,12.4,2,,Female,Native American
ADodUkepU3OyY-G5zZk7yA,,15.10.2012,3.0,This place is fun! I like the staff and the vibe. Food is okay. Beer selection is okay. Great happy hour on wine once a week. 3.5 stars is more appropriate for this place.,Eastside,The Bricks,33.27,3.83,11.5,5,56-65,Female,Mixed
uVRXElOZDBO2TXq_gveXYA,Guest_4957,03/21/2013,5.0,"Where do i start with this place!
I love that they have local art on the walls/ always doing art shows 

the staff that works there always rocking smiles talking to all the guess a all around good atmosphere vibe

I tip my hat to the head chef (Chef Ben) The food is always on point and i like when the cooks yell ""ORDER UP"" hahaha 

I can wright a book about how awesome this place is 

KEEP UP THE GOOD WORK and SEE YOU SOON!",Eastside,The Bricks,10.67,1.7,16.0,2,46-55,Prefer not to say,Other
OWqNO-H7eAWJH7hsQfO0_A,Guest_9801,17.10.2016,5.0,"Bird and Pig and the Tuna BLT are awesome!  Delicious cold beer. Thanks for the recommendation, Yelp!",Eastside,The Bricks,22.4,5.28,23.6,2,36-45,Male,
UmA-9d4M4x8F5UKkVCAjEg,Guest_3009,2015-01-19,5.0,,Eastside,The Bricks,18.4,2.24,12.2,2,65+,,Hispanic
zs4OcjXPJOkdhKV_CtRgpQ,Guest_8709,2014-06-11,4.0,"One of my favorite spots to swing by while in the Ybor area, either with a group of friends or alone, as they do have a lot of space to bring out your laptop to work or read.

Since I usually come during the workday for lunch, I'm a big fan of their specialty coffee drinks. They have a very unique one - espresso lemonade - which I got to try on my last visit. The bitterness was cancelled out by the lemonade and it was delicious.

The Bricks has a good choice of apps/salads/sandwiches and I also tried a spicy chorizo, creamed soup, which my server recommended, and he was right-on point with this pick.

If you're in Ybor please make sure you stop by here...it's vegan/vegetarian friendly and just has a good all-around vibe inside.",Eastside,The Bricks,20.34,2.79,13.7,2,26-35,,Asian
TCzaF5Lj0NLoCQuIujEzJg,Guest_8950,11/30/2014,4.0,"We were greeted by a very pretty waitress that made us feel like we had chosen the right place. We were then turned over to a nice gentleman that took our orders with a polite smile. We are vegetarians and there were lots of options. We settled for the salsa and house made avocado sauce with corn chips  and we split their famous black star black bean burger... Yesss!! The food presentation was that of fine dining and the food was very pleasing to our pallets. 
We give The Bricks 4 stars and would recommend to anyone who plans to visit Tampa",Eastside,The Bricks,32.71,11.45,35.0,2,,Prefer not to say,
jrGMuHix2T4NvxVmR0yF_g,Guest_3148,02/27/2013,,,Eastside,The Bricks,17.8,2.23,12.5,4,,Prefer not to say,Hispanic
dFgGps6gQQbWoKOR60X72w,Guest_3084,2012-03-02,5.0,,Eastside,The Bricks,,2.21,15.1,2,26-35,,
eWzgGaazlADYOBS_hzFLtA,Guest_7270,09.05.2014,4.0,"Tasty place to grab a unique sandwich or something else with some tasty beer. I love the decor in this resturant, as it seems to marry bricks, random tomfoolery, and nerdiness quite well. I've enjoyed most things there. The Bird and Pig was quite good as well as their veggie burger. They also have lots of theme nights, but I've never been to one.",Eastside,The Bricks,,12.01,19.4,2,36-45,Non-binary,Other
NYilSGDWsYrFnB2EpDRMFA,Guest_4475,02/04/2018,2.0,"My wife and I have visited twice, and another time with friends. While we like the food and beer choices, the service is inexcusably very slow. We visited on a Saturday afternoon around 5:00 and the place was only 1/3 full. Took a while for our server to greet us, arrived just when we were about to get up and leave. Ordered a beer for each of us and waited at least 10 minutes before I finally got up to ask the bartender about our drinks (after watching him not making any drinks for several minutes and serving a few others who just arrived at the bar). I could barely get the words out before he says they'll be right up. I sit back down, and he still doesn't pour them. We were about to leave again when another bartender made eye contact and she poured the drinks and brought them to us. While our waitress was friendly, she should have been checking on our drinks. Same slow experience with the other two visits, this time we are certain we will not be back.",Eastside,The Bricks,19.01,6.65,35.0,2,18-25,,African American
0XuENPl2FwekIfu9M-1jDw,Guest_1237,03.09.2018,1.0,"Terrible selection of food. No ""real sweet tea"" first and last time visit"" anywhere that doesn't carry real sweet tea automatic gets a 1*",Eastside,The Bricks,42.75,7.94,18.6,2,65+,Prefer not to say,Mixed
C5VBfvKrFBGl7uhEONk8OA,Guest_9670,09.02.2017,5.0,"Great bar/café! Such a great place to hang, inside is beautiful and outside you can hear nice music while having a coffee and a cig! Definitely coming back! Loved it",Eastside,The Bricks,23.55,2.78,11.8,3,,Non-binary,Caucasian
ylcQSUvE8VHikFz_gWIWWQ,,08/19/2017,5.0,"This is THE BEST spot for food and drinks in Ybor.  The drinks are amazing and the food is top notch. Cool, laid back atmosphere and amazing bar!! All of the staff are helpful and accommodating!! Best happy hour!!!",Eastside,The Bricks,,5.45,19.8,2,56-65,,
8_4B-G7i1ETKqsNLEiaXfw,Guest_1197,2011-10-27,4.0,Loved the Mediterranean Grilled Cheese sandwich! Nice casual atmosphere. On the end of the strip so it is very convenient to get to during lunch hour. Looking forward to trying something else on the menu.,Eastside,The Bricks,54.36,6.92,12.7,3,18-25,,African American
vHLviczaBYS88UGWFWC8Qg,Guest_4614,03.03.2013,,"staff is awesome and food is damn good. drinks are a reasonable price and Andrew always has something awesome/weird playing on the TV. If the independent were cooler, it would be the Bricks. 

One of the gods invented the bird and pig. Definitely get that.The cure is pretty tasty too, I'd eat it again. 

The place has cool wall art, a comfortable back patio, and Paper Mario characters on the bathroom doors. Have to appreciate the subtle nerdiness.",Eastside,The Bricks,,1.88,19.1,4,36-45,Non-binary,Native American
IdUkBQcMt0460g5W1LCZmg,Guest_6250,20.01.2014,4.0,,Eastside,The Bricks,22.54,5.6,24.8,2,18-25,Non-binary,
miIwXNa5O-ILZaN_S3EH2g,Guest_4557,2014-02-24,4.0,"I'm definitely a fan.  The food/drinks are always stellar and while the staff is super friendly, the only issue with The Bricks is the time it takes to order/be served.  

It isn't like the servers are slow either, they are clearly working their assess off running from table to table, so maybe it is that people have called in sick the couple of times I've been in recently and they had to work twice as hard but a Sunday lunch shouldn't take 3 hours.  

Now that my complaining is out of the way, the restaurant itself is super groovy.  The kitchen is on full display so no crazy stories of chefs putting anything crazy into your food here.  And they look like they are having a great time while they prepare meals (whether they are or not, I love to see people enjoy what they do).  I normally get draft beer but their cocktails look really interesting and innovative.  

At lunch, I normally get the ""Goodness"" which is a hummus wrap and it comes with a choice of a side ($8).  Don't bother being wishy-washy on the side, get the Asian slaw, it is delicious, and if available I would order as a meal.  The wrap was good but the star was the slaw.  Thai, pea-nutty, goodness:)

I've gotten the Elvis before ($8) and it was delicious but something I can make a home.  I ordered it without bacon.  

My husband ordered the burrito and loved it as well ($9).  Others at our table raved about the Chicken and the Pig, The BBQ pork, and The Cure sandwiches.  Everyone really liked their food.  

The Bricks really is a great spot on the 7th Avenue strip, perfect for late night people watching that make Ybor awesome and also out of the way enough to not feel like it's distinctly part of the Ybor scene.",Eastside,The Bricks,10.56,1.33,12.6,6,56-65,Female,Native American
dDKRtNXR8JJAz4x_ZCGo3g,Guest_4402,05/29/2014,4.0,"Great location, cool atmosphere! The food was a fairly priced for the quality, which was good. I had the pulled pork tacos and they were not skimpy, fully stuffed and filling for $6. Great draft beer selection but it was a buck or two overpriced compared to other craft beer places. The two waitresses were very nice and pleasant. It was slow when we got there and them boom it was packed, they didn't forget about us but we did have to track her down for our last beer. I will be back for sure!",Eastside,The Bricks,27.59,6.54,23.7,2,,Female,Asian
79szQCU8GqpMZYtRX2rKvw,Guest_9261,07.11.2017,3.0,"This is more of a drinking place than dinner. I didn't enjoy dining here at all, the service was slow and the acoustics of the place made It impossible to have a conversation. The veggie cubano was pretty good and the drinks were strong though.",Eastside,The Bricks,13.17,2.19,16.7,2,,Prefer not to say,
2umV3kR4UxjuYV4wU7Qw1w,,02/07/2014,4.0,"I've always thought the idea of apple on a sandwich (that didn't involve peanut butter) as completely preposterous, because sweet things do not belong on sandwiches!  

So what did I order at The Bricks?  Naturally, the Bird and Pig - which features chicken, bacon, apple, brie and agave nectar.   It was definitely sweet.  And savory.  And absolutely, positively to die for.  I loved every scrumptious bite of it.... except for the dry chicken breast.  I'm not sure if it was just old, but either way it was dry and disappointing.

Next on the menu was the deluxe grilled cheese sandwich, which was all sorts of yummy cheese, smothering delicious garden fresh basil (wow!), spinach and tomato.   The first bite of this sandwich was knock-your-socks-off.  The basil really stands out and it definitely warranted an audible moan.  The next few bites weren't as spectacular, but I still loved the sandwich.  I'd go with the Bird and Pig again if I had to choose.

While we waited, we treated our faces to black bean dip (suggested by the waiter) and we enjoyed it.  If you like black bean dip, then you'll like this one.  

We washed all of that down with a glass of liquid heroin, and all was right with the world.

The end.

Oh, and the service - spot on.  The place is cute, the staff is attentive, and it's clear this place easily doubles as a comfy daytime spot and a lovely night spot - if that's your kinda thing.",Eastside,The Bricks,41.39,11.34,27.4,4,18-25,,Hispanic
ntNxLQQTBZhYVGZpvUQYzw,,08.09.2016,5.0,,Eastside,The Bricks,23.14,4.41,19.1,3,18-25,Non-binary,African American
uoiQHg2o0l9eNvOESYq1UA,,03/07/2016,1.0,,Eastside,The Bricks,5.9,1.06,18.0,3,,Non-binary,Hispanic
R_A16STMTt2oZGmpH0R0lA,Guest_3627,09/12/2012,3.0,"We went at a slow time on a weekday afternoon for a late lunch because we were all wanting sandwiches. So between us all we had: the Bird & Pig, BBQ quesadilla, ahi BLT, clubhouse and kids pbj. All the sandwiches were great! Service was a bit slow though. If I was in the area again I may try again but I would not go out of my way to eat here.",Eastside,The Bricks,20.1,2.93,14.6,4,56-65,Prefer not to say,Hispanic
Cbxf9vtQNVzMoch3s_AKTA,Guest_8232,05/30/2012,4.0,"I had a good time at The Bricks of Ybor. The service is really spot on and the quality of the food's pretty good. I had the pulled pork sandwich. It was pretty good. Nothing memorable but what makes this place a four star place are the happy hour beer prices and the interesting art inside. I loved the star wars art throughout this place and particularly loved the berpo and ern2d2 painting. Friendly, fun crowd that looks like they're coming to a John Waters costume party.",Eastside,The Bricks,16.7,1.83,11.0,5,56-65,Female,Mixed
79szQCU8GqpMZYtRX2rKvw,Guest_9935,07.11.2017,3.0,,Eastside,The Bricks,7.68,1.01,13.2,2,46-55,Male,Caucasian
OgVW9QTtF4aAHFTTc0x2rA,Guest_7930,2013-02-22,3.0,"I had high expectations when I went to this place recently after some recommendations from friends. We visited on a night when there weren't very crowded so it was nice to be able to have such an attentive waitress and servise. I was a bit disappointed when I didn't find as much on the menu as I would have liked to have seen that would appeal to me. I guess I have become very picky with my Yelp addiction in terms of scrutinizing every establishment I go to pretty thoroughly. I ordered the hummus appetizer for the table and was very pleased at the quality of the dish. For my entree I ordered their Bricks Salad which had plenty of fresh produce packed in. I ordered a double portion of chicken for it, which still seemed pretty skimpy especially since I was charged for that request. Overall, I'd say this is probably one of Ybor's lesser known spots as its more on the western edge of the main strip, yet it seems very lively and upbeat. I did like that they had featured lots of artwork by various local artists that were on display and offerred for sale. Not a bad place to hang out and have a drink if you're looking for a lower key outing in the Ybor area.",Eastside,The Bricks,62.36,12.27,19.7,4,26-35,Non-binary,Other
8_4B-G7i1ETKqsNLEiaXfw,Guest_8855,10/27/2011,4.0,Loved the Mediterranean Grilled Cheese sandwich! Nice casual atmosphere. On the end of the strip so it is very convenient to get to during lunch hour. Looking forward to trying something else on the menu.,Eastside,The Bricks,38.62,6.57,17.0,2,65+,Non-binary,
EWgE8zamjHBz8CMRdLIHVw,Guest_7768,03.12.2011,4.0,"Lots of vegetarian options. The servic was pretty fast. The skateboard wall was nice (Calvin & Hobbes represent!). The sandwich I got was a bit lacking in the flavor department. Really didn't know what to eat since I went here at night just before a binge of dancing and drinking. Didn't really feel into the peanut butter at that point in time. Next time I'll try their peanut butter creations, but I'll probably go for brunch or a late lunch since it seems the menu is more designed for that and not any pre-gaming.",Eastside,The Bricks,37.3,4.34,11.6,3,56-65,Non-binary,Hispanic
11LaR_wnmQpNf7fD6d6n1Q,Guest_2113,12.11.2014,4.0,I love this place.  Everything I've had seems really fresh.  The hummus is really tasty and the ambiance is nice and relaxed.,Eastside,The Bricks,14.36,2.65,18.4,2,56-65,Non-binary,Hispanic
jE2zHov_2Eii9XrrmkSV5g,,2012-06-28,3.0,"Visited The Bricks this evening for dinner with a group of 6 and I think I can say we all enjoyed our experience  - I give it a solid 3-stars because I wasn't blown away by the food, ambiance or service but all were good if not a little above average. 

I started with an Old Fashioned which was sadly, quite watered down.  The table started with the Bricklayer Nachos which were good and a pretty decent size portion too.  For my dinner I had the Mediterranean Grilled Cheese - feta and mozzarella cheese, olive tapenade, baby spinach and portabello mushroom pressed in a piece of flatbread.  The first few bites were enjoyable but about a quarter of the way into it I realized how SALTY it was.  Unfortunately, it was a little one-note and better in concept than in execution in my opinion. 

Our waitress was pleasant and split the check 6-ways without us even having to ask, which I thought was really nice of her.  Atmosphere was unique but nothing worth coming back for.

Also, worth noting - The Bricks doesn't have its own parking lot so you'll have to find street parking (good luck), a paid parking lot lot or one of the local parking garages.",Eastside,The Bricks,12.14,4.25,35.0,3,36-45,Prefer not to say,Caucasian
6W_KEeCPnxjcuD6u4UXi0Q,,18.06.2017,5.0,"Came for Father's day brunch, and will definitely come back. great selection of vegetarian food. Veggie Cuban and cheese grits were awesome. .and srvice was so good!",Eastside,The Bricks,12.21,1.65,13.5,2,,Female,Hispanic
EWgE8zamjHBz8CMRdLIHVw,Guest_7033,2011-12-03,4.0,"Lots of vegetarian options. The srvice was pretty fast. The skateboard wall was nice (Calvin & Hobbes represent!). The sandwich I got was a bit lacking in the flavor department. Really didn't know what to eat since I went here at night just before a binge of dancing and drinking. Didn't really feel into the peanut butter at that point in time. Next time I'll try their peanut butter creations, but I'll probably go for brunch or a late lunch since it seems the menu is more designed for that and not any pre-gaming.",Eastside,The Bricks,,2.27,19.7,1,,Prefer not to say,African American
eoFZMOL0XJ9yF8sW3OChIw,Guest_1940,11/19/2017,4.0,"Yummy food, good vibes, & nice service. Music wasn't too loud. Could hold a conversation without hearing everyone else's. 

I had the Bird & Pig (the way it comes) with the Mac & Cheese. 

I also had the Hukilau. Not a fan. It sounded sweeter than it was. Still giving it a 4 for the food service and atmosphere. It's not their fault I didn't like the alcohol. 

Had a quick bite of the nachos and may have to orders those for the table next visit.",Eastside,The Bricks,17.63,4.2,23.8,3,,Prefer not to say,Caucasian
uVRXElOZDBO2TXq_gveXYA,Guest_4281,2013-03-21,5.0,"Where do i start with this place! I love that they have local art on the walls/ always doing art shows the staff that works there always rocking smiles talking to all the guess a all around good atmosphere vibe I tip my hat to the head chef (Chef Ben) The food is always on point and i like when the cooks yell ""ORDER UP"" hahaha I can wright a book about how awesome this place is KEEP UP THE GOOD WORK and SEE YOU SOON!",Eastside,The Bricks,18.23,2.7,14.8,3,,Female,Native American
miIwXNa5O-ILZaN_S3EH2g,Guest_5264,02/24/2014,,"I'm definitely a fan. The food/drinks are always stellar and while the staff is super friendly, the only issue with The Bricks is the time it takes to order/be served. It isn't like the servers are slow either, they are clearly working their assess off running from table to table, so maybe it is that people have called in sick the couple of times I've been in recently and they had to work twice as hard but a Sunday lunch shouldn't take 3 hours. Now that my complaining is out of the way, the restaurant itself is super groovy. The kitchen is on full display so no crazy stories of chefs putting anything crazy into your food here. And they look like they are having a great time while they prepare meals (whether they are or not, I love to see people enjoy what they do). I normally get draft beer but their cocktails look really interesting and innovative. At lunch, I normally get the ""Goodness"" which is a hummus wrap and it comes with a choice of a side ($8). Don't bother being wishy-washy on the side, get the Asian slaw, it is delicious, and if available I would order as a meal. The wrap was good but the star was the slaw. Thai, pea-nutty, goodness:) I've gotten the Elvis before ($8) and it was deliciuos but something I can make a home. I ordered it without bacon. My husband ordered the burrito and loved it as well ($9). Others at our table raved about the Chicken and the Pig, The BBQ pork, and The Cure sandwiches. Everyone really liked their food. The Bricks really is a great spot on the 7th Avenue strip, perfect for late night people watching that make Ybor awesome and also out of the way enough to not feel like it's distinctly part of the Ybor scene.",Eastside,The Bricks,8.62,1.35,15.6,1,,Prefer not to say,Mixed
UmA-9d4M4x8F5UKkVCAjEg,,19.01.2015,5.0,"Great atmosphere and service, food and drinks were excellent. Everything was fresh.  Bird and the pig sandwich was delicious, also the pacific rim. Will return soon.",Eastside,The Bricks,25.88,4.11,15.9,3,65+,,Caucasian
P-lZE6cZgfWkojreLiu7Vg,Guest_6056,15.03.2017,4.0,The Bricks is a tasty restaurant for lunch with a cool and unique Ybor City atmosphere along with friendly service! The only reason it didn't get 5 stars is because it is a little pricey for the quantities.,Eastside,The Bricks,9.46,1.07,11.3,2,26-35,Prefer not to say,Caucasian
asr6SiNjIrpTrGwMeBp9Pg,Guest_6832,2015-07-03,5.0,"Great environment, good assortments of beers, funky people, board games, chill vibes, Monday Game nights and random parties, outside patio, great coffee, try liquid heroin coffee, one of my favorite places in town",Eastside,The Bricks,27.42,0.0,0.0,5,,Non-binary,Mixed
OWqNO-H7eAWJH7hsQfO0_A,Guest_3338,10/17/2016,5.0,"Bird and Pig and the Tuna BLT are awesome! Delicious cold beer. Thanks for the recommendation, Yelp!",Eastside,The Bricks,15.13,3.48,23.0,8,65+,Female,
4Wxmz2w4cbaOepnIwcI1ig,Guest_3713,2014-12-23,5.0,,Eastside,The Bricks,17.06,3.2,18.8,1,18-25,Non-binary,
Y95YeYL9jxYcdkQgsTNzNg,Guest_7818,11.09.2017,4.0,"I have actually never been inside the restaurant but have ordered from them through delivery services a bunch of times. The Brick Layer Nachos are fantastic, I love the salsa they use on them. They also make a good veggie Cuban.",Eastside,The Bricks,26.04,3.69,14.2,2,18-25,Non-binary,Hispanic
t6OmnU6qlaPS2BzDnMS28w,Guest_7485,2018-05-20,5.0,"My favorite drinks place to imbibe before a show in Ybor. Kyle is spot on every time with what is seemingly the exact thing I want before I even know it. Also, the nachos. Trust me!",Eastside,The Bricks,12.71,2.3,18.1,5,,,Other
GsLZMdhl4PB0hqtQY9nK0Q,Guest_3775,2015-04-15,5.0,,Eastside,The Bricks,28.18,4.7,16.7,5,36-45,,Native American
I3nDwvABhYqKdcxpN6_eaA,Guest_2366,23.04.2014,,"Easily my favorite overall spot in Ybor. The food is freaking amazing, the staff is awesome and know their booze/beer, and it just has a great feel.",Eastside,The Bricks,19.86,3.38,17.0,1,46-55,,Mixed
siwaa7bmNx91IxRVWwhp3g,Guest_4733,2014-05-29,4.0,,Eastside,The Bricks,20.41,4.59,22.5,1,,Male,Asian
ntNxLQQTBZhYVGZpvUQYzw,Guest_4333,09/08/2016,5.0,My favorite lunch spot in Ybor. Best greek salad of all time. Great service.,Eastside,The Bricks,17.56,2.4,13.6,5,,,Asian
pOilCvNQPufxgGMlpFe44Q,Guest_2257,10/11/2010,,"The Bricks completely lives up to the hype. Don't leave without trying their amazing Basil-infused lemonade! Really chill cafe-like vibe, with a creative comfort food menu (peanut butter sandwiches!), and full table service. In a few weeks they will be opening a quiet ""study hall"" space for laptop lurkers, making this a killer telecommute/study spot.",Eastside,The Bricks,,5.86,20.0,2,18-25,,Mixed
94N0yL4NknDfB4JITXlUWA,Guest_7471,06/21/2015,,Just went there yesterday for brunch... I've had a ton of grilled cheese sandwiches but this makes my top five. Loved the atmosphere. So happy we gave this restaurant a chance.,Eastside,The Bricks,22.82,2.64,11.6,3,,Female,Hispanic
4Wxmz2w4cbaOepnIwcI1ig,Guest_8928,23.12.2014,5.0,"While I was in Tampa for the last 2 years, The Bricks was a second home. Great food and even greater people. I moved back to Seattle and left making friends. Wish I could've brought The Bricks and my new friends back with me. Definitely a place for locals and visitors to check out!",Eastside,The Bricks,13.67,2.85,20.9,6,,Male,African American
Cf3QB0VEbdWFq94tZcWgTQ,Guest_6246,10.11.2017,5.0,"They seem to have expanded their menu or, I'm just imaging that and actually gave them another chance. Good beer selection. Great ambiance. More hip than some of the other bars. Accommodated my large party.",Eastside,The Bricks,33.0,6.6,20.0,2,56-65,Male,Caucasian
eWzgGaazlADYOBS_hzFLtA,Guest_8584,05/09/2014,4.0,,Eastside,The Bricks,23.77,4.21,17.7,3,36-45,Female,African American
OkD1Hn96bO8NYIClN6bvyA,Guest_2863,24.01.2018,4.0,"2 words THE CURE! I ended up here after a night of one too many drinks (it happens). A friend recommended this place for a hang over cure! She was not mistaken! After reviewing their menu, which seemed a bit obnoxious, (I'm talking quirky names that require you read the description to be able to decipher what you're eating) I settled on the sandwich with an egg on it! Im a sucker for a runny egg on just about anything! Messy eggs, bacon, mozzarella, jalapeño aioli, on toasted cuban bread; this holy grail of a sandwich is called THE CURE! I have been back a few times to this establishment just for this sandwich, the mimosas too. Oh yea they have liquor so you can totally have drinks here. 

The ambience is very chill. There are a good amount of tables inside and bar seating; no outside seating. I have been here on a Sunday for brunch and found it to be pretty family/kid friendly. The whole place and most of the staff is painfully hipster but it works. The bathrooms are clean and there is a small back patio with mural art.",Eastside,The Bricks,26.2,7.25,27.7,1,,Non-binary,Native American
UmA-9d4M4x8F5UKkVCAjEg,Guest_8408,01/19/2015,5.0,,Eastside,The Bricks,,2.12,14.2,2,46-55,Female,African American
BceKC7jAlfmF6C-z-OTflQ,Guest_1158,2017-08-19,4.0,"I went there for dinner while in the Tampa area and had a great meal.   They have multiple Vegan and Vegetarian options, while also having a full bar with Guinness.   Very unusual across the good ole USA.

The place is in an interesting area, which seems it could be a little rough in the dark, so if you go, I would recommend going during the light hours.

The bartenders are really nice, and helpful with picking a good dish.",Eastside,The Bricks,,1.03,8.7,1,56-65,Female,Native American
s7X6kSDGGlowmEqCDEh2SQ,Guest_1206,2014-06-29,3.0,"I am not nearly cool enough to go here. The waiter was not unfriendly, but he was much more friendly to some ladies who sat near me with full sleeves of tattoos.  I ordered the black bean burger, it was so flavor less and thin it could have been omitted.  The mayo on the sandwich and mixed greens on the side,  along with the pickle,  we're the best part of the meal. My beer was alright,  but if I am going to spend $7 on a pint it should be delicious or high gravity,  this was neither, and since no prices appeared next to the draft list,  the price was a bit of a shock.",Eastside,The Bricks,21.06,3.5,16.6,2,,,Asian
IgVIc163TZ4xbJqfUKdnRw,,21.10.2015,5.0,,Eastside,The Bricks,55.79,7.66,13.7,4,,Female,Mixed
PJv1iTOgQTS0Aan6_UAZnw,Guest_6674,2013-10-31,4.0,"Food was delish. 

Stopped before a concert at The Ritz, it is just a block away and the perfect stop for reasonably priced fresh, healthy-ish meal before you wreck your liver.

BFF had the Bird and Pig, she loved it.  I had the Blackstar Bean Burger.  It was spicy which in my opinion was perfect.

The drinks are pricy, but well crafted.

Our service was meh.  A little slow, but we received the correct order and were informed of specials and what they were out of before we decided.

I will totally be back next time I am in town.",Eastside,The Bricks,51.91,6.81,13.1,6,,,Asian
P-lZE6cZgfWkojreLiu7Vg,Guest_8306,15.03.2017,4.0,,Eastside,The Bricks,17.59,4.2,23.9,3,,Prefer not to say,
fRdKsfvptL0A4aFfVPkZQQ,Guest_6457,10/06/2013,5.0,"Came hungry and left full but not stuffed. The goodness wrap was named appropriately. Hummus with cucumber, tomato, lettuce, feta cheese and I added avocado was very flavorful. No need for any sauce of any kind. Had the potato salad as a side and though it was a bit bland, added a little salt to it, it was still good. Glad they don't add mayo to it and tasted home made for sure. Nice ambience too, decorated for Halloween. I'm not a fan of TV's while dining, but will always give a pass when they have good tunes playing so don't have to listen to TV. Only saw 2 servers on but it wasn't that busy on this Sunday afternoon. Server was knowledgeable and personable so not sure why others complained about rudeness. Saw none of that.",Eastside,The Bricks,,2.62,11.6,8,,Non-binary,African American
X6J3JHd9uD5MhSL-dIVynQ,Guest_6914,02/27/2013,,My 2 favorite guy friends and I came here for Valentine's Day this year! I love everything about this place. Every time I have visited there has been a friendly/diverse crowd and good music. I really like the atmosphere and the local artwork that is displayed throughout the resturant. I highly recomend the brick layer nachos! My friends and I ate every bite and I honestly will most likely order that as my meal next time. The night we visited they had 50% off bottles of wine and after splitting the cost with one of my friends it was only $7 (need I say more?). I ordered the brick layer salad with tuna for my meal. I ordered something lighter due to my massive nacho intake and the salad was good but it was similar to a house salad you can get anywhere. They have a very eclectic menu and next time I will probably try one of the many grilled cheese sandwiches listed on the menu. I will defintely be back!,Eastside,The Bricks,29.65,5.39,18.2,2,18-25,,Native American
I3nDwvABhYqKdcxpN6_eaA,Guest_9644,04/23/2014,5.0,,Eastside,The Bricks,,3.23,15.4,2,36-45,Female,Native American
svHZLGNpGq3BvqCkeKI56g,Guest_9063,2017-01-29,1.0,"We waited an hour for our food.  No coffee refills the entire time.  We saw our food souring in the window for 20 minutes.  When we finally left the server said it couldn't be helped.  No apologies, no service, no food, no tip.",Eastside,The Bricks,30.87,4.54,14.7,2,18-25,,Asian
77SVp08MVwzf7CP9vviZgw,Guest_9354,22.07.2012,3.0,,Eastside,The Bricks,,3.56,9.7,3,36-45,Male,Hispanic
dDKRtNXR8JJAz4x_ZCGo3g,Guest_3253,05/29/2014,4.0,,Eastside,The Bricks,30.31,5.64,18.6,3,,Male,Hispanic
siwaa7bmNx91IxRVWwhp3g,Guest_4166,05/29/2014,,"Recently stopped in during a bar crawl for some drinks and Battletoads. Couldn't eat the buzz away, but loved what I saw. Photos on walls showed the transformation from Tahiti Joe's/Latitudes into The Bricks of today, and brought back some old Ybor memories. The staff was kind, and the video game corner was a blast. Delicious coffee, and had an artsy feel as well. Every food item that passed our sniffers en route to their respective hipster pie holes was cause for comment. I will certainly be coming by for a sammich at this place.",Eastside,The Bricks,33.59,5.58,16.6,2,,Female,Other
hQz9UnbHvv3ctllRquULuQ,Guest_6157,18.04.2015,5.0,"This is where the cool kids hang and there's reasons for it. The beer and the food! Tons of vegetarian and even vegan options.
I'm not either but I do love that black bean burger and the salads are to die for.
The staff is great and always sweet and accommodating. 
The place is usually filled with great art and an eccentric lot of people. I gave this place five stars because I would be lying if I said I didn't love this place. It's my vibe.
It can be yours also.
Yup! Just referred to myself as a cool kid.:D",Eastside,The Bricks,,5.01,18.3,3,,Prefer not to say,Native American
Cf3QB0VEbdWFq94tZcWgTQ,Guest_6761,2017-11-10,5.0,"They seem to have expanded their menu or, I'm just imaging that and actually gave them another chance. Good beer selection. Great ambiance. More hip than some of the other bars. Accommodated my large party.",Eastside,The Bricks,,9.06,35.0,4,56-65,Prefer not to say,Other
GsLZMdhl4PB0hqtQY9nK0Q,Guest_1917,15.04.2015,5.0,,Eastside,The Bricks,34.07,6.07,17.8,2,65+,,Caucasian
cyVCkTAFWVqZnTPJfS2IUw,Guest_2023,05/08/2013,3.0,"We came here on a bustling Saturday. Needless to say, Bricks of Ybor was vacant. A few people were at the bar and some people were sitting outside. The service was subpar and the bartender must have had the worst day of her life. She hated everyone who asked to close their tab. Oh well. 

I should put a disclaimer that I hate Ybor. It brings me nothing but sorrow.",Eastside,The Bricks,20.76,0.0,0.0,2,,Non-binary,Mixed
TCzaF5Lj0NLoCQuIujEzJg,Guest_5390,11/30/2014,4.0,We were greeted by a very pretty waitress that made us feel like we had chosen the right place. We were then turned over to a nice gentleman that took our orders with a polite smile. We are vegetarians and there were lots of options. We settled for the salsa and house made avocado sauce with corn chips and we split their famous black star black bean burger... Yesss!! The food presentation was that of fine dining and the food was very pleasing to our pallets. We give The Bricks 4 stars and would recommend to anyone who plans to visit Tampa,Eastside,The Bricks,12.13,2.63,21.7,1,65+,Male,Hispanic
exVAtPSIFht6QUVDftWSzw,Guest_3499,07/14/2013,1.0,"The Bricks gets a ""1"" in my book because they have terrible service. Great food, but terrible service. I went there about 3pm on a Tuesday...which happened to be my birthday to have lunch with my mother. Not only were we not greeted by the 3 staff standing around with NO other customers, but we were also not brought any menus or given direction about seating. We sat down and waited for a server to come by and ask for our drink order and bring menus. No one ever did. We got up and grabbed our own menus close to where the staff were standing. They paid no attention. After 3 or 4 more minutes we stood up to leave and they didn't care. So we walked out and I had my birthday lunch elsewhere. I wrote to them on Facebook about our servise and they promptly deleted my comment and ignored my message. I used to go to the Bricks all the time, but we've never been back since and I warn any new friends to not go there as well.",Eastside,The Bricks,22.1,3.9,17.7,3,56-65,Male,Native American
Cf3QB0VEbdWFq94tZcWgTQ,,10.11.2017,5.0,,Eastside,The Bricks,10.66,1.7,16.0,2,36-45,Female,African American
RNtIj-FjLZFmGAp2Wy607A,Guest_4862,05.12.2012,4.0,"I went to this place for the first time last Saturday. I just wanted a place to grab some brunch that had mimosas and my friend suggested here. Boy am I glad she did! Besides the crazy run in with a hard core group of strangers doing a running/fitness challenge, the staff there was really really friendly. Our server was very friendly and he even gave us free Appletinis on him! I had the deluxe grilled cheese and it was really really good. The decor was awesome and I'm definitely going back and bringing friends!",Eastside,The Bricks,15.96,1.28,8.0,2,56-65,Prefer not to say,African American
Y95YeYL9jxYcdkQgsTNzNg,Guest_8743,11.09.2017,4.0,"I have actually never been inside the restaurant but have ordered from them through delivery services a bunch of times. The Brick Layer Nachos are fantastic, I love the salsa they use on them. They also make a good veggie Cuban.",Eastside,The Bricks,12.38,1.83,14.8,4,65+,Male,African American
xFxilqzpu6Xac1admnl7MA,Guest_4202,28.09.2015,4.0,"I dig the art and the choices on the menu.

Skanky Chai is pretty good. 

The Elvis was pretty awesome. Peanut butter, bacon, and bananas on cuban toast. 
That sounds a lot like something I would drool over.

Nice!",Eastside,The Bricks,31.18,7.79,25.0,2,,,Native American
RNtIj-FjLZFmGAp2Wy607A,Guest_6228,12/05/2012,4.0,"I went to this place for the first time last Saturday. I just wanted a place to grab some brunch that had mimosas and my friend suggested here. Boy am I glad she did!

Besides the crazy run in with a hard core group of strangers doing a running/fitness challenge, the staff there was really really friendly. Our server was very friendly and he even gave us free Appletinis on him!

I had the deluxe grilled cheese and it was really really good. 

The decor was awesome and I'm definitely going back and bringing friends!",Eastside,The Bricks,15.5,2.32,15.0,2,46-55,Non-binary,African American
LyBfA_NGwBAqf0LqVsDBhw,Guest_8754,05/29/2012,4.0,"Based this visit entirely upon previous Yelp reviews, which as usual we're spot on. Great atmosphere and feel to this place - Kind of an art house meets coffee house meets Animal House environment. Very unusual. In a good way. The service was relaxed, social and great. The beverages were delicious and the menu was quite interesting. 
I so wanted the food to be much better than it was. Tried the Bird and Pig, a specialty grilled cheese and a couple apps. Everything was good but not great. In truth, if I was judging on food alone, there would be three stars instead of four. But the atmosphere and the staff clearly deserved the extra star, and I'll head back to try some other items on the menu next visit.",Eastside,The Bricks,18.71,2.56,13.7,3,,Female,Asian
De-IwBjVk0Rkn1mGQ8GIbQ,Guest_4185,06.12.2011,5.0,"A must when you are in Ybor. I ate and drank here multiple times a day for my 5 day trip to Tampa. Every single meal was spectacular. The Skinny bitch latte is perfect to start the day. The proper grilled cheese is amazing, just wish they would have tomato soup to go along with it. And you can't find better bartenders anywhere else in town.",Eastside,The Bricks,,1.38,19.3,2,,Male,Hispanic
fRdKsfvptL0A4aFfVPkZQQ,Guest_3900,06.10.2013,5.0,"Came hungry and left full but not stuffed.  The goodness wrap was named appropriately.  Hummus with cucumber, tomato, lettuce, feta cheese and I added avocado was very flavorful.  No need for any sauce of any kind.  Had the potato salad as a side and though it was a bit bland, added  a little salt to it, it was still good.  Glad they don't add mayo to it and tasted home made for sure.  Nice ambience too, decorated for Halloween.  

I'm not a fan of TV's while dining, but will always give a pass when they have good tunes playing so don't have to listen to TV.  Only saw 2 servers on but it wasn't that busy on this Sunday afternoon.  Server was knowledgeable and personable so not sure why others complained about rudeness.  Saw none of that.",Eastside,The Bricks,16.7,5.84,35.0,1,26-35,Prefer not to say,African American
77SVp08MVwzf7CP9vviZgw,Guest_5520,22.07.2012,3.0,"We've heard that we need to go to places in Ybor and try them out, so we set out to find a place for dinner.  One thing is for sure...the menu has traditional food, but in a unique way.  

I ordered the deluxe grilled cheese (has tomatoes, pesto, whole wheat) and my husband had the BBQ pig quesadilla.  Both dishes were good, but I don't feel like they were 'awesome'.  

We went out on a limb and tried the hibiscus sangria and the chocolate espresso cake for dessert.  The cake was VERY espresso!  Too rich for me!  The sangria definitely tasted like flowers, but in a good way. It was pretty refreshing too!

 It was fun to try a new place, but I don't think we'll go back.",Eastside,The Bricks,21.26,2.82,13.3,1,,Male,Native American
P-lZE6cZgfWkojreLiu7Vg,Guest_5341,2017-03-15,4.0,The Bricks is a tasty restaurant for lunch with a cool and unique Ybor City atmosphere along with friendly service! The only reason it didn't get 5 stars is because it is a little pricey for the quantities.,Eastside,The Bricks,21.28,4.09,19.2,3,56-65,Non-binary,
dYKjSQ9ITqPgzkyglOGrJQ,,2018-04-05,5.0,1st time we've tried The Bricks. So yummy!!! I had the Blackened Shrimp Salad and my husband had Sammy Tuna. We both loved every bite. Looking forward to eating there again.,Eastside,The Bricks,,2.26,21.0,2,56-65,Male,Mixed
94N0yL4NknDfB4JITXlUWA,Guest_3844,2015-06-21,4.0,Just went there yesterday for brunch...  I've had a ton of grilled cheese sandwiches but this makes my top five. Loved the atmosphere. So happy we gave this restaurant a chance.,Eastside,The Bricks,11.69,4.68,40.0,3,,Non-binary,African American
RNtIj-FjLZFmGAp2Wy607A,Guest_9655,2012-12-05,4.0,"I went to this place for the first time last Saturday. I just wanted a place to grab some brunch that had mimosas and my friend suggested here. Boy am I glad she did! Besides the crazy run in with a hard core group of strangers doing a running/fitness challenge, the staff there was really really friendly. Our server was very friendly and he even gave us free Appletinis on him! I had the deluxe grilled cheese and it was really really good. The decor was awesome and I'm defintely going back and bringing friends!",Eastside,The Bricks,,6.26,12.9,8,36-45,,Hispanic
ZqzXpRt9FsPQUDCNmvj0ew,Guest_2233,2017-02-25,4.0,"Really like the Bricks. Always a new experience when i go. The coffee, good. The cocktails, better! The ambiance is hip. The food is pretty good too.",Eastside,The Bricks,13.58,2.29,16.9,1,26-35,Non-binary,
RNtIj-FjLZFmGAp2Wy607A,,2012-12-05,4.0,"I went to this place for the first time last Saturday. I just wanted a place to grab some brunch that had mimosas and my friend suggested here. Boy am I glad she did!

Besides the crazy run in with a hard core group of strangers doing a running/fitness challenge, the staff there was really really friendly. Our server was very friendly and he even gave us free Appletinis on him!

I had the deluxe grilled cheese and it was really really good. 

The decor was awesome and I'm definitely going back and bringing friends!",Eastside,The Bricks,,3.8,18.2,3,65+,Female,Hispanic
BceKC7jAlfmF6C-z-OTflQ,Guest_8838,2017-08-19,4.0,"I went there for dinner while in the Tampa area and had a great meal.   They have multiple Vegan and Vegetarian options, while also having a full bar with Guinness.   Very unusual across the good ole USA.

The place is in an interesting area, which seems it could be a little rough in the dark, so if you go, I would recommend going during the light hours.

The bartenders are really nice, and helpful with picking a good dish.",Eastside,The Bricks,32.33,7.1,22.0,2,65+,Prefer not to say,African American
rno5BeYy-bMFKINk43MmNw,,2014-05-30,,,Eastside,The Bricks,10.74,1.55,14.4,1,46-55,,Other
ceZuAvgL5kULPFX4PFjIUg,Guest_2678,18.08.2017,5.0,Busy and noisy at 12:30 lunch on a Tuesday.   Quieter by one.  Nice interior gastropub.  My pork and arugala slaw sandwich was good.  It came on a bun that was soft enough to pull apart easily.  When I did so the levels stayed together.  The texture and taste of both the sandwich and the slighly curried potato salad side were good.  I found myself enjoying the overall experience and reluctant to leave.  A good value at less than $10.,Eastside,The Bricks,,3.17,17.3,5,26-35,Male,
2a8_Q5XhjoQHaZ_KtISZuQ,,09.12.2012,4.0,"Since moving to Tampa about three weeks ago, I have found some ridiculously good restaurants thanks to Yelp and friends' recommendations. 

The Bricks has been on my list of places to try for a while now, and I finally made it last night. 

My friend & I walked in and were greeted immediately by the staff who told us to sit where we wanted. The place was fairly empty on a Tuesday at 7pm. I've heard it's packed on weekends, so perhaps going on off-nights is key. 

We started off with the Bricklayer, a fancy name for extra delicious nachos that are topped with queso, avocado cream, olives, and jalapeños. The salsa that comes on the side is awesome - super fresh, flavorful, and not too watery. This is a big appetizer and probably a bit too much for two girls before dinner. If I ordered it again, it would be as a bar snack rather than an app. 

For dinner, I had to try the Bird & the Pig. Wow - that pressed sweet bread combined with the salty bacon and chicken, paired with crisp apples and agave nectar? Yeah, the distinct flavors come together nicely to create one hell of a sandwich. 

I tasted my friend's black bean burger and liked that, too. 

The only thing I tasted that didn't blow me away was the roasted potato salad I got on the side. I'll probably just go with the mixed greens salad next time. 

Aside from the food, the environment is cool, too. I really liked all the local artists' work adorning the walls. 

There is ample parking nearby, including a garage on 15th that only charges $1 for the first 3 hours.",Eastside,The Bricks,,2.62,12.3,3,56-65,Male,Hispanic
gHUkEhOWnsgHft9SzkSiZQ,Guest_5166,12/24/2015,4.0,Just came here for cocktails on a Tuesday night. The bar was full but not very busy otherwise. We got the huckle punch and Constantine. The huckleberry vodka in the huckle punch is one of my favorites so loved that drink and the Constantine also very good if you like bourbon! Service was very good and prices were reasonable. Had $3 taco deals and a very cute coffee bar so would definitely be interested in coming back to eat or for a good studying place!,Eastside,The Bricks,12.61,2.33,18.5,2,26-35,Prefer not to say,African American
dFgGps6gQQbWoKOR60X72w,Guest_4716,2012-03-02,5.0,,Eastside,The Bricks,18.75,2.85,15.2,2,18-25,Female,Caucasian
4Wxmz2w4cbaOepnIwcI1ig,Guest_7472,2014-12-23,5.0,"While I was in Tampa for the last 2 years, The Bricks was a second home. Great food and even greater people. I moved back to Seattle and left making friends. Wish I could've brought The Bricks and my new friends back with me. Definitely a place for locals and visitors to check out!",Eastside,The Bricks,,10.34,20.9,2,,,
8zXgEkLjDwArMWCiDa4tLQ,Guest_3235,11.10.2012,2.0,"I like some of the cocktails here but the food is mediocre. Ive never understood why it gets the ratings on food that it does, but then again we are in Tampa. Its basically like food you could whip up in a few minutes at home using your microwave for a 3rd of the cost. Except not as tasty. Anyone who loves eating here has the palate of a 14-year-old boy. Maybe its time they get an actual kitchen.",Eastside,The Bricks,7.35,0.89,12.2,4,18-25,Prefer not to say,Asian
jrGMuHix2T4NvxVmR0yF_g,Guest_7032,27.02.2013,5.0,"Great atmosphere, always a good variety of music playing, excellent food and an increasingly diverse drink menu make this possibly my favorite place in Tampa. The Bird and Pig could quite possibly be the best sandwich in the history of sandwiches! Chicken, bacon, Brie, agave on Hawaiian sweet bread....yum! Also, try Root Down on the drink menu. Tastes exactly like Root Beer!",Eastside,The Bricks,28.63,3.92,13.7,4,65+,Non-binary,Native American
UDE36dmZLk5NQvHWFs7ouQ,Guest_9254,02.05.2012,4.0,,Eastside,The Bricks,8.58,1.26,14.6,2,26-35,Male,Mixed
4Wxmz2w4cbaOepnIwcI1ig,Guest_7388,12/23/2014,,"While I was in Tampa for the last 2 years, The Bricks was a second home. Great food and even greater people. I moved back to Seattle and left making friends. Wish I could've brought The Bricks and my new friends back with me. Definitely a place for locals and visitors to check out!",Eastside,The Bricks,19.38,3.41,17.6,2,18-25,Prefer not to say,Native American
ss4LSp-dCCuhpxDrRH_GLQ,Guest_6184,10/28/2011,5.0,"I walk in, and they're playing the greatest hits of De La Soul throughout lunch. They could have been serving Big Macs and that gets you four stars alone. 

I order a grilled cheese sandwich, and it comes with apple, plums, and bacon on some delicious bread with tortilla chips. And it is sublime. The cheese is perfectly melted, and the goodies inside are covered in wonderful gooey dairy greatness. 

I order a cafe con leche while getting some work done on my laptop. It is flawlessly prepared by a lovely server, and I'm a coffee snob. And if I didn't get buried in work stuff, I was jonesing for one of those half-price martinis they serve on Thursdays.

Wonderful atmosphere (the skatepark staff makes it friendly and fun), great food, delicious coffee, a full bar, and lots of different options. This place is a total home run, and a can't miss for anyone in Ybor.",Eastside,The Bricks,16.05,3.36,20.9,5,36-45,Female,Caucasian
mu7DWrjoa6b2yqcfH75QYw,Guest_6825,2016-12-24,,,Eastside,The Bricks,16.2,3.76,23.2,1,65+,Prefer not to say,Other
0XuENPl2FwekIfu9M-1jDw,,03.09.2018,,"Terrible selection of food. No ""real sweet tea"" first and last time visit"" anywhere that doesn't carry real sweet tea automatic gets a 1*",Eastside,The Bricks,46.72,16.35,35.0,4,,Male,African American
J6PwgKRAnTAfSCqKSBq-bg,Guest_5681,2015-08-08,4.0,"Great craft beers, friendly bartenders, and AMAZING, delicious food. The vegetarian Cuban sandwich was wonderful!",Eastside,The Bricks,54.1,21.64,40.0,8,18-25,Female,Native American
PJv1iTOgQTS0Aan6_UAZnw,Guest_3580,31.10.2013,4.0,"Food was delish. Stopped before a concert at The Ritz, it is just a block away and the perfect stop for reasonably priced fresh, healthy-ish meal before you wreck your liver. BFF had the Bird and Pig, she loved it. I had the Blackstar Bean Burger. It was spicy which in my opinion was perfect. The drinks are pricy, but well crafted. Our servise was meh. A little slow, but we received the correct order and were informed of specials and what they were out of before we decided. I will totally be back next time I am in town.",Eastside,The Bricks,6.79,1.26,18.6,2,65+,Female,
F4_DYi_7czpyLMrErrKaQg,Guest_7837,2011-08-01,5.0,,Eastside,The Bricks,20.04,7.01,35.0,3,,Non-binary,
umKey8gxNoyUcwZY2azciw,,2011-06-02,3.0,,Eastside,The Bricks,18.15,3.28,18.1,5,65+,Female,Mixed
OhxIJjuDwcA0tRwXImwpeA,Guest_6318,24.08.2014,3.0,"I have to say that the food here is good; however, the staff/service could be better. My sister and I came here for lunch and a few drinks. My sister ordered a drink off the menu and 10+min later, as we're finishing our lunch, the waitress comes back and says ""sorry, our bartender doesn't know how to make that"" ..... So the bartender doesn't know how to make the drinks listed on the menu? And the 10+mins. it took to tell us that, it could have ben googled and made. I don't want to bash this establishment, but the customer srvice has always been an issue here. I would recommend continued training to both current and new staffers to improve their level of knowledge and customer srvice",Eastside,The Bricks,,8.98,23.3,1,,Female,
UmA-9d4M4x8F5UKkVCAjEg,Guest_6369,19.01.2015,5.0,"Great atmosphere and service, food and drinks were excellent. Everything was fresh.  Bird and the pig sandwich was delicious, also the pacific rim. Will return soon.",Eastside,The Bricks,24.4,4.91,20.1,2,26-35,,Other
NYilSGDWsYrFnB2EpDRMFA,Guest_5410,04.02.2018,2.0,"My wife and I have visited twice, and another time with friends. While we like the food and beer choices, the service is inexcusably very slow. We visited on a Saturday afternoon around 5:00 and the place was only 1/3 full. Took a while for our server to greet us, arrived just when we were about to get up and leave. Ordered a beer for each of us and waited at least 10 minutes before I finally got up to ask the bartender about our drinks (after watching him not making any drinks for several minutes and serving a few others who just arrived at the bar). I could barely get the words out before he says they'll be right up. I sit back down, and he still doesn't pour them. We were about to leave again when another bartender made eye contact and she poured the drinks and brought them to us. While our waitress was friendly, she should have been checking on our drinks. Same slow experience with the other two visits, this time we are certain we will not be back.",Eastside,The Bricks,30.83,5.49,17.8,2,18-25,Male,Native American
eoFZMOL0XJ9yF8sW3OChIw,,2017-11-19,4.0,"Yummy food, good vibes, & nice service. Music wasn't too loud. Could hold a conversation without hearing everyone else's. 

I had the Bird & Pig (the way it comes) with the Mac & Cheese. 

I also had the Hukilau. Not a fan. It sounded sweeter than it was. Still giving it a 4 for the food service and atmosphere. It's not their fault I didn't like the alcohol. 

Had a quick bite of the nachos and may have to orders those for the table next visit.",Eastside,The Bricks,15.56,3.54,22.8,2,36-45,Female,Mixed
Y95YeYL9jxYcdkQgsTNzNg,,11.09.2017,4.0,"I have actually never been inside the restaurant but have ordered from them through delivery services a bunch of times. The Brick Layer Nachos are fantastic, I love the salsa they use on them. They also make a good veggie Cuban.",Eastside,The Bricks,,4.94,19.6,4,46-55,Male,Native American
79szQCU8GqpMZYtRX2rKvw,Guest_5316,11/07/2017,3.0,"This is more of a drinking place than dinner. I didn't enjoy dining here at all, the servise was slow and the acoustics of the place made It impossible to have a conversation. The veggie cubano was pretty good and the drinks were strong though.",Eastside,The Bricks,,3.38,17.3,2,,Male,
2a8_Q5XhjoQHaZ_KtISZuQ,Guest_4089,2012-12-09,4.0,"Since moving to Tampa about three weeks ago, I have found some ridiculously good restaurants thanks to Yelp and friends' recommendations. 

The Bricks has been on my list of places to try for a while now, and I finally made it last night. 

My friend & I walked in and were greeted immediately by the staff who told us to sit where we wanted. The place was fairly empty on a Tuesday at 7pm. I've heard it's packed on weekends, so perhaps going on off-nights is key. 

We started off with the Bricklayer, a fancy name for extra delicious nachos that are topped with queso, avocado cream, olives, and jalapeños. The salsa that comes on the side is awesome - super fresh, flavorful, and not too watery. This is a big appetizer and probably a bit too much for two girls before dinner. If I ordered it again, it would be as a bar snack rather than an app. 

For dinner, I had to try the Bird & the Pig. Wow - that pressed sweet bread combined with the salty bacon and chicken, paired with crisp apples and agave nectar? Yeah, the distinct flavors come together nicely to create one hell of a sandwich. 

I tasted my friend's black bean burger and liked that, too. 

The only thing I tasted that didn't blow me away was the roasted potato salad I got on the side. I'll probably just go with the mixed greens salad next time. 

Aside from the food, the environment is cool, too. I really liked all the local artists' work adorning the walls. 

There is ample parking nearby, including a garage on 15th that only charges $1 for the first 3 hours.",Eastside,The Bricks,31.74,8.28,26.1,1,65+,,Caucasian
cyVCkTAFWVqZnTPJfS2IUw,Guest_1790,08.05.2013,3.0,,Eastside,The Bricks,14.38,0.0,0.0,2,,Female,Caucasian
NVGknCokupO-YGnK8vI5Kg,,22.04.2014,4.0,"Excellent service, trendy yet comfortable atmosphere, and very nice food. About half the items we requested weren't available b/c they're transitioning to a new menu.",Eastside,The Bricks,19.15,2.89,15.1,4,,Male,Asian
uoiQHg2o0l9eNvOESYq1UA,Guest_4936,03/07/2016,1.0,"It sucks, don't go!!!!!!!!!!!!!!!!!!!!!!!!!!!!!!!!!!!!!!!!!!!! Cold food, stuck up waiters, expensive drinks",Eastside,The Bricks,33.89,11.86,35.0,3,65+,Prefer not to say,
X6J3JHd9uD5MhSL-dIVynQ,Guest_6097,27.02.2013,4.0,My 2 favorite guy friends and I came here for Valentine's Day this year! I love everything about this place.  Every time I have visited there has been a friendly/diverse crowd and good music. I really like the atmosphere and the local artwork that is displayed throughout the restaurant. I highly recommend the brick layer nachos! My friends and I ate every bite and I honestly will most likely order that as my meal next time. The night we visited they had 50% off bottles of wine and after splitting the cost with one of my friends it was only $7 (need I say more?).  I ordered the brick layer salad with tuna for my meal. I ordered something lighter due to my massive nacho intake and the salad was good but it was similar to a house salad you can get anywhere. They have a very eclectic menu and next time I will probably try one of the many grilled cheese sandwiches listed on the menu. I will definitely be back!,Eastside,The Bricks,32.06,4.19,13.1,3,36-45,Non-binary,Caucasian
NYilSGDWsYrFnB2EpDRMFA,Guest_5097,2018-02-04,2.0,,Eastside,The Bricks,15.65,4.19,26.8,2,,Male,Hispanic
N1BiMP9r3IsmEzChi9PPwA,Guest_3216,2011-02-23,4.0,"I read the reviews on Yelp and decided to check out Bricks of Ybor for myself. Nice atmosphere and hip music playing in the background. I sat at the bar and watched the flat screen televisions (they were playing the History Channel on one TV. & ""Shaun of the Dead"" on another TV.). Good beer on tap (I tried the IPA -- it was good) and a small menu specializing in appetizers, salads & sandwiches. I ordered the hummus plate and the iceberg wedge salad -- both were delishous. The blue cheese dressing on the salad was particularly scrumptious. For one beer and an app and a salad, my bill came to just under $25 before tip -- kinda expensive (considering they no longer serve the ""salmon spread"" on the hummus plate -- should that really be priced at $10, still?).",Eastside,The Bricks,18.78,2.19,11.7,2,26-35,Female,Hispanic
svHZLGNpGq3BvqCkeKI56g,,2017-01-29,1.0,"We waited an hour for our food.  No coffee refills the entire time.  We saw our food souring in the window for 20 minutes.  When we finally left the server said it couldn't be helped.  No apologies, no service, no food, no tip.",Eastside,The Bricks,12.19,1.92,15.8,2,,Prefer not to say,Native American
UmA-9d4M4x8F5UKkVCAjEg,Guest_3020,19.01.2015,,"Great atmosphere and service, food and drinks were excellent. Everything was fresh.  Bird and the pig sandwich was delicious, also the pacific rim. Will return soon.",Eastside,The Bricks,17.58,2.44,13.9,3,36-45,Non-binary,
KIA9s_8qZEtuSjIFdjBwYQ,Guest_5008,2014-06-29,1.0,,Eastside,The Bricks,35.69,7.52,21.1,6,36-45,Female,
N4J7LZI9eKDt4U0RLpWEww,Guest_6650,03/30/2017,5.0,"One of my favorite places to eat in Ybor! Good vibes, good food, and good drinks. Even their coffee is good! Service is a hit or miss, although most recently I have had consistent great service. And their veggie Cuban sandwich is amaaaazing!",Eastside,The Bricks,45.48,7.06,15.5,2,18-25,Female,Asian
ADodUkepU3OyY-G5zZk7yA,Guest_7131,10/15/2012,3.0,This place is fun! I like the staff and the vibe. Food is okay. Beer selection is okay. Great happy hour on wine once a week. 3.5 stars is more appropriate for this place.,Eastside,The Bricks,12.42,3.21,25.8,2,56-65,Non-binary,Hispanic
4lpkYTTdzqMuaZ4qoLlUgA,Guest_7292,07/01/2011,5.0,"Great, laid-back atmosphere, terrific food. The ahi was good quality, as were the hummus and curry dip. We're going back for the peanut butter sandwiches.",Eastside,The Bricks,29.08,8.0,27.5,2,36-45,,Hispanic
rSkTYJMKMUg8QHpsfV6syw,Guest_8087,20.07.2017,,"I walked into the restaurant and the general scene was promising: a friendly environment with interesting decor like a diner, despite being poorly lit.

I ordered the ""King Fu pork bowl"" and a macchiato, to which the waitress replied that their barista doesn't really make it the traditional way. I still ordered it.

The macchiato came first, and to my surprise it was in a mug filled to the brim. I let the barista know that I ordered a macchiato, not a latte or cappuccino, and she said that she knows that, she made a macchiato. After a brief discussion I discovered she doesn't know what a macchiato was. I went back to my table. 

The food came. The pork was room temperature and the rice was plain. The dish lacked flavor overall. 

Maybe they don't specialize in rice bowls as it was a smaller item on their menu, but that was my experience.",Eastside,The Bricks,24.35,4.88,20.1,1,36-45,Female,Asian
UDE36dmZLk5NQvHWFs7ouQ,Guest_9623,2012-05-02,4.0,"I thoroughly enjoy going to the Bricks.  It's unique atmosphere with cheap, but tasty, food options combine for a great experience.  

The term hipster is thrown around a lot these days and while you may be greeted and surrounded by people in skinny jeans, wearing Toms shoes, IMAX glasses, and an extra piercing, you are treated no differently.  I always feel warmly welcomed and entertained.  

As it does have a large bar, it may get rowdy in the evenings, but the Bricks maintains a family-friendly atmosphere.  

I ate the Bird and Pig meal once, very very good, and the breakfast bagel the next time.  The fiancee had black bean soup and a grilled cheese sandwich.  Very tasty combination. 

Highly recommend!",Eastside,The Bricks,26.14,2.96,11.3,3,56-65,Non-binary,Mixed
fRdKsfvptL0A4aFfVPkZQQ,Guest_6679,2013-10-06,,"Came hungry and left full but not stuffed.  The goodness wrap was named appropriately.  Hummus with cucumber, tomato, lettuce, feta cheese and I added avocado was very flavorful.  No need for any sauce of any kind.  Had the potato salad as a side and though it was a bit bland, added  a little salt to it, it was still good.  Glad they don't add mayo to it and tasted home made for sure.  Nice ambience too, decorated for Halloween.  

I'm not a fan of TV's while dining, but will always give a pass when they have good tunes playing so don't have to listen to TV.  Only saw 2 servers on but it wasn't that busy on this Sunday afternoon.  Server was knowledgeable and personable so not sure why others complained about rudeness.  Saw none of that.",Eastside,The Bricks,27.16,2.71,10.0,2,18-25,Non-binary,Other
EWgE8zamjHBz8CMRdLIHVw,,2011-12-03,4.0,"Lots of vegetarian options. The service was pretty fast. The skateboard wall was nice (Calvin & Hobbes represent!). The sandwich I got was a bit lacking in the flavor department. Really didn't know what to eat since I went here at night just before a binge of dancing and drinking. Didn't really feel into the peanut butter at that point in time. Next time I'll try their peanut butter creations, but I'll probably go for brunch or a late lunch since it seems the menu is more designed for that and not any pre-gaming.",Eastside,The Bricks,13.85,5.54,40.0,2,26-35,,Caucasian
svHZLGNpGq3BvqCkeKI56g,Guest_9114,01/29/2017,,,Eastside,The Bricks,,2.78,13.0,1,65+,Prefer not to say,Caucasian
GqJahjGcKfiFxfA7oCnvCg,Guest_3089,2016-05-21,4.0,A good watering hole. Beer and coffee are decent!  Try UNITA REady Set Gose and UNITA summer ale.,Eastside,The Bricks,11.61,1.69,14.6,6,,Male,Other
hQz9UnbHvv3ctllRquULuQ,Guest_9238,2015-04-18,5.0,"This is where the cool kids hang and there's reasons for it. The beer and the food! Tons of vegetarian and even vegan options.
I'm not either but I do love that black bean burger and the salads are to die for.
The staff is great and always sweet and accommodating. 
The place is usually filled with great art and an eccentric lot of people. I gave this place five stars because I would be lying if I said I didn't love this place. It's my vibe.
It can be yours also.
Yup! Just referred to myself as a cool kid.:D",Eastside,The Bricks,13.01,3.19,24.5,1,65+,Female,African American
GqJahjGcKfiFxfA7oCnvCg,Guest_1855,21.05.2016,4.0,A good watering hole. Beer and coffee are decent! Try UNITA REady Set Gose and UNITA summer ale.,Eastside,The Bricks,,1.75,18.4,2,46-55,,Hispanic
8_4B-G7i1ETKqsNLEiaXfw,Guest_7822,2011-10-27,4.0,,Eastside,The Bricks,24.21,5.7,23.5,3,46-55,Prefer not to say,Native American
umKey8gxNoyUcwZY2azciw,Guest_6597,06/02/2011,,"nice place for gatherings and hanging out. Friendly staff. 

Food was OK. Not bad, not good, it just sat somewhere in the middle.",Eastside,The Bricks,29.51,5.42,18.4,5,36-45,Non-binary,Hispanic
J6PwgKRAnTAfSCqKSBq-bg,Guest_4069,08/08/2015,4.0,"Great craft beers, friendly bartenders, and AMAZING, delicious food. The vegetarian Cuban sandwich was wonderful!",Eastside,The Bricks,,1.41,18.6,2,,Male,African American
I3nDwvABhYqKdcxpN6_eaA,Guest_8039,2014-04-23,5.0,,Eastside,The Bricks,25.58,8.95,35.0,2,,Non-binary,Other
P-lZE6cZgfWkojreLiu7Vg,Guest_7690,2017-03-15,,,Eastside,The Bricks,,2.01,17.7,2,18-25,,Other
8zXgEkLjDwArMWCiDa4tLQ,Guest_4001,2012-10-11,2.0,"I like some of the cocktails here but the food is mediocre. Ive never understood why it gets the ratings on food that it does, but then again we are in Tampa. Its basically like food you could whip up in a few minutes at home using your microwave for a 3rd of the cost. Except not as tasty. Anyone who loves eating here has the palate of a 14-year-old boy. Maybe its time they get an actual kitchen.",Eastside,The Bricks,,3.62,18.8,3,,,Hispanic
NYilSGDWsYrFnB2EpDRMFA,Guest_1163,2018-02-04,,"My wife and I have visited twice, and another time with friends. While we like the food and beer choices, the service is inexcusably very slow. We visited on a Saturday afternoon around 5:00 and the place was only 1/3 full. Took a while for our server to greet us, arrived just when we were about to get up and leave. Ordered a beer for each of us and waited at least 10 minutes before I finally got up to ask the bartender about our drinks (after watching him not making any drinks for several minutes and serving a few others who just arrived at the bar). I could barely get the words out before he says they'll be right up. I sit back down, and he still doesn't pour them. We were about to leave again when another bartender made eye contact and she poured the drinks and brought them to us. While our waitress was friendly, she should have been checking on our drinks. Same slow experience with the other two visits, this time we are certain we will not be back.",Eastside,The Bricks,32.42,7.18,22.1,2,46-55,Female,Hispanic
C5VBfvKrFBGl7uhEONk8OA,Guest_1278,2017-02-09,,"Great bar/café! Such a great place to hang, inside is beautiful and outside you can hear nice music while having a coffee and a cig! Definitely coming back! Loved it",Eastside,The Bricks,7.86,1.25,15.9,2,,Non-binary,Asian
2umV3kR4UxjuYV4wU7Qw1w,Guest_5740,2014-02-07,,"I've always thought the idea of apple on a sandwich (that didn't involve peanut butter) as completely preposterous, because sweet things do not belong on sandwiches! So what did I order at The Bricks? Naturally, the Bird and Pig - which features chicken, bacon, apple, brie and agave nectar. It was definately sweet. And savory. And absolutely, positively to die for. I loved every scrumptious bite of it.... except for the dry chicken breast. I'm not sure if it was just old, but either way it was dry and disappointing. Next on the menu was the deluxe grilled cheese sandwich, which was all sorts of yummy cheese, smothering delicious garden fresh basil (wow!), spinach and tomato. The first bite of this sandwich was knock-your-socks-off. The basil really stands out and it definetly warranted an audible moan. The next few bites weren't as spectacular, but I still loved the sandwich. I'd go with the Bird and Pig again if I had to choose. While we waited, we treated our faces to black bean dip (suggested by the waiter) and we enjoyed it. If you like black bean dip, then you'll like this one. We washed all of that down with a glass of liquid heroin, and all was right with the world. The end. Oh, and the srvice - spot on. The place is cute, the staff is attentive, and it's clear this place easily doubles as a comfy daytime spot and a lovely night spot - if that's your kinda thing.",Eastside,The Bricks,21.51,2.77,12.9,6,,,Native American
KIA9s_8qZEtuSjIFdjBwYQ,,06/29/2014,1.0,,Eastside,The Bricks,10.96,1.66,15.2,2,26-35,Prefer not to say,Asian
jE2zHov_2Eii9XrrmkSV5g,Guest_7241,28.06.2012,3.0,,Eastside,The Bricks,12.46,2.09,16.8,3,,Non-binary,African American
UmA-9d4M4x8F5UKkVCAjEg,Guest_1210,01/19/2015,5.0,"Great atmosphere and service, food and drinks were excellent. Everything was fresh.  Bird and the pig sandwich was delicious, also the pacific rim. Will return soon.",Eastside,The Bricks,33.94,13.58,40.0,4,18-25,Prefer not to say,Mixed
vHLviczaBYS88UGWFWC8Qg,Guest_2049,2013-03-03,5.0,"staff is awesome and food is damn good. drinks are a reasonable price and Andrew always has something awesome/weird playing on the TV. If the independent were cooler, it would be the Bricks. One of the gods invented the bird and pig. Definitely get that.The cure is pretty tasty too, I'd eat it again. The place has cool wall art, a comfortable back patio, and Paper Mario characters on the bathroom doors. Have to appreciate the subtle nerdiness.",Eastside,The Bricks,,1.29,10.1,2,18-25,Female,Hispanic
NOTAXpx4vcngxjIXyhHBrg,Guest_4744,13.09.2012,4.0,"I love the Bricks! We live in Ybor and this is one of our favorite lunch spots. I always have a hard time selecting between two sandwiches - The Elvis which is a peanut butter, banana and bacon sandwich or the Bird and Pig - roasted chicken, bacon, brie, apple, pressed on a Hawaiian sweet roll.

Bricks always offers weekly specials and featured drinks. The crowd is always fun and the staff is friendly.",Eastside,The Bricks,34.62,4.2,12.1,3,,,Native American
J6PwgKRAnTAfSCqKSBq-bg,Guest_9444,08.08.2015,4.0,,Eastside,The Bricks,,2.63,6.3,2,,Female,Asian
DadAufR2brJtQCCq_NsPcQ,Guest_6918,04.03.2012,4.0,"It was so difficult deciding what to order here. I was in the mood for a skanky chai latte, but the skinny bitch latte just had that calorie conscious ring to it. After a bit of thought I decided, skanky it shall be! This has got to be one of my favorite places in Tampa. I had never really put a pulse on ""hipster"" in Tampa, but I found the closest thing to it at Bricks. Plenty of space to lounge here with a nice offering that ranged from caffeinated beverages to brews and snacks. I would have never typically thought to throw bacon on a peanut butter and banana sandwich and then drizzle with honey, but I'm glad someone did. The Elvis sandwich is a hunka, hunka, burning yum! I would give this place five stars all day, except for the fact that service is slow. Like, dial-up slow. Like larvae to butterfly metamorphosis slow. So slow in fact that on a pretty *slow* afternoon, it would take 20 minutes just to get an iced chai even though you have a clear view of queue and activity of the servers. So slow that from time of check request to actually receiving it, was about another 20 minutes. While the laid back atmosphere is one of the things that makes this place so cool, it's also the incredibly laid back service that could put a damper on things if you're in a rush.",Eastside,The Bricks,20.7,0.82,3.9,5,65+,Female,Hispanic
uVRXElOZDBO2TXq_gveXYA,,21.03.2013,5.0,,Eastside,The Bricks,27.08,4.34,16.0,3,,Male,Mixed
2a8_Q5XhjoQHaZ_KtISZuQ,Guest_2009,2012-12-09,4.0,"Since moving to Tampa about three weeks ago, I have found some ridiculously good restaurants thanks to Yelp and friends' recommendations. 

The Bricks has been on my list of places to try for a while now, and I finally made it last night. 

My friend & I walked in and were greeted immediately by the staff who told us to sit where we wanted. The place was fairly empty on a Tuesday at 7pm. I've heard it's packed on weekends, so perhaps going on off-nights is key. 

We started off with the Bricklayer, a fancy name for extra delicious nachos that are topped with queso, avocado cream, olives, and jalapeños. The salsa that comes on the side is awesome - super fresh, flavorful, and not too watery. This is a big appetizer and probably a bit too much for two girls before dinner. If I ordered it again, it would be as a bar snack rather than an app. 

For dinner, I had to try the Bird & the Pig. Wow - that pressed sweet bread combined with the salty bacon and chicken, paired with crisp apples and agave nectar? Yeah, the distinct flavors come together nicely to create one hell of a sandwich. 

I tasted my friend's black bean burger and liked that, too. 

The only thing I tasted that didn't blow me away was the roasted potato salad I got on the side. I'll probably just go with the mixed greens salad next time. 

Aside from the food, the environment is cool, too. I really liked all the local artists' work adorning the walls. 

There is ample parking nearby, including a garage on 15th that only charges $1 for the first 3 hours.",Eastside,The Bricks,16.48,3.55,21.6,2,18-25,Female,Other
hQz9UnbHvv3ctllRquULuQ,Guest_3621,18.04.2015,5.0,This is where the cool kids hang and there's reasons for it. The beer and the food! Tons of vegetarian and even vegan options. I'm not either but I do love that black bean burger and the salads are to die for. The staff is great and always sweet and accommodating. The place is usually filled with great art and an eccentric lot of people. I gave this place five stars because I would be lying if I said I didn't love this place. It's my vibe. It can be yours also. Yup! Just referred to myself as a cool kid.:D,Eastside,The Bricks,9.29,1.09,11.7,2,56-65,,Asian
I3nDwvABhYqKdcxpN6_eaA,Guest_8648,2014-04-23,5.0,"Easily my favorite overall spot in Ybor. The food is freaking amazing, the staff is awesome and know their booze/beer, and it just has a great feel.",Eastside,The Bricks,33.13,3.45,10.4,2,46-55,Non-binary,Hispanic
0XuENPl2FwekIfu9M-1jDw,Guest_3728,2018-09-03,1.0,"Terrible selection of food. No ""real sweet tea"" first and last time visit"" anywhere that doesn't carry real sweet tea automatic gets a 1*",Eastside,The Bricks,23.88,9.55,40.0,2,,Prefer not to say,Hispanic
eWzgGaazlADYOBS_hzFLtA,Guest_5995,05/09/2014,4.0,"Tasty place to grab a unique sandwich or something else with some tasty beer. I love the decor in this restaurant, as it seems to marry bricks, random tomfoolery, and nerdiness quite well. I've enjoyed most things there. The Bird and Pig was quite good as well as their veggie burger. They also have lots of theme nights, but I've never been to one.",Eastside,The Bricks,24.34,3.85,15.8,1,36-45,,Native American
asr6SiNjIrpTrGwMeBp9Pg,Guest_7473,03.07.2015,5.0,"Great environment, good assortments of beers, funky people, board games, chill vibes, Monday Game nights and random parties, outside patio, great coffee, try liquid heroin coffee, one of my favorite places in town",Eastside,The Bricks,27.15,3.83,14.1,3,26-35,,Other
Cf3QB0VEbdWFq94tZcWgTQ,Guest_2481,2017-11-10,5.0,,Eastside,The Bricks,,14.77,24.4,1,56-65,Non-binary,Other
s7X6kSDGGlowmEqCDEh2SQ,,29.06.2014,3.0,"I am not nearly cool enough to go here. The waiter was not unfriendly, but he was much more friendly to some ladies who sat near me with full sleeves of tattoos.  I ordered the black bean burger, it was so flavor less and thin it could have been omitted.  The mayo on the sandwich and mixed greens on the side,  along with the pickle,  we're the best part of the meal. My beer was alright,  but if I am going to spend $7 on a pint it should be delicious or high gravity,  this was neither, and since no prices appeared next to the draft list,  the price was a bit of a shock.",Eastside,The Bricks,,5.69,20.5,2,18-25,Male,Native American
OkD1Hn96bO8NYIClN6bvyA,Guest_7713,01/24/2018,4.0,"2 words THE CURE! I ended up here after a night of one too many drinks (it happens). A friend recommended this place for a hang over cure! She was not mistaken! After reviewing their menu, which seemed a bit obnoxious, (I'm talking quirky names that require you read the description to be able to decipher what you're eating) I settled on the sandwich with an egg on it! Im a sucker for a runny egg on just about anything! Messy eggs, bacon, mozzarella, jalapeño aioli, on toasted cuban bread; this holy grail of a sandwich is called THE CURE! I have been back a few times to this establishment just for this sandwich, the mimosas too. Oh yea they have liquor so you can totally have drinks here. 

The ambience is very chill. There are a good amount of tables inside and bar seating; no outside seating. I have been here on a Sunday for brunch and found it to be pretty family/kid friendly. The whole place and most of the staff is painfully hipster but it works. The bathrooms are clean and there is a small back patio with mural art.",Eastside,The Bricks,,1.22,8.8,3,,Prefer not to say,Caucasian
_aJ77lzyw1BhFqRU-wPwhA,Guest_4517,03/02/2012,4.0,,Eastside,The Bricks,15.41,3.13,20.3,2,56-65,Male,Hispanic
4ywDqRoYjy16Z_UFox0qTg,Guest_4601,22.07.2012,1.0,,Eastside,The Bricks,11.23,1.92,17.1,2,18-25,Female,
hQz9UnbHvv3ctllRquULuQ,Guest_8536,04/18/2015,5.0,"This is where the cool kids hang and there's reasons for it. The beer and the food! Tons of vegetarian and even vegan options.
I'm not either but I do love that black bean burger and the salads are to die for.
The staff is great and always sweet and accommodating. 
The place is usually filled with great art and an eccentric lot of people. I gave this place five stars because I would be lying if I said I didn't love this place. It's my vibe.
It can be yours also.
Yup! Just referred to myself as a cool kid.:D",Eastside,The Bricks,15.74,2.99,19.0,2,56-65,Male,Mixed
Cf3QB0VEbdWFq94tZcWgTQ,Guest_7685,11/10/2017,5.0,,Eastside,The Bricks,10.5,1.63,15.6,2,,Non-binary,Native American
8_4B-G7i1ETKqsNLEiaXfw,Guest_6598,2011-10-27,4.0,Loved the Mediterranean Grilled Cheese sandwich! Nice casual atmosphere. On the end of the strip so it is very convenient to get to during lunch hour. Looking forward to trying something else on the menu.,Eastside,The Bricks,6.6,1.61,24.4,4,46-55,,
s9dqqPMdKO3QdJ5s7lrt3g,Guest_3040,2016-11-28,1.0,"This place is listed as vegetarian-friendly and it is, provided that you eat eggs, cheese, and whatever else they put on the food without listing it in the menu description. Unfortunately this place was a nightmare for me as a vegan. I ordered the veggie cuban with no swiss or honey mustard since those were the only non-vegan ingredients listed in the description, and if it wasn't for the server mentioning ""oh that's a great choice; the chef puts an egg on it too,"" then I would have gotten a sandwich with egg. After I stressed ""no animal products, no egg, no dairy, no butter,"" the server responded with ""oh well you know the egg isn't actually meat"" as opposed to, you know, respecting my dietary restrictions.

I have no intention of returning, due to the lack of clarity on the menu and the server's rudeness when I was expressing my allergies/restrictions. Maybe if the restaurant lists all of the ingredients and trains their staff on how to not be rude to someone who was rightfully annoyed at almost getting an item I couldn't eat, then it might be worth a recommendation. But then again, it's not a vegan-friendly establishment despite it being vegetarian-friendly.",Eastside,The Bricks,10.31,2.06,20.0,1,,Non-binary,Asian
KIA9s_8qZEtuSjIFdjBwYQ,Guest_3093,29.06.2014,1.0,,Eastside,The Bricks,16.62,2.32,14.0,6,46-55,,Caucasian
siwaa7bmNx91IxRVWwhp3g,Guest_7325,29.05.2014,,,Eastside,The Bricks,,3.79,19.7,5,36-45,,
De-IwBjVk0Rkn1mGQ8GIbQ,Guest_8385,12/06/2011,5.0,"A must when you are in Ybor.  I ate and drank here multiple times a day for my 5 day trip to Tampa.  Every single meal was spectacular.  The Skinny bitch latte is perfect to start the day.  The proper grilled cheese is amazing, just wish they would have tomato soup to go along with it.  And you can't find better bartenders anywhere else in town.",Eastside,The Bricks,25.68,5.34,20.8,3,56-65,Non-binary,Native American
nAdvLArVs5EaKwrOvFXTuQ,Guest_4997,13.11.2014,5.0,,Eastside,The Bricks,,3.08,19.4,2,,,Asian
zbaEspWboOPPonKjB4jbWA,Guest_4588,2012-06-29,4.0,"A couple of nights ago the Tampa Bay Lady Bloggers met at The Bricks for our monthly book club meeting. The staff was very welcoming and was happy to push together several tables for us. Our server was so nice and helpful and cheerfully took a group photo for us (annoying bloggers). The ""hole in the wall"" atmosphere at The Bricks is fun and eclectic, with local art for sale lining the walls. I loved the laid-back, hip feeling of the place. I had the ""brick,paper,scissors"" martini and it was so refreshing and delicious that I had to get a second with my entree. The table shared an order of the ""bricklayer"" nachos and they were okay, but the house-made salsa on the side was out of this world. For my entree I got the ""bird and pig"", based on so many great Yelp recommendations. It did not disappoint with thick, crispy bacon, sweet apples and agave nectar, tasty chicken and delicious pressed ""sweet"" bread. I almost caved in and got the Ahi tuna BLT because it looked so good on the menu...I'll definately be back and try that next time to compare. Thank you Bricks for hosting our meet-up. See you again soon I hope! My blog post about our meeting at The Bricks is here: http://carolinecalcote.com/2012/06/28/tampa-bay-lady-bloggers-book-club/",Eastside,The Bricks,23.93,3.42,14.3,2,26-35,Male,Mixed
uoiQHg2o0l9eNvOESYq1UA,Guest_6873,03/07/2016,1.0,,Eastside,The Bricks,30.68,5.8,18.9,2,18-25,Male,Caucasian
ZqzXpRt9FsPQUDCNmvj0ew,Guest_3972,02/25/2017,4.0,"Really like the Bricks. Always a new experience when i go. The coffee, good. The cocktails, better! The ambiance is hip. The food is pretty good too.",Eastside,The Bricks,7.92,1.38,17.5,4,46-55,,Caucasian
jrGMuHix2T4NvxVmR0yF_g,Guest_8671,27.02.2013,5.0,"Great atmosphere, always a good variety of music playing, excellent food and an increasingly diverse drink menu make this possibly my favorite place in Tampa. The Bird and Pig could quite possibly be the best sandwich in the history of sandwiches! Chicken, bacon, Brie, agave on Hawaiian sweet bread....yum! Also, try Root Down on the drink menu. Tastes exactly like Root Beer!",Eastside,The Bricks,23.07,3.92,17.0,2,46-55,Male,Other
uVRXElOZDBO2TXq_gveXYA,Guest_4309,03/21/2013,5.0,,Eastside,The Bricks,35.05,6.89,19.7,4,,Non-binary,Caucasian
svHZLGNpGq3BvqCkeKI56g,Guest_4185,29.01.2017,1.0,"We waited an hour for our food.  No coffee refills the entire time.  We saw our food souring in the window for 20 minutes.  When we finally left the server said it couldn't be helped.  No apologies, no service, no food, no tip.",Eastside,The Bricks,22.1,4.39,19.9,2,18-25,,Asian
ELbCs-aC8mAxrAEu36Hihw,Guest_1139,13.10.2014,4.0,"Cute place, got there too late to eat,the drinks were good though, they have fresh ingredients and crushed ice!only bar in ybor I've seen with fresh things and a wide selection of booze",Eastside,The Bricks,17.54,4.22,24.1,2,,Prefer not to say,Asian
exVAtPSIFht6QUVDftWSzw,Guest_7798,2013-07-14,1.0,"The Bricks gets a ""1"" in my book because they have terrible servise. Great food, but terrible servise. I went there about 3pm on a Tuesday...which happened to be my birthday to have lunch with my mother. Not only were we not greeted by the 3 staff standing around with NO other customers, but we were also not brought any menus or given direction about seating. We sat down and waited for a server to come by and ask for our drink order and bring menus. No one ever did. We got up and grabbed our own menus close to where the staff were standing. They paid no attention. After 3 or 4 more minutes we stood up to leave and they didn't care. So we walked out and I had my birthday lunch elsewhere. I wrote to them on Facebook about our servic and they promptly deleted my comment and ignored my message. I used to go to the Bricks all the time, but we've never been back since and I warn any new friends to not go there as well.",Eastside,The Bricks,22.99,4.66,20.3,4,46-55,Prefer not to say,Other
4lpkYTTdzqMuaZ4qoLlUgA,Guest_3208,2011-07-01,5.0,,Eastside,The Bricks,39.33,6.5,16.5,4,,Female,Caucasian
0F7dbDBRCGYd3wFBuVpFMA,Guest_1548,28.07.2014,,,Eastside,The Bricks,10.87,2.66,24.5,3,56-65,Female,Asian
exVAtPSIFht6QUVDftWSzw,Guest_3781,2013-07-14,1.0,"The Bricks gets a ""1"" in my book because they have terrible service.  Great food, but terrible service. 

I went there about 3pm on a Tuesday...which happened to be my birthday to have lunch with my mother.  Not only were we not greeted by the 3 staff standing around with NO other customers, but we were also not brought any menus or given direction about seating.  

We sat down and waited for a server to come by and ask for our drink order and bring menus.  No one ever did.  We got up and grabbed our own menus close to where the staff were standing.  They paid no attention.  After 3 or 4 more minutes we stood up to leave and they didn't care. So we walked out and I had my birthday lunch elsewhere. 

I  wrote to them on Facebook about our service and they promptly deleted my comment and ignored my message.  

I used to go to the Bricks all the time, but we've never been back since and I warn any new friends to not go there as well.",Eastside,The Bricks,14.0,3.16,22.6,4,,Prefer not to say,African American
EWgE8zamjHBz8CMRdLIHVw,Guest_7786,03.12.2011,4.0,,Eastside,The Bricks,69.32,11.33,16.3,2,36-45,Non-binary,Hispanic
ceZuAvgL5kULPFX4PFjIUg,Guest_5868,18.08.2017,5.0,Busy and noisy at 12:30 lunch on a Tuesday.   Quieter by one.  Nice interior gastropub.  My pork and arugala slaw sandwich was good.  It came on a bun that was soft enough to pull apart easily.  When I did so the levels stayed together.  The texture and taste of both the sandwich and the slighly curried potato salad side were good.  I found myself enjoying the overall experience and reluctant to leave.  A good value at less than $10.,Eastside,The Bricks,9.31,0.99,10.6,2,,,African American
ZqzXpRt9FsPQUDCNmvj0ew,Guest_1795,2017-02-25,4.0,,Eastside,The Bricks,,4.17,15.7,1,,,Mixed
fRdKsfvptL0A4aFfVPkZQQ,Guest_5090,06.10.2013,5.0,,Eastside,The Bricks,19.72,2.87,14.6,4,56-65,Non-binary,Hispanic
rPf97Sb-wcMOJ1XBO8M9EA,Guest_7778,2018-06-27,5.0,"Have come to The Bricks a few times as I wait for classes, there is wifi and it's a nice environment to sit, eat, grab a beer and do some homework.  If I'm in Ybor for an extended period of time and have to wait, I usually try to make it here as much as I can.",Eastside,The Bricks,49.02,6.89,14.1,4,,,Caucasian
ZqzXpRt9FsPQUDCNmvj0ew,Guest_8109,25.02.2017,4.0,"Really like the Bricks. Always a new experience when i go. The coffee, good. The cocktails, better! The ambiance is hip. The food is pretty good too.",Eastside,The Bricks,,4.05,18.1,3,18-25,Female,
NOTAXpx4vcngxjIXyhHBrg,Guest_7173,13.09.2012,4.0,"I love the Bricks! We live in Ybor and this is one of our favorite lunch spots. I always have a hard time selecting between two sandwiches - The Elvis which is a peanut butter, banana and bacon sandwich or the Bird and Pig - roasted chicken, bacon, brie, apple, pressed on a Hawaiian sweet roll.

Bricks always offers weekly specials and featured drinks. The crowd is always fun and the staff is friendly.",Eastside,The Bricks,22.61,3.66,16.2,4,,Female,African American
0F7dbDBRCGYd3wFBuVpFMA,Guest_1878,28.07.2014,4.0,,Eastside,The Bricks,9.32,1.43,15.4,2,36-45,Non-binary,
KIA9s_8qZEtuSjIFdjBwYQ,,06/29/2014,,"I loved this place, the food, atmosphere, and drinks and I was in Ybor one night and came in about midnight and walked back to use the restroom and then to sit down and get some food and drinks, typical of anyone that's out drinking and midnight rolls around. Well, I continue on the path to the restroom and the manager, yes, the manager, had the audacity to tell me if I proceeded to the restroom that he would come on after me. I thought he was joking. But no, he was serious, then he told me I needed to tip the bartender before using the restroom, even though I hadn't sat down to order anything yet. I was clearly upset and walked back out to leave. The guy at the door was very nice and lead me back in to use the restroom. I decided after being treated that way, by the manager, that this was not an establishment I would be frequenting any longer, even though I loved the place. I went to the restroom and came back out and put $3 on the bar, because I needed to ""tip"" to use the restroom. Well, the guy at the door said that the manager had ASSUMED that we came from a rave across the street and that we just wanted to use the restroom. Well, his assumption lost him business, and I have been living in the Bay Area for 32 years. I'm pretty sure telling a patron you are going to follow them into he women's restroom is some form of sexual harassment. I have NEVER been treated like that ever in an establishment. Hopefully, for the greater good of the restaurant, that manager is no longer there.",Eastside,The Bricks,13.8,5.52,40.0,3,,Female,
FWWE8HkUu42FgIfi2_FI-w,Guest_9376,2013-01-02,4.0,,Eastside,The Bricks,,9.7,35.0,1,56-65,Prefer not to say,Native American
IdUkBQcMt0460g5W1LCZmg,Guest_6644,01/20/2014,4.0,"The Bricks is a hipster haven, but don't let that deter you if you don't wear non-prescription glasses and flannel. I'm always the least cool person in here and no one seems to mind. (Although maybe I AM cool -- last time I was here the DJ was playing Hall & Oates most likely to be ironic, but I  genuinely enjoyed it.)

The menu is mostly sandwiches and some salads. It's all about the Bird & Pig sandwich. I have a hard time straying from this delicacy of chicken, bacon, brie, and apples on pressed sweet bread. Sweet, check. Salty, check. Crunchy, check. 

Nice selection of local and craft brews, too.",Eastside,The Bricks,18.19,4.58,25.2,2,,Prefer not to say,
L35Awd7K5slzNlEAI6H8xQ,,04/01/2016,4.0,,Eastside,The Bricks,12.84,1.67,13.0,1,26-35,Female,Native American
NYilSGDWsYrFnB2EpDRMFA,Guest_9362,02/04/2018,2.0,,Eastside,The Bricks,25.2,6.31,25.0,2,18-25,Prefer not to say,African American
DadAufR2brJtQCCq_NsPcQ,Guest_5498,04.03.2012,4.0,,Eastside,The Bricks,22.61,3.91,17.3,5,36-45,Male,African American
zs4OcjXPJOkdhKV_CtRgpQ,Guest_4805,06/11/2014,4.0,"One of my favorite spots to swing by while in the Ybor area, either with a group of friends or alone, as they do have a lot of space to bring out your laptop to work or read.

Since I usually come during the workday for lunch, I'm a big fan of their specialty coffee drinks. They have a very unique one - espresso lemonade - which I got to try on my last visit. The bitterness was cancelled out by the lemonade and it was delicious.

The Bricks has a good choice of apps/salads/sandwiches and I also tried a spicy chorizo, creamed soup, which my server recommended, and he was right-on point with this pick.

If you're in Ybor please make sure you stop by here...it's vegan/vegetarian friendly and just has a good all-around vibe inside.",Eastside,The Bricks,,16.27,22.3,1,26-35,Male,Asian
77SVp08MVwzf7CP9vviZgw,Guest_1148,2012-07-22,,"We've heard that we need to go to places in Ybor and try them out, so we set out to find a place for dinner.  One thing is for sure...the menu has traditional food, but in a unique way.  

I ordered the deluxe grilled cheese (has tomatoes, pesto, whole wheat) and my husband had the BBQ pig quesadilla.  Both dishes were good, but I don't feel like they were 'awesome'.  

We went out on a limb and tried the hibiscus sangria and the chocolate espresso cake for dessert.  The cake was VERY espresso!  Too rich for me!  The sangria definitely tasted like flowers, but in a good way. It was pretty refreshing too!

 It was fun to try a new place, but I don't think we'll go back.",Eastside,The Bricks,31.6,3.14,9.9,5,46-55,,Other
PJv1iTOgQTS0Aan6_UAZnw,Guest_3281,2013-10-31,4.0,,Eastside,The Bricks,67.37,9.19,13.6,2,26-35,Non-binary,Caucasian
dFgGps6gQQbWoKOR60X72w,Guest_3864,2012-03-02,5.0,"My friend and I visited Tampa for a concert, and about ten minutes away from the Atlanta airport he realized that he had purchased tickets for the wrong day. We had already made hotel reservations and bought the concert tickets, so he just had to pay same-day price for airfare: all in all about $800 more. ""It was totally worth it,"" he later told me, ""Because I got to have the best sandwich of my entire life."" All because we randomly picked the Bricks of Ybor from Yelp. I can't vouch for the peanut butter or meatless menu, but the meat sandwiches that we bought were absolutely phenomenal. I had the pulled pork, which was flavored with ponzu and served on Hawaiian sweet bread. It was one of the best meals I've had in a long time. We spent a few hours hanging out and drinking, during which time Brian, the owner, came out and talked to us, comped us a drink, let us try new appetizers he was developing (all for free) and generally made us feel really welcome. I kept my eyes open to the kind of crowd that came in and out of the restaurant. It seemed to draw everything from hipsters to geriatrics and strait-laced families with young kids. I think it speaks to both the diversity of the menu and the pleasant environment. We went back for drinks before and after the concert. It got very crowded but we still received excellant food, drinks and srvice. I give this restaurant my strongest recommendation, and it's the first place I'm going when I next visit Tampa.",Eastside,The Bricks,12.62,1.94,15.4,4,56-65,Female,Mixed
pOilCvNQPufxgGMlpFe44Q,Guest_4497,2010-10-11,5.0,"The Bricks completely lives up to the hype. Don't leave without trying their amazing Basil-infused lemonade!

Really chill cafe-like vibe, with a creative comfort food menu (peanut butter sandwiches!), and full table service.

In a few weeks they will be opening a quiet ""study hall"" space for laptop lurkers, making this a killer telecommute/study spot.",Eastside,The Bricks,16.66,3.92,23.5,4,,Prefer not to say,Asian
qzgc5-lizZMqupW7ZR8qmQ,Guest_9423,07/28/2014,,Seems like a good place ...very chill and low key..not my particular favorite food ( more on the healthy side) but still good quality food and service with a fun video game theme once a week ...good place to check out,Eastside,The Bricks,21.86,4.35,19.9,1,26-35,Female,Other
FWWE8HkUu42FgIfi2_FI-w,Guest_5608,02.01.2013,4.0,,Eastside,The Bricks,8.32,1.42,17.1,2,65+,Male,Other
zbaEspWboOPPonKjB4jbWA,Guest_1566,2012-06-29,4.0,,Eastside,The Bricks,29.53,4.76,16.1,2,,Male,Hispanic
RNtIj-FjLZFmGAp2Wy607A,,12/05/2012,4.0,,Eastside,The Bricks,7.84,1.89,24.1,4,,Non-binary,Native American
8zXgEkLjDwArMWCiDa4tLQ,Guest_3494,11.10.2012,,"I like some of the cocktails here but the food is mediocre. Ive never understood why it gets the ratings on food that it does, but then again we are in Tampa. Its basically like food you could whip up in a few minutes at home using your microwave for a 3rd of the cost. Except not as tasty. Anyone who loves eating here has the palate of a 14-year-old boy. Maybe its time they get an actual kitchen.",Eastside,The Bricks,,2.56,16.5,4,56-65,Non-binary,Hispanic
t6OmnU6qlaPS2BzDnMS28w,Guest_7792,2018-05-20,5.0,"My favorite drinks place to imbibe before a show in Ybor. Kyle is spot on every time with what is seemingly the exact thing I want before I even know it. Also, the nachos. Trust me!",Eastside,The Bricks,7.73,1.66,21.4,3,65+,Male,African American
N4J7LZI9eKDt4U0RLpWEww,Guest_6496,2017-03-30,5.0,"One of my favorite places to eat in Ybor! Good vibes, good food, and good drinks. Even their coffee is good! Service is a hit or miss, although most recently I have had consistent great service. And their veggie Cuban sandwich is amaaaazing!",Eastside,The Bricks,11.67,2.75,23.6,1,,,Hispanic
EWgE8zamjHBz8CMRdLIHVw,Guest_9054,2011-12-03,4.0,"Lots of vegetarian options. The servic was pretty fast. The skateboard wall was nice (Calvin & Hobbes represent!). The sandwich I got was a bit lacking in the flavor department. Really didn't know what to eat since I went here at night just before a binge of dancing and drinking. Didn't really feel into the peanut butter at that point in time. Next time I'll try their peanut butter creations, but I'll probably go for brunch or a late lunch since it seems the menu is more designed for that and not any pre-gaming.",Eastside,The Bricks,21.72,4.48,20.6,4,36-45,Non-binary,
LyBfA_NGwBAqf0LqVsDBhw,Guest_4195,2012-05-29,4.0,"Based this visit entirely upon previous Yelp reviews, which as usual we're spot on. Great atmosphere and feel to this place - Kind of an art house meets coffee house meets Animal House environment. Very unusual. In a good way. The srvice was relaxed, social and great. The beverages were delicous and the menu was quite interesting. I so wanted the food to be much better than it was. Tried the Bird and Pig, a specialty grilled cheese and a couple apps. Everything was good but not great. In truth, if I was judging on food alone, there would be three stars instead of four. But the atmosphere and the staff clearly deserved the extra star, and I'll head back to try some other items on the menu next visit.",Eastside,The Bricks,7.05,1.49,21.2,2,,Non-binary,Caucasian
dxp5wFqMeO2x3Rz-8km5Cw,Guest_1418,2017-05-27,,Where do I start: Phenomenal food Excellent Bartender - I didn't know what to drink and bartender created one to her liking Great Atmosphere Great music - DJ on Friday Night was awesome Even the free water in the beginning tasted amazingly Definitely would go again,Eastside,The Bricks,14.89,5.96,40.0,2,65+,Male,Other
aHtgSP4nTEtHvYQ0TE6w1g,Guest_9185,10/02/2017,5.0,Their bird & pig sandwich is the bomb. Brie cheese is one of my favs and this sandwich offers plenty. The Asian Slaw was a suggestion from our waitress and did not disappoint. It was yummy. The sesame seeds made all the difference. Full bar always has a variety of tasty drink options. This place is cool bc it has a vegan options for those folks with those dietary needs.,Eastside,The Bricks,,3.26,19.0,2,36-45,Prefer not to say,Mixed
F4_DYi_7czpyLMrErrKaQg,Guest_3717,2011-08-01,5.0,,Eastside,The Bricks,,2.78,15.2,3,,,African American
oX3VSZ2WBLd-mKidL87Q5g,,05/19/2018,4.0,,Eastside,The Bricks,6.94,1.68,24.2,2,26-35,Male,Mixed
ss4LSp-dCCuhpxDrRH_GLQ,Guest_8046,28.10.2011,5.0,"I walk in, and they're playing the greatest hits of De La Soul throughout lunch. They could have been serving Big Macs and that gets you four stars alone. 

I order a grilled cheese sandwich, and it comes with apple, plums, and bacon on some delicious bread with tortilla chips. And it is sublime. The cheese is perfectly melted, and the goodies inside are covered in wonderful gooey dairy greatness. 

I order a cafe con leche while getting some work done on my laptop. It is flawlessly prepared by a lovely server, and I'm a coffee snob. And if I didn't get buried in work stuff, I was jonesing for one of those half-price martinis they serve on Thursdays.

Wonderful atmosphere (the skatepark staff makes it friendly and fun), great food, delicious coffee, a full bar, and lots of different options. This place is a total home run, and a can't miss for anyone in Ybor.",Eastside,The Bricks,17.69,1.84,10.4,6,18-25,Non-binary,Caucasian
jrGMuHix2T4NvxVmR0yF_g,Guest_4795,02/27/2013,5.0,,Eastside,The Bricks,19.28,3.54,18.4,1,36-45,Female,Caucasian
N4J7LZI9eKDt4U0RLpWEww,Guest_8968,03/30/2017,5.0,,Eastside,The Bricks,20.47,4.45,21.7,2,,Female,Asian
Y95YeYL9jxYcdkQgsTNzNg,Guest_4800,2017-09-11,4.0,,Eastside,The Bricks,14.14,3.29,23.3,2,46-55,Non-binary,Native American
aHtgSP4nTEtHvYQ0TE6w1g,Guest_1313,2017-10-02,5.0,Their bird & pig sandwich is the bomb. Brie cheese is one of my favs and this sandwich offers plenty. The Asian Slaw was a suggestion from our waitress and did not disappoint. It was yummy. The sesame seeds made all the difference. Full bar always has a variety of tasty drink options. This place is cool bc it has a vegan options for those folks with those dietary needs.,Eastside,The Bricks,20.26,3.72,18.4,2,18-25,,Other
79szQCU8GqpMZYtRX2rKvw,Guest_6231,2017-11-07,3.0,"This is more of a drinking place than dinner. I didn't enjoy dining here at all, the service was slow and the acoustics of the place made It impossible to have a conversation. The veggie cubano was pretty good and the drinks were strong though.",Eastside,The Bricks,17.16,2.76,16.1,4,,Male,Native American
rPf97Sb-wcMOJ1XBO8M9EA,,06/27/2018,,"Have come to The Bricks a few times as I wait for classes, there is wifi and it's a nice environment to sit, eat, grab a beer and do some homework.  If I'm in Ybor for an extended period of time and have to wait, I usually try to make it here as much as I can.",Eastside,The Bricks,16.09,5.63,35.0,5,46-55,Female,Hispanic
OWqNO-H7eAWJH7hsQfO0_A,Guest_3045,17.10.2016,5.0,"Bird and Pig and the Tuna BLT are awesome! Delicious cold beer. Thanks for the recommendation, Yelp!",Eastside,The Bricks,9.55,1.66,17.4,2,36-45,Male,Caucasian
I3nDwvABhYqKdcxpN6_eaA,Guest_7490,2014-04-23,5.0,"Easily my favorite overall spot in Ybor. The food is freaking amazing, the staff is awesome and know their booze/beer, and it just has a great feel.",Eastside,The Bricks,33.52,3.4,10.1,1,46-55,Female,
OhxIJjuDwcA0tRwXImwpeA,Guest_5314,24.08.2014,3.0,"I have to say that the food here is good; however, the staff/service could be better. My sister and I came here for lunch and a few drinks. My sister ordered a drink off the menu and 10+min later, as we're finishing our lunch, the waitress comes back and says ""sorry, our bartender doesn't know how to make that"" ..... So the bartender doesn't know how to make the drinks listed on the menu? And the 10+mins. it took to tell us that, it could have ben googled and made. I don't want to bash this establishment, but the customer srvice has always been an issue here. I would reccomend continued training to both current and new staffers to improve their level of knowledge and customer service",Eastside,The Bricks,23.67,4.11,17.4,2,18-25,,Hispanic
dDKRtNXR8JJAz4x_ZCGo3g,Guest_9740,05/29/2014,4.0,"Great location, cool atmosphere! The food was a fairly priced for the quality, which was good. I had the pulled pork tacos and they were not skimpy, fully stuffed and filling for $6. Great draft beer selection but it was a buck or two overpriced compared to other craft beer places. The two waitresses were very nice and pleasant. It was slow when we got there and them boom it was packed, they didn't forget about us but we did have to track her down for our last beer. I will be back for sure!",Eastside,The Bricks,9.88,2.52,25.5,2,,Non-binary,Caucasian
NOTAXpx4vcngxjIXyhHBrg,Guest_6383,2012-09-13,4.0,"I love the Bricks! We live in Ybor and this is one of our favorite lunch spots. I always have a hard time selecting between two sandwiches - The Elvis which is a peanut butter, banana and bacon sandwich or the Bird and Pig - roasted chicken, bacon, brie, apple, pressed on a Hawaiian sweet roll.

Bricks always offers weekly specials and featured drinks. The crowd is always fun and the staff is friendly.",Eastside,The Bricks,12.13,3.11,25.7,4,46-55,Non-binary,African American
rzkOryEsl-T1AvF6e3DcIw,Guest_2616,12/05/2012,4.0,,Eastside,The Bricks,7.14,0.99,13.9,2,46-55,Prefer not to say,Hispanic
BceKC7jAlfmF6C-z-OTflQ,Guest_9440,08/19/2017,4.0,"I went there for dinner while in the Tampa area and had a great meal. They have multiple Vegan and Vegetarian options, while also having a full bar with Guinness. Very unusual across the good ole USA. The place is in an interesting area, which seems it could be a little rough in the dark, so if you go, I would reccomend going during the light hours. The bartenders are really nice, and helpful with picking a good dish.",Eastside,The Bricks,16.44,2.57,15.6,2,56-65,Female,Caucasian
P3PXmTyL5hzvqaCdJGk90w,Guest_1684,18.11.2015,5.0,"The Bricks of Ybor is a restaurant, bar, and coffee bar in Ybor City and also has live music and special events at times. It is affiliated with the SkatePark of Tampa (SpoT) which has a shop next door and there are skateboard decks mounted on the walls of The Bricks as artwork and they play skate videos on the TVs above the bar; as I'm a skater myself, this is if anything just the icing on the cake for me. 

However, The Bricks' ardent support of skateboarding would not be enough to garner a five-star review alone, but thankfully it measures up in all other regards. The interior atmosphere is lively, inviting, and unique. The waitstaff and bartenders are on point, outgoing, friendly, and most importantly, quite prompt. As to the food, it's fairly simply fare but very tasty and very well-prepared. Tacos, a variety of Cuban sandwich variants, and some salads compose the lion's share of the menu. I had the Bird & Pig Cuban sandwich and also an order of chips and queso dip. The queso was especially good, which impressed me because too often things like queso are simply after-thoughts at bar-type restaurants. The sandwich itself was also very good. They have a full bar with a good selection of bourbons and ryes and also an expectedly good selection of beer, with an emphasis on Tampa's local brews. The wine list also looked better than you'd think for a casual bar atmosphere. Overall, it's clear they're investing in quality here. 

While their skateboarding association was enough to grab my attention to The Bricks, their stellar food and service are what really sets them apart. Ybor has a reputation for food being hit or miss, as is the case with many touristy areas, but The Bricks I found to be simply and casual yet truly impressive.",Eastside,The Bricks,23.26,1.98,8.5,4,56-65,Non-binary,Asian
aHtgSP4nTEtHvYQ0TE6w1g,Guest_2377,10/02/2017,5.0,Their bird & pig sandwich is the bomb. Brie cheese is one of my favs and this sandwich offers plenty. The Asian Slaw was a suggestion from our waitress and did not disappoint. It was yummy. The sesame seeds made all the difference. Full bar always has a variety of tasty drink options. This place is cool bc it has a vegan options for those folks with those dietary needs.,Eastside,The Bricks,18.46,2.4,13.0,2,,,
_aJ77lzyw1BhFqRU-wPwhA,Guest_8365,2012-03-02,4.0,fun place with a nice atmosphere. Ordered the Elvis which is a good sandwich with peanut butter honey bananana and bacon! it sounds weird but it was delicious.,Eastside,The Bricks,60.98,9.21,15.1,4,18-25,Non-binary,Caucasian
s7X6kSDGGlowmEqCDEh2SQ,Guest_8852,29.06.2014,,"I am not nearly cool enough to go here. The waiter was not unfriendly, but he was much more friendly to some ladies who sat near me with full sleeves of tattoos.  I ordered the black bean burger, it was so flavor less and thin it could have been omitted.  The mayo on the sandwich and mixed greens on the side,  along with the pickle,  we're the best part of the meal. My beer was alright,  but if I am going to spend $7 on a pint it should be delicious or high gravity,  this was neither, and since no prices appeared next to the draft list,  the price was a bit of a shock.",Eastside,The Bricks,19.97,0.0,0.0,8,56-65,Prefer not to say,Hispanic
0F7dbDBRCGYd3wFBuVpFMA,Guest_9870,28.07.2014,4.0,"What an eclectic hipster joint, right in the heart of Ybor. The restaurant name alone fits the atmosphere perfectly. The menu options are unique, what might sound like it wouldn't mesh on the palette ends up making you want seconds and if drinking enough-- thirds. This is a great place to have a drink and a scrumptious sandwich on a Sunday. I had the bird and pig, perfect combination of savory and sweet.",Eastside,The Bricks,18.6,7.44,40.0,1,,Male,Caucasian
gHUkEhOWnsgHft9SzkSiZQ,Guest_8033,24.12.2015,4.0,Just came here for cocktails on a Tuesday night. The bar was full but not very busy otherwise. We got the huckle punch and Constantine. The huckleberry vodka in the huckle punch is one of my favorites so loved that drink and the Constantine also very good if you like bourbon! Service was very good and prices were reasonable. Had $3 taco deals and a very cute coffee bar so would definitely be interested in coming back to eat or for a good studying place!,Eastside,The Bricks,,4.57,24.3,4,,Female,Caucasian
rSkTYJMKMUg8QHpsfV6syw,Guest_8476,2017-07-20,3.0,"I walked into the restaurant and the general scene was promising: a friendly environment with interesting decor like a diner, despite being poorly lit.

I ordered the ""King Fu pork bowl"" and a macchiato, to which the waitress replied that their barista doesn't really make it the traditional way. I still ordered it.

The macchiato came first, and to my surprise it was in a mug filled to the brim. I let the barista know that I ordered a macchiato, not a latte or cappuccino, and she said that she knows that, she made a macchiato. After a brief discussion I discovered she doesn't know what a macchiato was. I went back to my table. 

The food came. The pork was room temperature and the rice was plain. The dish lacked flavor overall. 

Maybe they don't specialize in rice bowls as it was a smaller item on their menu, but that was my experience.",Eastside,The Bricks,,6.13,16.4,3,,Male,Other
svHZLGNpGq3BvqCkeKI56g,Guest_1525,01/29/2017,1.0,"We waited an hour for our food. No coffee refills the entire time. We saw our food souring in the window for 20 minutes. When we finally left the server said it couldn't be helped. No apologies, no servise, no food, no tip.",Eastside,The Bricks,44.53,8.31,18.7,2,,Non-binary,
OkD1Hn96bO8NYIClN6bvyA,Guest_8816,24.01.2018,4.0,"2 words THE CURE! I ended up here after a night of one too many drinks (it happens). A friend recommended this place for a hang over cure! She was not mistaken! After reviewing their menu, which seemed a bit obnoxious, (I'm talking quirky names that require you read the description to be able to decipher what you're eating) I settled on the sandwich with an egg on it! Im a sucker for a runny egg on just about anything! Messy eggs, bacon, mozzarella, jalapeño aioli, on toasted cuban bread; this holy grail of a sandwich is called THE CURE! I have been back a few times to this establishment just for this sandwich, the mimosas too. Oh yea they have liquor so you can totally have drinks here. The ambience is very chill. There are a good amount of tables inside and bar seating; no outside seating. I have been here on a Sunday for brunch and found it to be pretty family/kid friendly. The whole place and most of the staff is painfully hipster but it works. The bathrooms are clean and there is a small back patio with mural art.",Eastside,The Bricks,,11.77,22.0,3,56-65,Male,African American
mu7DWrjoa6b2yqcfH75QYw,Guest_9749,2016-12-24,1.0,,Eastside,The Bricks,,13.89,25.5,3,65+,Female,Native American
ntNxLQQTBZhYVGZpvUQYzw,Guest_6696,09/08/2016,5.0,My favorite lunch spot in Ybor. Best greek salad of all time. Great service.,Eastside,The Bricks,,8.22,28.0,2,56-65,Non-binary,Mixed
0XuENPl2FwekIfu9M-1jDw,Guest_3031,09/03/2018,,"Terrible selection of food. No ""real sweet tea"" first and last time visit"" anywhere that doesn't carry real sweet tea automatic gets a 1*",Eastside,The Bricks,22.29,6.31,28.3,6,36-45,,Other
77SVp08MVwzf7CP9vviZgw,Guest_5439,07/22/2012,3.0,"We've heard that we need to go to places in Ybor and try them out, so we set out to find a place for dinner. One thing is for sure...the menu has traditional food, but in a unique way. I ordered the deluxe grilled cheese (has tomatoes, pesto, whole wheat) and my husband had the BBQ pig quesadilla. Both dishes were good, but I don't feel like they were 'awesome'. We went out on a limb and tried the hibiscus sangria and the chocolate espresso cake for dessert. The cake was VERY espresso! Too rich for me! The sangria definitely tasted like flowers, but in a good way. It was pretty refreshing too! It was fun to try a new place, but I don't think we'll go back.",Eastside,The Bricks,39.54,4.65,11.8,2,18-25,Male,Caucasian
rzkOryEsl-T1AvF6e3DcIw,Guest_6117,05.12.2012,4.0,"Either ate or had drinks here a few times over the summer as my office was just upstairs. I'm not a vegetarian, but the Goodness wrap is a knockout. I also greatly enjoyed the chili I had here, though it was a special so I'm not sure how often it comes around. I'm not really into the hipster vibe of the staff, but I never had any service problems and that's what is most important. I defintely don't live or die by The Bricks but it's a place I would suggest if you're ever in Ybor City.",Eastside,The Bricks,8.85,0.0,0.0,1,,,
2umV3kR4UxjuYV4wU7Qw1w,Guest_6005,07.02.2014,4.0,"I've always thought the idea of apple on a sandwich (that didn't involve peanut butter) as completely preposterous, because sweet things do not belong on sandwiches!  

So what did I order at The Bricks?  Naturally, the Bird and Pig - which features chicken, bacon, apple, brie and agave nectar.   It was definitely sweet.  And savory.  And absolutely, positively to die for.  I loved every scrumptious bite of it.... except for the dry chicken breast.  I'm not sure if it was just old, but either way it was dry and disappointing.

Next on the menu was the deluxe grilled cheese sandwich, which was all sorts of yummy cheese, smothering delicious garden fresh basil (wow!), spinach and tomato.   The first bite of this sandwich was knock-your-socks-off.  The basil really stands out and it definitely warranted an audible moan.  The next few bites weren't as spectacular, but I still loved the sandwich.  I'd go with the Bird and Pig again if I had to choose.

While we waited, we treated our faces to black bean dip (suggested by the waiter) and we enjoyed it.  If you like black bean dip, then you'll like this one.  

We washed all of that down with a glass of liquid heroin, and all was right with the world.

The end.

Oh, and the service - spot on.  The place is cute, the staff is attentive, and it's clear this place easily doubles as a comfy daytime spot and a lovely night spot - if that's your kinda thing.",Eastside,The Bricks,13.81,3.04,22.0,3,26-35,Non-binary,Native American
zGNexIUL8EG3_hTXpSY_Iw,Guest_8871,05/09/2014,4.0,"I dined here for the first time with my daughter, who is a regular. We had the Hummus appetizer. I had the Bricks Club and she had the specialty Grilled Cheese. The food was fresh, tasty and full of flavor. The service was very good. The bottle of ice water they bring is a classy touch. The ambiance is eclectic. My daughter told me normally the place is full of hipsters, but the crowd was spare on the day we were there. The prices are reasonable and in line with the usual and customary norms for Tampa. I don't drink, but it looked like they have quite an assortment of craft beer available.",Eastside,The Bricks,17.23,4.78,27.7,4,,Prefer not to say,Other
_aJ77lzyw1BhFqRU-wPwhA,Guest_8560,2012-03-02,4.0,,Eastside,The Bricks,8.37,1.32,15.7,4,65+,Female,
EVklXIXTKM7MroTzc-EsPA,Guest_3340,2017-04-09,4.0,,Eastside,The Bricks,18.51,3.49,18.8,1,,,Caucasian
rzkOryEsl-T1AvF6e3DcIw,,12/05/2012,4.0,"Either ate or had drinks here a few times over the summer as my office was just upstairs.  I'm not a vegetarian, but the Goodness wrap is a knockout.  I also greatly enjoyed the chili I had here, though it was a special so I'm not sure how often it comes around.  I'm not really into the hipster vibe of the staff, but I never had any service problems and that's what is most important.  

I definitely don't live or die by The Bricks but it's a place I would suggest if you're ever in Ybor City.",Eastside,The Bricks,17.57,2.73,15.5,6,26-35,Male,Native American
4ywDqRoYjy16Z_UFox0qTg,Guest_2631,07/22/2012,1.0,"Food is terrible. Nacho dip was covered in there advacado cream dressing which was bad. Very sloppy. The pesto grilled cheese, was covered in way too much pesto. Again very sloppy. Overall bad food, chef must be high or something. Oh and found a few ants crawling up my leg. Will never come back.",Eastside,The Bricks,7.17,1.63,22.7,4,46-55,Prefer not to say,
0F7dbDBRCGYd3wFBuVpFMA,,28.07.2014,4.0,,Eastside,The Bricks,7.72,1.2,15.6,5,,Female,Mixed
P3PXmTyL5hzvqaCdJGk90w,Guest_5818,2015-11-18,5.0,"The Bricks of Ybor is a restaurant, bar, and coffee bar in Ybor City and also has live music and special events at times. It is affiliated with the SkatePark of Tampa (SpoT) which has a shop next door and there are skateboard decks mounted on the walls of The Bricks as artwork and they play skate videos on the TVs above the bar; as I'm a skater myself, this is if anything just the icing on the cake for me. However, The Bricks' ardent support of skateboarding would not be enough to garner a five-star review alone, but thankfully it measures up in all other regards. The interior atmosphere is lively, inviting, and unique. The waitstaff and bartenders are on point, outgoing, friendly, and most importantly, quite prompt. As to the food, it's fairly simply fare but very tasty and very well-prepared. Tacos, a variety of Cuban sandwich variants, and some salads compose the lion's share of the menu. I had the Bird & Pig Cuban sandwich and also an order of chips and queso dip. The queso was especially good, which impressed me because too often things like queso are simply after-thoughts at bar-type restaurants. The sandwich itself was also very good. They have a full bar with a good selection of bourbons and ryes and also an expectedly good selection of beer, with an emphasis on Tampa's local brews. The wine list also looked better than you'd think for a casual bar atmosphere. Overall, it's clear they're investing in quality here. While their skateboarding association was enough to grab my attention to The Bricks, their stellar food and service are what really sets them apart. Ybor has a reputation for food being hit or miss, as is the case with many touristy areas, but The Bricks I found to be simply and casual yet truly impressive.",Eastside,The Bricks,22.08,4.2,19.0,2,56-65,Male,
P3PXmTyL5hzvqaCdJGk90w,Guest_3356,11/18/2015,5.0,"The Bricks of Ybor is a restaurant, bar, and coffee bar in Ybor City and also has live music and special events at times. It is affiliated with the SkatePark of Tampa (SpoT) which has a shop next door and there are skateboard decks mounted on the walls of The Bricks as artwork and they play skate videos on the TVs above the bar; as I'm a skater myself, this is if anything just the icing on the cake for me. 

However, The Bricks' ardent support of skateboarding would not be enough to garner a five-star review alone, but thankfully it measures up in all other regards. The interior atmosphere is lively, inviting, and unique. The waitstaff and bartenders are on point, outgoing, friendly, and most importantly, quite prompt. As to the food, it's fairly simply fare but very tasty and very well-prepared. Tacos, a variety of Cuban sandwich variants, and some salads compose the lion's share of the menu. I had the Bird & Pig Cuban sandwich and also an order of chips and queso dip. The queso was especially good, which impressed me because too often things like queso are simply after-thoughts at bar-type restaurants. The sandwich itself was also very good. They have a full bar with a good selection of bourbons and ryes and also an expectedly good selection of beer, with an emphasis on Tampa's local brews. The wine list also looked better than you'd think for a casual bar atmosphere. Overall, it's clear they're investing in quality here. 

While their skateboarding association was enough to grab my attention to The Bricks, their stellar food and service are what really sets them apart. Ybor has a reputation for food being hit or miss, as is the case with many touristy areas, but The Bricks I found to be simply and casual yet truly impressive.",Eastside,The Bricks,15.06,3.1,20.6,3,,Female,Hispanic
asr6SiNjIrpTrGwMeBp9Pg,Guest_8905,03.07.2015,5.0,"Great environment, good assortments of beers, funky people, board games, chill vibes, Monday Game nights and random parties, outside patio, great coffee, try liquid heroin coffee, one of my favorite places in town",Eastside,The Bricks,19.54,4.94,25.3,1,,Male,Native American
siwaa7bmNx91IxRVWwhp3g,,29.05.2014,4.0,"Recently stopped in during a bar crawl for some drinks and Battletoads. Couldn't eat the buzz away, but loved what I saw. Photos on walls showed the transformation from Tahiti Joe's/Latitudes into The Bricks of today, and brought back some old Ybor memories. The staff was kind, and the video game corner was a blast. Delicious coffee, and had an artsy feel as well. Every food item that passed our sniffers en route to their respective hipster pie holes was cause for comment. I will certainly be coming by for a sammich at this place.",Eastside,The Bricks,14.52,2.98,20.5,3,,Non-binary,Mixed
3FfhPCMT5T2e369qqYfV7g,Guest_4709,10.09.2015,4.0,"The Bricks has a super cool vibe. I've visited multiple times for dinner and once for drinks. I'm always impressed with their sandwiches and other food. Normally everything is very fresh and tasty. They have a good sized line up of craft beers most of them local to the area, which is something I'm always looking for. 

It's sort of a dive-y location on the outskirts of the main part of Ybor. Late night they have a small menu of appetizers/small plates and have a DJ. It's clientele leads to some awesome people watching. 

All in all, definitely worth a try. It's not super fancy, so it's perfect for a casual dinner or a new place to try to grab a beer (there's a full bar as well).",Eastside,The Bricks,12.29,1.76,14.3,1,26-35,Female,Caucasian
gHUkEhOWnsgHft9SzkSiZQ,Guest_1069,24.12.2015,4.0,,Eastside,The Bricks,,3.99,19.0,3,65+,Female,Native American
dYKjSQ9ITqPgzkyglOGrJQ,Guest_4625,05.04.2018,5.0,,Eastside,The Bricks,5.0,0.88,17.6,1,65+,Female,Other
zGNexIUL8EG3_hTXpSY_Iw,Guest_9508,05/09/2014,4.0,,Eastside,The Bricks,9.11,1.81,19.9,6,36-45,Prefer not to say,Asian
EVklXIXTKM7MroTzc-EsPA,Guest_7305,2017-04-09,4.0,"I ordered the Kung fury bowl and it's pretty good, just not a huge fan of Asian slaw. The restaurant is pretty cool with the decoration and not at a super crowded location in ybor. The service was a bit slow, but the food came pretty quick.",Eastside,The Bricks,,4.06,24.7,2,,Non-binary,African American
BCLvpd08Ci4Tcq-fIRhZdA,,2017-08-08,2.0,,Eastside,The Bricks,16.6,0.0,0.0,2,36-45,Female,Mixed
hBzLjPySOBHDz0NiGf6SfQ,Guest_9948,2018-06-09,4.0,"Friendly srvice & neat building. Depending on the atmosphere you are looking for, the music is a bit loud.",Eastside,The Bricks,23.02,4.47,19.4,4,65+,Female,Mixed
De-IwBjVk0Rkn1mGQ8GIbQ,,2011-12-06,5.0,"A must when you are in Ybor. I ate and drank here multiple times a day for my 5 day trip to Tampa. Every single meal was spectacular. The Skinny bitch latte is perfect to start the day. The proper grilled cheese is amazing, just wish they would have tomato soup to go along with it. And you can't find better bartenders anywhere else in town.",Eastside,The Bricks,9.79,1.49,15.2,2,36-45,Male,Mixed
OgVW9QTtF4aAHFTTc0x2rA,Guest_4289,02/22/2013,3.0,"I had high expectations when I went to this place recently after some recommendations from friends.  We visited on a night when there weren't very crowded so it was nice to be able to have such an attentive waitress and service.  I was a bit disappointed when I didn't find as much on the menu as I would have liked to have seen that would appeal to me.  I guess I have become very picky with my Yelp addiction in terms of scrutinizing every establishment I go to pretty thoroughly.  

I ordered the hummus appetizer for the table and was very pleased at the quality of the dish.  For my entree I ordered their Bricks Salad which had plenty of fresh produce packed in.  I ordered a double portion of chicken for it, which still seemed pretty skimpy especially since I was charged for that request.  Overall, I'd say this is probably one of Ybor's lesser known spots as its more on the western edge of the main strip, yet it seems very lively and upbeat.  I did like that they had featured lots of artwork by various local artists that were on display and offerred for sale.  Not a bad place to hang out and have a drink if you're looking for a lower key outing in the Ybor area.",Eastside,The Bricks,,2.46,14.0,2,56-65,Non-binary,Mixed
OgVW9QTtF4aAHFTTc0x2rA,Guest_9682,22.02.2013,3.0,"I had high expectations when I went to this place recently after some recommendations from friends.  We visited on a night when there weren't very crowded so it was nice to be able to have such an attentive waitress and service.  I was a bit disappointed when I didn't find as much on the menu as I would have liked to have seen that would appeal to me.  I guess I have become very picky with my Yelp addiction in terms of scrutinizing every establishment I go to pretty thoroughly.  

I ordered the hummus appetizer for the table and was very pleased at the quality of the dish.  For my entree I ordered their Bricks Salad which had plenty of fresh produce packed in.  I ordered a double portion of chicken for it, which still seemed pretty skimpy especially since I was charged for that request.  Overall, I'd say this is probably one of Ybor's lesser known spots as its more on the western edge of the main strip, yet it seems very lively and upbeat.  I did like that they had featured lots of artwork by various local artists that were on display and offerred for sale.  Not a bad place to hang out and have a drink if you're looking for a lower key outing in the Ybor area.",Eastside,The Bricks,28.68,4.37,15.3,2,65+,Male,
GsLZMdhl4PB0hqtQY9nK0Q,Guest_5542,15.04.2015,5.0,,Eastside,The Bricks,14.86,2.86,19.2,4,18-25,Non-binary,African American
eoFZMOL0XJ9yF8sW3OChIw,,19.11.2017,4.0,"Yummy food, good vibes, & nice service. Music wasn't too loud. Could hold a conversation without hearing everyone else's. I had the Bird & Pig (the way it comes) with the Mac & Cheese. I also had the Hukilau. Not a fan. It sounded sweeter than it was. Still giving it a 4 for the food service and atmosphere. It's not their fault I didn't like the alcohol. Had a quick bite of the nachos and may have to orders those for the table next visit.",Eastside,The Bricks,,2.64,13.9,5,56-65,Male,Caucasian
8PtU0lutz85WqmKOhTY-3w,Guest_5464,2017-03-16,1.0,"Went here for lunch. Ordered the pork rice bowl. My food took forever to be served. Then it was cold. The server took it back offering me a NEW order to be cooked. My food came back quickly, it was the same good and the exact same temperature. I wasn't offered a NEW order, however I was asked if I'd like something else, I declined.  
Terrible service, manager was never sent over while I sat and watched my colleagues eat their lunch!",Eastside,The Bricks,26.88,4.36,16.2,4,,,Native American
nWXxee5pTo9vvnbB6ir-4g,Guest_2956,2016-06-24,3.0,,Eastside,The Bricks,23.81,3.83,16.1,3,46-55,,Hispanic
TCzaF5Lj0NLoCQuIujEzJg,Guest_1195,2014-11-30,4.0,We were greeted by a very pretty waitress that made us feel like we had chosen the right place. We were then turned over to a nice gentleman that took our orders with a polite smile. We are vegetarians and there were lots of options. We settled for the salsa and house made avocado sauce with corn chips and we split their famous black star black bean burger... Yesss!! The food presentation was that of fine dining and the food was very pleasing to our pallets. We give The Bricks 4 stars and would recommend to anyone who plans to visit Tampa,Eastside,The Bricks,18.03,2.61,14.5,2,65+,,Caucasian
NYilSGDWsYrFnB2EpDRMFA,Guest_1546,04.02.2018,2.0,,Eastside,The Bricks,22.88,3.13,13.7,1,65+,Male,Caucasian
TU-0T2GWAAW4GBI68LNt-A,Guest_8079,2016-05-07,3.0,"Wanted to try the pig and bird sammich but when I got there I decided on the Pacific Rim. The Asian slaw and bbq theme was too much to pass up. I thought the sandwich was really good and had a nice balance to it. I got chips and queso as my side but with this sandwich fries would have been the go to. They don't have fries so you'll have to choose something else. 

Service at the bar was really good, there were multiple people that helped me during my meal. One thing is they were out of three of the beers I wanted right off the bat. 

Pretty cool vibe in the place and people just hanging with friends having drinks and food.",Eastside,The Bricks,28.28,3.76,13.3,2,56-65,,Caucasian
rzkOryEsl-T1AvF6e3DcIw,Guest_5971,2012-12-05,4.0,"Either ate or had drinks here a few times over the summer as my office was just upstairs.  I'm not a vegetarian, but the Goodness wrap is a knockout.  I also greatly enjoyed the chili I had here, though it was a special so I'm not sure how often it comes around.  I'm not really into the hipster vibe of the staff, but I never had any service problems and that's what is most important.  

I definitely don't live or die by The Bricks but it's a place I would suggest if you're ever in Ybor City.",Eastside,The Bricks,13.16,2.58,19.6,2,26-35,Male,African American
dFgGps6gQQbWoKOR60X72w,Guest_3362,02.03.2012,5.0,,Eastside,The Bricks,10.36,1.63,15.7,2,26-35,Non-binary,Asian
NYilSGDWsYrFnB2EpDRMFA,,04.02.2018,2.0,"My wife and I have visited twice, and another time with friends. While we like the food and beer choices, the service is inexcusably very slow. We visited on a Saturday afternoon around 5:00 and the place was only 1/3 full. Took a while for our server to greet us, arrived just when we were about to get up and leave. Ordered a beer for each of us and waited at least 10 minutes before I finally got up to ask the bartender about our drinks (after watching him not making any drinks for several minutes and serving a few others who just arrived at the bar). I could barely get the words out before he says they'll be right up. I sit back down, and he still doesn't pour them. We were about to leave again when another bartender made eye contact and she poured the drinks and brought them to us. While our waitress was friendly, she should have been checking on our drinks. Same slow experience with the other two visits, this time we are certain we will not be back.",Eastside,The Bricks,,4.52,17.9,1,,Female,Other
aHtgSP4nTEtHvYQ0TE6w1g,Guest_8089,02.10.2017,5.0,,Eastside,The Bricks,16.97,2.32,13.6,3,65+,Non-binary,
8PtU0lutz85WqmKOhTY-3w,Guest_2581,2017-03-16,1.0,"Went here for lunch. Ordered the pork rice bowl. My food took forever to be served. Then it was cold. The server took it back offering me a NEW order to be cooked. My food came back quickly, it was the same good and the exact same temperature. I wasn't offered a NEW order, however I was asked if I'd like something else, I declined.  
Terrible service, manager was never sent over while I sat and watched my colleagues eat their lunch!",Eastside,The Bricks,19.79,2.86,14.4,3,36-45,,Mixed
eWzgGaazlADYOBS_hzFLtA,,09.05.2014,4.0,,Eastside,The Bricks,26.93,5.61,20.8,4,36-45,Male,Other
4lpkYTTdzqMuaZ4qoLlUgA,Guest_4704,07/01/2011,,"Great, laid-back atmosphere, terrific food. The ahi was good quality, as were the hummus and curry dip. We're going back for the peanut butter sandwiches.",Eastside,The Bricks,27.88,7.0,25.1,4,,Non-binary,
Cbxf9vtQNVzMoch3s_AKTA,,30.05.2012,4.0,"I had a good time at The Bricks of Ybor.  The service is really spot on and the quality of the food's pretty good.  I had the pulled pork sandwich.  It was pretty good.  Nothing memorable but what makes this place a four star place are the happy hour beer prices and the interesting art inside.

I loved the star wars art throughout this place and particularly loved the berpo and ern2d2 painting.

Friendly, fun crowd that looks like they're coming to a John Waters costume party.",Eastside,The Bricks,7.55,0.99,13.1,2,36-45,,Other
GqJahjGcKfiFxfA7oCnvCg,Guest_9488,05/21/2016,4.0,A good watering hole. Beer and coffee are decent! Try UNITA REady Set Gose and UNITA summer ale.,Eastside,The Bricks,12.78,1.99,15.6,3,36-45,Non-binary,African American
OhxIJjuDwcA0tRwXImwpeA,Guest_3817,08/24/2014,3.0,,Eastside,The Bricks,22.58,2.85,12.6,2,56-65,Prefer not to say,Mixed
RNtIj-FjLZFmGAp2Wy607A,Guest_3275,12/05/2012,4.0,"I went to this place for the first time last Saturday. I just wanted a place to grab some brunch that had mimosas and my friend suggested here. Boy am I glad she did! Besides the crazy run in with a hard core group of strangers doing a running/fitness challenge, the staff there was really really friendly. Our server was very friendly and he even gave us free Appletinis on him! I had the deluxe grilled cheese and it was really really good. The decor was awesome and I'm defintely going back and bringing friends!",Eastside,The Bricks,30.32,7.45,24.6,4,56-65,Female,Hispanic
N4J7LZI9eKDt4U0RLpWEww,Guest_6642,2017-03-30,5.0,"One of my favorite places to eat in Ybor! Good vibes, good food, and good drinks. Even their coffee is good! Service is a hit or miss, although most recently I have had consistent great service. And their veggie Cuban sandwich is amaaaazing!",Eastside,The Bricks,27.64,11.05,40.0,4,46-55,,Caucasian
zGNexIUL8EG3_hTXpSY_Iw,,05/09/2014,4.0,"I dined here for the first time with my daughter, who is a regular. We had the Hummus appetizer. I had the Bricks Club and she had the specialty Grilled Cheese. The food was fresh, tasty and full of flavor. The service was very good. The bottle of ice water they bring is a classy touch. The ambiance is eclectic. My daughter told me normally the place is full of hipsters, but the crowd was spare on the day we were there. The prices are reasonable and in line with the usual and customary norms for Tampa. I don't drink, but it looked like they have quite an assortment of craft beer available.",Eastside,The Bricks,20.85,4.25,20.4,5,,Male,Other
OWqNO-H7eAWJH7hsQfO0_A,Guest_5690,2016-10-17,5.0,,Eastside,The Bricks,40.82,7.09,17.4,1,26-35,Non-binary,Asian
s7X6kSDGGlowmEqCDEh2SQ,Guest_4904,06/29/2014,3.0,"I am not nearly cool enough to go here. The waiter was not unfriendly, but he was much more friendly to some ladies who sat near me with full sleeves of tattoos. I ordered the black bean burger, it was so flavor less and thin it could have been omitted. The mayo on the sandwich and mixed greens on the side, along with the pickle, we're the best part of the meal. My beer was alright, but if I am going to spend $7 on a pint it should be delicious or high gravity, this was neither, and since no prices appeared next to the draft list, the price was a bit of a shock.",Eastside,The Bricks,9.4,1.37,14.6,2,18-25,,Other
hQz9UnbHvv3ctllRquULuQ,Guest_8968,18.04.2015,5.0,"This is where the cool kids hang and there's reasons for it. The beer and the food! Tons of vegetarian and even vegan options.
I'm not either but I do love that black bean burger and the salads are to die for.
The staff is great and always sweet and accommodating. 
The place is usually filled with great art and an eccentric lot of people. I gave this place five stars because I would be lying if I said I didn't love this place. It's my vibe.
It can be yours also.
Yup! Just referred to myself as a cool kid.:D",Eastside,The Bricks,,7.81,35.0,1,46-55,Prefer not to say,African American
8_4B-G7i1ETKqsNLEiaXfw,Guest_9344,10/27/2011,4.0,Loved the Mediterranean Grilled Cheese sandwich! Nice casual atmosphere. On the end of the strip so it is very convenient to get to during lunch hour. Looking forward to trying something else on the menu.,Eastside,The Bricks,17.48,2.34,13.4,3,65+,Prefer not to say,African American
EVklXIXTKM7MroTzc-EsPA,,2017-04-09,4.0,,Eastside,The Bricks,15.32,2.1,13.7,2,26-35,Non-binary,African American
umKey8gxNoyUcwZY2azciw,Guest_8813,02.06.2011,3.0,"nice place for gatherings and hanging out. Friendly staff. Food was OK. Not bad, not good, it just sat somewhere in the middle.",Eastside,The Bricks,12.93,1.79,13.8,2,,Prefer not to say,
QuLLvrwzNEizCRDiRPsVGQ,Guest_6640,2012-02-12,,"We walked into The Bricks of Ybor and were immediately greeted by the owner and taken on a tour.  He showed us the studio area next door, the small patio in the back, and the food prep area.  He also explained the menu and gave some recommendations.  I've never been treated that way at a restaurant and it was an awesome touch.

The food was great.  The waitress did bring my husband the wrong sandwich but by the time we figured it out, it wasn't worth mentioning.  He liked whatever it was she brought him.

The beer selection was very good.

The atmosphere is laid back and unique.  They have games to play while you enjoy your drinks.  The music is awesome.

All in all, I love this place!",Eastside,The Bricks,23.67,6.1,25.8,2,,Non-binary,Native American
xZnk3q-AHjpN6aSR_6Sqhg,Guest_9752,2011-11-02,5.0,"They have a super friendly staff and a simple modern decor.

I enjoyed the Six Degrees of Kevin Bacon exhibit on display.

I got a really young and hip vibe from this place, and the sandwiches are amazing!",Eastside,The Bricks,8.93,1.25,14.0,1,,,Native American
N4J7LZI9eKDt4U0RLpWEww,Guest_5040,2017-03-30,5.0,"One of my favorite places to eat in Ybor! Good vibes, good food, and good drinks. Even their coffee is good! Service is a hit or miss, although most recently I have had consistent great service. And their veggie Cuban sandwich is amaaaazing!",Eastside,The Bricks,19.82,1.21,6.1,1,56-65,,Native American
xFxilqzpu6Xac1admnl7MA,Guest_3910,09/28/2015,4.0,,Eastside,The Bricks,13.85,3.62,26.1,6,26-35,Female,Caucasian
11LaR_wnmQpNf7fD6d6n1Q,Guest_8769,2014-11-12,4.0,,Eastside,The Bricks,10.12,1.75,17.3,3,36-45,Prefer not to say,
RDpU2WQuBhhCWPJWojmFvw,Guest_8119,2012-01-07,4.0,,Eastside,The Bricks,37.65,6.84,18.2,2,46-55,Male,Asian
svHZLGNpGq3BvqCkeKI56g,Guest_2059,01/29/2017,1.0,"We waited an hour for our food.  No coffee refills the entire time.  We saw our food souring in the window for 20 minutes.  When we finally left the server said it couldn't be helped.  No apologies, no service, no food, no tip.",Eastside,The Bricks,11.62,1.94,16.7,1,56-65,Non-binary,
asr6SiNjIrpTrGwMeBp9Pg,Guest_9099,07/03/2015,5.0,"Great environment, good assortments of beers, funky people, board games, chill vibes, Monday Game nights and random parties, outside patio, great coffee, try liquid heroin coffee, one of my favorite places in town",Eastside,The Bricks,11.07,1.77,16.0,2,46-55,Female,Other
N1BiMP9r3IsmEzChi9PPwA,Guest_9084,23.02.2011,4.0,,Eastside,The Bricks,50.46,9.71,19.2,1,56-65,Male,
xZnk3q-AHjpN6aSR_6Sqhg,Guest_3020,2011-11-02,5.0,"They have a super friendly staff and a simple modern decor.

I enjoyed the Six Degrees of Kevin Bacon exhibit on display.

I got a really young and hip vibe from this place, and the sandwiches are amazing!",Eastside,The Bricks,20.43,4.38,21.4,1,18-25,Male,Native American
oX3VSZ2WBLd-mKidL87Q5g,Guest_9002,19.05.2018,4.0,"Full disclosure: My experience might just have been an isolated, rare occurrence. I arrived to The Brick and sat myself at the bar. After 15 minutes of zero service I was getting ready to leave but I noticed the waiting staff on the main floor looked active and on top of things. I decided to transition from the lack of service bar to the main floor and, literally, as soon as I sat down I had a waiter hand me a menu, take my drink order and before even a blink I had a Bloody Mary in front on me. Moral of this story, careful sitting at the bar since the service there seemed to be lacking. I'm sure it was the timing since my overall experience was a thumbs up. 

I ordered the loaded Bloody Mary. The drink was simple but very delightful, clearly proving that less is more. The drink had a little satisfying kick that's normal to any Bloody Mary. Overall- very satisfied with their Bloody Mary, so much in fact I ordered two. Maybe a little more body to it but not a must. 

Food: I ordered the Tuna BLT with the side of Asian slaw. Overall: GREAT. The theme here is clearly simple. They exploit every taste which is gratifying since that's the most important thing. The slaw was crisp and surprisingly very refreshing. Now, the tuna can only be described as crafted by a masterful craftsman! Yes, I said it. It tasted better than it looked and that's hard todo since it looked as if out of a magazine. Nothing but quality dining. 

I place four starts because of the first part of my experience but other than that it was a good experience and I I'll come to The Brick again.",Eastside,The Bricks,16.39,3.01,18.3,2,36-45,Male,Native American
N1BiMP9r3IsmEzChi9PPwA,Guest_1229,2011-02-23,4.0,"I read the reviews on Yelp and decided to check out Bricks of Ybor for myself. Nice atmosphere and hip music playing in the background. I sat at the bar and watched the flat screen televisions (they were playing the History Channel on one TV. & ""Shaun of the Dead"" on another TV.). Good beer on tap (I tried the IPA -- it was good) and a small menu specializing in appetizers, salads & sandwiches. I ordered the hummus plate and the iceberg wedge salad -- both were delicious. The blue cheese dressing on the salad was particularly scrumptious. For one beer and an app and a salad, my bill came to just under $25 before tip -- kinda expensive (considering they no longer serve the ""salmon spread"" on the hummus plate -- should that really be priced at $10, still?).",Eastside,The Bricks,34.02,4.22,12.4,2,18-25,Male,Native American
uVRXElOZDBO2TXq_gveXYA,Guest_5800,21.03.2013,5.0,"Where do i start with this place!
I love that they have local art on the walls/ always doing art shows 

the staff that works there always rocking smiles talking to all the guess a all around good atmosphere vibe

I tip my hat to the head chef (Chef Ben) The food is always on point and i like when the cooks yell ""ORDER UP"" hahaha 

I can wright a book about how awesome this place is 

KEEP UP THE GOOD WORK and SEE YOU SOON!",Eastside,The Bricks,,2.33,19.7,3,65+,,Other
ss4LSp-dCCuhpxDrRH_GLQ,Guest_2883,28.10.2011,,"I walk in, and they're playing the greatest hits of De La Soul throughout lunch. They could have been serving Big Macs and that gets you four stars alone. 

I order a grilled cheese sandwich, and it comes with apple, plums, and bacon on some delicious bread with tortilla chips. And it is sublime. The cheese is perfectly melted, and the goodies inside are covered in wonderful gooey dairy greatness. 

I order a cafe con leche while getting some work done on my laptop. It is flawlessly prepared by a lovely server, and I'm a coffee snob. And if I didn't get buried in work stuff, I was jonesing for one of those half-price martinis they serve on Thursdays.

Wonderful atmosphere (the skatepark staff makes it friendly and fun), great food, delicious coffee, a full bar, and lots of different options. This place is a total home run, and a can't miss for anyone in Ybor.",Eastside,The Bricks,26.85,3.97,14.8,3,56-65,Prefer not to say,African American
rSkTYJMKMUg8QHpsfV6syw,Guest_6366,07/20/2017,3.0,"I walked into the restaurant and the general scene was promising: a friendly environment with interesting decor like a diner, despite being poorly lit.

I ordered the ""King Fu pork bowl"" and a macchiato, to which the waitress replied that their barista doesn't really make it the traditional way. I still ordered it.

The macchiato came first, and to my surprise it was in a mug filled to the brim. I let the barista know that I ordered a macchiato, not a latte or cappuccino, and she said that she knows that, she made a macchiato. After a brief discussion I discovered she doesn't know what a macchiato was. I went back to my table. 

The food came. The pork was room temperature and the rice was plain. The dish lacked flavor overall. 

Maybe they don't specialize in rice bowls as it was a smaller item on their menu, but that was my experience.",Eastside,The Bricks,29.74,7.56,25.4,2,46-55,Prefer not to say,Mixed
BCLvpd08Ci4Tcq-fIRhZdA,Guest_7357,08/08/2017,2.0,,Eastside,The Bricks,,4.0,22.2,2,,Non-binary,
xFxilqzpu6Xac1admnl7MA,Guest_5206,09/28/2015,,"I dig the art and the choices on the menu.

Skanky Chai is pretty good. 

The Elvis was pretty awesome. Peanut butter, bacon, and bananas on cuban toast. 
That sounds a lot like something I would drool over.

Nice!",Eastside,The Bricks,23.42,4.25,18.1,2,,Male,African American
OkD1Hn96bO8NYIClN6bvyA,Guest_8886,01/24/2018,4.0,"2 words THE CURE! I ended up here after a night of one too many drinks (it happens). A friend recommended this place for a hang over cure! She was not mistaken! After reviewing their menu, which seemed a bit obnoxious, (I'm talking quirky names that require you read the description to be able to decipher what you're eating) I settled on the sandwich with an egg on it! Im a sucker for a runny egg on just about anything! Messy eggs, bacon, mozzarella, jalapeño aioli, on toasted cuban bread; this holy grail of a sandwich is called THE CURE! I have been back a few times to this establishment just for this sandwich, the mimosas too. Oh yea they have liquor so you can totally have drinks here. 

The ambience is very chill. There are a good amount of tables inside and bar seating; no outside seating. I have been here on a Sunday for brunch and found it to be pretty family/kid friendly. The whole place and most of the staff is painfully hipster but it works. The bathrooms are clean and there is a small back patio with mural art.",Eastside,The Bricks,13.72,2.71,19.7,2,46-55,Prefer not to say,Other
OhxIJjuDwcA0tRwXImwpeA,Guest_2476,2014-08-24,3.0,,Eastside,The Bricks,21.38,6.09,28.5,1,,Female,Native American
4lpkYTTdzqMuaZ4qoLlUgA,Guest_4572,07/01/2011,5.0,"Great, laid-back atmosphere, terrific food. The ahi was good quality, as were the hummus and curry dip. We're going back for the peanut butter sandwiches.",Eastside,The Bricks,15.9,3.09,19.4,3,,Female,Other
eWzgGaazlADYOBS_hzFLtA,Guest_9716,09.05.2014,4.0,,Eastside,The Bricks,18.37,4.31,23.5,4,65+,Prefer not to say,
KIA9s_8qZEtuSjIFdjBwYQ,Guest_4669,2014-06-29,1.0,"I loved this place, the food, atmosphere, and drinks and I was in Ybor one night and came in about midnight and walked back to use the restroom and then to sit down and get some food and drinks, typical of anyone that's out drinking and midnight rolls around. Well, I continue on the path to the restroom and the manager, yes, the manager, had the audacity to tell me if I proceeded to the restroom that he would come on after me. I thought he was joking. But no, he was serious, then he told me I needed to tip the bartender before using the restroom, even though I hadn't sat down to order anything yet. I was clearly upset and walked back out to leave. The guy at the door was very nice and lead me back in to use the restroom. I decided after being treated that way, by the manager, that this was not an establishment I would be frequenting any longer, even though I loved the place. I went to the restroom and came back out and put $3 on the bar, because I needed to ""tip"" to use the restroom. Well, the guy at the door said that the manager had ASSUMED that we came from a rave across the street and that we just wanted to use the restroom. Well, his assumption lost him business, and I have been living in the Bay Area for 32 years. I'm pretty sure telling a patron you are going to follow them into he women's restroom is some form of sexual harassment. I have NEVER been treated like that ever in an establishment. Hopefully, for the greater good of the restraunt, that manager is no longer there.",Eastside,The Bricks,29.19,5.8,19.9,3,36-45,Prefer not to say,Other
4zK6gMub9v__3lsr9FU7KQ,Guest_5264,01/18/2015,5.0,"Very fresh food- they actually make their own stuff! We ate lunch at the bar and the bartender went out of his way to help my husband find a good gluten free option. 

I ordered the black bean burger and it was delicious! Great atmosphere as well. Definitely recommend this place as there are not all that many fresh and relatively healthy places in the area. Wish we had found it sooner!",Eastside,The Bricks,18.26,4.02,22.0,1,65+,,Asian
N1BiMP9r3IsmEzChi9PPwA,Guest_6468,23.02.2011,4.0,"I read the reviews on Yelp and decided to check out Bricks of Ybor for myself. 

Nice atmosphere and hip music playing in the background. I sat at the bar and watched the flat screen televisions (they were playing the History Channel on one TV. & ""Shaun of the Dead"" on another TV.). 

Good beer on tap (I tried the IPA -- it was good) and a small menu specializing in appetizers, salads & sandwiches. I ordered the hummus plate and the iceberg wedge salad -- both were delicious. The blue cheese dressing on the salad was particularly scrumptious. 

For one beer and an app and a salad, my bill came to just under $25 before tip -- kinda expensive (considering they no longer serve the ""salmon spread"" on the hummus plate -- should that really be priced at $10, still?).",Eastside,The Bricks,45.19,9.83,21.8,3,,Non-binary,Asian
8zXgEkLjDwArMWCiDa4tLQ,Guest_4566,11.10.2012,2.0,"I like some of the cocktails here but the food is mediocre. Ive never understood why it gets the ratings on food that it does, but then again we are in Tampa. Its basically like food you could whip up in a few minutes at home using your microwave for a 3rd of the cost. Except not as tasty. Anyone who loves eating here has the palate of a 14-year-old boy. Maybe its time they get an actual kitchen.",Eastside,The Bricks,,0.0,0.0,4,65+,Prefer not to say,Asian
RDpU2WQuBhhCWPJWojmFvw,Guest_8574,2012-01-07,4.0,"The husband and I had a kid free day so we decided to have a (gasp) lunch date. We picked The Bricks because...well why the hell not. As soon as we walked in I loved the place. It was bright and cozy at the same time. The staff was super friendly and we got the vibe that we could hang out all day if we wanted. I ordered the most deliciuos ""adult"" coffee to drop kick the sleepiness out of my head. The coffee was SUPER yummy and the liquor did the trick. It took me a while to figure out what I wanted to eat because everything on the menu looked soooo good and I was super hungry. In the end, I decided on the Harvest Grill Cheese Sandwich.....nom nom noom.....I was not dissappointed. It hit the spot and filled my belly with melty cheesy goodness. The bread was fresh, crunchy, tender and tasty. The sandwich innards were porportioned perfect. The Gouda, bacon and apple playing off each other in perfect harmony. GO HERE AND EAT! I cannot wait to go again and feel this will be a staple on our lunch resturant list. Even if your not hungry this would be a wonderful place to have a drink and just chill day or night. Thanks Bricks for a great lunch!",Eastside,The Bricks,,1.21,19.5,5,,Male,Native American
t6OmnU6qlaPS2BzDnMS28w,Guest_8805,05/20/2018,5.0,"My favorite drinks place to imbibe before a show in Ybor. Kyle is spot on every time with what is seemingly the exact thing I want before I even know it. Also, the nachos. Trust me!",Eastside,The Bricks,26.51,4.19,15.8,1,65+,Female,Other
J6PwgKRAnTAfSCqKSBq-bg,Guest_6192,2015-08-08,4.0,,Eastside,The Bricks,32.07,6.09,19.0,2,56-65,Prefer not to say,
dDKRtNXR8JJAz4x_ZCGo3g,Guest_8769,05/29/2014,4.0,"Great location, cool atmosphere! The food was a fairly priced for the quality, which was good. I had the pulled pork tacos and they were not skimpy, fully stuffed and filling for $6. Great draft beer selection but it was a buck or two overpriced compared to other craft beer places. The two waitresses were very nice and pleasant. It was slow when we got there and them boom it was packed, they didn't forget about us but we did have to track her down for our last beer. I will be back for sure!",Eastside,The Bricks,,6.19,21.1,3,26-35,,Other
F4_DYi_7czpyLMrErrKaQg,Guest_1155,01.08.2011,5.0,"We cam here for my wife's birthday this year that also just so happens to be Cinco De Mayo. We didn't want to go to a mexican joint so we chose the Bricks after reading some specials that they had going online. I have to say it was a good night and a lot of fun. Good drinks as well as food. Great ambiance, this is an older building in Ybor that they really did a great job of restoring. These guys are always having great food and happy hour specials. You won't be disappointed.",Eastside,The Bricks,,4.17,21.9,2,26-35,,Asian
t6OmnU6qlaPS2BzDnMS28w,Guest_5289,20.05.2018,5.0,"My favorite drinks place to imbibe before a show in Ybor. Kyle is spot on every time with what is seemingly the exact thing I want before I even know it. Also, the nachos. Trust me!",Eastside,The Bricks,21.91,2.71,12.4,2,,Male,Asian
s9dqqPMdKO3QdJ5s7lrt3g,Guest_9622,11/28/2016,1.0,"This place is listed as vegetarian-friendly and it is, provided that you eat eggs, cheese, and whatever else they put on the food without listing it in the menu description. Unfortunately this place was a nightmare for me as a vegan. I ordered the veggie cuban with no swiss or honey mustard since those were the only non-vegan ingredients listed in the description, and if it wasn't for the server mentioning ""oh that's a great choice; the chef puts an egg on it too,"" then I would have gotten a sandwich with egg. After I stressed ""no animal products, no egg, no dairy, no butter,"" the server responded with ""oh well you know the egg isn't actually meat"" as opposed to, you know, respecting my dietary restrictions. I have no intention of returning, due to the lack of clarity on the menu and the server's rudeness when I was expressing my allergies/restrictions. Maybe if the restraunt lists all of the ingredients and trains their staff on how to not be rude to someone who was rightfully annoyed at almost getting an item I couldn't eat, then it might be worth a recommendation. But then again, it's not a vegan-friendly establishment despite it being vegetarian-friendly.",Eastside,The Bricks,23.53,5.62,23.9,2,,Non-binary,Hispanic
hBzLjPySOBHDz0NiGf6SfQ,Guest_6504,09.06.2018,4.0,"Friendly service & neat building. Depending on the atmosphere you are looking for, the music is a bit loud.",Eastside,The Bricks,,3.91,19.0,2,26-35,Female,Asian
Cf3QB0VEbdWFq94tZcWgTQ,Guest_4194,10.11.2017,5.0,"They seem to have expanded their menu or, I'm just imaging that and actually gave them another chance. Good beer selection. Great ambiance. More hip than some of the other bars. Accommodated my large party.",Eastside,The Bricks,,7.59,21.8,2,65+,Female,African American
siwaa7bmNx91IxRVWwhp3g,,29.05.2014,4.0,,Eastside,The Bricks,15.66,2.61,16.7,2,46-55,,
oX3VSZ2WBLd-mKidL87Q5g,Guest_3566,19.05.2018,4.0,"Full disclosure: My experience might just have been an isolated, rare occurrence. I arrived to The Brick and sat myself at the bar. After 15 minutes of zero service I was getting ready to leave but I noticed the waiting staff on the main floor looked active and on top of things. I decided to transition from the lack of service bar to the main floor and, literally, as soon as I sat down I had a waiter hand me a menu, take my drink order and before even a blink I had a Bloody Mary in front on me. Moral of this story, careful sitting at the bar since the service there seemed to be lacking. I'm sure it was the timing since my overall experience was a thumbs up. 

I ordered the loaded Bloody Mary. The drink was simple but very delightful, clearly proving that less is more. The drink had a little satisfying kick that's normal to any Bloody Mary. Overall- very satisfied with their Bloody Mary, so much in fact I ordered two. Maybe a little more body to it but not a must. 

Food: I ordered the Tuna BLT with the side of Asian slaw. Overall: GREAT. The theme here is clearly simple. They exploit every taste which is gratifying since that's the most important thing. The slaw was crisp and surprisingly very refreshing. Now, the tuna can only be described as crafted by a masterful craftsman! Yes, I said it. It tasted better than it looked and that's hard todo since it looked as if out of a magazine. Nothing but quality dining. 

I place four starts because of the first part of my experience but other than that it was a good experience and I I'll come to The Brick again.",Eastside,The Bricks,22.18,3.85,17.4,1,,Non-binary,
ADodUkepU3OyY-G5zZk7yA,Guest_2682,10/15/2012,,This place is fun! I like the staff and the vibe. Food is okay. Beer selection is okay. Great happy hour on wine once a week. 3.5 stars is more appropriate for this place.,Eastside,The Bricks,34.76,1.95,5.6,4,18-25,,Mixed
N1BiMP9r3IsmEzChi9PPwA,Guest_6744,23.02.2011,4.0,"I read the reviews on Yelp and decided to check out Bricks of Ybor for myself. 

Nice atmosphere and hip music playing in the background. I sat at the bar and watched the flat screen televisions (they were playing the History Channel on one TV. & ""Shaun of the Dead"" on another TV.). 

Good beer on tap (I tried the IPA -- it was good) and a small menu specializing in appetizers, salads & sandwiches. I ordered the hummus plate and the iceberg wedge salad -- both were delicious. The blue cheese dressing on the salad was particularly scrumptious. 

For one beer and an app and a salad, my bill came to just under $25 before tip -- kinda expensive (considering they no longer serve the ""salmon spread"" on the hummus plate -- should that really be priced at $10, still?).",Eastside,The Bricks,,2.61,14.3,3,,Non-binary,Hispanic
8PtU0lutz85WqmKOhTY-3w,Guest_7888,2017-03-16,,,Eastside,The Bricks,10.41,1.43,13.7,3,46-55,Non-binary,Native American
LyBfA_NGwBAqf0LqVsDBhw,Guest_7992,2012-05-29,4.0,,Eastside,The Bricks,29.29,6.62,22.6,6,,Prefer not to say,Native American
UDE36dmZLk5NQvHWFs7ouQ,Guest_5530,02.05.2012,4.0,,Eastside,The Bricks,9.72,1.8,18.5,2,,Female,Asian
RNtIj-FjLZFmGAp2Wy607A,Guest_8051,2012-12-05,4.0,,Eastside,The Bricks,24.01,0.0,0.0,4,56-65,Male,Hispanic
oX3VSZ2WBLd-mKidL87Q5g,Guest_5012,19.05.2018,,,Eastside,The Bricks,22.61,4.54,20.1,2,36-45,Male,Mixed
cyVCkTAFWVqZnTPJfS2IUw,Guest_8834,05/08/2013,,"We came here on a bustling Saturday. Needless to say, Bricks of Ybor was vacant. A few people were at the bar and some people were sitting outside. The servic was subpar and the bartender must have had the worst day of her life. She hated everyone who asked to close their tab. Oh well. I should put a disclaimer that I hate Ybor. It brings me nothing but sorrow.",Eastside,The Bricks,10.61,1.44,13.6,6,65+,,Other
C5VBfvKrFBGl7uhEONk8OA,Guest_7187,09.02.2017,,"Great bar/café! Such a great place to hang, inside is beautiful and outside you can hear nice music while having a coffee and a cig! Definitely coming back! Loved it",Eastside,The Bricks,12.22,1.81,14.8,1,56-65,Non-binary,Hispanic
uoiQHg2o0l9eNvOESYq1UA,Guest_8140,07.03.2016,1.0,,Eastside,The Bricks,16.71,3.14,18.8,2,56-65,Prefer not to say,Mixed
hQz9UnbHvv3ctllRquULuQ,Guest_8416,18.04.2015,5.0,"This is where the cool kids hang and there's reasons for it. The beer and the food! Tons of vegetarian and even vegan options.
I'm not either but I do love that black bean burger and the salads are to die for.
The staff is great and always sweet and accommodating. 
The place is usually filled with great art and an eccentric lot of people. I gave this place five stars because I would be lying if I said I didn't love this place. It's my vibe.
It can be yours also.
Yup! Just referred to myself as a cool kid.:D",Eastside,The Bricks,13.8,3.13,22.7,2,18-25,,Native American
dFgGps6gQQbWoKOR60X72w,Guest_6245,03/02/2012,5.0,"My friend and I visited Tampa for a concert, and about ten minutes away from the Atlanta airport he realized that he had purchased tickets for the wrong day. We had already made hotel reservations and bought the concert tickets, so he just had to pay same-day price for airfare: all in all about $800 more. ""It was totally worth it,"" he later told me, ""Because I got to have the best sandwich of my entire life.""

All because we randomly picked the Bricks of Ybor from Yelp. I can't vouch for the peanut butter or meatless menu, but the meat sandwiches that we bought were absolutely phenomenal. I had the pulled pork, which was flavored with ponzu and served on Hawaiian sweet bread. It was one of the best meals I've had in a long time. We spent a few hours hanging out and drinking, during which time Brian, the owner, came out and talked to us, comped us a drink, let us try new appetizers he was developing (all for free) and generally made us feel really welcome. 

I kept my eyes open to the kind of crowd that came in and out of the restaurant. It seemed to draw everything from hipsters to geriatrics and strait-laced families with young kids. I think it speaks to both the diversity of the menu and the pleasant environment. We went back for drinks before and after the concert. It got very crowded but we still received excellent food, drinks and service. I give this restaurant my strongest recommendation, and it's the first place I'm going when I next visit Tampa.",Eastside,The Bricks,16.7,3.0,18.0,2,,Non-binary,
8PtU0lutz85WqmKOhTY-3w,Guest_8456,2017-03-16,1.0,"Went here for lunch. Ordered the pork rice bowl. My food took forever to be served. Then it was cold. The server took it back offering me a NEW order to be cooked. My food came back quickly, it was the same good and the exact same temperature. I wasn't offered a NEW order, however I was asked if I'd like something else, I declined.  
Terrible service, manager was never sent over while I sat and watched my colleagues eat their lunch!",Eastside,The Bricks,30.74,5.26,17.1,1,46-55,Male,Hispanic
N4J7LZI9eKDt4U0RLpWEww,Guest_9812,2017-03-30,,"One of my favorite places to eat in Ybor! Good vibes, good food, and good drinks. Even their coffee is good! Service is a hit or miss, although most recently I have had consistent great service. And their veggie Cuban sandwich is amaaaazing!",Eastside,The Bricks,21.06,3.59,17.1,4,26-35,Female,African American
miIwXNa5O-ILZaN_S3EH2g,Guest_2100,24.02.2014,4.0,"I'm defintely a fan. The food/drinks are always stellar and while the staff is super friendly, the only issue with The Bricks is the time it takes to order/be served. It isn't like the servers are slow either, they are clearly working their assess off running from table to table, so maybe it is that people have called in sick the couple of times I've been in recently and they had to work twice as hard but a Sunday lunch shouldn't take 3 hours. Now that my complaining is out of the way, the restaraunt itself is super groovy. The kitchen is on full display so no crazy stories of chefs putting anything crazy into your food here. And they look like they are having a great time while they prepare meals (whether they are or not, I love to see people enjoy what they do). I normally get draft beer but their cocktails look really interesting and innovative. At lunch, I normally get the ""Goodness"" which is a hummus wrap and it comes with a choice of a side ($8). Don't bother being wishy-washy on the side, get the Asian slaw, it is delishous, and if available I would order as a meal. The wrap was good but the star was the slaw. Thai, pea-nutty, goodness:) I've gotten the Elvis before ($8) and it was delicous but something I can make a home. I ordered it without bacon. My husband ordered the burrito and loved it as well ($9). Others at our table raved about the Chicken and the Pig, The BBQ pork, and The Cure sandwiches. Everyone really liked their food. The Bricks really is a great spot on the 7th Avenue strip, perfect for late night people watching that make Ybor awesome and also out of the way enough to not feel like it's distinctly part of the Ybor scene.",Eastside,The Bricks,59.22,10.07,17.0,3,36-45,Non-binary,African American
rPf97Sb-wcMOJ1XBO8M9EA,Guest_4838,2018-06-27,5.0,"Have come to The Bricks a few times as I wait for classes, there is wifi and it's a nice environment to sit, eat, grab a beer and do some homework. If I'm in Ybor for an extended period of time and have to wait, I usually try to make it here as much as I can.",Eastside,The Bricks,29.02,5.79,19.9,4,18-25,Prefer not to say,Mixed
X6J3JHd9uD5MhSL-dIVynQ,Guest_9875,27.02.2013,4.0,My 2 favorite guy friends and I came here for Valentine's Day this year! I love everything about this place.  Every time I have visited there has been a friendly/diverse crowd and good music. I really like the atmosphere and the local artwork that is displayed throughout the restaurant. I highly recommend the brick layer nachos! My friends and I ate every bite and I honestly will most likely order that as my meal next time. The night we visited they had 50% off bottles of wine and after splitting the cost with one of my friends it was only $7 (need I say more?).  I ordered the brick layer salad with tuna for my meal. I ordered something lighter due to my massive nacho intake and the salad was good but it was similar to a house salad you can get anywhere. They have a very eclectic menu and next time I will probably try one of the many grilled cheese sandwiches listed on the menu. I will definitely be back!,Eastside,The Bricks,20.01,3.39,17.0,4,,Female,African American
Y95YeYL9jxYcdkQgsTNzNg,Guest_6328,2017-09-11,4.0,"I have actually never been inside the restaurant but have ordered from them through delivery services a bunch of times. The Brick Layer Nachos are fantastic, I love the salsa they use on them. They also make a good veggie Cuban.",Eastside,The Bricks,23.85,3.29,13.8,5,56-65,,African American
ss4LSp-dCCuhpxDrRH_GLQ,Guest_1776,10/28/2011,5.0,,Eastside,The Bricks,14.26,2.79,19.5,2,46-55,Prefer not to say,Asian
TCzaF5Lj0NLoCQuIujEzJg,Guest_1446,30.11.2014,4.0,,Eastside,The Bricks,16.88,2.04,12.1,3,,,
rSkTYJMKMUg8QHpsfV6syw,Guest_5789,07/20/2017,3.0,,Eastside,The Bricks,,3.6,24.5,1,36-45,Male,
4ywDqRoYjy16Z_UFox0qTg,Guest_1445,2012-07-22,1.0,,Eastside,The Bricks,,2.59,24.4,4,18-25,Prefer not to say,Asian
EVklXIXTKM7MroTzc-EsPA,,09.04.2017,4.0,"I ordered the Kung fury bowl and it's pretty good, just not a huge fan of Asian slaw. The restaraunt is pretty cool with the decoration and not at a super crowded location in ybor. The srvice was a bit slow, but the food came pretty quick.",Eastside,The Bricks,16.98,3.43,20.2,4,46-55,Prefer not to say,Hispanic
asr6SiNjIrpTrGwMeBp9Pg,Guest_8246,2015-07-03,5.0,,Eastside,The Bricks,9.32,1.35,14.5,2,,Non-binary,Hispanic
jE2zHov_2Eii9XrrmkSV5g,Guest_9205,2012-06-28,3.0,"Visited The Bricks this evening for dinner with a group of 6 and I think I can say we all enjoyed our experience  - I give it a solid 3-stars because I wasn't blown away by the food, ambiance or service but all were good if not a little above average. 

I started with an Old Fashioned which was sadly, quite watered down.  The table started with the Bricklayer Nachos which were good and a pretty decent size portion too.  For my dinner I had the Mediterranean Grilled Cheese - feta and mozzarella cheese, olive tapenade, baby spinach and portabello mushroom pressed in a piece of flatbread.  The first few bites were enjoyable but about a quarter of the way into it I realized how SALTY it was.  Unfortunately, it was a little one-note and better in concept than in execution in my opinion. 

Our waitress was pleasant and split the check 6-ways without us even having to ask, which I thought was really nice of her.  Atmosphere was unique but nothing worth coming back for.

Also, worth noting - The Bricks doesn't have its own parking lot so you'll have to find street parking (good luck), a paid parking lot lot or one of the local parking garages.",Eastside,The Bricks,8.9,1.77,19.9,1,46-55,Non-binary,Mixed
ntNxLQQTBZhYVGZpvUQYzw,,08.09.2016,5.0,,Eastside,The Bricks,11.94,1.82,15.2,1,,Female,Mixed
_aJ77lzyw1BhFqRU-wPwhA,Guest_8347,02.03.2012,4.0,fun place with a nice atmosphere. Ordered the Elvis which is a good sandwich with peanut butter honey bananana and bacon! it sounds weird but it was delishous.,Eastside,The Bricks,11.78,3.04,25.8,3,,Female,Hispanic
eNHgYkJwmuM0Gg42AL6V6Q,Guest_8921,01/31/2017,1.0,,Eastside,The Bricks,11.87,2.46,20.7,2,,Non-binary,Asian
exVAtPSIFht6QUVDftWSzw,Guest_3795,2013-07-14,,"The Bricks gets a ""1"" in my book because they have terrible service.  Great food, but terrible service. 

I went there about 3pm on a Tuesday...which happened to be my birthday to have lunch with my mother.  Not only were we not greeted by the 3 staff standing around with NO other customers, but we were also not brought any menus or given direction about seating.  

We sat down and waited for a server to come by and ask for our drink order and bring menus.  No one ever did.  We got up and grabbed our own menus close to where the staff were standing.  They paid no attention.  After 3 or 4 more minutes we stood up to leave and they didn't care. So we walked out and I had my birthday lunch elsewhere. 

I  wrote to them on Facebook about our service and they promptly deleted my comment and ignored my message.  

I used to go to the Bricks all the time, but we've never been back since and I warn any new friends to not go there as well.",Eastside,The Bricks,16.13,2.62,16.2,8,26-35,Prefer not to say,Hispanic
UmA-9d4M4x8F5UKkVCAjEg,Guest_7094,2015-01-19,5.0,"Great atmosphere and service, food and drinks were excellent. Everything was fresh.  Bird and the pig sandwich was delicious, also the pacific rim. Will return soon.",Eastside,The Bricks,36.64,1.2,3.3,4,18-25,Prefer not to say,Native American
TCzaF5Lj0NLoCQuIujEzJg,Guest_3025,2014-11-30,4.0,,Eastside,The Bricks,,10.36,23.2,2,26-35,Female,Other
RDpU2WQuBhhCWPJWojmFvw,,07.01.2012,,"The husband and I had a kid free day so we decided to have a (gasp) lunch date.

 We picked The Bricks because...well why the hell not.  As soon as we walked in I loved the place.  It was bright and cozy at the same time.  The staff was super friendly and we got the vibe that we could hang out all day if we wanted.

I ordered the most delicious ""adult"" coffee to drop kick the sleepiness out of my head.  The coffee was SUPER yummy and the liquor did the trick.

It took me a while to figure out what I wanted to eat because everything on the menu looked soooo good and I was super hungry.  In the end, I decided on the Harvest Grill Cheese Sandwich.....nom nom noom.....I was not dissappointed.  It hit the spot and filled my belly with melty cheesy goodness.  The bread was fresh, crunchy, tender and tasty.  The sandwich innards were porportioned perfect.  The Gouda, bacon and apple playing off each other in perfect harmony.

GO HERE AND EAT!  I cannot wait to go again and feel this will be a staple on our lunch resturant list.  Even if your not hungry this would be a wonderful place to have a drink and just chill day or night.

Thanks Bricks for a great lunch!",Eastside,The Bricks,14.72,1.69,11.5,2,26-35,Non-binary,Native American
ylcQSUvE8VHikFz_gWIWWQ,Guest_3143,2017-08-19,5.0,"This is THE BEST spot for food and drinks in Ybor.  The drinks are amazing and the food is top notch. Cool, laid back atmosphere and amazing bar!! All of the staff are helpful and accommodating!! Best happy hour!!!",Eastside,The Bricks,21.95,5.29,24.1,1,18-25,Non-binary,Caucasian
NOTAXpx4vcngxjIXyhHBrg,Guest_1422,09/13/2012,4.0,"I love the Bricks! We live in Ybor and this is one of our favorite lunch spots. I always have a hard time selecting between two sandwiches - The Elvis which is a peanut butter, banana and bacon sandwich or the Bird and Pig - roasted chicken, bacon, brie, apple, pressed on a Hawaiian sweet roll.

Bricks always offers weekly specials and featured drinks. The crowd is always fun and the staff is friendly.",Eastside,The Bricks,47.71,10.21,21.4,2,36-45,Non-binary,
R_A16STMTt2oZGmpH0R0lA,Guest_3440,2012-09-12,,,Eastside,The Bricks,7.83,1.17,15.0,2,18-25,Female,Native American
TU-0T2GWAAW4GBI68LNt-A,,2016-05-07,3.0,,Eastside,The Bricks,15.2,2.09,13.7,1,18-25,Prefer not to say,Other
2a8_Q5XhjoQHaZ_KtISZuQ,Guest_7265,09.12.2012,4.0,"Since moving to Tampa about three weeks ago, I have found some ridiculously good restaurants thanks to Yelp and friends' recommendations. 

The Bricks has been on my list of places to try for a while now, and I finally made it last night. 

My friend & I walked in and were greeted immediately by the staff who told us to sit where we wanted. The place was fairly empty on a Tuesday at 7pm. I've heard it's packed on weekends, so perhaps going on off-nights is key. 

We started off with the Bricklayer, a fancy name for extra delicious nachos that are topped with queso, avocado cream, olives, and jalapeños. The salsa that comes on the side is awesome - super fresh, flavorful, and not too watery. This is a big appetizer and probably a bit too much for two girls before dinner. If I ordered it again, it would be as a bar snack rather than an app. 

For dinner, I had to try the Bird & the Pig. Wow - that pressed sweet bread combined with the salty bacon and chicken, paired with crisp apples and agave nectar? Yeah, the distinct flavors come together nicely to create one hell of a sandwich. 

I tasted my friend's black bean burger and liked that, too. 

The only thing I tasted that didn't blow me away was the roasted potato salad I got on the side. I'll probably just go with the mixed greens salad next time. 

Aside from the food, the environment is cool, too. I really liked all the local artists' work adorning the walls. 

There is ample parking nearby, including a garage on 15th that only charges $1 for the first 3 hours.",Eastside,The Bricks,32.42,0.0,0.0,2,,Non-binary,Caucasian
eWzgGaazlADYOBS_hzFLtA,,09.05.2014,4.0,"Tasty place to grab a unique sandwich or something else with some tasty beer. I love the decor in this restaurant, as it seems to marry bricks, random tomfoolery, and nerdiness quite well. I've enjoyed most things there. The Bird and Pig was quite good as well as their veggie burger. They also have lots of theme nights, but I've never been to one.",Eastside,The Bricks,18.87,3.86,20.4,2,65+,,African American
rSkTYJMKMUg8QHpsfV6syw,Guest_4964,2017-07-20,3.0,"I walked into the restaurant and the general scene was promising: a friendly environment with interesting decor like a diner, despite being poorly lit. I ordered the ""King Fu pork bowl"" and a macchiato, to which the waitress replied that their barista doesn't really make it the traditional way. I still ordered it. The macchiato came first, and to my surprise it was in a mug filled to the brim. I let the barista know that I ordered a macchiato, not a latte or cappuccino, and she said that she knows that, she made a macchiato. After a brief discussion I discovered she doesn't know what a macchiato was. I went back to my table. The food came. The pork was room temperature and the rice was plain. The dish lacked flavor overall. Maybe they don't specialize in rice bowls as it was a smaller item on their menu, but that was my expereince.",Eastside,The Bricks,25.52,6.77,26.5,6,65+,Non-binary,Caucasian
FWWE8HkUu42FgIfi2_FI-w,Guest_3699,01/02/2013,4.0,"Cheaper than the $$ rating by far, depending on your interests (I had the $5.50 grilled peanut butter and Gouda). And I didn't think the combination would work, but I was wrong. It's not my absolute favorite peanut butter sandwich, but it's tasty. Sadly, the ""peanut butter bars"" don't have as extensive a list of ingredients as they did when Brett N. visited. I also tasted a forkful of Jodi's Greek salad (which was all that was left!), and that lemon-dill vinaigrette just made my ""next time we're here"" list.",Eastside,The Bricks,27.78,5.44,19.6,3,36-45,,Hispanic
mu7DWrjoa6b2yqcfH75QYw,Guest_4014,24.12.2016,1.0,,Eastside,The Bricks,12.72,2.94,23.1,2,65+,,Other
77SVp08MVwzf7CP9vviZgw,Guest_6848,22.07.2012,3.0,,Eastside,The Bricks,14.08,3.22,22.9,3,65+,,Caucasian
svHZLGNpGq3BvqCkeKI56g,Guest_7834,2017-01-29,1.0,,Eastside,The Bricks,28.72,4.35,15.1,1,26-35,Non-binary,Hispanic
dDKRtNXR8JJAz4x_ZCGo3g,Guest_4453,29.05.2014,4.0,"Great location, cool atmosphere! The food was a fairly priced for the quality, which was good. I had the pulled pork tacos and they were not skimpy, fully stuffed and filling for $6. Great draft beer selection but it was a buck or two overpriced compared to other craft beer places. The two waitresses were very nice and pleasant. It was slow when we got there and them boom it was packed, they didn't forget about us but we did have to track her down for our last beer. I will be back for sure!",Eastside,The Bricks,23.97,5.71,23.8,2,,Male,Hispanic
79szQCU8GqpMZYtRX2rKvw,Guest_9938,11/07/2017,3.0,"This is more of a drinking place than dinner. I didn't enjoy dining here at all, the service was slow and the acoustics of the place made It impossible to have a conversation. The veggie cubano was pretty good and the drinks were strong though.",Eastside,The Bricks,,1.63,19.7,2,56-65,Male,African American
cyVCkTAFWVqZnTPJfS2IUw,Guest_7057,05/08/2013,,"We came here on a bustling Saturday. Needless to say, Bricks of Ybor was vacant. A few people were at the bar and some people were sitting outside. The service was subpar and the bartender must have had the worst day of her life. She hated everyone who asked to close their tab. Oh well. 

I should put a disclaimer that I hate Ybor. It brings me nothing but sorrow.",Eastside,The Bricks,15.28,2.61,17.1,8,18-25,Female,Mixed
dxp5wFqMeO2x3Rz-8km5Cw,Guest_6810,2017-05-27,5.0,Where do I start: Phenomenal food Excellent Bartender - I didn't know what to drink and bartender created one to her liking Great Atmosphere Great music - DJ on Friday Night was awesome Even the free water in the beginning tasted amazingly Definitely would go again,Eastside,The Bricks,20.61,8.24,40.0,2,65+,,Native American
PJv1iTOgQTS0Aan6_UAZnw,Guest_2961,31.10.2013,4.0,"Food was delish. 

Stopped before a concert at The Ritz, it is just a block away and the perfect stop for reasonably priced fresh, healthy-ish meal before you wreck your liver.

BFF had the Bird and Pig, she loved it.  I had the Blackstar Bean Burger.  It was spicy which in my opinion was perfect.

The drinks are pricy, but well crafted.

Our service was meh.  A little slow, but we received the correct order and were informed of specials and what they were out of before we decided.

I will totally be back next time I am in town.",Eastside,The Bricks,,2.09,11.4,3,26-35,Female,Hispanic
2a8_Q5XhjoQHaZ_KtISZuQ,,12/09/2012,4.0,,Eastside,The Bricks,,0.0,0.0,3,36-45,Non-binary,
94N0yL4NknDfB4JITXlUWA,Guest_4036,21.06.2015,4.0,,Eastside,The Bricks,14.14,2.79,19.7,3,36-45,Non-binary,African American
eWzgGaazlADYOBS_hzFLtA,Guest_2414,09.05.2014,4.0,,Eastside,The Bricks,9.34,0.77,8.2,2,,,Hispanic
umKey8gxNoyUcwZY2azciw,Guest_3212,02.06.2011,3.0,"nice place for gatherings and hanging out. Friendly staff. 

Food was OK. Not bad, not good, it just sat somewhere in the middle.",Eastside,The Bricks,11.9,2.8,23.6,2,26-35,,Asian
miIwXNa5O-ILZaN_S3EH2g,Guest_5427,24.02.2014,4.0,"I'm definetly a fan. The food/drinks are always stellar and while the staff is super friendly, the only issue with The Bricks is the time it takes to order/be served. It isn't like the servers are slow either, they are clearly working their assess off running from table to table, so maybe it is that people have called in sick the couple of times I've been in recently and they had to work twice as hard but a Sunday lunch shouldn't take 3 hours. Now that my complaining is out of the way, the resturant itself is super groovy. The kitchen is on full display so no crazy stories of chefs putting anything crazy into your food here. And they look like they are having a great time while they prepare meals (whether they are or not, I love to see people enjoy what they do). I normally get draft beer but their cocktails look really interesting and innovative. At lunch, I normally get the ""Goodness"" which is a hummus wrap and it comes with a choice of a side ($8). Don't bother being wishy-washy on the side, get the Asian slaw, it is delishous, and if available I would order as a meal. The wrap was good but the star was the slaw. Thai, pea-nutty, goodness:) I've gotten the Elvis before ($8) and it was deliciuos but something I can make a home. I ordered it without bacon. My husband ordered the burrito and loved it as well ($9). Others at our table raved about the Chicken and the Pig, The BBQ pork, and The Cure sandwiches. Everyone really liked their food. The Bricks really is a great spot on the 7th Avenue strip, perfect for late night people watching that make Ybor awesome and also out of the way enough to not feel like it's distinctly part of the Ybor scene.",Eastside,The Bricks,,3.49,16.0,3,26-35,Prefer not to say,Hispanic
ylcQSUvE8VHikFz_gWIWWQ,Guest_8049,08/19/2017,5.0,"This is THE BEST spot for food and drinks in Ybor.  The drinks are amazing and the food is top notch. Cool, laid back atmosphere and amazing bar!! All of the staff are helpful and accommodating!! Best happy hour!!!",Eastside,The Bricks,38.79,5.1,13.1,2,,Male,Asian
zs4OcjXPJOkdhKV_CtRgpQ,Guest_3171,11.06.2014,4.0,"One of my favorite spots to swing by while in the Ybor area, either with a group of friends or alone, as they do have a lot of space to bring out your laptop to work or read. Since I usually come during the workday for lunch, I'm a big fan of their specialty coffee drinks. They have a very unique one - espresso lemonade - which I got to try on my last visit. The bitterness was cancelled out by the lemonade and it was delicious. The Bricks has a good choice of apps/salads/sandwiches and I also tried a spicy chorizo, creamed soup, which my server recommended, and he was right-on point with this pick. If you're in Ybor please make sure you stop by here...it's vegan/vegetarian friendly and just has a good all-around vibe inside.",Eastside,The Bricks,35.38,0.89,2.5,3,65+,Non-binary,African American
NVGknCokupO-YGnK8vI5Kg,,2014-04-22,4.0,"Excellent service, trendy yet comfortable atmosphere, and very nice food. About half the items we requested weren't available b/c they're transitioning to a new menu.",Eastside,The Bricks,10.6,2.42,22.8,1,,Female,
KIA9s_8qZEtuSjIFdjBwYQ,Guest_9007,06/29/2014,1.0,"I loved this place, the food, atmosphere, and drinks and I was in Ybor one night and came in about midnight and walked back to use the restroom and then to sit down and get some food and drinks, typical of anyone that's out drinking and midnight rolls around. Well, I continue on the path to the restroom and the manager, yes, the manager, had the audacity to tell me if I proceeded to the restroom that he would come on after me. I thought he was joking. But no, he was serious, then he told me I needed to tip the bartender before using the restroom, even though I hadn't sat down to order anything yet. I was clearly upset and walked back out to leave. The guy at the door was very nice and lead me back in to use the restroom. I decided after being treated that way, by the manager, that this was not an establishment I would be frequenting any longer, even though I loved the place. I went to the restroom and came back out and put $3 on the bar, because I needed to ""tip"" to use the restroom. Well, the guy at the door said that the manager had ASSUMED that we came from a rave across the street and that we just wanted to use the restroom. Well, his assumption lost him business, and I have been living in the Bay Area for 32 years. I'm pretty sure telling a patron you are going to follow them into he women's restroom is some form of sexual harassment. I have NEVER been treated like that ever in an establishment. Hopefully, for the greater good of the restaurant, that manager is no longer there.",Eastside,The Bricks,24.57,3.18,12.9,4,,Female,African American
eoFZMOL0XJ9yF8sW3OChIw,Guest_8037,2017-11-19,4.0,"Yummy food, good vibes, & nice service. Music wasn't too loud. Could hold a conversation without hearing everyone else's. 

I had the Bird & Pig (the way it comes) with the Mac & Cheese. 

I also had the Hukilau. Not a fan. It sounded sweeter than it was. Still giving it a 4 for the food service and atmosphere. It's not their fault I didn't like the alcohol. 

Had a quick bite of the nachos and may have to orders those for the table next visit.",Eastside,The Bricks,11.05,1.81,16.4,4,46-55,,Mixed
L35Awd7K5slzNlEAI6H8xQ,Guest_9805,01.04.2016,4.0,,Eastside,The Bricks,33.35,13.34,40.0,1,65+,Prefer not to say,Native American
RDpU2WQuBhhCWPJWojmFvw,Guest_7833,01/07/2012,4.0,"The husband and I had a kid free day so we decided to have a (gasp) lunch date.

 We picked The Bricks because...well why the hell not.  As soon as we walked in I loved the place.  It was bright and cozy at the same time.  The staff was super friendly and we got the vibe that we could hang out all day if we wanted.

I ordered the most delicious ""adult"" coffee to drop kick the sleepiness out of my head.  The coffee was SUPER yummy and the liquor did the trick.

It took me a while to figure out what I wanted to eat because everything on the menu looked soooo good and I was super hungry.  In the end, I decided on the Harvest Grill Cheese Sandwich.....nom nom noom.....I was not dissappointed.  It hit the spot and filled my belly with melty cheesy goodness.  The bread was fresh, crunchy, tender and tasty.  The sandwich innards were porportioned perfect.  The Gouda, bacon and apple playing off each other in perfect harmony.

GO HERE AND EAT!  I cannot wait to go again and feel this will be a staple on our lunch resturant list.  Even if your not hungry this would be a wonderful place to have a drink and just chill day or night.

Thanks Bricks for a great lunch!",Eastside,The Bricks,23.27,3.77,16.2,2,65+,Prefer not to say,African American
s7X6kSDGGlowmEqCDEh2SQ,Guest_1074,2014-06-29,3.0,"I am not nearly cool enough to go here. The waiter was not unfriendly, but he was much more friendly to some ladies who sat near me with full sleeves of tattoos.  I ordered the black bean burger, it was so flavor less and thin it could have been omitted.  The mayo on the sandwich and mixed greens on the side,  along with the pickle,  we're the best part of the meal. My beer was alright,  but if I am going to spend $7 on a pint it should be delicious or high gravity,  this was neither, and since no prices appeared next to the draft list,  the price was a bit of a shock.",Eastside,The Bricks,21.87,7.65,35.0,2,,Prefer not to say,Other
Cbxf9vtQNVzMoch3s_AKTA,Guest_4381,2012-05-30,4.0,"I had a good time at The Bricks of Ybor.  The service is really spot on and the quality of the food's pretty good.  I had the pulled pork sandwich.  It was pretty good.  Nothing memorable but what makes this place a four star place are the happy hour beer prices and the interesting art inside.

I loved the star wars art throughout this place and particularly loved the berpo and ern2d2 painting.

Friendly, fun crowd that looks like they're coming to a John Waters costume party.",Eastside,The Bricks,29.3,4.7,16.0,2,46-55,Prefer not to say,Caucasian
rno5BeYy-bMFKINk43MmNw,Guest_2570,2014-05-30,5.0,"It is definetly a place to bring your friends and chat. I love their different types of Peanut Butter sandwiches. Amazing! Not only that, but the inside environment is just so positive and provides inspiration.",Eastside,The Bricks,,5.4,14.7,1,18-25,Prefer not to say,Other
jrGMuHix2T4NvxVmR0yF_g,Guest_4638,2013-02-27,,"Great atmosphere, always a good variety of music playing, excellent food and an increasingly diverse drink menu make this possibly my favorite place in Tampa. The Bird and Pig could quite possibly be the best sandwich in the history of sandwiches! Chicken, bacon, Brie, agave on Hawaiian sweet bread....yum! Also, try Root Down on the drink menu. Tastes exactly like Root Beer!",Eastside,The Bricks,33.03,6.85,20.7,5,,,Mixed
L35Awd7K5slzNlEAI6H8xQ,Guest_9915,01.04.2016,4.0,It's a beer pub so don't go to eat a meal. Beer was great but not all of them were available at the time I visited [April] so....??,Eastside,The Bricks,16.64,5.82,35.0,3,,Female,Native American
PJv1iTOgQTS0Aan6_UAZnw,Guest_9193,10/31/2013,4.0,"Food was delish. 

Stopped before a concert at The Ritz, it is just a block away and the perfect stop for reasonably priced fresh, healthy-ish meal before you wreck your liver.

BFF had the Bird and Pig, she loved it.  I had the Blackstar Bean Burger.  It was spicy which in my opinion was perfect.

The drinks are pricy, but well crafted.

Our service was meh.  A little slow, but we received the correct order and were informed of specials and what they were out of before we decided.

I will totally be back next time I am in town.",Eastside,The Bricks,,5.05,17.2,1,,Female,Other
jrGMuHix2T4NvxVmR0yF_g,,2013-02-27,5.0,,Eastside,The Bricks,17.39,3.79,21.8,2,36-45,Prefer not to say,African American
RNtIj-FjLZFmGAp2Wy607A,,05.12.2012,,"I went to this place for the first time last Saturday. I just wanted a place to grab some brunch that had mimosas and my friend suggested here. Boy am I glad she did!

Besides the crazy run in with a hard core group of strangers doing a running/fitness challenge, the staff there was really really friendly. Our server was very friendly and he even gave us free Appletinis on him!

I had the deluxe grilled cheese and it was really really good. 

The decor was awesome and I'm definitely going back and bringing friends!",Eastside,The Bricks,16.59,0.0,0.0,3,,Male,Other
BCLvpd08Ci4Tcq-fIRhZdA,,2017-08-08,2.0,,Eastside,The Bricks,9.79,0.0,0.0,6,46-55,Female,Hispanic
FWWE8HkUu42FgIfi2_FI-w,Guest_9699,02.01.2013,,,Eastside,The Bricks,6.28,1.41,22.5,2,36-45,Male,Asian
zbaEspWboOPPonKjB4jbWA,Guest_9609,06/29/2012,4.0,"A couple of nights ago the Tampa Bay Lady Bloggers met at The Bricks for our monthly book club meeting. The staff was very welcoming and was happy to push together several tables for us. Our server was so nice and helpful and cheerfully took a group photo for us (annoying bloggers). The ""hole in the wall"" atmosphere at The Bricks is fun and eclectic, with local art for sale lining the walls. I loved the laid-back, hip feeling of the place. I had the ""brick,paper,scissors"" martini and it was so refreshing and deliciuos that I had to get a second with my entree. The table shared an order of the ""bricklayer"" nachos and they were okay, but the house-made salsa on the side was out of this world. For my entree I got the ""bird and pig"", based on so many great Yelp recommendations. It did not disappoint with thick, crispy bacon, sweet apples and agave nectar, tasty chicken and delicious pressed ""sweet"" bread. I almost caved in and got the Ahi tuna BLT because it looked so good on the menu...I'll definately be back and try that next time to compare. Thank you Bricks for hosting our meet-up. See you again soon I hope! My blog post about our meeting at The Bricks is here: http://carolinecalcote.com/2012/06/28/tampa-bay-lady-bloggers-book-club/",Eastside,The Bricks,9.68,1.73,17.9,4,,Male,Native American
s9dqqPMdKO3QdJ5s7lrt3g,Guest_1428,11/28/2016,,,Eastside,The Bricks,,4.88,35.0,1,,Prefer not to say,African American
NVGknCokupO-YGnK8vI5Kg,,22.04.2014,4.0,"Excellent service, trendy yet comfortable atmosphere, and very nice food. About half the items we requested weren't available b/c they're transitioning to a new menu.",Eastside,The Bricks,29.58,6.69,22.6,3,,,African American
dFgGps6gQQbWoKOR60X72w,Guest_6373,03/02/2012,5.0,"My friend and I visited Tampa for a concert, and about ten minutes away from the Atlanta airport he realized that he had purchased tickets for the wrong day. We had already made hotel reservations and bought the concert tickets, so he just had to pay same-day price for airfare: all in all about $800 more. ""It was totally worth it,"" he later told me, ""Because I got to have the best sandwich of my entire life."" All because we randomly picked the Bricks of Ybor from Yelp. I can't vouch for the peanut butter or meatless menu, but the meat sandwiches that we bought were absolutely phenomenal. I had the pulled pork, which was flavored with ponzu and served on Hawaiian sweet bread. It was one of the best meals I've had in a long time. We spent a few hours hanging out and drinking, during which time Brian, the owner, came out and talked to us, comped us a drink, let us try new appetizers he was developing (all for free) and generally made us feel really welcome. I kept my eyes open to the kind of crowd that came in and out of the restaurant. It seemed to draw everything from hipsters to geriatrics and strait-laced families with young kids. I think it speaks to both the diversity of the menu and the pleasant environment. We went back for drinks before and after the concert. It got very crowded but we still received excellent food, drinks and srvice. I give this restraunt my strongest recommendation, and it's the first place I'm going when I next visit Tampa.",Eastside,The Bricks,32.9,5.79,17.6,4,18-25,Non-binary,Asian
Y95YeYL9jxYcdkQgsTNzNg,Guest_4845,11.09.2017,4.0,,Eastside,The Bricks,25.65,5.25,20.5,3,56-65,,Other
svHZLGNpGq3BvqCkeKI56g,Guest_3845,2017-01-29,1.0,"We waited an hour for our food.  No coffee refills the entire time.  We saw our food souring in the window for 20 minutes.  When we finally left the server said it couldn't be helped.  No apologies, no service, no food, no tip.",Eastside,The Bricks,34.74,6.03,17.4,5,36-45,Prefer not to say,Asian
11LaR_wnmQpNf7fD6d6n1Q,Guest_6988,12.11.2014,4.0,,Eastside,The Bricks,,3.95,22.8,1,36-45,Non-binary,Asian
ELbCs-aC8mAxrAEu36Hihw,,10/13/2014,4.0,,Eastside,The Bricks,19.25,1.87,9.7,3,18-25,Prefer not to say,African American
miIwXNa5O-ILZaN_S3EH2g,,2014-02-24,4.0,,Eastside,The Bricks,19.66,3.82,19.4,2,26-35,Female,Asian
asr6SiNjIrpTrGwMeBp9Pg,Guest_6118,07/03/2015,5.0,"Great environment, good assortments of beers, funky people, board games, chill vibes, Monday Game nights and random parties, outside patio, great coffee, try liquid heroin coffee, one of my favorite places in town",Eastside,The Bricks,77.72,19.83,25.5,2,,,Asian
zbaEspWboOPPonKjB4jbWA,,06/29/2012,4.0,,Eastside,The Bricks,12.47,2.65,21.3,4,46-55,Male,Asian
X6J3JHd9uD5MhSL-dIVynQ,Guest_2916,02/27/2013,,My 2 favorite guy friends and I came here for Valentine's Day this year! I love everything about this place.  Every time I have visited there has been a friendly/diverse crowd and good music. I really like the atmosphere and the local artwork that is displayed throughout the restaurant. I highly recommend the brick layer nachos! My friends and I ate every bite and I honestly will most likely order that as my meal next time. The night we visited they had 50% off bottles of wine and after splitting the cost with one of my friends it was only $7 (need I say more?).  I ordered the brick layer salad with tuna for my meal. I ordered something lighter due to my massive nacho intake and the salad was good but it was similar to a house salad you can get anywhere. They have a very eclectic menu and next time I will probably try one of the many grilled cheese sandwiches listed on the menu. I will definitely be back!,Eastside,The Bricks,19.08,3.61,18.9,2,36-45,Male,African American
pOilCvNQPufxgGMlpFe44Q,Guest_6184,11.10.2010,,"The Bricks completely lives up to the hype. Don't leave without trying their amazing Basil-infused lemonade!

Really chill cafe-like vibe, with a creative comfort food menu (peanut butter sandwiches!), and full table service.

In a few weeks they will be opening a quiet ""study hall"" space for laptop lurkers, making this a killer telecommute/study spot.",Eastside,The Bricks,25.21,3.92,15.5,4,65+,Non-binary,Caucasian
nWXxee5pTo9vvnbB6ir-4g,Guest_1190,2016-06-24,3.0,"First of all I would like to say this is a pretty cool place. They have a great selection of beer and booze. The bartenders were very attentive and made awesome drinks. I was there on a Thursday night with a wedding party of about 12 people and we were having a great night. This is where I would love to end this review because based on the atmosphere and bartenders, this is a really chill place to hang out in ybor. Unfortunately, there is more to the story. Later in the night, the bar started clearing out. The only people in the bar were myself, the wedding party I was with, the bartenders, and 3 other people. That's it. We (the wedding party) thought it would be fun to do the wobble and since the DJ was playing hip-hip anyway, we figured that it wouldn't be an issue to request that he play the wobble. After All, there wasn't many people in the bar anyway. Upon requesting to the DJ that we would like him to play the wobble he proceeded to respond with statements like ""I refuse to play that song"" ""I don't like that song"" ""I'm not a jukebox"". After briefly sharing our differences of opinion, I went to the bar to get a drink. At this time the DJ also walked up to the bar as we were kindly telling the bartender that they might want to reconsider their DJ choices because he was more concerned with what he wanted to hear, rather than what the patrons of the bar wanted to hear. Upon sharing our opinion with the bartender, the DJ butts in again to express that ""I'm the DJ, and I'll play what I want to hear"" that irritated me and I got a little heated. The bartender proceeded to cut me off because I argued with the DJ. I totally understand that, the bartender did the right thing there to calm down a situation. Point of my long story is, I really hope this place reconsiders their DJ choices in the future. They need someone that will play what the patrons want to hear and not what he wants to hear. Maybe that's just my opinion, but I feel that I make a strong case considering that by the time it was all said and done, our party was the only people in the bar. So, instead of 5 stars, I'm marking it a 3 based on the DJ alone.",Eastside,The Bricks,17.95,4.25,23.7,4,,Non-binary,Other
0XuENPl2FwekIfu9M-1jDw,Guest_6976,09/03/2018,1.0,,Eastside,The Bricks,,4.09,25.7,8,18-25,Prefer not to say,Other
L35Awd7K5slzNlEAI6H8xQ,Guest_7166,2016-04-01,4.0,It's a beer pub so don't go to eat a meal. Beer was great but not all of them were available at the time I visited [April] so....??,Eastside,The Bricks,,6.73,17.6,4,18-25,Male,Other
GsLZMdhl4PB0hqtQY9nK0Q,Guest_8271,15.04.2015,,"How can you not like this place? Fresh water upon arrival followed by healthy food with a twist. The service has always been exemplary so no complaints there. This is one of the few joints in Tampa that can appease an array of crowds - hipsters love the decor, drink selections, etc.; geriatrics enjoy the healthy food portions, friendliness, etc.; and out-of-towners relish the overall uniqueness of the place. This is beyond highly recommended.",Eastside,The Bricks,17.7,3.63,20.5,5,,Non-binary,Caucasian
77SVp08MVwzf7CP9vviZgw,Guest_9080,2012-07-22,3.0,,Eastside,The Bricks,37.13,6.2,16.7,2,65+,Non-binary,African American
TU-0T2GWAAW4GBI68LNt-A,,2016-05-07,3.0,"Wanted to try the pig and bird sammich but when I got there I decided on the Pacific Rim. The Asian slaw and bbq theme was too much to pass up. I thought the sandwich was really good and had a nice balance to it. I got chips and queso as my side but with this sandwich fries would have been the go to. They don't have fries so you'll have to choose something else. 

Service at the bar was really good, there were multiple people that helped me during my meal. One thing is they were out of three of the beers I wanted right off the bat. 

Pretty cool vibe in the place and people just hanging with friends having drinks and food.",Eastside,The Bricks,26.15,5.71,21.8,2,65+,,Asian
eNHgYkJwmuM0Gg42AL6V6Q,Guest_5310,2017-01-31,1.0,"If you're immune to salmonella poisoning then this is the perfect place for you! Very overpriced, minimum effort in providing authentic food NOT out of a can. They undercook the chicken and it taste like refrigerator. Please don't waste your hard earned cash on half assed food. Unless you just want drinks and a good time with friends, don't come here.",Eastside,The Bricks,17.17,3.62,21.1,2,36-45,,Native American
79szQCU8GqpMZYtRX2rKvw,,11/07/2017,3.0,"This is more of a drinking place than dinner. I didn't enjoy dining here at all, the service was slow and the acoustics of the place made It impossible to have a conversation. The veggie cubano was pretty good and the drinks were strong though.",Eastside,The Bricks,,1.8,16.6,2,65+,Prefer not to say,Native American
UmA-9d4M4x8F5UKkVCAjEg,Guest_1876,19.01.2015,5.0,"Great atmosphere and service, food and drinks were excellent. Everything was fresh.  Bird and the pig sandwich was delicious, also the pacific rim. Will return soon.",Eastside,The Bricks,15.17,2.29,15.1,2,46-55,Male,Asian
ylcQSUvE8VHikFz_gWIWWQ,Guest_2463,19.08.2017,,,Eastside,The Bricks,,7.28,17.7,3,,Male,Asian
t6OmnU6qlaPS2BzDnMS28w,Guest_9558,05/20/2018,5.0,"My favorite drinks place to imbibe before a show in Ybor. Kyle is spot on every time with what is seemingly the exact thing I want before I even know it. Also, the nachos. Trust me!",Eastside,The Bricks,23.02,5.07,22.0,3,65+,Male,
3FfhPCMT5T2e369qqYfV7g,Guest_5252,10.09.2015,4.0,"The Bricks has a super cool vibe. I've visited multiple times for dinner and once for drinks. I'm always impressed with their sandwiches and other food. Normally everything is very fresh and tasty. They have a good sized line up of craft beers most of them local to the area, which is something I'm always looking for. 

It's sort of a dive-y location on the outskirts of the main part of Ybor. Late night they have a small menu of appetizers/small plates and have a DJ. It's clientele leads to some awesome people watching. 

All in all, definitely worth a try. It's not super fancy, so it's perfect for a casual dinner or a new place to try to grab a beer (there's a full bar as well).",Eastside,The Bricks,14.88,4.14,27.8,3,18-25,,Hispanic
BceKC7jAlfmF6C-z-OTflQ,,2017-08-19,4.0,"I went there for dinner while in the Tampa area and had a great meal. They have multiple Vegan and Vegetarian options, while also having a full bar with Guinness. Very unusual across the good ole USA. The place is in an interesting area, which seems it could be a little rough in the dark, so if you go, I would recomend going during the light hours. The bartenders are really nice, and helpful with picking a good dish.",Eastside,The Bricks,13.96,3.06,21.9,4,26-35,Non-binary,Hispanic
Cf3QB0VEbdWFq94tZcWgTQ,Guest_2142,2017-11-10,5.0,"They seem to have expanded their menu or, I'm just imaging that and actually gave them another chance. Good beer selection. Great ambiance. More hip than some of the other bars. Accommodated my large party.",Eastside,The Bricks,28.56,5.97,20.9,1,,Prefer not to say,Mixed
X6J3JHd9uD5MhSL-dIVynQ,Guest_3389,2013-02-27,4.0,,Eastside,The Bricks,,9.29,18.1,2,,Male,Other
C5VBfvKrFBGl7uhEONk8OA,,09.02.2017,5.0,"Great bar/café! Such a great place to hang, inside is beautiful and outside you can hear nice music while having a coffee and a cig! Definitely coming back! Loved it",Eastside,The Bricks,14.38,2.76,19.2,2,56-65,,Mixed
79szQCU8GqpMZYtRX2rKvw,Guest_7404,07.11.2017,3.0,,Eastside,The Bricks,58.17,9.49,16.3,1,18-25,Prefer not to say,Native American
pOilCvNQPufxgGMlpFe44Q,,11.10.2010,5.0,,Eastside,The Bricks,15.39,2.34,15.2,2,18-25,Non-binary,Native American
ylcQSUvE8VHikFz_gWIWWQ,Guest_4666,08/19/2017,5.0,,Eastside,The Bricks,,1.72,11.2,3,36-45,Prefer not to say,Asian
PJv1iTOgQTS0Aan6_UAZnw,Guest_8922,2013-10-31,,"Food was delish. 

Stopped before a concert at The Ritz, it is just a block away and the perfect stop for reasonably priced fresh, healthy-ish meal before you wreck your liver.

BFF had the Bird and Pig, she loved it.  I had the Blackstar Bean Burger.  It was spicy which in my opinion was perfect.

The drinks are pricy, but well crafted.

Our service was meh.  A little slow, but we received the correct order and were informed of specials and what they were out of before we decided.

I will totally be back next time I am in town.",Eastside,The Bricks,41.77,6.83,16.3,3,56-65,Non-binary,
ELbCs-aC8mAxrAEu36Hihw,Guest_6287,10/13/2014,4.0,"Cute place, got there too late to eat,the drinks were good though, they have fresh ingredients and crushed ice!only bar in ybor I've seen with fresh things and a wide selection of booze",Eastside,The Bricks,36.03,9.79,27.2,8,36-45,Non-binary,
79szQCU8GqpMZYtRX2rKvw,,2017-11-07,3.0,"This is more of a drinking place than dinner. I didn't enjoy dining here at all, the service was slow and the acoustics of the place made It impossible to have a conversation. The veggie cubano was pretty good and the drinks were strong though.",Eastside,The Bricks,17.96,4.07,22.7,2,,,
rPf97Sb-wcMOJ1XBO8M9EA,,27.06.2018,5.0,,Eastside,The Bricks,13.38,2.09,15.7,1,,Prefer not to say,Mixed
dYKjSQ9ITqPgzkyglOGrJQ,Guest_9492,04/05/2018,,1st time we've tried The Bricks. So yummy!!! I had the Blackened Shrimp Salad and my husband had Sammy Tuna. We both loved every bite. Looking forward to eating there again.,Eastside,The Bricks,13.49,1.71,12.7,6,,,
cyVCkTAFWVqZnTPJfS2IUw,Guest_6804,2013-05-08,3.0,"We came here on a bustling Saturday. Needless to say, Bricks of Ybor was vacant. A few people were at the bar and some people were sitting outside. The service was subpar and the bartender must have had the worst day of her life. She hated everyone who asked to close their tab. Oh well. 

I should put a disclaimer that I hate Ybor. It brings me nothing but sorrow.",Eastside,The Bricks,22.32,4.06,18.2,2,,Prefer not to say,African American
11LaR_wnmQpNf7fD6d6n1Q,Guest_3816,11/12/2014,4.0,I love this place. Everything I've had seems really fresh. The hummus is really tasty and the ambiance is nice and relaxed.,Eastside,The Bricks,,1.17,15.6,2,46-55,Male,Hispanic
IgVIc163TZ4xbJqfUKdnRw,Guest_7246,2015-10-21,5.0,,Eastside,The Bricks,17.68,2.18,12.4,2,46-55,,Caucasian
ss4LSp-dCCuhpxDrRH_GLQ,Guest_3010,10/28/2011,5.0,"I walk in, and they're playing the greatest hits of De La Soul throughout lunch. They could have been serving Big Macs and that gets you four stars alone. 

I order a grilled cheese sandwich, and it comes with apple, plums, and bacon on some delicious bread with tortilla chips. And it is sublime. The cheese is perfectly melted, and the goodies inside are covered in wonderful gooey dairy greatness. 

I order a cafe con leche while getting some work done on my laptop. It is flawlessly prepared by a lovely server, and I'm a coffee snob. And if I didn't get buried in work stuff, I was jonesing for one of those half-price martinis they serve on Thursdays.

Wonderful atmosphere (the skatepark staff makes it friendly and fun), great food, delicious coffee, a full bar, and lots of different options. This place is a total home run, and a can't miss for anyone in Ybor.",Eastside,The Bricks,,2.07,16.3,2,65+,Male,
ELbCs-aC8mAxrAEu36Hihw,Guest_4435,10/13/2014,4.0,,Eastside,The Bricks,13.08,1.5,11.5,1,18-25,Female,Mixed
Cbxf9vtQNVzMoch3s_AKTA,Guest_9504,05/30/2012,4.0,,Eastside,The Bricks,23.25,4.13,17.8,2,,Prefer not to say,Hispanic
ELbCs-aC8mAxrAEu36Hihw,Guest_9139,10/13/2014,4.0,"Cute place, got there too late to eat,the drinks were good though, they have fresh ingredients and crushed ice!only bar in ybor I've seen with fresh things and a wide selection of booze",Eastside,The Bricks,31.47,6.3,20.0,1,46-55,Female,African American
R_A16STMTt2oZGmpH0R0lA,Guest_6071,09/12/2012,3.0,"We went at a slow time on a weekday afternoon for a late lunch because we were all wanting sandwiches. So between us all we had: the Bird & Pig, BBQ quesadilla, ahi BLT, clubhouse and kids pbj. All the sandwiches were great! Service was a bit slow though. If I was in the area again I may try again but I would not go out of my way to eat here.",Eastside,The Bricks,22.93,4.1,17.9,4,18-25,,Native American
OgVW9QTtF4aAHFTTc0x2rA,Guest_2073,22.02.2013,3.0,"I had high expectations when I went to this place recently after some recommendations from friends.  We visited on a night when there weren't very crowded so it was nice to be able to have such an attentive waitress and service.  I was a bit disappointed when I didn't find as much on the menu as I would have liked to have seen that would appeal to me.  I guess I have become very picky with my Yelp addiction in terms of scrutinizing every establishment I go to pretty thoroughly.  

I ordered the hummus appetizer for the table and was very pleased at the quality of the dish.  For my entree I ordered their Bricks Salad which had plenty of fresh produce packed in.  I ordered a double portion of chicken for it, which still seemed pretty skimpy especially since I was charged for that request.  Overall, I'd say this is probably one of Ybor's lesser known spots as its more on the western edge of the main strip, yet it seems very lively and upbeat.  I did like that they had featured lots of artwork by various local artists that were on display and offerred for sale.  Not a bad place to hang out and have a drink if you're looking for a lower key outing in the Ybor area.",Eastside,The Bricks,24.19,5.19,21.5,4,56-65,Non-binary,African American
NYilSGDWsYrFnB2EpDRMFA,Guest_4706,04.02.2018,2.0,"My wife and I have visited twice, and another time with friends. While we like the food and beer choices, the service is inexcusably very slow. We visited on a Saturday afternoon around 5:00 and the place was only 1/3 full. Took a while for our server to greet us, arrived just when we were about to get up and leave. Ordered a beer for each of us and waited at least 10 minutes before I finally got up to ask the bartender about our drinks (after watching him not making any drinks for several minutes and serving a few others who just arrived at the bar). I could barely get the words out before he says they'll be right up. I sit back down, and he still doesn't pour them. We were about to leave again when another bartender made eye contact and she poured the drinks and brought them to us. While our waitress was friendly, she should have been checking on our drinks. Same slow experience with the other two visits, this time we are certain we will not be back.",Eastside,The Bricks,29.92,11.97,40.0,4,,Male,Mixed
rSkTYJMKMUg8QHpsfV6syw,Guest_4665,2017-07-20,3.0,"I walked into the restaurant and the general scene was promising: a friendly environment with interesting decor like a diner, despite being poorly lit.

I ordered the ""King Fu pork bowl"" and a macchiato, to which the waitress replied that their barista doesn't really make it the traditional way. I still ordered it.

The macchiato came first, and to my surprise it was in a mug filled to the brim. I let the barista know that I ordered a macchiato, not a latte or cappuccino, and she said that she knows that, she made a macchiato. After a brief discussion I discovered she doesn't know what a macchiato was. I went back to my table. 

The food came. The pork was room temperature and the rice was plain. The dish lacked flavor overall. 

Maybe they don't specialize in rice bowls as it was a smaller item on their menu, but that was my experience.",Eastside,The Bricks,20.45,4.15,20.3,2,65+,Female,
rSkTYJMKMUg8QHpsfV6syw,,07/20/2017,3.0,,Eastside,The Bricks,,0.0,0.0,1,26-35,,African American
GqJahjGcKfiFxfA7oCnvCg,Guest_2751,05/21/2016,4.0,A good watering hole. Beer and coffee are decent!  Try UNITA REady Set Gose and UNITA summer ale.,Eastside,The Bricks,,4.57,21.4,2,36-45,Female,Mixed
zs4OcjXPJOkdhKV_CtRgpQ,Guest_9606,11.06.2014,4.0,,Eastside,The Bricks,22.86,3.79,16.6,4,,Non-binary,Hispanic
Y95YeYL9jxYcdkQgsTNzNg,,09/11/2017,4.0,,Eastside,The Bricks,25.78,6.06,23.5,2,56-65,Non-binary,
77SVp08MVwzf7CP9vviZgw,Guest_5072,07/22/2012,3.0,"We've heard that we need to go to places in Ybor and try them out, so we set out to find a place for dinner.  One thing is for sure...the menu has traditional food, but in a unique way.  

I ordered the deluxe grilled cheese (has tomatoes, pesto, whole wheat) and my husband had the BBQ pig quesadilla.  Both dishes were good, but I don't feel like they were 'awesome'.  

We went out on a limb and tried the hibiscus sangria and the chocolate espresso cake for dessert.  The cake was VERY espresso!  Too rich for me!  The sangria definitely tasted like flowers, but in a good way. It was pretty refreshing too!

 It was fun to try a new place, but I don't think we'll go back.",Eastside,The Bricks,20.73,6.13,29.6,2,,Non-binary,
2a8_Q5XhjoQHaZ_KtISZuQ,,12/09/2012,4.0,,Eastside,The Bricks,19.23,2.97,15.4,1,65+,,African American
dxp5wFqMeO2x3Rz-8km5Cw,,05/27/2017,5.0,,Eastside,The Bricks,21.56,5.46,25.3,1,18-25,,Asian
PJv1iTOgQTS0Aan6_UAZnw,Guest_9852,10/31/2013,4.0,"Food was delish. 

Stopped before a concert at The Ritz, it is just a block away and the perfect stop for reasonably priced fresh, healthy-ish meal before you wreck your liver.

BFF had the Bird and Pig, she loved it.  I had the Blackstar Bean Burger.  It was spicy which in my opinion was perfect.

The drinks are pricy, but well crafted.

Our service was meh.  A little slow, but we received the correct order and were informed of specials and what they were out of before we decided.

I will totally be back next time I am in town.",Eastside,The Bricks,21.15,3.32,15.7,4,,Non-binary,
nAdvLArVs5EaKwrOvFXTuQ,Guest_2002,13.11.2014,5.0,,Eastside,The Bricks,48.44,3.84,7.9,4,,Non-binary,Other
OkD1Hn96bO8NYIClN6bvyA,Guest_1254,01/24/2018,4.0,,Eastside,The Bricks,,2.12,20.7,3,26-35,Non-binary,Mixed
oX3VSZ2WBLd-mKidL87Q5g,Guest_3036,2018-05-19,4.0,"Full disclosure: My experience might just have been an isolated, rare occurrence. I arrived to The Brick and sat myself at the bar. After 15 minutes of zero service I was getting ready to leave but I noticed the waiting staff on the main floor looked active and on top of things. I decided to transition from the lack of service bar to the main floor and, literally, as soon as I sat down I had a waiter hand me a menu, take my drink order and before even a blink I had a Bloody Mary in front on me. Moral of this story, careful sitting at the bar since the service there seemed to be lacking. I'm sure it was the timing since my overall experience was a thumbs up. 

I ordered the loaded Bloody Mary. The drink was simple but very delightful, clearly proving that less is more. The drink had a little satisfying kick that's normal to any Bloody Mary. Overall- very satisfied with their Bloody Mary, so much in fact I ordered two. Maybe a little more body to it but not a must. 

Food: I ordered the Tuna BLT with the side of Asian slaw. Overall: GREAT. The theme here is clearly simple. They exploit every taste which is gratifying since that's the most important thing. The slaw was crisp and surprisingly very refreshing. Now, the tuna can only be described as crafted by a masterful craftsman! Yes, I said it. It tasted better than it looked and that's hard todo since it looked as if out of a magazine. Nothing but quality dining. 

I place four starts because of the first part of my experience but other than that it was a good experience and I I'll come to The Brick again.",Eastside,The Bricks,40.06,8.74,21.8,3,18-25,,African American
xFxilqzpu6Xac1admnl7MA,Guest_9764,09/28/2015,4.0,,Eastside,The Bricks,20.54,4.34,21.1,3,46-55,,African American
ADodUkepU3OyY-G5zZk7yA,Guest_2643,15.10.2012,3.0,This place is fun! I like the staff and the vibe. Food is okay. Beer selection is okay. Great happy hour on wine once a week. 3.5 stars is more appropriate for this place.,Eastside,The Bricks,,2.47,13.9,4,,Female,Asian
C5VBfvKrFBGl7uhEONk8OA,Guest_7579,2017-02-09,5.0,"Great bar/café! Such a great place to hang, inside is beautiful and outside you can hear nice music while having a coffee and a cig! Definitely coming back! Loved it",Eastside,The Bricks,13.0,2.4,18.5,8,26-35,Male,Hispanic
L35Awd7K5slzNlEAI6H8xQ,Guest_6445,2016-04-01,4.0,,Eastside,The Bricks,38.89,5.27,13.6,2,26-35,Male,Asian
I3nDwvABhYqKdcxpN6_eaA,Guest_2264,2014-04-23,5.0,"Easily my favorite overall spot in Ybor. The food is freaking amazing, the staff is awesome and know their booze/beer, and it just has a great feel.",Eastside,The Bricks,,0.0,0.0,2,,Female,
L35Awd7K5slzNlEAI6H8xQ,,04/01/2016,4.0,It's a beer pub so don't go to eat a meal. Beer was great but not all of them were available at the time I visited [April] so....??,Eastside,The Bricks,,4.66,12.5,4,,,African American
mu7DWrjoa6b2yqcfH75QYw,Guest_3080,24.12.2016,1.0,"For days I have tried to put a side the terrible experience I had, I really don't like to put a bad review, but most of all I deeply appreciate when businesses treat everyone with respect and priority, and for some reason and actually for no reason.
I walked in and noticed I have to go to the bar for service, there were no available seats, so I stood at the beginning of the bar from the entrance, made an eye contact with the bar tender, 5 min passed he still didn't come to me so I looked over for a menu and grabbed it myself, shortly after he reached to me and took my order of drinks and food... 10 min passed and he didn't prepare my drinks, he left the bar area, and another guy came to replace him, he asked us if we needed help, I told him we already ordered, mean while I'm waiting and waiting and I see our server went to take out food for people, totally forgot about us, he could have at least tell the other two guys who were at the bar ( one of them was the owner) to make us the drink...
Then the owner came to me and he told me I should have told the guy that replaced him to make me the drinks, i told him how could I know it works that way?
And instead of trying to make excuses for why I don't have my drinks and blaming me for it, he obviously didn't care for what u had to say but I tried explain him how long I've been waiting and that I should have been taken care off and that he's been very rude for trying to excuse the situation instead of handling It property...
End of story, He got mad he said I'm the owner and that I'm not going to talk to him that way and he walked away from me!


So to sum it all up, I waited a while until I was served, the tender argued with me that chocolate always has milk inside ( just a lack of knowledge) the owner saw us waiting and waiting , looked at us while serving others, and than he got the nerve to be mad at me for being upset....!!!!",Eastside,The Bricks,17.77,2.21,12.5,4,56-65,Non-binary,
4lpkYTTdzqMuaZ4qoLlUgA,Guest_3202,01.07.2011,5.0,,Eastside,The Bricks,8.63,2.59,30.0,6,56-65,Male,Mixed
4ywDqRoYjy16Z_UFox0qTg,Guest_8377,07/22/2012,1.0,"Food is terrible. Nacho dip was covered in there advacado cream dressing which was bad. Very sloppy. The pesto grilled cheese, was covered in way too much pesto. Again very sloppy. Overall bad food, chef must be high or something. Oh and found a few ants crawling up my leg. Will never come back.",Eastside,The Bricks,17.77,7.11,40.0,4,,Male,Mixed
9g-mtjmWHY0miughafkXMQ,Guest_6256,2010-07-12,5.0,"I'd been following the progress of The Bricks via their FB page for some time - I'm happy to report that the end product lives up to the expectations (exceeds them, even!). 

The first thing you notice is the atmosphere: laid-back & friendly, fostering a close-knit/ community feel that encourages you to slow down and linger for a bit longer, enjoying the company. 

When it comes to the menu, it's full of simple foods that have been completely mastered. I suggest the Peanut Butter Bar (choose your bread, peanut butter, and toppers). The Roasted Garlic Hummus is amazing, as is the Italian Brick sandwich. As far as coffee goes - they won't disappoint, I'm partial to the Brickaccino (frozen coffee). Another standout factor is their beer selection - which alone is worth strolling by for.

All in all, The Bricks as a 5-Star stop, you won't soon forget.",Eastside,The Bricks,18.99,2.21,11.6,6,56-65,Male,Other
s9dqqPMdKO3QdJ5s7lrt3g,Guest_8318,2016-11-28,1.0,"This place is listed as vegetarian-friendly and it is, provided that you eat eggs, cheese, and whatever else they put on the food without listing it in the menu description. Unfortunately this place was a nightmare for me as a vegan. I ordered the veggie cuban with no swiss or honey mustard since those were the only non-vegan ingredients listed in the description, and if it wasn't for the server mentioning ""oh that's a great choice; the chef puts an egg on it too,"" then I would have gotten a sandwich with egg. After I stressed ""no animal products, no egg, no dairy, no butter,"" the server responded with ""oh well you know the egg isn't actually meat"" as opposed to, you know, respecting my dietary restrictions.

I have no intention of returning, due to the lack of clarity on the menu and the server's rudeness when I was expressing my allergies/restrictions. Maybe if the restaurant lists all of the ingredients and trains their staff on how to not be rude to someone who was rightfully annoyed at almost getting an item I couldn't eat, then it might be worth a recommendation. But then again, it's not a vegan-friendly establishment despite it being vegetarian-friendly.",Eastside,The Bricks,9.79,3.91,40.0,2,,,Hispanic
s7X6kSDGGlowmEqCDEh2SQ,Guest_1909,29.06.2014,3.0,,Eastside,The Bricks,9.83,3.93,40.0,1,36-45,Male,Mixed
TCzaF5Lj0NLoCQuIujEzJg,Guest_1794,11/30/2014,4.0,"We were greeted by a very pretty waitress that made us feel like we had chosen the right place. We were then turned over to a nice gentleman that took our orders with a polite smile. We are vegetarians and there were lots of options. We settled for the salsa and house made avocado sauce with corn chips  and we split their famous black star black bean burger... Yesss!! The food presentation was that of fine dining and the food was very pleasing to our pallets. 
We give The Bricks 4 stars and would recommend to anyone who plans to visit Tampa",Eastside,The Bricks,30.61,6.67,21.8,6,46-55,Prefer not to say,Mixed
R_A16STMTt2oZGmpH0R0lA,Guest_5967,09/12/2012,3.0,"We went at a slow time on a weekday afternoon for a late lunch because we were all wanting sandwiches. So between us all we had: the Bird & Pig, BBQ quesadilla, ahi BLT, clubhouse and kids pbj. All the sandwiches were great! Service was a bit slow though. If I was in the area again I may try again but I would not go out of my way to eat here.",Eastside,The Bricks,13.86,3.04,21.9,1,36-45,,Caucasian
qzgc5-lizZMqupW7ZR8qmQ,Guest_8100,28.07.2014,,,Eastside,The Bricks,27.07,4.49,16.6,3,,Non-binary,Caucasian
C5VBfvKrFBGl7uhEONk8OA,Guest_5127,09.02.2017,5.0,"Great bar/café! Such a great place to hang, inside is beautiful and outside you can hear nice music while having a coffee and a cig! Definitely coming back! Loved it",Eastside,The Bricks,23.3,3.93,16.9,8,46-55,,Asian
4Wxmz2w4cbaOepnIwcI1ig,Guest_3326,2014-12-23,5.0,"While I was in Tampa for the last 2 years, The Bricks was a second home. Great food and even greater people. I moved back to Seattle and left making friends. Wish I could've brought The Bricks and my new friends back with me. Definitely a place for locals and visitors to check out!",Eastside,The Bricks,,1.58,6.1,5,,Prefer not to say,African American
Cf3QB0VEbdWFq94tZcWgTQ,Guest_2296,10.11.2017,,"They seem to have expanded their menu or, I'm just imaging that and actually gave them another chance. Good beer selection. Great ambiance. More hip than some of the other bars. Accommodated my large party.",Eastside,The Bricks,17.41,3.16,18.2,2,56-65,Male,African American
4ywDqRoYjy16Z_UFox0qTg,Guest_2925,2012-07-22,,"Food is terrible. Nacho dip was covered in there advacado cream dressing which was bad. Very sloppy. The pesto grilled cheese, was covered in way too much pesto. Again very sloppy. Overall bad food, chef must be high or something. Oh and found a few ants crawling up my leg. 
Will never come back.",Eastside,The Bricks,18.47,2.66,14.4,1,36-45,,Caucasian
s7X6kSDGGlowmEqCDEh2SQ,Guest_9147,06/29/2014,3.0,,Eastside,The Bricks,15.94,3.29,20.6,2,65+,Prefer not to say,Native American
rzkOryEsl-T1AvF6e3DcIw,,12/05/2012,4.0,"Either ate or had drinks here a few times over the summer as my office was just upstairs.  I'm not a vegetarian, but the Goodness wrap is a knockout.  I also greatly enjoyed the chili I had here, though it was a special so I'm not sure how often it comes around.  I'm not really into the hipster vibe of the staff, but I never had any service problems and that's what is most important.  

I definitely don't live or die by The Bricks but it's a place I would suggest if you're ever in Ybor City.",Eastside,The Bricks,24.19,5.04,20.9,2,,Female,Asian
EWgE8zamjHBz8CMRdLIHVw,Guest_9354,03.12.2011,4.0,"Lots of vegetarian options. The service was pretty fast. The skateboard wall was nice (Calvin & Hobbes represent!). The sandwich I got was a bit lacking in the flavor department. Really didn't know what to eat since I went here at night just before a binge of dancing and drinking. Didn't really feel into the peanut butter at that point in time. Next time I'll try their peanut butter creations, but I'll probably go for brunch or a late lunch since it seems the menu is more designed for that and not any pre-gaming.",Eastside,The Bricks,21.94,3.55,16.2,2,36-45,Non-binary,Other
OkD1Hn96bO8NYIClN6bvyA,Guest_6051,24.01.2018,4.0,"2 words THE CURE! I ended up here after a night of one too many drinks (it happens). A friend recommended this place for a hang over cure! She was not mistaken! After reviewing their menu, which seemed a bit obnoxious, (I'm talking quirky names that require you read the description to be able to decipher what you're eating) I settled on the sandwich with an egg on it! Im a sucker for a runny egg on just about anything! Messy eggs, bacon, mozzarella, jalapeño aioli, on toasted cuban bread; this holy grail of a sandwich is called THE CURE! I have been back a few times to this establishment just for this sandwich, the mimosas too. Oh yea they have liquor so you can totally have drinks here. 

The ambience is very chill. There are a good amount of tables inside and bar seating; no outside seating. I have been here on a Sunday for brunch and found it to be pretty family/kid friendly. The whole place and most of the staff is painfully hipster but it works. The bathrooms are clean and there is a small back patio with mural art.",Eastside,The Bricks,,4.38,25.7,2,,,Asian
6W_KEeCPnxjcuD6u4UXi0Q,Guest_8273,06/18/2017,5.0,,Eastside,The Bricks,44.92,7.37,16.4,5,36-45,Non-binary,
2a8_Q5XhjoQHaZ_KtISZuQ,,2012-12-09,,"Since moving to Tampa about three weeks ago, I have found some ridiculously good restaurants thanks to Yelp and friends' recommendations. 

The Bricks has been on my list of places to try for a while now, and I finally made it last night. 

My friend & I walked in and were greeted immediately by the staff who told us to sit where we wanted. The place was fairly empty on a Tuesday at 7pm. I've heard it's packed on weekends, so perhaps going on off-nights is key. 

We started off with the Bricklayer, a fancy name for extra delicious nachos that are topped with queso, avocado cream, olives, and jalapeños. The salsa that comes on the side is awesome - super fresh, flavorful, and not too watery. This is a big appetizer and probably a bit too much for two girls before dinner. If I ordered it again, it would be as a bar snack rather than an app. 

For dinner, I had to try the Bird & the Pig. Wow - that pressed sweet bread combined with the salty bacon and chicken, paired with crisp apples and agave nectar? Yeah, the distinct flavors come together nicely to create one hell of a sandwich. 

I tasted my friend's black bean burger and liked that, too. 

The only thing I tasted that didn't blow me away was the roasted potato salad I got on the side. I'll probably just go with the mixed greens salad next time. 

Aside from the food, the environment is cool, too. I really liked all the local artists' work adorning the walls. 

There is ample parking nearby, including a garage on 15th that only charges $1 for the first 3 hours.",Eastside,The Bricks,20.35,3.01,14.8,1,36-45,Non-binary,Native American
79szQCU8GqpMZYtRX2rKvw,Guest_5179,2017-11-07,3.0,,Eastside,The Bricks,33.16,5.83,17.6,2,26-35,,African American
umKey8gxNoyUcwZY2azciw,Guest_4996,02.06.2011,3.0,"nice place for gatherings and hanging out. Friendly staff. Food was OK. Not bad, not good, it just sat somewhere in the middle.",Eastside,The Bricks,21.93,4.62,21.0,5,65+,Prefer not to say,Other
rPf97Sb-wcMOJ1XBO8M9EA,,27.06.2018,5.0,"Have come to The Bricks a few times as I wait for classes, there is wifi and it's a nice environment to sit, eat, grab a beer and do some homework.  If I'm in Ybor for an extended period of time and have to wait, I usually try to make it here as much as I can.",Eastside,The Bricks,16.39,3.16,19.3,2,56-65,Male,
_aJ77lzyw1BhFqRU-wPwhA,Guest_7964,02.03.2012,4.0,fun place with a nice atmosphere. Ordered the Elvis which is a good sandwich with peanut butter honey bananana and bacon! it sounds weird but it was delicious.,Eastside,The Bricks,11.23,1.81,16.1,2,,Male,Hispanic
Y95YeYL9jxYcdkQgsTNzNg,,09/11/2017,4.0,,Eastside,The Bricks,26.96,4.8,17.8,2,65+,,Asian
xFxilqzpu6Xac1admnl7MA,Guest_6816,2015-09-28,,,Eastside,The Bricks,17.49,3.45,19.7,2,,Prefer not to say,Mixed
OhxIJjuDwcA0tRwXImwpeA,Guest_7810,08/24/2014,3.0,,Eastside,The Bricks,11.52,1.11,9.6,2,65+,Non-binary,Native American
8zXgEkLjDwArMWCiDa4tLQ,Guest_8668,11.10.2012,2.0,"I like some of the cocktails here but the food is mediocre. Ive never understood why it gets the ratings on food that it does, but then again we are in Tampa. Its basically like food you could whip up in a few minutes at home using your microwave for a 3rd of the cost. Except not as tasty. Anyone who loves eating here has the palate of a 14-year-old boy. Maybe its time they get an actual kitchen.",Eastside,The Bricks,18.21,0.0,0.0,2,26-35,Non-binary,Caucasian
P3PXmTyL5hzvqaCdJGk90w,Guest_9818,2015-11-18,5.0,"The Bricks of Ybor is a restaurant, bar, and coffee bar in Ybor City and also has live music and special events at times. It is affiliated with the SkatePark of Tampa (SpoT) which has a shop next door and there are skateboard decks mounted on the walls of The Bricks as artwork and they play skate videos on the TVs above the bar; as I'm a skater myself, this is if anything just the icing on the cake for me. 

However, The Bricks' ardent support of skateboarding would not be enough to garner a five-star review alone, but thankfully it measures up in all other regards. The interior atmosphere is lively, inviting, and unique. The waitstaff and bartenders are on point, outgoing, friendly, and most importantly, quite prompt. As to the food, it's fairly simply fare but very tasty and very well-prepared. Tacos, a variety of Cuban sandwich variants, and some salads compose the lion's share of the menu. I had the Bird & Pig Cuban sandwich and also an order of chips and queso dip. The queso was especially good, which impressed me because too often things like queso are simply after-thoughts at bar-type restaurants. The sandwich itself was also very good. They have a full bar with a good selection of bourbons and ryes and also an expectedly good selection of beer, with an emphasis on Tampa's local brews. The wine list also looked better than you'd think for a casual bar atmosphere. Overall, it's clear they're investing in quality here. 

While their skateboarding association was enough to grab my attention to The Bricks, their stellar food and service are what really sets them apart. Ybor has a reputation for food being hit or miss, as is the case with many touristy areas, but The Bricks I found to be simply and casual yet truly impressive.",Eastside,The Bricks,37.86,9.75,25.7,2,,Non-binary,African American
dxp5wFqMeO2x3Rz-8km5Cw,Guest_5408,2017-05-27,5.0,,Eastside,The Bricks,19.33,2.14,11.1,4,65+,Non-binary,
DadAufR2brJtQCCq_NsPcQ,Guest_4010,04.03.2012,4.0,"It was so difficult deciding what to order here. I was in the mood for a skanky chai latte, but the skinny bitch latte just had that calorie conscious ring to it.

After a bit of thought I decided, skanky it shall be!

This has got to be one of my favorite places in Tampa. I had never really put a pulse on ""hipster"" in Tampa, but I found the closest thing to it at Bricks. Plenty of space to lounge here with a nice offering that ranged from caffeinated beverages to brews and snacks.

I would have never typically thought to throw bacon on a peanut butter and banana sandwich and then drizzle with honey, but I'm glad someone did.
The Elvis sandwich is a hunka, hunka, burning yum!

I would give this place five stars all day, except for the fact that service is slow. Like, dial-up slow. Like larvae to butterfly metamorphosis slow. So slow in fact that on a pretty *slow* afternoon, it would take 20 minutes just to get an iced chai even though you have a clear view of queue and activity of the servers. So slow that from time of check request to actually receiving it, was about another 20 minutes.

While the laid back atmosphere is one of the things that makes this place so cool, it's also the incredibly laid back service that could put a damper on things if you're in a rush.",Eastside,The Bricks,26.9,3.24,12.0,3,,Male,Mixed
OWqNO-H7eAWJH7hsQfO0_A,Guest_3142,17.10.2016,5.0,,Eastside,The Bricks,10.93,1.65,15.1,2,65+,Female,
ceZuAvgL5kULPFX4PFjIUg,Guest_5467,2017-08-18,,Busy and noisy at 12:30 lunch on a Tuesday.   Quieter by one.  Nice interior gastropub.  My pork and arugala slaw sandwich was good.  It came on a bun that was soft enough to pull apart easily.  When I did so the levels stayed together.  The texture and taste of both the sandwich and the slighly curried potato salad side were good.  I found myself enjoying the overall experience and reluctant to leave.  A good value at less than $10.,Eastside,The Bricks,13.04,2.59,19.8,3,,Female,Other
svHZLGNpGq3BvqCkeKI56g,Guest_8129,29.01.2017,1.0,"We waited an hour for our food. No coffee refills the entire time. We saw our food souring in the window for 20 minutes. When we finally left the server said it couldn't be helped. No apologies, no service, no food, no tip.",Eastside,The Bricks,6.75,1.86,27.6,2,36-45,Non-binary,African American
UDE36dmZLk5NQvHWFs7ouQ,Guest_1927,05/02/2012,4.0,"I thoroughly enjoy going to the Bricks.  It's unique atmosphere with cheap, but tasty, food options combine for a great experience.  

The term hipster is thrown around a lot these days and while you may be greeted and surrounded by people in skinny jeans, wearing Toms shoes, IMAX glasses, and an extra piercing, you are treated no differently.  I always feel warmly welcomed and entertained.  

As it does have a large bar, it may get rowdy in the evenings, but the Bricks maintains a family-friendly atmosphere.  

I ate the Bird and Pig meal once, very very good, and the breakfast bagel the next time.  The fiancee had black bean soup and a grilled cheese sandwich.  Very tasty combination. 

Highly recommend!",Eastside,The Bricks,30.27,12.11,40.0,1,,Prefer not to say,Hispanic
t6OmnU6qlaPS2BzDnMS28w,Guest_9044,20.05.2018,5.0,"My favorite drinks place to imbibe before a show in Ybor. Kyle is spot on every time with what is seemingly the exact thing I want before I even know it. Also, the nachos. Trust me!",Eastside,The Bricks,26.84,5.42,20.2,2,36-45,,Hispanic
11LaR_wnmQpNf7fD6d6n1Q,Guest_8712,2014-11-12,,I love this place.  Everything I've had seems really fresh.  The hummus is really tasty and the ambiance is nice and relaxed.,Eastside,The Bricks,19.6,0.99,5.0,2,36-45,,African American
4lpkYTTdzqMuaZ4qoLlUgA,,01.07.2011,,"Great, laid-back atmosphere, terrific food. The ahi was good quality, as were the hummus and curry dip. We're going back for the peanut butter sandwiches.",Eastside,The Bricks,16.99,3.16,18.6,3,18-25,Prefer not to say,Caucasian
BCLvpd08Ci4Tcq-fIRhZdA,Guest_3317,08/08/2017,2.0,"Leaving this 2-star review in response to the food, not the place as a drinking/hangout spot...although the wine was crap, too. 2-Stars awarded for the Nintendo 64 and all of the nostalgia-worthy games, the decent choice of drafts (even if they were out of the draft I ordered), and the great service from the staff. The food, on the other hand, will make you wish you had eaten at home. My wife and I went out as a treat because we didn't feel like cooking, but the majority of our food was sub-par. I got the shrimp po-boy which was not a po-boy by definition (it was just shrimp on a crappy sandwich...no French bread, no Cajun sauce or even enough Cajun seasoning, and the shrimp was obviously frozen-thawed not fresh). One of the shrimps was even gray when I bit into it, and the sandwich itself smelled more like old fish than fresh shrimp. My wife got the Athena chicken sandwich and that was just so-so, with the overwhelming taste of feta disguising the low-quality factory chicken they use for the sandwich. The best part of our collective meals was the mixed greens we ordered as a side, so I wouldn't exactly recommend ordering food here unless you're completely hammered and taste is not a priority.",Eastside,The Bricks,19.49,2.81,14.4,4,,Prefer not to say,Native American
GsLZMdhl4PB0hqtQY9nK0Q,Guest_5610,2015-04-15,5.0,"How can you not like this place? Fresh water upon arrival followed by healthy food with a twist. The service has always been exemplary so no complaints there. This is one of the few joints in Tampa that can appease an array of crowds - hipsters love the decor, drink selections, etc.; geriatrics enjoy the healthy food portions, friendliness, etc.; and out-of-towners relish the overall uniqueness of the place. This is beyond highly recommended.",Eastside,The Bricks,11.18,1.92,17.2,8,18-25,Male,Other
zbJJjS4qCofo0l5Cr39R8A,,2015-05-02,,"If you have ever dreamed of owning a bad ass bar and restaurant, with phenomenal and creative food, solid service, and atmosphere as cool as - well as cool as the bricks in the streets of Ybor City - don't go here. It will be likely to depress you to see that your dream has already been done so well that there just isnt much improvement. 
Well, if there was parking, that would be an improvement - but that's about it. I work nearby and rock their little patio in the back about once a week, it just never disappoints. The CURE is my favorite sandwich but i dont think there are any bad items on the menu - not even the vegetarian ones, and you know how bad those CAN be!

If you are on the west end of Ybor, or staying at the hotels nearby, or just stepped off the streetcar and want to figure out what Ybor City has come to mean these days - the Bricks of Ybor should be your first stop!",Eastside,The Bricks,,4.53,19.9,2,36-45,Male,Asian
DadAufR2brJtQCCq_NsPcQ,Guest_2345,03/04/2012,4.0,"It was so difficult deciding what to order here. I was in the mood for a skanky chai latte, but the skinny bitch latte just had that calorie conscious ring to it. After a bit of thought I decided, skanky it shall be! This has got to be one of my favorite places in Tampa. I had never really put a pulse on ""hipster"" in Tampa, but I found the closest thing to it at Bricks. Plenty of space to lounge here with a nice offering that ranged from caffeinated beverages to brews and snacks. I would have never typically thought to throw bacon on a peanut butter and banana sandwich and then drizzle with honey, but I'm glad someone did. The Elvis sandwich is a hunka, hunka, burning yum! I would give this place five stars all day, except for the fact that servic is slow. Like, dial-up slow. Like larvae to butterfly metamorphosis slow. So slow in fact that on a pretty *slow* afternoon, it would take 20 minutes just to get an iced chai even though you have a clear view of queue and activity of the servers. So slow that from time of check request to actually receiving it, was about another 20 minutes. While the laid back atmosphere is one of the things that makes this place so cool, it's also the incredibly laid back service that could put a damper on things if you're in a rush.",Eastside,The Bricks,35.92,6.66,18.5,2,18-25,Female,Asian
hQz9UnbHvv3ctllRquULuQ,Guest_8089,18.04.2015,5.0,"This is where the cool kids hang and there's reasons for it. The beer and the food! Tons of vegetarian and even vegan options.
I'm not either but I do love that black bean burger and the salads are to die for.
The staff is great and always sweet and accommodating. 
The place is usually filled with great art and an eccentric lot of people. I gave this place five stars because I would be lying if I said I didn't love this place. It's my vibe.
It can be yours also.
Yup! Just referred to myself as a cool kid.:D",Eastside,The Bricks,11.29,2.07,18.3,2,36-45,Female,Asian
P-lZE6cZgfWkojreLiu7Vg,Guest_5702,2017-03-15,4.0,The Bricks is a tasty restaurant for lunch with a cool and unique Ybor City atmosphere along with friendly service! The only reason it didn't get 5 stars is because it is a little pricey for the quantities.,Eastside,The Bricks,14.87,2.66,17.9,2,56-65,,Native American
8_4B-G7i1ETKqsNLEiaXfw,Guest_4991,10/27/2011,4.0,Loved the Mediterranean Grilled Cheese sandwich! Nice casual atmosphere. On the end of the strip so it is very convenient to get to during lunch hour. Looking forward to trying something else on the menu.,Eastside,The Bricks,40.55,6.47,15.9,2,65+,Female,
I3nDwvABhYqKdcxpN6_eaA,Guest_3594,23.04.2014,5.0,"Easily my favorite overall spot in Ybor. The food is freaking amazing, the staff is awesome and know their booze/beer, and it just has a great feel.",Eastside,The Bricks,13.31,2.52,18.9,3,,Non-binary,Mixed
0F7dbDBRCGYd3wFBuVpFMA,Guest_6000,2014-07-28,4.0,,Eastside,The Bricks,13.57,4.07,30.0,4,65+,,Asian
DadAufR2brJtQCCq_NsPcQ,Guest_4941,04.03.2012,,,Eastside,The Bricks,,2.31,14.7,1,65+,,Native American
TU-0T2GWAAW4GBI68LNt-A,Guest_9820,07.05.2016,3.0,"Wanted to try the pig and bird sammich but when I got there I decided on the Pacific Rim. The Asian slaw and bbq theme was too much to pass up. I thought the sandwich was really good and had a nice balance to it. I got chips and queso as my side but with this sandwich fries would have been the go to. They don't have fries so you'll have to choose something else. Service at the bar was really good, there were multiple people that helped me during my meal. One thing is they were out of three of the beers I wanted right off the bat. Pretty cool vibe in the place and people just hanging with friends having drinks and food.",Eastside,The Bricks,31.4,4.45,14.2,4,56-65,Male,Caucasian
6W_KEeCPnxjcuD6u4UXi0Q,Guest_7240,2017-06-18,5.0,"Came for Father's day brunch, and will definitely come back. great selection of vegetarian food.  Veggie Cuban and cheese grits were awesome. .and service was so good!",Eastside,The Bricks,,6.53,24.3,2,,Non-binary,Hispanic
ntNxLQQTBZhYVGZpvUQYzw,Guest_8539,09/08/2016,5.0,My favorite lunch spot in Ybor. Best greek salad of all time. Great srvice.,Eastside,The Bricks,13.38,3.44,25.7,4,56-65,Male,African American
exVAtPSIFht6QUVDftWSzw,Guest_7919,07/14/2013,1.0,"The Bricks gets a ""1"" in my book because they have terrible service.  Great food, but terrible service. 

I went there about 3pm on a Tuesday...which happened to be my birthday to have lunch with my mother.  Not only were we not greeted by the 3 staff standing around with NO other customers, but we were also not brought any menus or given direction about seating.  

We sat down and waited for a server to come by and ask for our drink order and bring menus.  No one ever did.  We got up and grabbed our own menus close to where the staff were standing.  They paid no attention.  After 3 or 4 more minutes we stood up to leave and they didn't care. So we walked out and I had my birthday lunch elsewhere. 

I  wrote to them on Facebook about our service and they promptly deleted my comment and ignored my message.  

I used to go to the Bricks all the time, but we've never been back since and I warn any new friends to not go there as well.",Eastside,The Bricks,36.17,8.43,23.3,2,,Male,Native American
zbJJjS4qCofo0l5Cr39R8A,Guest_2301,05/02/2015,5.0,"If you have ever dreamed of owning a bad ass bar and restaurant, with phenomenal and creative food, solid service, and atmosphere as cool as - well as cool as the bricks in the streets of Ybor City - don't go here. It will be likely to depress you to see that your dream has already been done so well that there just isnt much improvement. 
Well, if there was parking, that would be an improvement - but that's about it. I work nearby and rock their little patio in the back about once a week, it just never disappoints. The CURE is my favorite sandwich but i dont think there are any bad items on the menu - not even the vegetarian ones, and you know how bad those CAN be!

If you are on the west end of Ybor, or staying at the hotels nearby, or just stepped off the streetcar and want to figure out what Ybor City has come to mean these days - the Bricks of Ybor should be your first stop!",Eastside,The Bricks,17.04,3.49,20.5,2,18-25,Non-binary,Native American
F4_DYi_7czpyLMrErrKaQg,Guest_1942,01.08.2011,5.0,,Eastside,The Bricks,19.6,5.03,25.7,4,65+,Male,
rSkTYJMKMUg8QHpsfV6syw,Guest_8295,2017-07-20,3.0,"I walked into the restaraunt and the general scene was promising: a friendly environment with interesting decor like a diner, despite being poorly lit. I ordered the ""King Fu pork bowl"" and a macchiato, to which the waitress replied that their barista doesn't really make it the traditional way. I still ordered it. The macchiato came first, and to my surprise it was in a mug filled to the brim. I let the barista know that I ordered a macchiato, not a latte or cappuccino, and she said that she knows that, she made a macchiato. After a brief discussion I discovered she doesn't know what a macchiato was. I went back to my table. The food came. The pork was room temperature and the rice was plain. The dish lacked flavor overall. Maybe they don't specialize in rice bowls as it was a smaller item on their menu, but that was my experiance.",Eastside,The Bricks,,1.16,10.7,4,26-35,Female,
hBzLjPySOBHDz0NiGf6SfQ,Guest_3814,09.06.2018,4.0,"Friendly service & neat building. Depending on the atmosphere you are looking for, the music is a bit loud.",Eastside,The Bricks,38.63,1.34,3.5,2,18-25,,African American
dFgGps6gQQbWoKOR60X72w,Guest_1868,02.03.2012,5.0,"My friend and I visited Tampa for a concert, and about ten minutes away from the Atlanta airport he realized that he had purchased tickets for the wrong day. We had already made hotel reservations and bought the concert tickets, so he just had to pay same-day price for airfare: all in all about $800 more. ""It was totally worth it,"" he later told me, ""Because I got to have the best sandwich of my entire life."" All because we randomly picked the Bricks of Ybor from Yelp. I can't vouch for the peanut butter or meatless menu, but the meat sandwiches that we bought were absolutely phenomenal. I had the pulled pork, which was flavored with ponzu and served on Hawaiian sweet bread. It was one of the best meals I've had in a long time. We spent a few hours hanging out and drinking, during which time Brian, the owner, came out and talked to us, comped us a drink, let us try new appetizers he was developing (all for free) and generally made us feel really welcome. I kept my eyes open to the kind of crowd that came in and out of the restraunt. It seemed to draw everything from hipsters to geriatrics and strait-laced families with young kids. I think it speaks to both the diversity of the menu and the pleasant environment. We went back for drinks before and after the concert. It got very crowded but we still received excellant food, drinks and service. I give this restaurant my strongest recommendation, and it's the first place I'm going when I next visit Tampa.",Eastside,The Bricks,31.25,3.63,11.6,1,65+,Non-binary,Hispanic
QuLLvrwzNEizCRDiRPsVGQ,Guest_2367,12.02.2012,5.0,,Eastside,The Bricks,,4.62,20.0,2,56-65,Male,Caucasian
2umV3kR4UxjuYV4wU7Qw1w,Guest_7659,2014-02-07,4.0,"I've always thought the idea of apple on a sandwich (that didn't involve peanut butter) as completely preposterous, because sweet things do not belong on sandwiches! So what did I order at The Bricks? Naturally, the Bird and Pig - which features chicken, bacon, apple, brie and agave nectar. It was definetly sweet. And savory. And absolutely, positively to die for. I loved every scrumptious bite of it.... except for the dry chicken breast. I'm not sure if it was just old, but either way it was dry and disappointing. Next on the menu was the deluxe grilled cheese sandwich, which was all sorts of yummy cheese, smothering delicious garden fresh basil (wow!), spinach and tomato. The first bite of this sandwich was knock-your-socks-off. The basil really stands out and it definitely warranted an audible moan. The next few bites weren't as spectacular, but I still loved the sandwich. I'd go with the Bird and Pig again if I had to choose. While we waited, we treated our faces to black bean dip (suggested by the waiter) and we enjoyed it. If you like black bean dip, then you'll like this one. We washed all of that down with a glass of liquid heroin, and all was right with the world. The end. Oh, and the service - spot on. The place is cute, the staff is attentive, and it's clear this place easily doubles as a comfy daytime spot and a lovely night spot - if that's your kinda thing.",Eastside,The Bricks,30.57,7.95,26.0,2,26-35,Prefer not to say,Other
zbJJjS4qCofo0l5Cr39R8A,Guest_8941,02.05.2015,5.0,,Eastside,The Bricks,14.59,1.48,10.1,3,46-55,Male,Mixed
ELbCs-aC8mAxrAEu36Hihw,Guest_3771,13.10.2014,4.0,"Cute place, got there too late to eat,the drinks were good though, they have fresh ingredients and crushed ice!only bar in ybor I've seen with fresh things and a wide selection of booze",Eastside,The Bricks,25.77,7.45,28.9,4,46-55,Non-binary,Caucasian
PJv1iTOgQTS0Aan6_UAZnw,Guest_6529,31.10.2013,4.0,"Food was delish. Stopped before a concert at The Ritz, it is just a block away and the perfect stop for reasonably priced fresh, healthy-ish meal before you wreck your liver. BFF had the Bird and Pig, she loved it. I had the Blackstar Bean Burger. It was spicy which in my opinion was perfect. The drinks are pricy, but well crafted. Our service was meh. A little slow, but we received the correct order and were informed of specials and what they were out of before we decided. I will totally be back next time I am in town.",Eastside,The Bricks,27.35,6.8,24.8,4,18-25,,African American
gHUkEhOWnsgHft9SzkSiZQ,Guest_1909,24.12.2015,4.0,Just came here for cocktails on a Tuesday night. The bar was full but not very busy otherwise. We got the huckle punch and Constantine. The huckleberry vodka in the huckle punch is one of my favorites so loved that drink and the Constantine also very good if you like bourbon! Service was very good and prices were reasonable. Had $3 taco deals and a very cute coffee bar so would definitely be interested in coming back to eat or for a good studying place!,Eastside,The Bricks,29.66,4.83,16.3,3,56-65,Male,Hispanic
jE2zHov_2Eii9XrrmkSV5g,Guest_9059,28.06.2012,3.0,"Visited The Bricks this evening for dinner with a group of 6 and I think I can say we all enjoyed our experience  - I give it a solid 3-stars because I wasn't blown away by the food, ambiance or service but all were good if not a little above average. 

I started with an Old Fashioned which was sadly, quite watered down.  The table started with the Bricklayer Nachos which were good and a pretty decent size portion too.  For my dinner I had the Mediterranean Grilled Cheese - feta and mozzarella cheese, olive tapenade, baby spinach and portabello mushroom pressed in a piece of flatbread.  The first few bites were enjoyable but about a quarter of the way into it I realized how SALTY it was.  Unfortunately, it was a little one-note and better in concept than in execution in my opinion. 

Our waitress was pleasant and split the check 6-ways without us even having to ask, which I thought was really nice of her.  Atmosphere was unique but nothing worth coming back for.

Also, worth noting - The Bricks doesn't have its own parking lot so you'll have to find street parking (good luck), a paid parking lot lot or one of the local parking garages.",Eastside,The Bricks,,5.37,24.5,2,46-55,Non-binary,Caucasian
1zcUh5uv1Qvv3mqYKC5QdA,Guest_3251,2017-03-04,4.0,,Eastside,The Bricks,6.76,1.46,21.6,3,,Female,Other
Cbxf9vtQNVzMoch3s_AKTA,Guest_8180,05/30/2012,4.0,"I had a good time at The Bricks of Ybor. The servise is really spot on and the quality of the food's pretty good. I had the pulled pork sandwich. It was pretty good. Nothing memorable but what makes this place a four star place are the happy hour beer prices and the interesting art inside. I loved the star wars art throughout this place and particularly loved the berpo and ern2d2 painting. Friendly, fun crowd that looks like they're coming to a John Waters costume party.",Eastside,The Bricks,37.42,6.57,17.5,3,65+,Prefer not to say,African American
9g-mtjmWHY0miughafkXMQ,Guest_7733,07/12/2010,5.0,"I'd been following the progress of The Bricks via their FB page for some time - I'm happy to report that the end product lives up to the expectations (exceeds them, even!). The first thing you notice is the atmosphere: laid-back & friendly, fostering a close-knit/ community feel that encourages you to slow down and linger for a bit longer, enjoying the company. When it comes to the menu, it's full of simple foods that have been completely mastered. I suggest the Peanut Butter Bar (choose your bread, peanut butter, and toppers). The Roasted Garlic Hummus is amazing, as is the Italian Brick sandwich. As far as coffee goes - they won't disappoint, I'm partial to the Brickaccino (frozen coffee). Another standout factor is their beer selection - which alone is worth strolling by for. All in all, The Bricks as a 5-Star stop, you won't soon forget.",Eastside,The Bricks,11.84,2.54,21.4,8,65+,,Hispanic
hQz9UnbHvv3ctllRquULuQ,Guest_1173,18.04.2015,5.0,"This is where the cool kids hang and there's reasons for it. The beer and the food! Tons of vegetarian and even vegan options.
I'm not either but I do love that black bean burger and the salads are to die for.
The staff is great and always sweet and accommodating. 
The place is usually filled with great art and an eccentric lot of people. I gave this place five stars because I would be lying if I said I didn't love this place. It's my vibe.
It can be yours also.
Yup! Just referred to myself as a cool kid.:D",Eastside,The Bricks,24.8,5.09,20.5,2,56-65,Male,Native American
UmA-9d4M4x8F5UKkVCAjEg,Guest_7413,19.01.2015,5.0,"Great atmosphere and service, food and drinks were excellent. Everything was fresh.  Bird and the pig sandwich was delicious, also the pacific rim. Will return soon.",Eastside,The Bricks,11.43,2.12,18.5,2,18-25,Male,Mixed
zbJJjS4qCofo0l5Cr39R8A,Guest_2316,05/02/2015,,"If you have ever dreamed of owning a bad ass bar and restaurant, with phenomenal and creative food, solid service, and atmosphere as cool as - well as cool as the bricks in the streets of Ybor City - don't go here. It will be likely to depress you to see that your dream has already been done so well that there just isnt much improvement. 
Well, if there was parking, that would be an improvement - but that's about it. I work nearby and rock their little patio in the back about once a week, it just never disappoints. The CURE is my favorite sandwich but i dont think there are any bad items on the menu - not even the vegetarian ones, and you know how bad those CAN be!

If you are on the west end of Ybor, or staying at the hotels nearby, or just stepped off the streetcar and want to figure out what Ybor City has come to mean these days - the Bricks of Ybor should be your first stop!",Eastside,The Bricks,21.79,2.68,12.3,3,,Prefer not to say,Mixed
GqJahjGcKfiFxfA7oCnvCg,Guest_5102,21.05.2016,,A good watering hole. Beer and coffee are decent!  Try UNITA REady Set Gose and UNITA summer ale.,Eastside,The Bricks,19.68,1.12,5.7,4,36-45,Non-binary,Mixed
aHtgSP4nTEtHvYQ0TE6w1g,Guest_8997,02.10.2017,5.0,Their bird & pig sandwich is the bomb. Brie cheese is one of my favs and this sandwich offers plenty. The Asian Slaw was a suggestion from our waitress and did not disappoint. It was yummy. The sesame seeds made all the difference. Full bar always has a variety of tasty drink options. This place is cool bc it has a vegan options for those folks with those dietary needs.,Eastside,The Bricks,21.94,3.68,16.8,2,18-25,,African American
hQz9UnbHvv3ctllRquULuQ,,18.04.2015,5.0,,Eastside,The Bricks,15.49,3.89,25.1,4,65+,,African American
ss4LSp-dCCuhpxDrRH_GLQ,Guest_7927,10/28/2011,5.0,"I walk in, and they're playing the greatest hits of De La Soul throughout lunch. They could have been serving Big Macs and that gets you four stars alone. 

I order a grilled cheese sandwich, and it comes with apple, plums, and bacon on some delicious bread with tortilla chips. And it is sublime. The cheese is perfectly melted, and the goodies inside are covered in wonderful gooey dairy greatness. 

I order a cafe con leche while getting some work done on my laptop. It is flawlessly prepared by a lovely server, and I'm a coffee snob. And if I didn't get buried in work stuff, I was jonesing for one of those half-price martinis they serve on Thursdays.

Wonderful atmosphere (the skatepark staff makes it friendly and fun), great food, delicious coffee, a full bar, and lots of different options. This place is a total home run, and a can't miss for anyone in Ybor.",Eastside,The Bricks,16.21,5.67,35.0,3,36-45,Male,Hispanic
pOilCvNQPufxgGMlpFe44Q,Guest_9739,2010-10-11,5.0,"The Bricks completely lives up to the hype. Don't leave without trying their amazing Basil-infused lemonade! Really chill cafe-like vibe, with a creative comfort food menu (peanut butter sandwiches!), and full table servic. In a few weeks they will be opening a quiet ""study hall"" space for laptop lurkers, making this a killer telecommute/study spot.",Eastside,The Bricks,20.22,8.09,40.0,1,18-25,Male,African American
9g-mtjmWHY0miughafkXMQ,Guest_1238,07/12/2010,5.0,"I'd been following the progress of The Bricks via their FB page for some time - I'm happy to report that the end product lives up to the expectations (exceeds them, even!). The first thing you notice is the atmosphere: laid-back & friendly, fostering a close-knit/ community feel that encourages you to slow down and linger for a bit longer, enjoying the company. When it comes to the menu, it's full of simple foods that have been completely mastered. I suggest the Peanut Butter Bar (choose your bread, peanut butter, and toppers). The Roasted Garlic Hummus is amazing, as is the Italian Brick sandwich. As far as coffee goes - they won't disappoint, I'm partial to the Brickaccino (frozen coffee). Another standout factor is their beer selection - which alone is worth strolling by for. All in all, The Bricks as a 5-Star stop, you won't soon forget.",Eastside,The Bricks,,3.11,20.3,2,,Male,African American
zbJJjS4qCofo0l5Cr39R8A,,2015-05-02,5.0,"If you have ever dreamed of owning a bad ass bar and restaurant, with phenomenal and creative food, solid service, and atmosphere as cool as - well as cool as the bricks in the streets of Ybor City - don't go here. It will be likely to depress you to see that your dream has already been done so well that there just isnt much improvement. 
Well, if there was parking, that would be an improvement - but that's about it. I work nearby and rock their little patio in the back about once a week, it just never disappoints. The CURE is my favorite sandwich but i dont think there are any bad items on the menu - not even the vegetarian ones, and you know how bad those CAN be!

If you are on the west end of Ybor, or staying at the hotels nearby, or just stepped off the streetcar and want to figure out what Ybor City has come to mean these days - the Bricks of Ybor should be your first stop!",Eastside,The Bricks,34.61,5.49,15.9,2,46-55,Female,
nAdvLArVs5EaKwrOvFXTuQ,Guest_2730,2014-11-13,5.0,,Eastside,The Bricks,26.4,6.18,23.4,2,46-55,Prefer not to say,Other
X6J3JHd9uD5MhSL-dIVynQ,Guest_9875,27.02.2013,,My 2 favorite guy friends and I came here for Valentine's Day this year! I love everything about this place.  Every time I have visited there has been a friendly/diverse crowd and good music. I really like the atmosphere and the local artwork that is displayed throughout the restaurant. I highly recommend the brick layer nachos! My friends and I ate every bite and I honestly will most likely order that as my meal next time. The night we visited they had 50% off bottles of wine and after splitting the cost with one of my friends it was only $7 (need I say more?).  I ordered the brick layer salad with tuna for my meal. I ordered something lighter due to my massive nacho intake and the salad was good but it was similar to a house salad you can get anywhere. They have a very eclectic menu and next time I will probably try one of the many grilled cheese sandwiches listed on the menu. I will definitely be back!,Eastside,The Bricks,13.77,2.2,16.0,2,,Female,Other
aHtgSP4nTEtHvYQ0TE6w1g,Guest_8998,2017-10-02,5.0,,Eastside,The Bricks,26.52,3.23,12.2,8,26-35,Male,African American
qzgc5-lizZMqupW7ZR8qmQ,Guest_7344,07/28/2014,4.0,,Eastside,The Bricks,20.24,3.35,16.6,3,18-25,,
asr6SiNjIrpTrGwMeBp9Pg,Guest_9159,2015-07-03,5.0,,Eastside,The Bricks,20.13,8.05,40.0,2,26-35,Non-binary,Hispanic
zbaEspWboOPPonKjB4jbWA,Guest_4791,2012-06-29,4.0,"A couple of nights ago the Tampa Bay Lady Bloggers met at The Bricks for our monthly book club meeting. The staff was very welcoming and was happy to push together several tables for us. Our server was so nice and helpful and cheerfully took a group photo for us (annoying bloggers). The ""hole in the wall"" atmosphere at The Bricks is fun and eclectic, with local art for sale lining the walls. I loved the laid-back, hip feeling of the place. I had the ""brick,paper,scissors"" martini and it was so refreshing and delicous that I had to get a second with my entree. The table shared an order of the ""bricklayer"" nachos and they were okay, but the house-made salsa on the side was out of this world. For my entree I got the ""bird and pig"", based on so many great Yelp recommendations. It did not disappoint with thick, crispy bacon, sweet apples and agave nectar, tasty chicken and delicious pressed ""sweet"" bread. I almost caved in and got the Ahi tuna BLT because it looked so good on the menu...I'll definitely be back and try that next time to compare. Thank you Bricks for hosting our meet-up. See you again soon I hope! My blog post about our meeting at The Bricks is here: http://carolinecalcote.com/2012/06/28/tampa-bay-lady-bloggers-book-club/",Eastside,The Bricks,30.86,0.0,0.0,2,36-45,Prefer not to say,Caucasian
0XuENPl2FwekIfu9M-1jDw,Guest_9134,2018-09-03,1.0,"Terrible selection of food. No ""real sweet tea"" first and last time visit"" anywhere that doesn't carry real sweet tea automatic gets a 1*",Eastside,The Bricks,,2.59,17.4,3,46-55,Non-binary,Asian
N4J7LZI9eKDt4U0RLpWEww,Guest_6159,03/30/2017,,,Eastside,The Bricks,23.62,2.0,8.5,1,,Female,Caucasian
NYilSGDWsYrFnB2EpDRMFA,Guest_5307,04.02.2018,2.0,"My wife and I have visited twice, and another time with friends. While we like the food and beer choices, the service is inexcusably very slow. We visited on a Saturday afternoon around 5:00 and the place was only 1/3 full. Took a while for our server to greet us, arrived just when we were about to get up and leave. Ordered a beer for each of us and waited at least 10 minutes before I finally got up to ask the bartender about our drinks (after watching him not making any drinks for several minutes and serving a few others who just arrived at the bar). I could barely get the words out before he says they'll be right up. I sit back down, and he still doesn't pour them. We were about to leave again when another bartender made eye contact and she poured the drinks and brought them to us. While our waitress was friendly, she should have been checking on our drinks. Same slow experience with the other two visits, this time we are certain we will not be back.",Eastside,The Bricks,,1.92,12.6,3,26-35,Male,Caucasian
EWgE8zamjHBz8CMRdLIHVw,Guest_6370,2011-12-03,4.0,,Eastside,The Bricks,,6.14,35.0,2,36-45,Prefer not to say,Asian
LyBfA_NGwBAqf0LqVsDBhw,,05/29/2012,4.0,"Based this visit entirely upon previous Yelp reviews, which as usual we're spot on. Great atmosphere and feel to this place - Kind of an art house meets coffee house meets Animal House environment. Very unusual. In a good way. The servise was relaxed, social and great. The beverages were delicious and the menu was quite interesting. I so wanted the food to be much better than it was. Tried the Bird and Pig, a specialty grilled cheese and a couple apps. Everything was good but not great. In truth, if I was judging on food alone, there would be three stars instead of four. But the atmosphere and the staff clearly deserved the extra star, and I'll head back to try some other items on the menu next visit.",Eastside,The Bricks,13.87,2.96,21.3,5,36-45,Female,African American
ntNxLQQTBZhYVGZpvUQYzw,,09/08/2016,5.0,My favorite lunch spot in Ybor. Best greek salad of all time. Great service.,Eastside,The Bricks,73.48,14.91,20.3,1,26-35,Non-binary,
ceZuAvgL5kULPFX4PFjIUg,Guest_1220,18.08.2017,5.0,,Eastside,The Bricks,,8.66,16.3,4,,Female,Hispanic
BCLvpd08Ci4Tcq-fIRhZdA,Guest_2668,08.08.2017,2.0,,Eastside,The Bricks,31.41,7.66,24.4,2,65+,Male,
ntNxLQQTBZhYVGZpvUQYzw,Guest_4487,2016-09-08,5.0,My favorite lunch spot in Ybor. Best greek salad of all time. Great service.,Eastside,The Bricks,24.32,4.18,17.2,2,,Female,
4zK6gMub9v__3lsr9FU7KQ,,18.01.2015,5.0,"Very fresh food- they actually make their own stuff! We ate lunch at the bar and the bartender went out of his way to help my husband find a good gluten free option. 

I ordered the black bean burger and it was delicious! Great atmosphere as well. Definitely recommend this place as there are not all that many fresh and relatively healthy places in the area. Wish we had found it sooner!",Eastside,The Bricks,12.31,1.63,13.3,8,,,Asian
ZqzXpRt9FsPQUDCNmvj0ew,,25.02.2017,4.0,"Really like the Bricks. Always a new experience when i go. The coffee, good. The cocktails, better! The ambiance is hip. The food is pretty good too.",Eastside,The Bricks,21.26,3.04,14.3,2,,Male,
N1BiMP9r3IsmEzChi9PPwA,Guest_2418,23.02.2011,4.0,"I read the reviews on Yelp and decided to check out Bricks of Ybor for myself. 

Nice atmosphere and hip music playing in the background. I sat at the bar and watched the flat screen televisions (they were playing the History Channel on one TV. & ""Shaun of the Dead"" on another TV.). 

Good beer on tap (I tried the IPA -- it was good) and a small menu specializing in appetizers, salads & sandwiches. I ordered the hummus plate and the iceberg wedge salad -- both were delicious. The blue cheese dressing on the salad was particularly scrumptious. 

For one beer and an app and a salad, my bill came to just under $25 before tip -- kinda expensive (considering they no longer serve the ""salmon spread"" on the hummus plate -- should that really be priced at $10, still?).",Eastside,The Bricks,14.62,0.89,6.1,4,36-45,,Hispanic
11LaR_wnmQpNf7fD6d6n1Q,Guest_6733,12.11.2014,4.0,I love this place. Everything I've had seems really fresh. The hummus is really tasty and the ambiance is nice and relaxed.,Eastside,The Bricks,41.73,12.52,30.0,3,26-35,Male,Native American
Cf3QB0VEbdWFq94tZcWgTQ,Guest_7892,10.11.2017,5.0,,Eastside,The Bricks,24.04,4.4,18.3,4,18-25,Non-binary,Caucasian
s7X6kSDGGlowmEqCDEh2SQ,Guest_9750,06/29/2014,3.0,"I am not nearly cool enough to go here. The waiter was not unfriendly, but he was much more friendly to some ladies who sat near me with full sleeves of tattoos. I ordered the black bean burger, it was so flavor less and thin it could have been omitted. The mayo on the sandwich and mixed greens on the side, along with the pickle, we're the best part of the meal. My beer was alright, but if I am going to spend $7 on a pint it should be delicious or high gravity, this was neither, and since no prices appeared next to the draft list, the price was a bit of a shock.",Eastside,The Bricks,16.39,2.91,17.8,5,56-65,,
Cbxf9vtQNVzMoch3s_AKTA,Guest_4637,05/30/2012,4.0,"I had a good time at The Bricks of Ybor. The servise is really spot on and the quality of the food's pretty good. I had the pulled pork sandwich. It was pretty good. Nothing memorable but what makes this place a four star place are the happy hour beer prices and the interesting art inside. I loved the star wars art throughout this place and particularly loved the berpo and ern2d2 painting. Friendly, fun crowd that looks like they're coming to a John Waters costume party.",Eastside,The Bricks,17.63,2.65,15.1,8,56-65,Female,Hispanic
zbJJjS4qCofo0l5Cr39R8A,Guest_9120,05/02/2015,5.0,"If you have ever dreamed of owning a bad ass bar and restaurant, with phenomenal and creative food, solid service, and atmosphere as cool as - well as cool as the bricks in the streets of Ybor City - don't go here. It will be likely to depress you to see that your dream has already been done so well that there just isnt much improvement. 
Well, if there was parking, that would be an improvement - but that's about it. I work nearby and rock their little patio in the back about once a week, it just never disappoints. The CURE is my favorite sandwich but i dont think there are any bad items on the menu - not even the vegetarian ones, and you know how bad those CAN be!

If you are on the west end of Ybor, or staying at the hotels nearby, or just stepped off the streetcar and want to figure out what Ybor City has come to mean these days - the Bricks of Ybor should be your first stop!",Eastside,The Bricks,7.01,1.79,25.5,4,18-25,Male,Native American
F4_DYi_7czpyLMrErrKaQg,Guest_9186,08/01/2011,5.0,"We cam here for my wife's birthday this year that also just so happens to be Cinco De Mayo. We didn't want to go to a mexican joint so we chose the Bricks after reading some specials that they had going online. I have to say it was a good night and a lot of fun. Good drinks as well as food. Great ambiance, this is an older building in Ybor that they really did a great job of restoring. These guys are always having great food and happy hour specials. You won't be disappointed.",Eastside,The Bricks,5.0,0.68,13.6,1,46-55,Male,African American
3FfhPCMT5T2e369qqYfV7g,Guest_6847,09/10/2015,4.0,"The Bricks has a super cool vibe. I've visited multiple times for dinner and once for drinks. I'm always impressed with their sandwiches and other food. Normally everything is very fresh and tasty. They have a good sized line up of craft beers most of them local to the area, which is something I'm always looking for. 

It's sort of a dive-y location on the outskirts of the main part of Ybor. Late night they have a small menu of appetizers/small plates and have a DJ. It's clientele leads to some awesome people watching. 

All in all, definitely worth a try. It's not super fancy, so it's perfect for a casual dinner or a new place to try to grab a beer (there's a full bar as well).",Eastside,The Bricks,31.41,7.45,23.7,4,,Female,Caucasian
hQz9UnbHvv3ctllRquULuQ,Guest_8543,2015-04-18,5.0,"This is where the cool kids hang and there's reasons for it. The beer and the food! Tons of vegetarian and even vegan options.
I'm not either but I do love that black bean burger and the salads are to die for.
The staff is great and always sweet and accommodating. 
The place is usually filled with great art and an eccentric lot of people. I gave this place five stars because I would be lying if I said I didn't love this place. It's my vibe.
It can be yours also.
Yup! Just referred to myself as a cool kid.:D",Eastside,The Bricks,19.36,2.08,10.7,4,56-65,,African American
zbJJjS4qCofo0l5Cr39R8A,Guest_3270,02.05.2015,5.0,"If you have ever dreamed of owning a bad ass bar and restaurant, with phenomenal and creative food, solid service, and atmosphere as cool as - well as cool as the bricks in the streets of Ybor City - don't go here. It will be likely to depress you to see that your dream has already been done so well that there just isnt much improvement. 
Well, if there was parking, that would be an improvement - but that's about it. I work nearby and rock their little patio in the back about once a week, it just never disappoints. The CURE is my favorite sandwich but i dont think there are any bad items on the menu - not even the vegetarian ones, and you know how bad those CAN be!

If you are on the west end of Ybor, or staying at the hotels nearby, or just stepped off the streetcar and want to figure out what Ybor City has come to mean these days - the Bricks of Ybor should be your first stop!",Eastside,The Bricks,57.26,11.07,19.3,1,56-65,,Other
s9dqqPMdKO3QdJ5s7lrt3g,,11/28/2016,1.0,"This place is listed as vegetarian-friendly and it is, provided that you eat eggs, cheese, and whatever else they put on the food without listing it in the menu description. Unfortunately this place was a nightmare for me as a vegan. I ordered the veggie cuban with no swiss or honey mustard since those were the only non-vegan ingredients listed in the description, and if it wasn't for the server mentioning ""oh that's a great choice; the chef puts an egg on it too,"" then I would have gotten a sandwich with egg. After I stressed ""no animal products, no egg, no dairy, no butter,"" the server responded with ""oh well you know the egg isn't actually meat"" as opposed to, you know, respecting my dietary restrictions.

I have no intention of returning, due to the lack of clarity on the menu and the server's rudeness when I was expressing my allergies/restrictions. Maybe if the restaurant lists all of the ingredients and trains their staff on how to not be rude to someone who was rightfully annoyed at almost getting an item I couldn't eat, then it might be worth a recommendation. But then again, it's not a vegan-friendly establishment despite it being vegetarian-friendly.",Eastside,The Bricks,46.29,8.14,17.6,2,56-65,Prefer not to say,Caucasian
1zcUh5uv1Qvv3mqYKC5QdA,Guest_3615,03/04/2017,4.0,"This was my first time here and I would recommend it! I had the Liquid Heroin (espresso, chocolate and milk) and the Bird and Pig. These two are the Bricks specialities. The Bird and Pig has chicken, bacon, apple, Brie, and honey. It is a perfect combination of salty and sweet. For dessert, we had the Ice Cream Sammy. A chocolate chip cookie with vanilla bean ice cream and chocolate syrup. I was a bit disappointed on the dessert because I was expecting the cookie to be soft and warm, it was the opposite; very hard. Overall the atmosphere is nice and I would come back to try some of the other specialties they have!",Eastside,The Bricks,29.57,7.49,25.3,2,18-25,Non-binary,African American
NVGknCokupO-YGnK8vI5Kg,Guest_9944,22.04.2014,4.0,,Eastside,The Bricks,34.54,5.34,15.5,2,65+,Prefer not to say,African American
RDpU2WQuBhhCWPJWojmFvw,Guest_4554,01/07/2012,4.0,"The husband and I had a kid free day so we decided to have a (gasp) lunch date.

 We picked The Bricks because...well why the hell not.  As soon as we walked in I loved the place.  It was bright and cozy at the same time.  The staff was super friendly and we got the vibe that we could hang out all day if we wanted.

I ordered the most delicious ""adult"" coffee to drop kick the sleepiness out of my head.  The coffee was SUPER yummy and the liquor did the trick.

It took me a while to figure out what I wanted to eat because everything on the menu looked soooo good and I was super hungry.  In the end, I decided on the Harvest Grill Cheese Sandwich.....nom nom noom.....I was not dissappointed.  It hit the spot and filled my belly with melty cheesy goodness.  The bread was fresh, crunchy, tender and tasty.  The sandwich innards were porportioned perfect.  The Gouda, bacon and apple playing off each other in perfect harmony.

GO HERE AND EAT!  I cannot wait to go again and feel this will be a staple on our lunch resturant list.  Even if your not hungry this would be a wonderful place to have a drink and just chill day or night.

Thanks Bricks for a great lunch!",Eastside,The Bricks,30.06,7.74,25.7,6,56-65,Male,Asian
_aJ77lzyw1BhFqRU-wPwhA,Guest_9695,02.03.2012,4.0,fun place with a nice atmosphere. Ordered the Elvis which is a good sandwich with peanut butter honey bananana and bacon! it sounds weird but it was delicious.,Eastside,The Bricks,14.61,5.84,40.0,4,56-65,Male,Native American
LyBfA_NGwBAqf0LqVsDBhw,,2012-05-29,,,Eastside,The Bricks,,7.36,35.0,2,65+,Female,Other
P3PXmTyL5hzvqaCdJGk90w,Guest_7799,18.11.2015,5.0,"The Bricks of Ybor is a restaurant, bar, and coffee bar in Ybor City and also has live music and special events at times. It is affiliated with the SkatePark of Tampa (SpoT) which has a shop next door and there are skateboard decks mounted on the walls of The Bricks as artwork and they play skate videos on the TVs above the bar; as I'm a skater myself, this is if anything just the icing on the cake for me. 

However, The Bricks' ardent support of skateboarding would not be enough to garner a five-star review alone, but thankfully it measures up in all other regards. The interior atmosphere is lively, inviting, and unique. The waitstaff and bartenders are on point, outgoing, friendly, and most importantly, quite prompt. As to the food, it's fairly simply fare but very tasty and very well-prepared. Tacos, a variety of Cuban sandwich variants, and some salads compose the lion's share of the menu. I had the Bird & Pig Cuban sandwich and also an order of chips and queso dip. The queso was especially good, which impressed me because too often things like queso are simply after-thoughts at bar-type restaurants. The sandwich itself was also very good. They have a full bar with a good selection of bourbons and ryes and also an expectedly good selection of beer, with an emphasis on Tampa's local brews. The wine list also looked better than you'd think for a casual bar atmosphere. Overall, it's clear they're investing in quality here. 

While their skateboarding association was enough to grab my attention to The Bricks, their stellar food and service are what really sets them apart. Ybor has a reputation for food being hit or miss, as is the case with many touristy areas, but The Bricks I found to be simply and casual yet truly impressive.",Eastside,The Bricks,13.72,2.82,20.5,6,36-45,,
4lpkYTTdzqMuaZ4qoLlUgA,Guest_4467,07/01/2011,5.0,,Eastside,The Bricks,32.49,5.69,17.5,2,26-35,Non-binary,Asian
NOTAXpx4vcngxjIXyhHBrg,Guest_6466,09/13/2012,4.0,"I love the Bricks! We live in Ybor and this is one of our favorite lunch spots. I always have a hard time selecting between two sandwiches - The Elvis which is a peanut butter, banana and bacon sandwich or the Bird and Pig - roasted chicken, bacon, brie, apple, pressed on a Hawaiian sweet roll. Bricks always offers weekly specials and featured drinks. The crowd is always fun and the staff is friendly.",Eastside,The Bricks,8.62,1.77,20.5,2,,Prefer not to say,Hispanic
xFxilqzpu6Xac1admnl7MA,Guest_8831,09/28/2015,4.0,,Eastside,The Bricks,9.65,0.74,7.7,1,46-55,Female,Native American
0XuENPl2FwekIfu9M-1jDw,Guest_3605,2018-09-03,1.0,"Terrible selection of food. No ""real sweet tea"" first and last time visit"" anywhere that doesn't carry real sweet tea automatic gets a 1*",Eastside,The Bricks,13.41,1.02,7.6,1,,Male,Mixed
umKey8gxNoyUcwZY2azciw,Guest_9533,02.06.2011,3.0,"nice place for gatherings and hanging out. Friendly staff. 

Food was OK. Not bad, not good, it just sat somewhere in the middle.",Eastside,The Bricks,22.99,2.87,12.5,2,46-55,Non-binary,Caucasian
qzgc5-lizZMqupW7ZR8qmQ,Guest_9372,28.07.2014,4.0,Seems like a good place ...very chill and low key..not my particular favorite food ( more on the healthy side) but still good quality food and service with a fun video game theme once a week ...good place to check out,Eastside,The Bricks,12.39,2.24,18.1,3,,Prefer not to say,Mixed
jE2zHov_2Eii9XrrmkSV5g,Guest_7584,28.06.2012,3.0,"Visited The Bricks this evening for dinner with a group of 6 and I think I can say we all enjoyed our experience  - I give it a solid 3-stars because I wasn't blown away by the food, ambiance or service but all were good if not a little above average. 

I started with an Old Fashioned which was sadly, quite watered down.  The table started with the Bricklayer Nachos which were good and a pretty decent size portion too.  For my dinner I had the Mediterranean Grilled Cheese - feta and mozzarella cheese, olive tapenade, baby spinach and portabello mushroom pressed in a piece of flatbread.  The first few bites were enjoyable but about a quarter of the way into it I realized how SALTY it was.  Unfortunately, it was a little one-note and better in concept than in execution in my opinion. 

Our waitress was pleasant and split the check 6-ways without us even having to ask, which I thought was really nice of her.  Atmosphere was unique but nothing worth coming back for.

Also, worth noting - The Bricks doesn't have its own parking lot so you'll have to find street parking (good luck), a paid parking lot lot or one of the local parking garages.",Eastside,The Bricks,11.5,2.75,23.9,2,56-65,Female,Caucasian
QuLLvrwzNEizCRDiRPsVGQ,Guest_6151,02/12/2012,5.0,"We walked into The Bricks of Ybor and were immediately greeted by the owner and taken on a tour. He showed us the studio area next door, the small patio in the back, and the food prep area. He also explained the menu and gave some recommendations. I've never been treated that way at a restaurant and it was an awesome touch. The food was great. The waitress did bring my husband the wrong sandwich but by the time we figured it out, it wasn't worth mentioning. He liked whatever it was she brought him. The beer selection was very good. The atmosphere is laid back and unique. They have games to play while you enjoy your drinks. The music is awesome. All in all, I love this place!",Eastside,The Bricks,25.77,9.02,35.0,2,18-25,Female,African American
fRdKsfvptL0A4aFfVPkZQQ,,10/06/2013,5.0,"Came hungry and left full but not stuffed. The goodness wrap was named appropriately. Hummus with cucumber, tomato, lettuce, feta cheese and I added avocado was very flavorful. No need for any sauce of any kind. Had the potato salad as a side and though it was a bit bland, added a little salt to it, it was still good. Glad they don't add mayo to it and tasted home made for sure. Nice ambience too, decorated for Halloween. I'm not a fan of TV's while dining, but will always give a pass when they have good tunes playing so don't have to listen to TV. Only saw 2 servers on but it wasn't that busy on this Sunday afternoon. Server was knowledgeable and personable so not sure why others complained about rudeness. Saw none of that.",Eastside,The Bricks,17.18,4.21,24.5,3,,,Other
C5VBfvKrFBGl7uhEONk8OA,Guest_7754,2017-02-09,5.0,"Great bar/café! Such a great place to hang, inside is beautiful and outside you can hear nice music while having a coffee and a cig! Definitely coming back! Loved it",Eastside,The Bricks,7.52,0.77,10.2,4,18-25,Male,Asian
eNHgYkJwmuM0Gg42AL6V6Q,Guest_2297,31.01.2017,1.0,"If you're immune to salmonella poisoning then this is the perfect place for you! Very overpriced, minimum effort in providing authentic food NOT out of a can. They undercook the chicken and it taste like refrigerator. Please don't waste your hard earned cash on half assed food. Unless you just want drinks and a good time with friends, don't come here.",Eastside,The Bricks,15.55,2.01,12.9,2,,,African American
jE2zHov_2Eii9XrrmkSV5g,Guest_1595,28.06.2012,,"Visited The Bricks this evening for dinner with a group of 6 and I think I can say we all enjoyed our expereince - I give it a solid 3-stars because I wasn't blown away by the food, ambiance or servic but all were good if not a little above average. I started with an Old Fashioned which was sadly, quite watered down. The table started with the Bricklayer Nachos which were good and a pretty decent size portion too. For my dinner I had the Mediterranean Grilled Cheese - feta and mozzarella cheese, olive tapenade, baby spinach and portabello mushroom pressed in a piece of flatbread. The first few bites were enjoyable but about a quarter of the way into it I realized how SALTY it was. Unfortunately, it was a little one-note and better in concept than in execution in my opinion. Our waitress was pleasant and split the check 6-ways without us even having to ask, which I thought was really nice of her. Atmosphere was unique but nothing worth coming back for. Also, worth noting - The Bricks doesn't have its own parking lot so you'll have to find street parking (good luck), a paid parking lot lot or one of the local parking garages.",Eastside,The Bricks,10.71,1.58,14.7,3,,Male,Native American
KIA9s_8qZEtuSjIFdjBwYQ,,2014-06-29,1.0,"I loved this place, the food, atmosphere, and drinks and I was in Ybor one night and came in about midnight and walked back to use the restroom and then to sit down and get some food and drinks, typical of anyone that's out drinking and midnight rolls around. Well, I continue on the path to the restroom and the manager, yes, the manager, had the audacity to tell me if I proceeded to the restroom that he would come on after me. I thought he was joking. But no, he was serious, then he told me I needed to tip the bartender before using the restroom, even though I hadn't sat down to order anything yet. I was clearly upset and walked back out to leave. The guy at the door was very nice and lead me back in to use the restroom. I decided after being treated that way, by the manager, that this was not an establishment I would be frequenting any longer, even though I loved the place. I went to the restroom and came back out and put $3 on the bar, because I needed to ""tip"" to use the restroom. Well, the guy at the door said that the manager had ASSUMED that we came from a rave across the street and that we just wanted to use the restroom. Well, his assumption lost him business, and I have been living in the Bay Area for 32 years. I'm pretty sure telling a patron you are going to follow them into he women's restroom is some form of sexual harassment. I have NEVER been treated like that ever in an establishment. Hopefully, for the greater good of the restraunt, that manager is no longer there.",Eastside,The Bricks,27.05,5.72,21.1,2,36-45,Female,Caucasian
siwaa7bmNx91IxRVWwhp3g,Guest_5884,29.05.2014,4.0,"Recently stopped in during a bar crawl for some drinks and Battletoads. Couldn't eat the buzz away, but loved what I saw. Photos on walls showed the transformation from Tahiti Joe's/Latitudes into The Bricks of today, and brought back some old Ybor memories. The staff was kind, and the video game corner was a blast. Delicious coffee, and had an artsy feel as well. Every food item that passed our sniffers en route to their respective hipster pie holes was cause for comment. I will certainly be coming by for a sammich at this place.",Eastside,The Bricks,20.26,3.78,18.7,2,,Female,Caucasian
jE2zHov_2Eii9XrrmkSV5g,Guest_8499,2012-06-28,3.0,"Visited The Bricks this evening for dinner with a group of 6 and I think I can say we all enjoyed our experience  - I give it a solid 3-stars because I wasn't blown away by the food, ambiance or service but all were good if not a little above average. 

I started with an Old Fashioned which was sadly, quite watered down.  The table started with the Bricklayer Nachos which were good and a pretty decent size portion too.  For my dinner I had the Mediterranean Grilled Cheese - feta and mozzarella cheese, olive tapenade, baby spinach and portabello mushroom pressed in a piece of flatbread.  The first few bites were enjoyable but about a quarter of the way into it I realized how SALTY it was.  Unfortunately, it was a little one-note and better in concept than in execution in my opinion. 

Our waitress was pleasant and split the check 6-ways without us even having to ask, which I thought was really nice of her.  Atmosphere was unique but nothing worth coming back for.

Also, worth noting - The Bricks doesn't have its own parking lot so you'll have to find street parking (good luck), a paid parking lot lot or one of the local parking garages.",Eastside,The Bricks,,5.62,21.7,3,,Female,Caucasian
IgVIc163TZ4xbJqfUKdnRw,Guest_2736,21.10.2015,,"This might be my first five star rating. This place was absolutely awesome and I cannot wait until I go back for a second time. Our sever, Millie, was friendly and efficient from the moment we sat down. The atmosphere of the place was unique, and the food was among the most unique in Tampa that I have experienced in years. I got the pork tacos for an appetizer and the ""bird and pig"" for lunch. The sandwich was so good I could have ordered it again. Overall it was a fantastic experience and I will be returning for their drink specials.",Eastside,The Bricks,,2.05,11.0,4,46-55,Male,Other
vHLviczaBYS88UGWFWC8Qg,Guest_3405,03/03/2013,5.0,"staff is awesome and food is damn good. drinks are a reasonable price and Andrew always has something awesome/weird playing on the TV. If the independent were cooler, it would be the Bricks. 

One of the gods invented the bird and pig. Definitely get that.The cure is pretty tasty too, I'd eat it again. 

The place has cool wall art, a comfortable back patio, and Paper Mario characters on the bathroom doors. Have to appreciate the subtle nerdiness.",Eastside,The Bricks,54.42,9.92,18.2,3,18-25,Prefer not to say,Native American
9g-mtjmWHY0miughafkXMQ,Guest_6023,2010-07-12,5.0,"I'd been following the progress of The Bricks via their FB page for some time - I'm happy to report that the end product lives up to the expectations (exceeds them, even!). 

The first thing you notice is the atmosphere: laid-back & friendly, fostering a close-knit/ community feel that encourages you to slow down and linger for a bit longer, enjoying the company. 

When it comes to the menu, it's full of simple foods that have been completely mastered. I suggest the Peanut Butter Bar (choose your bread, peanut butter, and toppers). The Roasted Garlic Hummus is amazing, as is the Italian Brick sandwich. As far as coffee goes - they won't disappoint, I'm partial to the Brickaccino (frozen coffee). Another standout factor is their beer selection - which alone is worth strolling by for.

All in all, The Bricks as a 5-Star stop, you won't soon forget.",Eastside,The Bricks,15.65,3.43,21.9,3,,Non-binary,African American
Y95YeYL9jxYcdkQgsTNzNg,Guest_5315,2017-09-11,4.0,"I have actually never been inside the resturant but have ordered from them through delivery services a bunch of times. The Brick Layer Nachos are fantastic, I love the salsa they use on them. They also make a good veggie Cuban.",Eastside,The Bricks,24.08,3.45,14.3,3,,Male,African American
P-lZE6cZgfWkojreLiu7Vg,Guest_9806,2017-03-15,4.0,,Eastside,The Bricks,21.06,3.51,16.7,2,,Non-binary,
pOilCvNQPufxgGMlpFe44Q,Guest_6640,2010-10-11,,,Eastside,The Bricks,17.97,2.33,13.0,2,26-35,,African American
dFgGps6gQQbWoKOR60X72w,Guest_4784,2012-03-02,5.0,,Eastside,The Bricks,8.11,0.92,11.4,3,65+,Female,African American
exVAtPSIFht6QUVDftWSzw,Guest_4733,07/14/2013,1.0,,Eastside,The Bricks,26.06,6.46,24.8,1,26-35,,Native American
TU-0T2GWAAW4GBI68LNt-A,,07.05.2016,3.0,"Wanted to try the pig and bird sammich but when I got there I decided on the Pacific Rim. The Asian slaw and bbq theme was too much to pass up. I thought the sandwich was really good and had a nice balance to it. I got chips and queso as my side but with this sandwich fries would have been the go to. They don't have fries so you'll have to choose something else. 

Service at the bar was really good, there were multiple people that helped me during my meal. One thing is they were out of three of the beers I wanted right off the bat. 

Pretty cool vibe in the place and people just hanging with friends having drinks and food.",Eastside,The Bricks,22.09,4.48,20.3,1,,Prefer not to say,
F4_DYi_7czpyLMrErrKaQg,Guest_3463,01.08.2011,5.0,,Eastside,The Bricks,15.57,3.22,20.7,3,,,Asian
rno5BeYy-bMFKINk43MmNw,Guest_2220,2014-05-30,5.0,"It is definitely a place to bring your friends and chat. I love their different types of Peanut Butter sandwiches. Amazing! Not only that, but the inside environment is just so positive and provides inspiration.",Eastside,The Bricks,,0.76,12.9,4,56-65,,
1zcUh5uv1Qvv3mqYKC5QdA,Guest_2984,03/04/2017,4.0,"This was my first time here and I would reccomend it! I had the Liquid Heroin (espresso, chocolate and milk) and the Bird and Pig. These two are the Bricks specialities. The Bird and Pig has chicken, bacon, apple, Brie, and honey. It is a perfect combination of salty and sweet. For dessert, we had the Ice Cream Sammy. A chocolate chip cookie with vanilla bean ice cream and chocolate syrup. I was a bit disappointed on the dessert because I was expecting the cookie to be soft and warm, it was the opposite; very hard. Overall the atmosphere is nice and I would come back to try some of the other specialties they have!",Eastside,The Bricks,13.59,2.37,17.4,5,26-35,Prefer not to say,Mixed
ADodUkepU3OyY-G5zZk7yA,Guest_5656,10/15/2012,3.0,,Eastside,The Bricks,22.49,4.65,20.7,2,,Male,Mixed
mu7DWrjoa6b2yqcfH75QYw,Guest_5276,2016-12-24,,,Eastside,The Bricks,,2.02,18.7,1,65+,Non-binary,Other
BCLvpd08Ci4Tcq-fIRhZdA,Guest_1915,08.08.2017,2.0,"Leaving this 2-star review in response to the food, not the place as a drinking/hangout spot...although the wine was crap, too. 2-Stars awarded for the Nintendo 64 and all of the nostalgia-worthy games, the decent choice of drafts (even if they were out of the draft I ordered), and the great service from the staff. The food, on the other hand, will make you wish you had eaten at home. My wife and I went out as a treat because we didn't feel like cooking, but the majority of our food was sub-par. I got the shrimp po-boy which was not a po-boy by definition (it was just shrimp on a crappy sandwich...no French bread, no Cajun sauce or even enough Cajun seasoning, and the shrimp was obviously frozen-thawed not fresh). One of the shrimps was even gray when I bit into it, and the sandwich itself smelled more like old fish than fresh shrimp. My wife got the Athena chicken sandwich and that was just so-so, with the overwhelming taste of feta disguising the low-quality factory chicken they use for the sandwich. The best part of our collective meals was the mixed greens we ordered as a side, so I wouldn't exactly recommend ordering food here unless you're completely hammered and taste is not a priority.",Eastside,The Bricks,,1.98,16.9,2,46-55,Male,Caucasian
jE2zHov_2Eii9XrrmkSV5g,Guest_4910,28.06.2012,3.0,"Visited The Bricks this evening for dinner with a group of 6 and I think I can say we all enjoyed our experience  - I give it a solid 3-stars because I wasn't blown away by the food, ambiance or service but all were good if not a little above average. 

I started with an Old Fashioned which was sadly, quite watered down.  The table started with the Bricklayer Nachos which were good and a pretty decent size portion too.  For my dinner I had the Mediterranean Grilled Cheese - feta and mozzarella cheese, olive tapenade, baby spinach and portabello mushroom pressed in a piece of flatbread.  The first few bites were enjoyable but about a quarter of the way into it I realized how SALTY it was.  Unfortunately, it was a little one-note and better in concept than in execution in my opinion. 

Our waitress was pleasant and split the check 6-ways without us even having to ask, which I thought was really nice of her.  Atmosphere was unique but nothing worth coming back for.

Also, worth noting - The Bricks doesn't have its own parking lot so you'll have to find street parking (good luck), a paid parking lot lot or one of the local parking garages.",Eastside,The Bricks,30.95,6.51,21.0,2,46-55,,Native American
vHLviczaBYS88UGWFWC8Qg,Guest_9569,03/03/2013,5.0,"staff is awesome and food is damn good. drinks are a reasonable price and Andrew always has something awesome/weird playing on the TV. If the independent were cooler, it would be the Bricks. 

One of the gods invented the bird and pig. Definitely get that.The cure is pretty tasty too, I'd eat it again. 

The place has cool wall art, a comfortable back patio, and Paper Mario characters on the bathroom doors. Have to appreciate the subtle nerdiness.",Eastside,The Bricks,,2.78,18.0,1,65+,Male,Hispanic
s7X6kSDGGlowmEqCDEh2SQ,Guest_9122,29.06.2014,3.0,"I am not nearly cool enough to go here. The waiter was not unfriendly, but he was much more friendly to some ladies who sat near me with full sleeves of tattoos.  I ordered the black bean burger, it was so flavor less and thin it could have been omitted.  The mayo on the sandwich and mixed greens on the side,  along with the pickle,  we're the best part of the meal. My beer was alright,  but if I am going to spend $7 on a pint it should be delicious or high gravity,  this was neither, and since no prices appeared next to the draft list,  the price was a bit of a shock.",Eastside,The Bricks,23.23,9.29,40.0,3,56-65,Female,
0F7dbDBRCGYd3wFBuVpFMA,Guest_1327,2014-07-28,4.0,"What an eclectic hipster joint, right in the heart of Ybor. The restraunt name alone fits the atmosphere perfectly. The menu options are unique, what might sound like it wouldn't mesh on the palette ends up making you want seconds and if drinking enough-- thirds. This is a great place to have a drink and a scrumptious sandwich on a Sunday. I had the bird and pig, perfect combination of savory and sweet.",Eastside,The Bricks,8.74,0.89,10.1,1,26-35,Prefer not to say,Asian
rzkOryEsl-T1AvF6e3DcIw,Guest_3129,12/05/2012,4.0,,Eastside,The Bricks,42.95,6.44,15.0,3,46-55,Female,Caucasian
0XuENPl2FwekIfu9M-1jDw,Guest_4958,2018-09-03,1.0,"Terrible selection of food. No ""real sweet tea"" first and last time visit"" anywhere that doesn't carry real sweet tea automatic gets a 1*",Eastside,The Bricks,37.09,9.86,26.6,5,,Prefer not to say,
EWgE8zamjHBz8CMRdLIHVw,Guest_7370,12/03/2011,4.0,"Lots of vegetarian options. The service was pretty fast. The skateboard wall was nice (Calvin & Hobbes represent!). The sandwich I got was a bit lacking in the flavor department. Really didn't know what to eat since I went here at night just before a binge of dancing and drinking. Didn't really feel into the peanut butter at that point in time. Next time I'll try their peanut butter creations, but I'll probably go for brunch or a late lunch since it seems the menu is more designed for that and not any pre-gaming.",Eastside,The Bricks,20.96,3.84,18.3,2,18-25,,Native American
uVRXElOZDBO2TXq_gveXYA,Guest_6936,2013-03-21,5.0,"Where do i start with this place! I love that they have local art on the walls/ always doing art shows the staff that works there always rocking smiles talking to all the guess a all around good atmosphere vibe I tip my hat to the head chef (Chef Ben) The food is always on point and i like when the cooks yell ""ORDER UP"" hahaha I can wright a book about how awesome this place is KEEP UP THE GOOD WORK and SEE YOU SOON!",Eastside,The Bricks,,5.69,18.9,2,65+,,African American
79szQCU8GqpMZYtRX2rKvw,Guest_2714,07.11.2017,3.0,"This is more of a drinking place than dinner. I didn't enjoy dining here at all, the service was slow and the acoustics of the place made It impossible to have a conversation. The veggie cubano was pretty good and the drinks were strong though.",Eastside,The Bricks,19.05,3.25,17.1,1,65+,,Mixed
DadAufR2brJtQCCq_NsPcQ,Guest_2619,04.03.2012,,,Eastside,The Bricks,11.9,3.57,30.0,2,36-45,Female,Asian
eNHgYkJwmuM0Gg42AL6V6Q,Guest_4492,01/31/2017,1.0,,Eastside,The Bricks,21.23,4.44,20.9,2,,Prefer not to say,Mixed
ZqzXpRt9FsPQUDCNmvj0ew,Guest_1828,25.02.2017,4.0,"Really like the Bricks. Always a new experience when i go. The coffee, good. The cocktails, better! The ambiance is hip. The food is pretty good too.",Eastside,The Bricks,25.26,4.43,17.5,2,,Male,Caucasian
t6OmnU6qlaPS2BzDnMS28w,Guest_8603,2018-05-20,5.0,"My favorite drinks place to imbibe before a show in Ybor. Kyle is spot on every time with what is seemingly the exact thing I want before I even know it. Also, the nachos. Trust me!",Eastside,The Bricks,44.71,7.27,16.3,1,18-25,Non-binary,Hispanic
nWXxee5pTo9vvnbB6ir-4g,Guest_4166,24.06.2016,3.0,"First of all I would like to say this is a pretty cool place. They have a great selection of beer and booze. The bartenders were very attentive and made awesome drinks. I was there on a Thursday night with a wedding party of about 12 people and we were having a great night. This is where I would love to end this review because based on the atmosphere and bartenders, this is a really chill place to hang out in ybor. Unfortunately, there is more to the story.

Later in the night, the bar started clearing out. The only people in the bar were myself, the wedding party I was with, the bartenders, and 3 other people. That's it. We (the wedding party) thought it would be fun to do the wobble and since the DJ was playing hip-hip anyway, we figured that it wouldn't be an issue to request that he play the wobble. After All, there wasn't many people in the bar anyway. Upon requesting to the DJ that we would like him to play the wobble he proceeded to respond with statements like ""I refuse to play that song"" ""I don't like that song"" ""I'm not a jukebox"". After briefly sharing our differences of opinion, I went to the bar to get a drink. At this time the DJ also walked up to the bar as we were kindly telling the bartender that they might want to reconsider their DJ choices because he was more concerned with what he wanted to hear, rather than what the patrons of the bar wanted to hear. Upon sharing our opinion with the bartender, the DJ butts in again to express that ""I'm the DJ, and I'll play what I want to hear"" that irritated me and I got a little heated. The bartender proceeded to cut me off because I argued with the DJ. I totally understand that, the bartender did the right thing there to calm down a situation. 

Point of my long story is, I really hope this place reconsiders their DJ choices in the future. They need someone that will play what the patrons want to hear and not what he wants to hear. Maybe that's just my opinion, but I feel that I make a strong case considering that by the time it was all said and done, our party was the only people in the bar. So, instead of 5 stars, I'm marking it a 3 based on the DJ alone.",Eastside,The Bricks,13.13,1.22,9.3,2,65+,Male,Mixed
BCLvpd08Ci4Tcq-fIRhZdA,Guest_3748,2017-08-08,2.0,"Leaving this 2-star review in response to the food, not the place as a drinking/hangout spot...although the wine was crap, too. 2-Stars awarded for the Nintendo 64 and all of the nostalgia-worthy games, the decent choice of drafts (even if they were out of the draft I ordered), and the great service from the staff. The food, on the other hand, will make you wish you had eaten at home. My wife and I went out as a treat because we didn't feel like cooking, but the majority of our food was sub-par. I got the shrimp po-boy which was not a po-boy by definition (it was just shrimp on a crappy sandwich...no French bread, no Cajun sauce or even enough Cajun seasoning, and the shrimp was obviously frozen-thawed not fresh). One of the shrimps was even gray when I bit into it, and the sandwich itself smelled more like old fish than fresh shrimp. My wife got the Athena chicken sandwich and that was just so-so, with the overwhelming taste of feta disguising the low-quality factory chicken they use for the sandwich. The best part of our collective meals was the mixed greens we ordered as a side, so I wouldn't exactly recommend ordering food here unless you're completely hammered and taste is not a priority.",Eastside,The Bricks,6.9,0.85,12.3,4,46-55,Non-binary,Other
nAdvLArVs5EaKwrOvFXTuQ,,11/13/2014,5.0,I ordered the bird and pig with Asian slaw.. $10. The sandwich is warm and pressed. It has pulled chicken inside. I was worried it would be dry. IT'S NOT. Very moist! Thick cut bacon and thinly sliced green apple.there was also a mayo type sauce. .tasted a bit sweet...Boy was this sandwich great!! The Asian slaw was delicately dressed with the careful handed use of sesame oil. Fantastic! And they have a large assortment of Florida brewed beers. The Wynwood iPA was so flavorful and foam on top just pillowy. Atmosphere relaxed. Staff is friendly and servic great. I was here on a Thursday night about 6pm. Nice and clean.,Eastside,The Bricks,22.46,5.1,22.7,3,26-35,,
eoFZMOL0XJ9yF8sW3OChIw,Guest_5385,2017-11-19,4.0,"Yummy food, good vibes, & nice service. Music wasn't too loud. Could hold a conversation without hearing everyone else's. I had the Bird & Pig (the way it comes) with the Mac & Cheese. I also had the Hukilau. Not a fan. It sounded sweeter than it was. Still giving it a 4 for the food srvice and atmosphere. It's not their fault I didn't like the alcohol. Had a quick bite of the nachos and may have to orders those for the table next visit.",Eastside,The Bricks,8.45,0.87,10.2,2,,Male,Other
RDpU2WQuBhhCWPJWojmFvw,,2012-01-07,4.0,,Eastside,The Bricks,42.45,8.59,20.2,1,36-45,Female,Native American
rPf97Sb-wcMOJ1XBO8M9EA,Guest_2219,27.06.2018,,,Eastside,The Bricks,23.47,5.78,24.6,2,46-55,Female,Other
mu7DWrjoa6b2yqcfH75QYw,,24.12.2016,1.0,"For days I have tried to put a side the terrible experience I had, I really don't like to put a bad review, but most of all I deeply appreciate when businesses treat everyone with respect and priority, and for some reason and actually for no reason.
I walked in and noticed I have to go to the bar for service, there were no available seats, so I stood at the beginning of the bar from the entrance, made an eye contact with the bar tender, 5 min passed he still didn't come to me so I looked over for a menu and grabbed it myself, shortly after he reached to me and took my order of drinks and food... 10 min passed and he didn't prepare my drinks, he left the bar area, and another guy came to replace him, he asked us if we needed help, I told him we already ordered, mean while I'm waiting and waiting and I see our server went to take out food for people, totally forgot about us, he could have at least tell the other two guys who were at the bar ( one of them was the owner) to make us the drink...
Then the owner came to me and he told me I should have told the guy that replaced him to make me the drinks, i told him how could I know it works that way?
And instead of trying to make excuses for why I don't have my drinks and blaming me for it, he obviously didn't care for what u had to say but I tried explain him how long I've been waiting and that I should have been taken care off and that he's been very rude for trying to excuse the situation instead of handling It property...
End of story, He got mad he said I'm the owner and that I'm not going to talk to him that way and he walked away from me!


So to sum it all up, I waited a while until I was served, the tender argued with me that chocolate always has milk inside ( just a lack of knowledge) the owner saw us waiting and waiting , looked at us while serving others, and than he got the nerve to be mad at me for being upset....!!!!",Eastside,The Bricks,15.18,2.03,13.4,3,18-25,Male,Asian
OWqNO-H7eAWJH7hsQfO0_A,Guest_5551,17.10.2016,,"Bird and Pig and the Tuna BLT are awesome!  Delicious cold beer. Thanks for the recommendation, Yelp!",Eastside,The Bricks,8.38,1.51,18.0,2,36-45,Prefer not to say,Other
OWqNO-H7eAWJH7hsQfO0_A,Guest_2511,10/17/2016,,"Bird and Pig and the Tuna BLT are awesome!  Delicious cold beer. Thanks for the recommendation, Yelp!",Eastside,The Bricks,,5.36,26.4,2,18-25,Non-binary,Asian
R_A16STMTt2oZGmpH0R0lA,Guest_7201,12.09.2012,3.0,"We went at a slow time on a weekday afternoon for a late lunch because we were all wanting sandwiches. So between us all we had: the Bird & Pig, BBQ quesadilla, ahi BLT, clubhouse and kids pbj. All the sandwiches were great! Service was a bit slow though. If I was in the area again I may try again but I would not go out of my way to eat here.",Eastside,The Bricks,60.23,14.07,23.4,2,46-55,Non-binary,Other
zbaEspWboOPPonKjB4jbWA,,06/29/2012,,,Eastside,The Bricks,,7.62,24.7,2,46-55,Prefer not to say,Native American
ylcQSUvE8VHikFz_gWIWWQ,Guest_3488,2017-08-19,5.0,"This is THE BEST spot for food and drinks in Ybor.  The drinks are amazing and the food is top notch. Cool, laid back atmosphere and amazing bar!! All of the staff are helpful and accommodating!! Best happy hour!!!",Eastside,The Bricks,14.51,3.08,21.2,3,,,Native American
11LaR_wnmQpNf7fD6d6n1Q,Guest_1383,2014-11-12,4.0,,Eastside,The Bricks,28.44,3.01,10.6,2,,Male,Other
oX3VSZ2WBLd-mKidL87Q5g,Guest_6275,05/19/2018,,"Full disclosure: My experience might just have been an isolated, rare occurrence. I arrived to The Brick and sat myself at the bar. After 15 minutes of zero service I was getting ready to leave but I noticed the waiting staff on the main floor looked active and on top of things. I decided to transition from the lack of service bar to the main floor and, literally, as soon as I sat down I had a waiter hand me a menu, take my drink order and before even a blink I had a Bloody Mary in front on me. Moral of this story, careful sitting at the bar since the service there seemed to be lacking. I'm sure it was the timing since my overall experience was a thumbs up. 

I ordered the loaded Bloody Mary. The drink was simple but very delightful, clearly proving that less is more. The drink had a little satisfying kick that's normal to any Bloody Mary. Overall- very satisfied with their Bloody Mary, so much in fact I ordered two. Maybe a little more body to it but not a must. 

Food: I ordered the Tuna BLT with the side of Asian slaw. Overall: GREAT. The theme here is clearly simple. They exploit every taste which is gratifying since that's the most important thing. The slaw was crisp and surprisingly very refreshing. Now, the tuna can only be described as crafted by a masterful craftsman! Yes, I said it. It tasted better than it looked and that's hard todo since it looked as if out of a magazine. Nothing but quality dining. 

I place four starts because of the first part of my experience but other than that it was a good experience and I I'll come to The Brick again.",Eastside,The Bricks,25.06,5.42,21.6,2,,Non-binary,African American
IdUkBQcMt0460g5W1LCZmg,Guest_4316,01/20/2014,,"The Bricks is a hipster haven, but don't let that deter you if you don't wear non-prescription glasses and flannel. I'm always the least cool person in here and no one seems to mind. (Although maybe I AM cool -- last time I was here the DJ was playing Hall & Oates most likely to be ironic, but I  genuinely enjoyed it.)

The menu is mostly sandwiches and some salads. It's all about the Bird & Pig sandwich. I have a hard time straying from this delicacy of chicken, bacon, brie, and apples on pressed sweet bread. Sweet, check. Salty, check. Crunchy, check. 

Nice selection of local and craft brews, too.",Eastside,The Bricks,,6.93,18.7,2,56-65,Prefer not to say,Hispanic
8zXgEkLjDwArMWCiDa4tLQ,Guest_1894,2012-10-11,,"I like some of the cocktails here but the food is mediocre. Ive never understood why it gets the ratings on food that it does, but then again we are in Tampa. Its basically like food you could whip up in a few minutes at home using your microwave for a 3rd of the cost. Except not as tasty. Anyone who loves eating here has the palate of a 14-year-old boy. Maybe its time they get an actual kitchen.",Eastside,The Bricks,,4.48,26.4,3,,Prefer not to say,Caucasian
BceKC7jAlfmF6C-z-OTflQ,Guest_8688,2017-08-19,4.0,,Eastside,The Bricks,19.98,2.88,14.4,3,,Female,Hispanic
OgVW9QTtF4aAHFTTc0x2rA,Guest_1797,22.02.2013,3.0,,Eastside,The Bricks,,1.42,10.8,1,36-45,,Other
QuLLvrwzNEizCRDiRPsVGQ,Guest_9864,12.02.2012,5.0,"We walked into The Bricks of Ybor and were immediately greeted by the owner and taken on a tour. He showed us the studio area next door, the small patio in the back, and the food prep area. He also explained the menu and gave some recommendations. I've never been treated that way at a restaurant and it was an awesome touch. The food was great. The waitress did bring my husband the wrong sandwich but by the time we figured it out, it wasn't worth mentioning. He liked whatever it was she brought him. The beer selection was very good. The atmosphere is laid back and unique. They have games to play while you enjoy your drinks. The music is awesome. All in all, I love this place!",Eastside,The Bricks,20.19,4.75,23.5,4,,Prefer not to say,
zbJJjS4qCofo0l5Cr39R8A,Guest_6705,02.05.2015,5.0,,Eastside,The Bricks,19.08,5.22,27.4,2,56-65,Prefer not to say,Other
DadAufR2brJtQCCq_NsPcQ,,03/04/2012,4.0,,Eastside,The Bricks,21.07,2.62,12.4,4,18-25,,
X6J3JHd9uD5MhSL-dIVynQ,Guest_2894,02/27/2013,4.0,,Eastside,The Bricks,31.76,5.83,18.4,1,,Female,Other
4Wxmz2w4cbaOepnIwcI1ig,Guest_9550,2014-12-23,5.0,"While I was in Tampa for the last 2 years, The Bricks was a second home. Great food and even greater people. I moved back to Seattle and left making friends. Wish I could've brought The Bricks and my new friends back with me. Definitely a place for locals and visitors to check out!",Eastside,The Bricks,18.94,6.63,35.0,4,18-25,,African American
DadAufR2brJtQCCq_NsPcQ,Guest_4931,03/04/2012,4.0,"It was so difficult deciding what to order here. I was in the mood for a skanky chai latte, but the skinny bitch latte just had that calorie conscious ring to it.

After a bit of thought I decided, skanky it shall be!

This has got to be one of my favorite places in Tampa. I had never really put a pulse on ""hipster"" in Tampa, but I found the closest thing to it at Bricks. Plenty of space to lounge here with a nice offering that ranged from caffeinated beverages to brews and snacks.

I would have never typically thought to throw bacon on a peanut butter and banana sandwich and then drizzle with honey, but I'm glad someone did.
The Elvis sandwich is a hunka, hunka, burning yum!

I would give this place five stars all day, except for the fact that service is slow. Like, dial-up slow. Like larvae to butterfly metamorphosis slow. So slow in fact that on a pretty *slow* afternoon, it would take 20 minutes just to get an iced chai even though you have a clear view of queue and activity of the servers. So slow that from time of check request to actually receiving it, was about another 20 minutes.

While the laid back atmosphere is one of the things that makes this place so cool, it's also the incredibly laid back service that could put a damper on things if you're in a rush.",Eastside,The Bricks,,3.84,11.5,2,46-55,Non-binary,Caucasian
rPf97Sb-wcMOJ1XBO8M9EA,Guest_7689,2018-06-27,,"Have come to The Bricks a few times as I wait for classes, there is wifi and it's a nice environment to sit, eat, grab a beer and do some homework. If I'm in Ybor for an extended period of time and have to wait, I usually try to make it here as much as I can.",Eastside,The Bricks,40.66,4.67,11.5,5,46-55,,Hispanic
1zcUh5uv1Qvv3mqYKC5QdA,Guest_4953,03/04/2017,4.0,"This was my first time here and I would recommend it! I had the Liquid Heroin (espresso, chocolate and milk) and the Bird and Pig. These two are the Bricks specialities. The Bird and Pig has chicken, bacon, apple, Brie, and honey. It is a perfect combination of salty and sweet. For dessert, we had the Ice Cream Sammy. A chocolate chip cookie with vanilla bean ice cream and chocolate syrup. I was a bit disappointed on the dessert because I was expecting the cookie to be soft and warm, it was the opposite; very hard. Overall the atmosphere is nice and I would come back to try some of the other specialties they have!",Eastside,The Bricks,,7.48,20.2,2,56-65,Male,Caucasian
N1BiMP9r3IsmEzChi9PPwA,,02/23/2011,4.0,"I read the reviews on Yelp and decided to check out Bricks of Ybor for myself. 

Nice atmosphere and hip music playing in the background. I sat at the bar and watched the flat screen televisions (they were playing the History Channel on one TV. & ""Shaun of the Dead"" on another TV.). 

Good beer on tap (I tried the IPA -- it was good) and a small menu specializing in appetizers, salads & sandwiches. I ordered the hummus plate and the iceberg wedge salad -- both were delicious. The blue cheese dressing on the salad was particularly scrumptious. 

For one beer and an app and a salad, my bill came to just under $25 before tip -- kinda expensive (considering they no longer serve the ""salmon spread"" on the hummus plate -- should that really be priced at $10, still?).",Eastside,The Bricks,34.57,6.08,17.6,2,56-65,Male,Mixed
L35Awd7K5slzNlEAI6H8xQ,Guest_2190,04/01/2016,4.0,It's a beer pub so don't go to eat a meal. Beer was great but not all of them were available at the time I visited [April] so....??,Eastside,The Bricks,,2.98,18.1,2,65+,Female,Other
ELbCs-aC8mAxrAEu36Hihw,Guest_1818,13.10.2014,4.0,,Eastside,The Bricks,39.43,8.85,22.4,3,,,Hispanic
Y95YeYL9jxYcdkQgsTNzNg,Guest_7369,11.09.2017,4.0,,Eastside,The Bricks,18.34,2.27,12.4,2,46-55,Prefer not to say,African American
fRdKsfvptL0A4aFfVPkZQQ,Guest_1488,10/06/2013,5.0,,Eastside,The Bricks,34.59,6.2,17.9,4,56-65,Non-binary,African American
2a8_Q5XhjoQHaZ_KtISZuQ,,2012-12-09,,"Since moving to Tampa about three weeks ago, I have found some ridiculously good restaurants thanks to Yelp and friends' recommendations. 

The Bricks has been on my list of places to try for a while now, and I finally made it last night. 

My friend & I walked in and were greeted immediately by the staff who told us to sit where we wanted. The place was fairly empty on a Tuesday at 7pm. I've heard it's packed on weekends, so perhaps going on off-nights is key. 

We started off with the Bricklayer, a fancy name for extra delicious nachos that are topped with queso, avocado cream, olives, and jalapeños. The salsa that comes on the side is awesome - super fresh, flavorful, and not too watery. This is a big appetizer and probably a bit too much for two girls before dinner. If I ordered it again, it would be as a bar snack rather than an app. 

For dinner, I had to try the Bird & the Pig. Wow - that pressed sweet bread combined with the salty bacon and chicken, paired with crisp apples and agave nectar? Yeah, the distinct flavors come together nicely to create one hell of a sandwich. 

I tasted my friend's black bean burger and liked that, too. 

The only thing I tasted that didn't blow me away was the roasted potato salad I got on the side. I'll probably just go with the mixed greens salad next time. 

Aside from the food, the environment is cool, too. I really liked all the local artists' work adorning the walls. 

There is ample parking nearby, including a garage on 15th that only charges $1 for the first 3 hours.",Eastside,The Bricks,,7.87,17.0,1,,Non-binary,Caucasian
3FfhPCMT5T2e369qqYfV7g,Guest_2513,10.09.2015,4.0,,Eastside,The Bricks,11.28,2.45,21.7,2,56-65,,Other
79szQCU8GqpMZYtRX2rKvw,Guest_5324,07.11.2017,3.0,,Eastside,The Bricks,18.14,2.99,16.5,1,18-25,,Native American
mu7DWrjoa6b2yqcfH75QYw,Guest_1620,2016-12-24,1.0,"For days I have tried to put a side the terrible experience I had, I really don't like to put a bad review, but most of all I deeply appreciate when businesses treat everyone with respect and priority, and for some reason and actually for no reason.
I walked in and noticed I have to go to the bar for service, there were no available seats, so I stood at the beginning of the bar from the entrance, made an eye contact with the bar tender, 5 min passed he still didn't come to me so I looked over for a menu and grabbed it myself, shortly after he reached to me and took my order of drinks and food... 10 min passed and he didn't prepare my drinks, he left the bar area, and another guy came to replace him, he asked us if we needed help, I told him we already ordered, mean while I'm waiting and waiting and I see our server went to take out food for people, totally forgot about us, he could have at least tell the other two guys who were at the bar ( one of them was the owner) to make us the drink...
Then the owner came to me and he told me I should have told the guy that replaced him to make me the drinks, i told him how could I know it works that way?
And instead of trying to make excuses for why I don't have my drinks and blaming me for it, he obviously didn't care for what u had to say but I tried explain him how long I've been waiting and that I should have been taken care off and that he's been very rude for trying to excuse the situation instead of handling It property...
End of story, He got mad he said I'm the owner and that I'm not going to talk to him that way and he walked away from me!


So to sum it all up, I waited a while until I was served, the tender argued with me that chocolate always has milk inside ( just a lack of knowledge) the owner saw us waiting and waiting , looked at us while serving others, and than he got the nerve to be mad at me for being upset....!!!!",Eastside,The Bricks,12.1,2.38,19.6,5,26-35,Prefer not to say,Asian
gHUkEhOWnsgHft9SzkSiZQ,Guest_8757,2015-12-24,4.0,Just came here for cocktails on a Tuesday night. The bar was full but not very busy otherwise. We got the huckle punch and Constantine. The huckleberry vodka in the huckle punch is one of my favorites so loved that drink and the Constantine also very good if you like bourbon! Service was very good and prices were reasonable. Had $3 taco deals and a very cute coffee bar so would definitely be interested in coming back to eat or for a good studying place!,Eastside,The Bricks,16.95,3.12,18.4,5,36-45,,Native American
De-IwBjVk0Rkn1mGQ8GIbQ,,06.12.2011,5.0,"A must when you are in Ybor.  I ate and drank here multiple times a day for my 5 day trip to Tampa.  Every single meal was spectacular.  The Skinny bitch latte is perfect to start the day.  The proper grilled cheese is amazing, just wish they would have tomato soup to go along with it.  And you can't find better bartenders anywhere else in town.",Eastside,The Bricks,,2.69,18.2,2,,Non-binary,African American
dxp5wFqMeO2x3Rz-8km5Cw,Guest_5529,27.05.2017,5.0,"Where do I start:
Phenomenal food
Excellent Bartender - I didn't know what to drink and bartender created one to her liking
Great Atmosphere
Great music - DJ on Friday Night was awesome
Even the free water in the beginning tasted amazingly
Definitely would go again",Eastside,The Bricks,18.27,2.64,14.4,3,65+,Non-binary,Hispanic
PJv1iTOgQTS0Aan6_UAZnw,Guest_3573,10/31/2013,4.0,,Eastside,The Bricks,6.29,0.0,0.0,1,,Non-binary,Caucasian
J6PwgKRAnTAfSCqKSBq-bg,,2015-08-08,4.0,"Great craft beers, friendly bartenders, and AMAZING, delishous food. The vegetarian Cuban sandwich was wonderful!",Eastside,The Bricks,14.83,2.38,16.1,4,26-35,Non-binary,African American
eoFZMOL0XJ9yF8sW3OChIw,Guest_6339,19.11.2017,4.0,,Eastside,The Bricks,,0.0,0.0,1,56-65,Male,
rSkTYJMKMUg8QHpsfV6syw,Guest_9572,20.07.2017,3.0,"I walked into the restaurant and the general scene was promising: a friendly environment with interesting decor like a diner, despite being poorly lit.

I ordered the ""King Fu pork bowl"" and a macchiato, to which the waitress replied that their barista doesn't really make it the traditional way. I still ordered it.

The macchiato came first, and to my surprise it was in a mug filled to the brim. I let the barista know that I ordered a macchiato, not a latte or cappuccino, and she said that she knows that, she made a macchiato. After a brief discussion I discovered she doesn't know what a macchiato was. I went back to my table. 

The food came. The pork was room temperature and the rice was plain. The dish lacked flavor overall. 

Maybe they don't specialize in rice bowls as it was a smaller item on their menu, but that was my experience.",Eastside,The Bricks,8.5,1.97,23.2,2,36-45,,African American
rno5BeYy-bMFKINk43MmNw,Guest_6690,30.05.2014,5.0,"It is definitely a place to bring your friends and chat. I love their different types of Peanut Butter sandwiches. Amazing! Not only that, but the inside environment is just so positive and provides inspiration.",Eastside,The Bricks,,4.13,28.6,2,65+,Female,Asian
zs4OcjXPJOkdhKV_CtRgpQ,,2014-06-11,,,Eastside,The Bricks,17.71,5.31,30.0,2,,Female,Other
De-IwBjVk0Rkn1mGQ8GIbQ,,12/06/2011,5.0,"A must when you are in Ybor.  I ate and drank here multiple times a day for my 5 day trip to Tampa.  Every single meal was spectacular.  The Skinny bitch latte is perfect to start the day.  The proper grilled cheese is amazing, just wish they would have tomato soup to go along with it.  And you can't find better bartenders anywhere else in town.",Eastside,The Bricks,,18.21,35.0,1,36-45,Male,Hispanic
79szQCU8GqpMZYtRX2rKvw,Guest_5927,11/07/2017,3.0,,Eastside,The Bricks,27.9,4.06,14.6,2,,Non-binary,
3FfhPCMT5T2e369qqYfV7g,,09/10/2015,,"The Bricks has a super cool vibe. I've visited multiple times for dinner and once for drinks. I'm always impressed with their sandwiches and other food. Normally everything is very fresh and tasty. They have a good sized line up of craft beers most of them local to the area, which is something I'm always looking for. 

It's sort of a dive-y location on the outskirts of the main part of Ybor. Late night they have a small menu of appetizers/small plates and have a DJ. It's clientele leads to some awesome people watching. 

All in all, definitely worth a try. It's not super fancy, so it's perfect for a casual dinner or a new place to try to grab a beer (there's a full bar as well).",Eastside,The Bricks,19.47,4.55,23.4,4,46-55,,
rSkTYJMKMUg8QHpsfV6syw,Guest_2232,2017-07-20,3.0,"I walked into the restaurant and the general scene was promising: a friendly environment with interesting decor like a diner, despite being poorly lit.

I ordered the ""King Fu pork bowl"" and a macchiato, to which the waitress replied that their barista doesn't really make it the traditional way. I still ordered it.

The macchiato came first, and to my surprise it was in a mug filled to the brim. I let the barista know that I ordered a macchiato, not a latte or cappuccino, and she said that she knows that, she made a macchiato. After a brief discussion I discovered she doesn't know what a macchiato was. I went back to my table. 

The food came. The pork was room temperature and the rice was plain. The dish lacked flavor overall. 

Maybe they don't specialize in rice bowls as it was a smaller item on their menu, but that was my experience.",Eastside,The Bricks,21.86,3.79,17.3,3,65+,Female,Asian
_aJ77lzyw1BhFqRU-wPwhA,Guest_8974,03/02/2012,4.0,fun place with a nice atmosphere. Ordered the Elvis which is a good sandwich with peanut butter honey bananana and bacon! it sounds weird but it was delicious.,Eastside,The Bricks,13.97,2.81,20.1,3,46-55,Non-binary,Native American
P3PXmTyL5hzvqaCdJGk90w,Guest_1197,11/18/2015,5.0,,Eastside,The Bricks,15.09,3.15,20.9,3,65+,Female,Native American
dFgGps6gQQbWoKOR60X72w,,2012-03-02,5.0,"My friend and I visited Tampa for a concert, and about ten minutes away from the Atlanta airport he realized that he had purchased tickets for the wrong day. We had already made hotel reservations and bought the concert tickets, so he just had to pay same-day price for airfare: all in all about $800 more. ""It was totally worth it,"" he later told me, ""Because I got to have the best sandwich of my entire life.""

All because we randomly picked the Bricks of Ybor from Yelp. I can't vouch for the peanut butter or meatless menu, but the meat sandwiches that we bought were absolutely phenomenal. I had the pulled pork, which was flavored with ponzu and served on Hawaiian sweet bread. It was one of the best meals I've had in a long time. We spent a few hours hanging out and drinking, during which time Brian, the owner, came out and talked to us, comped us a drink, let us try new appetizers he was developing (all for free) and generally made us feel really welcome. 

I kept my eyes open to the kind of crowd that came in and out of the restaurant. It seemed to draw everything from hipsters to geriatrics and strait-laced families with young kids. I think it speaks to both the diversity of the menu and the pleasant environment. We went back for drinks before and after the concert. It got very crowded but we still received excellent food, drinks and service. I give this restaurant my strongest recommendation, and it's the first place I'm going when I next visit Tampa.",Eastside,The Bricks,15.6,3.89,24.9,1,,Male,
xZnk3q-AHjpN6aSR_6Sqhg,,2011-11-02,5.0,,Eastside,The Bricks,53.07,15.92,30.0,2,,Non-binary,Hispanic
RDpU2WQuBhhCWPJWojmFvw,,2012-01-07,4.0,,Eastside,The Bricks,23.25,5.16,22.2,2,26-35,,Other
ylcQSUvE8VHikFz_gWIWWQ,Guest_5021,08/19/2017,5.0,"This is THE BEST spot for food and drinks in Ybor.  The drinks are amazing and the food is top notch. Cool, laid back atmosphere and amazing bar!! All of the staff are helpful and accommodating!! Best happy hour!!!",Eastside,The Bricks,10.19,1.63,16.0,2,26-35,Male,Mixed
2umV3kR4UxjuYV4wU7Qw1w,,07.02.2014,4.0,,Eastside,The Bricks,,4.18,13.3,4,46-55,,Native American
4zK6gMub9v__3lsr9FU7KQ,Guest_9985,01/18/2015,5.0,"Very fresh food- they actually make their own stuff! We ate lunch at the bar and the bartender went out of his way to help my husband find a good gluten free option. 

I ordered the black bean burger and it was delicious! Great atmosphere as well. Definitely recommend this place as there are not all that many fresh and relatively healthy places in the area. Wish we had found it sooner!",Eastside,The Bricks,,1.86,14.8,3,,,Other
uoiQHg2o0l9eNvOESYq1UA,Guest_3857,2016-03-07,1.0,"It sucks, don't go!!!!!!!!!!!!!!!!!!!!!!!!!!!!!!!!!!!!!!!!!!!! Cold food, stuck up waiters, expensive drinks",Eastside,The Bricks,45.84,0.0,0.0,8,65+,Prefer not to say,Caucasian
UDE36dmZLk5NQvHWFs7ouQ,Guest_5689,2012-05-02,4.0,"I thoroughly enjoy going to the Bricks.  It's unique atmosphere with cheap, but tasty, food options combine for a great experience.  

The term hipster is thrown around a lot these days and while you may be greeted and surrounded by people in skinny jeans, wearing Toms shoes, IMAX glasses, and an extra piercing, you are treated no differently.  I always feel warmly welcomed and entertained.  

As it does have a large bar, it may get rowdy in the evenings, but the Bricks maintains a family-friendly atmosphere.  

I ate the Bird and Pig meal once, very very good, and the breakfast bagel the next time.  The fiancee had black bean soup and a grilled cheese sandwich.  Very tasty combination. 

Highly recommend!",Eastside,The Bricks,32.72,7.18,22.0,5,,Non-binary,Asian
R_A16STMTt2oZGmpH0R0lA,Guest_9099,2012-09-12,,"We went at a slow time on a weekday afternoon for a late lunch because we were all wanting sandwiches. So between us all we had: the Bird & Pig, BBQ quesadilla, ahi BLT, clubhouse and kids pbj. All the sandwiches were great! Service was a bit slow though. If I was in the area again I may try again but I would not go out of my way to eat here.",Eastside,The Bricks,23.74,8.31,35.0,4,26-35,,Asian
P3PXmTyL5hzvqaCdJGk90w,Guest_9396,11/18/2015,5.0,"The Bricks of Ybor is a restaurant, bar, and coffee bar in Ybor City and also has live music and special events at times. It is affiliated with the SkatePark of Tampa (SpoT) which has a shop next door and there are skateboard decks mounted on the walls of The Bricks as artwork and they play skate videos on the TVs above the bar; as I'm a skater myself, this is if anything just the icing on the cake for me. 

However, The Bricks' ardent support of skateboarding would not be enough to garner a five-star review alone, but thankfully it measures up in all other regards. The interior atmosphere is lively, inviting, and unique. The waitstaff and bartenders are on point, outgoing, friendly, and most importantly, quite prompt. As to the food, it's fairly simply fare but very tasty and very well-prepared. Tacos, a variety of Cuban sandwich variants, and some salads compose the lion's share of the menu. I had the Bird & Pig Cuban sandwich and also an order of chips and queso dip. The queso was especially good, which impressed me because too often things like queso are simply after-thoughts at bar-type restaurants. The sandwich itself was also very good. They have a full bar with a good selection of bourbons and ryes and also an expectedly good selection of beer, with an emphasis on Tampa's local brews. The wine list also looked better than you'd think for a casual bar atmosphere. Overall, it's clear they're investing in quality here. 

While their skateboarding association was enough to grab my attention to The Bricks, their stellar food and service are what really sets them apart. Ybor has a reputation for food being hit or miss, as is the case with many touristy areas, but The Bricks I found to be simply and casual yet truly impressive.",Eastside,The Bricks,14.47,4.07,28.1,2,65+,Female,Caucasian
aHtgSP4nTEtHvYQ0TE6w1g,Guest_9398,02.10.2017,5.0,,Eastside,The Bricks,20.44,2.16,10.6,2,,Female,Hispanic
1zcUh5uv1Qvv3mqYKC5QdA,,04.03.2017,4.0,"This was my first time here and I would recommend it! I had the Liquid Heroin (espresso, chocolate and milk) and the Bird and Pig. These two are the Bricks specialities. The Bird and Pig has chicken, bacon, apple, Brie, and honey. It is a perfect combination of salty and sweet. For dessert, we had the Ice Cream Sammy. A chocolate chip cookie with vanilla bean ice cream and chocolate syrup. I was a bit disappointed on the dessert because I was expecting the cookie to be soft and warm, it was the opposite; very hard. Overall the atmosphere is nice and I would come back to try some of the other specialties they have!",Eastside,The Bricks,27.2,6.63,24.4,2,18-25,Female,Hispanic
F4_DYi_7czpyLMrErrKaQg,Guest_3148,08/01/2011,,"We cam here for my wife's birthday this year that also just so happens to be Cinco De Mayo. We didn't want to go to a mexican joint so we chose the Bricks after reading some specials that they had going online. I have to say it was a good night and a lot of fun. Good drinks as well as food. Great ambiance, this is an older building in Ybor that they really did a great job of restoring. These guys are always having great food and happy hour specials. You won't be disappointed.",Eastside,The Bricks,5.58,0.47,8.5,2,,Female,Hispanic
rPf97Sb-wcMOJ1XBO8M9EA,Guest_9092,06/27/2018,5.0,"Have come to The Bricks a few times as I wait for classes, there is wifi and it's a nice environment to sit, eat, grab a beer and do some homework. If I'm in Ybor for an extended period of time and have to wait, I usually try to make it here as much as I can.",Eastside,The Bricks,19.37,4.83,24.9,2,,,Hispanic
NYilSGDWsYrFnB2EpDRMFA,Guest_7492,02/04/2018,2.0,"My wife and I have visited twice, and another time with friends. While we like the food and beer choices, the servic is inexcusably very slow. We visited on a Saturday afternoon around 5:00 and the place was only 1/3 full. Took a while for our server to greet us, arrived just when we were about to get up and leave. Ordered a beer for each of us and waited at least 10 minutes before I finally got up to ask the bartender about our drinks (after watching him not making any drinks for several minutes and serving a few others who just arrived at the bar). I could barely get the words out before he says they'll be right up. I sit back down, and he still doesn't pour them. We were about to leave again when another bartender made eye contact and she poured the drinks and brought them to us. While our waitress was friendly, she should have been checking on our drinks. Same slow expereince with the other two visits, this time we are certain we will not be back.",Eastside,The Bricks,24.39,4.75,19.5,2,,Male,Caucasian
s7X6kSDGGlowmEqCDEh2SQ,,06/29/2014,3.0,,Eastside,The Bricks,15.89,2.87,18.1,2,,Female,Mixed
fRdKsfvptL0A4aFfVPkZQQ,Guest_8352,10/06/2013,5.0,"Came hungry and left full but not stuffed. The goodness wrap was named appropriately. Hummus with cucumber, tomato, lettuce, feta cheese and I added avocado was very flavorful. No need for any sauce of any kind. Had the potato salad as a side and though it was a bit bland, added a little salt to it, it was still good. Glad they don't add mayo to it and tasted home made for sure. Nice ambience too, decorated for Halloween. I'm not a fan of TV's while dining, but will always give a pass when they have good tunes playing so don't have to listen to TV. Only saw 2 servers on but it wasn't that busy on this Sunday afternoon. Server was knowledgeable and personable so not sure why others complained about rudeness. Saw none of that.",Eastside,The Bricks,,0.0,0.0,2,18-25,,Hispanic
zGNexIUL8EG3_hTXpSY_Iw,,05/09/2014,4.0,"I dined here for the first time with my daughter, who is a regular. We had the Hummus appetizer. I had the Bricks Club and she had the specialty Grilled Cheese. The food was fresh, tasty and full of flavor. The service was very good. The bottle of ice water they bring is a classy touch. The ambiance is eclectic. My daughter told me normally the place is full of hipsters, but the crowd was spare on the day we were there. The prices are reasonable and in line with the usual and customary norms for Tampa. I don't drink, but it looked like they have quite an assortment of craft beer available.",Eastside,The Bricks,,2.41,18.2,1,18-25,Prefer not to say,
jrGMuHix2T4NvxVmR0yF_g,Guest_1117,2013-02-27,5.0,"Great atmosphere, always a good variety of music playing, excellent food and an increasingly diverse drink menu make this possibly my favorite place in Tampa. The Bird and Pig could quite possibly be the best sandwich in the history of sandwiches! Chicken, bacon, Brie, agave on Hawaiian sweet bread....yum! Also, try Root Down on the drink menu. Tastes exactly like Root Beer!",Eastside,The Bricks,25.96,3.87,14.9,2,,Female,Mixed
zbaEspWboOPPonKjB4jbWA,,29.06.2012,4.0,"A couple of nights ago the Tampa Bay Lady Bloggers met at The Bricks for our monthly book club meeting. The staff was very welcoming and was happy to push together several tables for us. Our server was so nice and helpful and cheerfully took a group photo for us (annoying bloggers). The ""hole in the wall"" atmosphere at The Bricks is fun and eclectic, with local art for sale lining the walls. I loved the laid-back, hip feeling of the place. I had the ""brick,paper,scissors"" martini and it was so refreshing and delicous that I had to get a second with my entree. The table shared an order of the ""bricklayer"" nachos and they were okay, but the house-made salsa on the side was out of this world. For my entree I got the ""bird and pig"", based on so many great Yelp recommendations. It did not disappoint with thick, crispy bacon, sweet apples and agave nectar, tasty chicken and delishous pressed ""sweet"" bread. I almost caved in and got the Ahi tuna BLT because it looked so good on the menu...I'll definately be back and try that next time to compare. Thank you Bricks for hosting our meet-up. See you again soon I hope! My blog post about our meeting at The Bricks is here: http://carolinecalcote.com/2012/06/28/tampa-bay-lady-bloggers-book-club/",Eastside,The Bricks,,1.08,4.5,2,36-45,Male,Mixed
4zK6gMub9v__3lsr9FU7KQ,Guest_5807,01/18/2015,5.0,Very fresh food- they actually make their own stuff! We ate lunch at the bar and the bartender went out of his way to help my husband find a good gluten free option. I ordered the black bean burger and it was delicious! Great atmosphere as well. Definitely recommend this place as there are not all that many fresh and relatively healthy places in the area. Wish we had found it sooner!,Eastside,The Bricks,24.2,8.47,35.0,1,36-45,Male,Asian
79szQCU8GqpMZYtRX2rKvw,Guest_9478,11/07/2017,,"This is more of a drinking place than dinner. I didn't enjoy dining here at all, the service was slow and the acoustics of the place made It impossible to have a conversation. The veggie cubano was pretty good and the drinks were strong though.",Eastside,The Bricks,20.42,7.15,35.0,2,46-55,Non-binary,Asian
4Wxmz2w4cbaOepnIwcI1ig,Guest_5889,12/23/2014,,,Eastside,The Bricks,13.39,1.86,13.9,2,26-35,Prefer not to say,
nAdvLArVs5EaKwrOvFXTuQ,Guest_5188,11/13/2014,5.0,I ordered the bird and pig with Asian slaw.. $10. The sandwich is warm and pressed. It has pulled chicken inside. I was worried it would be dry. IT'S NOT. Very moist! Thick cut bacon and thinly sliced green apple.there was also a mayo type sauce. .tasted a bit sweet...Boy was this sandwich great!! The Asian slaw was delicately dressed with the careful handed use of sesame oil. Fantastic! And they have a large assortment of Florida brewed beers. The Wynwood iPA was so flavorful and foam on top just pillowy. Atmosphere relaxed. Staff is friendly and servise great. I was here on a Thursday night about 6pm. Nice and clean.,Eastside,The Bricks,22.14,2.42,10.9,3,,Non-binary,Native American
hBzLjPySOBHDz0NiGf6SfQ,Guest_1348,2018-06-09,4.0,"Friendly service & neat building. Depending on the atmosphere you are looking for, the music is a bit loud.",Eastside,The Bricks,5.27,1.18,22.4,2,26-35,Male,Hispanic
eWzgGaazlADYOBS_hzFLtA,Guest_2836,05/09/2014,4.0,"Tasty place to grab a unique sandwich or something else with some tasty beer. I love the decor in this restaurant, as it seems to marry bricks, random tomfoolery, and nerdiness quite well. I've enjoyed most things there. The Bird and Pig was quite good as well as their veggie burger. They also have lots of theme nights, but I've never been to one.",Eastside,The Bricks,5.66,0.93,16.5,4,,Non-binary,Caucasian
uoiQHg2o0l9eNvOESYq1UA,Guest_8560,07.03.2016,1.0,,Eastside,The Bricks,15.41,3.06,19.9,1,36-45,Male,Native American
4Wxmz2w4cbaOepnIwcI1ig,Guest_5649,2014-12-23,5.0,"While I was in Tampa for the last 2 years, The Bricks was a second home. Great food and even greater people. I moved back to Seattle and left making friends. Wish I could've brought The Bricks and my new friends back with me. Definitely a place for locals and visitors to check out!",Eastside,The Bricks,20.79,8.32,40.0,4,56-65,Prefer not to say,Mixed
TCzaF5Lj0NLoCQuIujEzJg,,30.11.2014,,,Eastside,The Bricks,31.2,5.68,18.2,2,18-25,Non-binary,
RDpU2WQuBhhCWPJWojmFvw,Guest_5137,01/07/2012,4.0,"The husband and I had a kid free day so we decided to have a (gasp) lunch date. We picked The Bricks because...well why the hell not. As soon as we walked in I loved the place. It was bright and cozy at the same time. The staff was super friendly and we got the vibe that we could hang out all day if we wanted. I ordered the most deliciuos ""adult"" coffee to drop kick the sleepiness out of my head. The coffee was SUPER yummy and the liquor did the trick. It took me a while to figure out what I wanted to eat because everything on the menu looked soooo good and I was super hungry. In the end, I decided on the Harvest Grill Cheese Sandwich.....nom nom noom.....I was not dissappointed. It hit the spot and filled my belly with melty cheesy goodness. The bread was fresh, crunchy, tender and tasty. The sandwich innards were porportioned perfect. The Gouda, bacon and apple playing off each other in perfect harmony. GO HERE AND EAT! I cannot wait to go again and feel this will be a staple on our lunch resturant list. Even if your not hungry this would be a wonderful place to have a drink and just chill day or night. Thanks Bricks for a great lunch!",Eastside,The Bricks,14.12,2.17,15.4,4,26-35,Prefer not to say,Hispanic
rzkOryEsl-T1AvF6e3DcIw,,05.12.2012,4.0,"Either ate or had drinks here a few times over the summer as my office was just upstairs.  I'm not a vegetarian, but the Goodness wrap is a knockout.  I also greatly enjoyed the chili I had here, though it was a special so I'm not sure how often it comes around.  I'm not really into the hipster vibe of the staff, but I never had any service problems and that's what is most important.  

I definitely don't live or die by The Bricks but it's a place I would suggest if you're ever in Ybor City.",Eastside,The Bricks,,2.24,23.1,4,56-65,Male,Caucasian
xZnk3q-AHjpN6aSR_6Sqhg,Guest_6163,11/02/2011,5.0,"They have a super friendly staff and a simple modern decor.

I enjoyed the Six Degrees of Kevin Bacon exhibit on display.

I got a really young and hip vibe from this place, and the sandwiches are amazing!",Eastside,The Bricks,15.8,3.2,20.3,5,36-45,Female,
OhxIJjuDwcA0tRwXImwpeA,Guest_9531,08/24/2014,3.0,"I have to say that the food here is good; however, the staff/service could be better. My sister and I came here for lunch and a few drinks. My sister ordered a drink off the menu and 10+min later, as we're finishing our lunch, the waitress comes back and says ""sorry, our bartender doesn't know how to make that"" ..... So the bartender doesn't know how to make the drinks listed on the menu? And the 10+mins. it took to tell us that, it could have ben googled and made. I don't want to bash this establishment, but the customer service has always been an issue here. I would recommend continued training to both current and new staffers to improve their level of knowledge and customer service",Eastside,The Bricks,11.08,3.88,35.0,2,,Male,Hispanic
4ywDqRoYjy16Z_UFox0qTg,Guest_1098,22.07.2012,,,Eastside,The Bricks,,2.52,13.3,2,,Prefer not to say,Caucasian
BCLvpd08Ci4Tcq-fIRhZdA,Guest_2315,2017-08-08,2.0,"Leaving this 2-star review in response to the food, not the place as a drinking/hangout spot...although the wine was crap, too. 2-Stars awarded for the Nintendo 64 and all of the nostalgia-worthy games, the decent choice of drafts (even if they were out of the draft I ordered), and the great service from the staff. The food, on the other hand, will make you wish you had eaten at home. My wife and I went out as a treat because we didn't feel like cooking, but the majority of our food was sub-par. I got the shrimp po-boy which was not a po-boy by definition (it was just shrimp on a crappy sandwich...no French bread, no Cajun sauce or even enough Cajun seasoning, and the shrimp was obviously frozen-thawed not fresh). One of the shrimps was even gray when I bit into it, and the sandwich itself smelled more like old fish than fresh shrimp. My wife got the Athena chicken sandwich and that was just so-so, with the overwhelming taste of feta disguising the low-quality factory chicken they use for the sandwich. The best part of our collective meals was the mixed greens we ordered as a side, so I wouldn't exactly recommend ordering food here unless you're completely hammered and taste is not a priority.",Eastside,The Bricks,9.09,2.54,28.0,1,65+,Male,
N1BiMP9r3IsmEzChi9PPwA,Guest_7061,23.02.2011,4.0,"I read the reviews on Yelp and decided to check out Bricks of Ybor for myself. 

Nice atmosphere and hip music playing in the background. I sat at the bar and watched the flat screen televisions (they were playing the History Channel on one TV. & ""Shaun of the Dead"" on another TV.). 

Good beer on tap (I tried the IPA -- it was good) and a small menu specializing in appetizers, salads & sandwiches. I ordered the hummus plate and the iceberg wedge salad -- both were delicious. The blue cheese dressing on the salad was particularly scrumptious. 

For one beer and an app and a salad, my bill came to just under $25 before tip -- kinda expensive (considering they no longer serve the ""salmon spread"" on the hummus plate -- should that really be priced at $10, still?).",Eastside,The Bricks,20.16,3.81,18.9,2,18-25,Male,Other
eNHgYkJwmuM0Gg42AL6V6Q,Guest_2861,2017-01-31,1.0,"If you're immune to salmonella poisoning then this is the perfect place for you! Very overpriced, minimum effort in providing authentic food NOT out of a can. They undercook the chicken and it taste like refrigerator. Please don't waste your hard earned cash on half assed food. Unless you just want drinks and a good time with friends, don't come here.",Eastside,The Bricks,25.86,3.98,15.4,2,56-65,Female,Asian
UDE36dmZLk5NQvHWFs7ouQ,Guest_3680,2012-05-02,4.0,"I thoroughly enjoy going to the Bricks.  It's unique atmosphere with cheap, but tasty, food options combine for a great experience.  

The term hipster is thrown around a lot these days and while you may be greeted and surrounded by people in skinny jeans, wearing Toms shoes, IMAX glasses, and an extra piercing, you are treated no differently.  I always feel warmly welcomed and entertained.  

As it does have a large bar, it may get rowdy in the evenings, but the Bricks maintains a family-friendly atmosphere.  

I ate the Bird and Pig meal once, very very good, and the breakfast bagel the next time.  The fiancee had black bean soup and a grilled cheese sandwich.  Very tasty combination. 

Highly recommend!",Eastside,The Bricks,,3.22,22.2,1,46-55,Non-binary,Other
nWXxee5pTo9vvnbB6ir-4g,Guest_7697,2016-06-24,3.0,"First of all I would like to say this is a pretty cool place. They have a great selection of beer and booze. The bartenders were very attentive and made awesome drinks. I was there on a Thursday night with a wedding party of about 12 people and we were having a great night. This is where I would love to end this review because based on the atmosphere and bartenders, this is a really chill place to hang out in ybor. Unfortunately, there is more to the story.

Later in the night, the bar started clearing out. The only people in the bar were myself, the wedding party I was with, the bartenders, and 3 other people. That's it. We (the wedding party) thought it would be fun to do the wobble and since the DJ was playing hip-hip anyway, we figured that it wouldn't be an issue to request that he play the wobble. After All, there wasn't many people in the bar anyway. Upon requesting to the DJ that we would like him to play the wobble he proceeded to respond with statements like ""I refuse to play that song"" ""I don't like that song"" ""I'm not a jukebox"". After briefly sharing our differences of opinion, I went to the bar to get a drink. At this time the DJ also walked up to the bar as we were kindly telling the bartender that they might want to reconsider their DJ choices because he was more concerned with what he wanted to hear, rather than what the patrons of the bar wanted to hear. Upon sharing our opinion with the bartender, the DJ butts in again to express that ""I'm the DJ, and I'll play what I want to hear"" that irritated me and I got a little heated. The bartender proceeded to cut me off because I argued with the DJ. I totally understand that, the bartender did the right thing there to calm down a situation. 

Point of my long story is, I really hope this place reconsiders their DJ choices in the future. They need someone that will play what the patrons want to hear and not what he wants to hear. Maybe that's just my opinion, but I feel that I make a strong case considering that by the time it was all said and done, our party was the only people in the bar. So, instead of 5 stars, I'm marking it a 3 based on the DJ alone.",Eastside,The Bricks,9.88,1.82,18.4,4,46-55,Prefer not to say,Native American
6W_KEeCPnxjcuD6u4UXi0Q,Guest_6008,2017-06-18,5.0,"Came for Father's day brunch, and will defintely come back. great selection of vegetarian food. Veggie Cuban and cheese grits were awesome. .and service was so good!",Eastside,The Bricks,27.52,5.25,19.1,4,,,African American
RDpU2WQuBhhCWPJWojmFvw,Guest_3363,01/07/2012,4.0,"The husband and I had a kid free day so we decided to have a (gasp) lunch date.

 We picked The Bricks because...well why the hell not.  As soon as we walked in I loved the place.  It was bright and cozy at the same time.  The staff was super friendly and we got the vibe that we could hang out all day if we wanted.

I ordered the most delicious ""adult"" coffee to drop kick the sleepiness out of my head.  The coffee was SUPER yummy and the liquor did the trick.

It took me a while to figure out what I wanted to eat because everything on the menu looked soooo good and I was super hungry.  In the end, I decided on the Harvest Grill Cheese Sandwich.....nom nom noom.....I was not dissappointed.  It hit the spot and filled my belly with melty cheesy goodness.  The bread was fresh, crunchy, tender and tasty.  The sandwich innards were porportioned perfect.  The Gouda, bacon and apple playing off each other in perfect harmony.

GO HERE AND EAT!  I cannot wait to go again and feel this will be a staple on our lunch resturant list.  Even if your not hungry this would be a wonderful place to have a drink and just chill day or night.

Thanks Bricks for a great lunch!",Eastside,The Bricks,25.65,3.94,15.4,3,65+,Non-binary,Hispanic
eoFZMOL0XJ9yF8sW3OChIw,Guest_7707,2017-11-19,4.0,"Yummy food, good vibes, & nice srvice. Music wasn't too loud. Could hold a conversation without hearing everyone else's. I had the Bird & Pig (the way it comes) with the Mac & Cheese. I also had the Hukilau. Not a fan. It sounded sweeter than it was. Still giving it a 4 for the food service and atmosphere. It's not their fault I didn't like the alcohol. Had a quick bite of the nachos and may have to orders those for the table next visit.",Eastside,The Bricks,32.42,6.63,20.5,3,,Male,Hispanic
De-IwBjVk0Rkn1mGQ8GIbQ,Guest_1699,12/06/2011,5.0,"A must when you are in Ybor.  I ate and drank here multiple times a day for my 5 day trip to Tampa.  Every single meal was spectacular.  The Skinny bitch latte is perfect to start the day.  The proper grilled cheese is amazing, just wish they would have tomato soup to go along with it.  And you can't find better bartenders anywhere else in town.",Eastside,The Bricks,59.63,9.11,15.3,2,36-45,Female,Caucasian
cyVCkTAFWVqZnTPJfS2IUw,Guest_9639,05/08/2013,3.0,"We came here on a bustling Saturday. Needless to say, Bricks of Ybor was vacant. A few people were at the bar and some people were sitting outside. The service was subpar and the bartender must have had the worst day of her life. She hated everyone who asked to close their tab. Oh well. 

I should put a disclaimer that I hate Ybor. It brings me nothing but sorrow.",Eastside,The Bricks,,3.01,12.1,2,18-25,Prefer not to say,
nWXxee5pTo9vvnbB6ir-4g,Guest_1284,06/24/2016,,"First of all I would like to say this is a pretty cool place. They have a great selection of beer and booze. The bartenders were very attentive and made awesome drinks. I was there on a Thursday night with a wedding party of about 12 people and we were having a great night. This is where I would love to end this review because based on the atmosphere and bartenders, this is a really chill place to hang out in ybor. Unfortunately, there is more to the story.

Later in the night, the bar started clearing out. The only people in the bar were myself, the wedding party I was with, the bartenders, and 3 other people. That's it. We (the wedding party) thought it would be fun to do the wobble and since the DJ was playing hip-hip anyway, we figured that it wouldn't be an issue to request that he play the wobble. After All, there wasn't many people in the bar anyway. Upon requesting to the DJ that we would like him to play the wobble he proceeded to respond with statements like ""I refuse to play that song"" ""I don't like that song"" ""I'm not a jukebox"". After briefly sharing our differences of opinion, I went to the bar to get a drink. At this time the DJ also walked up to the bar as we were kindly telling the bartender that they might want to reconsider their DJ choices because he was more concerned with what he wanted to hear, rather than what the patrons of the bar wanted to hear. Upon sharing our opinion with the bartender, the DJ butts in again to express that ""I'm the DJ, and I'll play what I want to hear"" that irritated me and I got a little heated. The bartender proceeded to cut me off because I argued with the DJ. I totally understand that, the bartender did the right thing there to calm down a situation. 

Point of my long story is, I really hope this place reconsiders their DJ choices in the future. They need someone that will play what the patrons want to hear and not what he wants to hear. Maybe that's just my opinion, but I feel that I make a strong case considering that by the time it was all said and done, our party was the only people in the bar. So, instead of 5 stars, I'm marking it a 3 based on the DJ alone.",Eastside,The Bricks,8.94,2.18,24.3,4,,Prefer not to say,Hispanic
UmA-9d4M4x8F5UKkVCAjEg,Guest_6707,19.01.2015,5.0,,Eastside,The Bricks,17.54,6.14,35.0,2,18-25,Prefer not to say,Hispanic
siwaa7bmNx91IxRVWwhp3g,Guest_2907,05/29/2014,4.0,"Recently stopped in during a bar crawl for some drinks and Battletoads. Couldn't eat the buzz away, but loved what I saw. Photos on walls showed the transformation from Tahiti Joe's/Latitudes into The Bricks of today, and brought back some old Ybor memories. The staff was kind, and the video game corner was a blast. Delicious coffee, and had an artsy feel as well. Every food item that passed our sniffers en route to their respective hipster pie holes was cause for comment. I will certainly be coming by for a sammich at this place.",Eastside,The Bricks,6.22,0.72,11.5,6,65+,Non-binary,Mixed
rPf97Sb-wcMOJ1XBO8M9EA,Guest_7700,06/27/2018,5.0,"Have come to The Bricks a few times as I wait for classes, there is wifi and it's a nice environment to sit, eat, grab a beer and do some homework.  If I'm in Ybor for an extended period of time and have to wait, I usually try to make it here as much as I can.",Eastside,The Bricks,39.35,6.89,17.5,2,65+,Prefer not to say,Asian
ntNxLQQTBZhYVGZpvUQYzw,Guest_2291,2016-09-08,5.0,My favorite lunch spot in Ybor. Best greek salad of all time. Great service.,Eastside,The Bricks,29.98,6.7,22.3,4,,Non-binary,Other
N4J7LZI9eKDt4U0RLpWEww,Guest_4826,03/30/2017,5.0,,Eastside,The Bricks,,7.88,23.1,3,18-25,Prefer not to say,Other
EWgE8zamjHBz8CMRdLIHVw,Guest_9967,2011-12-03,4.0,"Lots of vegetarian options. The service was pretty fast. The skateboard wall was nice (Calvin & Hobbes represent!). The sandwich I got was a bit lacking in the flavor department. Really didn't know what to eat since I went here at night just before a binge of dancing and drinking. Didn't really feel into the peanut butter at that point in time. Next time I'll try their peanut butter creations, but I'll probably go for brunch or a late lunch since it seems the menu is more designed for that and not any pre-gaming.",Eastside,The Bricks,15.87,1.99,12.5,4,65+,Prefer not to say,Caucasian
uoiQHg2o0l9eNvOESYq1UA,Guest_5391,2016-03-07,1.0,"It sucks, don't go!!!!!!!!!!!!!!!!!!!!!!!!!!!!!!!!!!!!!!!!!!!! Cold food, stuck up waiters, expensive drinks",Eastside,The Bricks,36.45,6.25,17.2,3,26-35,Prefer not to say,Asian
rzkOryEsl-T1AvF6e3DcIw,Guest_6643,12/05/2012,4.0,"Either ate or had drinks here a few times over the summer as my office was just upstairs. I'm not a vegetarian, but the Goodness wrap is a knockout. I also greatly enjoyed the chili I had here, though it was a special so I'm not sure how often it comes around. I'm not really into the hipster vibe of the staff, but I never had any servic problems and that's what is most important. I definately don't live or die by The Bricks but it's a place I would suggest if you're ever in Ybor City.",Eastside,The Bricks,,2.31,10.2,2,,Male,Other
9g-mtjmWHY0miughafkXMQ,Guest_7254,12.07.2010,5.0,,Eastside,The Bricks,18.83,0.0,0.0,3,18-25,Prefer not to say,Asian
EVklXIXTKM7MroTzc-EsPA,Guest_2983,09.04.2017,4.0,,Eastside,The Bricks,21.83,3.15,14.4,5,,Non-binary,Other
3FfhPCMT5T2e369qqYfV7g,Guest_9745,2015-09-10,4.0,"The Bricks has a super cool vibe. I've visited multiple times for dinner and once for drinks. I'm always impressed with their sandwiches and other food. Normally everything is very fresh and tasty. They have a good sized line up of craft beers most of them local to the area, which is something I'm always looking for. 

It's sort of a dive-y location on the outskirts of the main part of Ybor. Late night they have a small menu of appetizers/small plates and have a DJ. It's clientele leads to some awesome people watching. 

All in all, definitely worth a try. It's not super fancy, so it's perfect for a casual dinner or a new place to try to grab a beer (there's a full bar as well).",Eastside,The Bricks,,3.88,16.3,1,26-35,Prefer not to say,Other
eNHgYkJwmuM0Gg42AL6V6Q,Guest_4663,31.01.2017,1.0,"If you're immune to salmonella poisoning then this is the perfect place for you! Very overpriced, minimum effort in providing authentic food NOT out of a can. They undercook the chicken and it taste like refrigerator. Please don't waste your hard earned cash on half assed food. Unless you just want drinks and a good time with friends, don't come here.",Eastside,The Bricks,29.24,4.11,14.1,3,18-25,Male,Native American
0F7dbDBRCGYd3wFBuVpFMA,Guest_1160,28.07.2014,4.0,"What an eclectic hipster joint, right in the heart of Ybor. The restaurant name alone fits the atmosphere perfectly. The menu options are unique, what might sound like it wouldn't mesh on the palette ends up making you want seconds and if drinking enough-- thirds. This is a great place to have a drink and a scrumptious sandwich on a Sunday. I had the bird and pig, perfect combination of savory and sweet.",Eastside,The Bricks,28.45,6.27,22.0,1,18-25,Non-binary,Hispanic
eNHgYkJwmuM0Gg42AL6V6Q,,2017-01-31,1.0,"If you're immune to salmonella poisoning then this is the perfect place for you! Very overpriced, minimum effort in providing authentic food NOT out of a can. They undercook the chicken and it taste like refrigerator. Please don't waste your hard earned cash on half assed food. Unless you just want drinks and a good time with friends, don't come here.",Eastside,The Bricks,17.72,3.5,19.7,3,,Female,Other
C5VBfvKrFBGl7uhEONk8OA,,2017-02-09,5.0,,Eastside,The Bricks,11.86,2.41,20.3,6,,Prefer not to say,Asian
ceZuAvgL5kULPFX4PFjIUg,,08/18/2017,5.0,Busy and noisy at 12:30 lunch on a Tuesday.   Quieter by one.  Nice interior gastropub.  My pork and arugala slaw sandwich was good.  It came on a bun that was soft enough to pull apart easily.  When I did so the levels stayed together.  The texture and taste of both the sandwich and the slighly curried potato salad side were good.  I found myself enjoying the overall experience and reluctant to leave.  A good value at less than $10.,Eastside,The Bricks,14.1,2.53,17.9,5,18-25,Non-binary,Mixed
RNtIj-FjLZFmGAp2Wy607A,Guest_5541,12/05/2012,4.0,,Eastside,The Bricks,46.24,10.0,21.6,2,65+,Male,Other
xZnk3q-AHjpN6aSR_6Sqhg,Guest_2568,02.11.2011,5.0,"They have a super friendly staff and a simple modern decor.

I enjoyed the Six Degrees of Kevin Bacon exhibit on display.

I got a really young and hip vibe from this place, and the sandwiches are amazing!",Eastside,The Bricks,17.86,1.67,9.4,1,26-35,Prefer not to say,African American
nWXxee5pTo9vvnbB6ir-4g,Guest_6658,24.06.2016,3.0,"First of all I would like to say this is a pretty cool place. They have a great selection of beer and booze. The bartenders were very attentive and made awesome drinks. I was there on a Thursday night with a wedding party of about 12 people and we were having a great night. This is where I would love to end this review because based on the atmosphere and bartenders, this is a really chill place to hang out in ybor. Unfortunately, there is more to the story.

Later in the night, the bar started clearing out. The only people in the bar were myself, the wedding party I was with, the bartenders, and 3 other people. That's it. We (the wedding party) thought it would be fun to do the wobble and since the DJ was playing hip-hip anyway, we figured that it wouldn't be an issue to request that he play the wobble. After All, there wasn't many people in the bar anyway. Upon requesting to the DJ that we would like him to play the wobble he proceeded to respond with statements like ""I refuse to play that song"" ""I don't like that song"" ""I'm not a jukebox"". After briefly sharing our differences of opinion, I went to the bar to get a drink. At this time the DJ also walked up to the bar as we were kindly telling the bartender that they might want to reconsider their DJ choices because he was more concerned with what he wanted to hear, rather than what the patrons of the bar wanted to hear. Upon sharing our opinion with the bartender, the DJ butts in again to express that ""I'm the DJ, and I'll play what I want to hear"" that irritated me and I got a little heated. The bartender proceeded to cut me off because I argued with the DJ. I totally understand that, the bartender did the right thing there to calm down a situation. 

Point of my long story is, I really hope this place reconsiders their DJ choices in the future. They need someone that will play what the patrons want to hear and not what he wants to hear. Maybe that's just my opinion, but I feel that I make a strong case considering that by the time it was all said and done, our party was the only people in the bar. So, instead of 5 stars, I'm marking it a 3 based on the DJ alone.",Eastside,The Bricks,13.37,3.45,25.8,2,65+,,African American
4lpkYTTdzqMuaZ4qoLlUgA,,07/01/2011,5.0,"Great, laid-back atmosphere, terrific food. The ahi was good quality, as were the hummus and curry dip. We're going back for the peanut butter sandwiches.",Eastside,The Bricks,16.72,3.96,23.7,3,26-35,Female,Native American
OkD1Hn96bO8NYIClN6bvyA,,24.01.2018,4.0,"2 words THE CURE! I ended up here after a night of one too many drinks (it happens). A friend recommended this place for a hang over cure! She was not mistaken! After reviewing their menu, which seemed a bit obnoxious, (I'm talking quirky names that require you read the description to be able to decipher what you're eating) I settled on the sandwich with an egg on it! Im a sucker for a runny egg on just about anything! Messy eggs, bacon, mozzarella, jalapeño aioli, on toasted cuban bread; this holy grail of a sandwich is called THE CURE! I have been back a few times to this establishment just for this sandwich, the mimosas too. Oh yea they have liquor so you can totally have drinks here. 

The ambience is very chill. There are a good amount of tables inside and bar seating; no outside seating. I have been here on a Sunday for brunch and found it to be pretty family/kid friendly. The whole place and most of the staff is painfully hipster but it works. The bathrooms are clean and there is a small back patio with mural art.",Eastside,The Bricks,26.84,3.07,11.4,1,,Non-binary,Hispanic
rPf97Sb-wcMOJ1XBO8M9EA,Guest_9367,2018-06-27,5.0,"Have come to The Bricks a few times as I wait for classes, there is wifi and it's a nice environment to sit, eat, grab a beer and do some homework. If I'm in Ybor for an extended period of time and have to wait, I usually try to make it here as much as I can.",Eastside,The Bricks,60.7,10.4,17.1,5,46-55,,Asian
miIwXNa5O-ILZaN_S3EH2g,Guest_3543,02/24/2014,4.0,,Eastside,The Bricks,39.18,0.0,0.0,3,,Prefer not to say,Hispanic
BceKC7jAlfmF6C-z-OTflQ,Guest_9463,19.08.2017,4.0,,Eastside,The Bricks,14.8,2.54,17.2,2,26-35,Female,Caucasian
rSkTYJMKMUg8QHpsfV6syw,Guest_6581,07/20/2017,3.0,,Eastside,The Bricks,28.41,4.9,17.3,1,65+,Female,Asian
LyBfA_NGwBAqf0LqVsDBhw,Guest_9048,29.05.2012,4.0,"Based this visit entirely upon previous Yelp reviews, which as usual we're spot on. Great atmosphere and feel to this place - Kind of an art house meets coffee house meets Animal House environment. Very unusual. In a good way. The service was relaxed, social and great. The beverages were delicious and the menu was quite interesting. 
I so wanted the food to be much better than it was. Tried the Bird and Pig, a specialty grilled cheese and a couple apps. Everything was good but not great. In truth, if I was judging on food alone, there would be three stars instead of four. But the atmosphere and the staff clearly deserved the extra star, and I'll head back to try some other items on the menu next visit.",Eastside,The Bricks,34.88,4.12,11.8,3,18-25,Non-binary,Hispanic
2umV3kR4UxjuYV4wU7Qw1w,Guest_1608,02/07/2014,4.0,"I've always thought the idea of apple on a sandwich (that didn't involve peanut butter) as completely preposterous, because sweet things do not belong on sandwiches!  

So what did I order at The Bricks?  Naturally, the Bird and Pig - which features chicken, bacon, apple, brie and agave nectar.   It was definitely sweet.  And savory.  And absolutely, positively to die for.  I loved every scrumptious bite of it.... except for the dry chicken breast.  I'm not sure if it was just old, but either way it was dry and disappointing.

Next on the menu was the deluxe grilled cheese sandwich, which was all sorts of yummy cheese, smothering delicious garden fresh basil (wow!), spinach and tomato.   The first bite of this sandwich was knock-your-socks-off.  The basil really stands out and it definitely warranted an audible moan.  The next few bites weren't as spectacular, but I still loved the sandwich.  I'd go with the Bird and Pig again if I had to choose.

While we waited, we treated our faces to black bean dip (suggested by the waiter) and we enjoyed it.  If you like black bean dip, then you'll like this one.  

We washed all of that down with a glass of liquid heroin, and all was right with the world.

The end.

Oh, and the service - spot on.  The place is cute, the staff is attentive, and it's clear this place easily doubles as a comfy daytime spot and a lovely night spot - if that's your kinda thing.",Eastside,The Bricks,16.47,0.0,0.0,3,,Prefer not to say,African American
zbJJjS4qCofo0l5Cr39R8A,Guest_7975,2015-05-02,5.0,"If you have ever dreamed of owning a bad ass bar and restaurant, with phenomenal and creative food, solid service, and atmosphere as cool as - well as cool as the bricks in the streets of Ybor City - don't go here. It will be likely to depress you to see that your dream has already been done so well that there just isnt much improvement. 
Well, if there was parking, that would be an improvement - but that's about it. I work nearby and rock their little patio in the back about once a week, it just never disappoints. The CURE is my favorite sandwich but i dont think there are any bad items on the menu - not even the vegetarian ones, and you know how bad those CAN be!

If you are on the west end of Ybor, or staying at the hotels nearby, or just stepped off the streetcar and want to figure out what Ybor City has come to mean these days - the Bricks of Ybor should be your first stop!",Eastside,The Bricks,14.97,2.68,17.9,3,46-55,Female,African American
FWWE8HkUu42FgIfi2_FI-w,Guest_6436,01/02/2013,4.0,,Eastside,The Bricks,,5.58,21.8,4,65+,Female,Other
C5VBfvKrFBGl7uhEONk8OA,Guest_4593,09.02.2017,5.0,"Great bar/café! Such a great place to hang, inside is beautiful and outside you can hear nice music while having a coffee and a cig! Definitely coming back! Loved it",Eastside,The Bricks,22.27,7.8,35.0,2,46-55,Female,Asian
hBzLjPySOBHDz0NiGf6SfQ,Guest_5462,2018-06-09,4.0,,Eastside,The Bricks,18.41,3.47,18.8,2,36-45,Prefer not to say,
J6PwgKRAnTAfSCqKSBq-bg,Guest_2207,08.08.2015,4.0,"Great craft beers, friendly bartenders, and AMAZING, delicous food. The vegetarian Cuban sandwich was wonderful!",Eastside,The Bricks,25.45,4.3,16.9,4,65+,,Asian
rPf97Sb-wcMOJ1XBO8M9EA,,27.06.2018,5.0,"Have come to The Bricks a few times as I wait for classes, there is wifi and it's a nice environment to sit, eat, grab a beer and do some homework.  If I'm in Ybor for an extended period of time and have to wait, I usually try to make it here as much as I can.",Eastside,The Bricks,8.77,1.7,19.4,2,36-45,Non-binary,Mixed
cyVCkTAFWVqZnTPJfS2IUw,Guest_6453,05/08/2013,3.0,"We came here on a bustling Saturday. Needless to say, Bricks of Ybor was vacant. A few people were at the bar and some people were sitting outside. The srvice was subpar and the bartender must have had the worst day of her life. She hated everyone who asked to close their tab. Oh well. I should put a disclaimer that I hate Ybor. It brings me nothing but sorrow.",Eastside,The Bricks,17.16,1.44,8.4,4,56-65,,Hispanic
vHLviczaBYS88UGWFWC8Qg,Guest_5780,03/03/2013,5.0,"staff is awesome and food is damn good. drinks are a reasonable price and Andrew always has something awesome/weird playing on the TV. If the independent were cooler, it would be the Bricks. 

One of the gods invented the bird and pig. Definitely get that.The cure is pretty tasty too, I'd eat it again. 

The place has cool wall art, a comfortable back patio, and Paper Mario characters on the bathroom doors. Have to appreciate the subtle nerdiness.",Eastside,The Bricks,,3.32,27.8,3,,,Caucasian
cyVCkTAFWVqZnTPJfS2IUw,,05/08/2013,3.0,"We came here on a bustling Saturday. Needless to say, Bricks of Ybor was vacant. A few people were at the bar and some people were sitting outside. The service was subpar and the bartender must have had the worst day of her life. She hated everyone who asked to close their tab. Oh well. 

I should put a disclaimer that I hate Ybor. It brings me nothing but sorrow.",Eastside,The Bricks,23.39,4.45,19.0,2,36-45,Non-binary,Hispanic
94N0yL4NknDfB4JITXlUWA,Guest_9126,06/21/2015,4.0,Just went there yesterday for brunch...  I've had a ton of grilled cheese sandwiches but this makes my top five. Loved the atmosphere. So happy we gave this restaurant a chance.,Eastside,The Bricks,,3.2,17.8,3,,,Asian
miIwXNa5O-ILZaN_S3EH2g,Guest_8345,24.02.2014,4.0,"I'm definetly a fan. The food/drinks are always stellar and while the staff is super friendly, the only issue with The Bricks is the time it takes to order/be served. It isn't like the servers are slow either, they are clearly working their assess off running from table to table, so maybe it is that people have called in sick the couple of times I've been in recently and they had to work twice as hard but a Sunday lunch shouldn't take 3 hours. Now that my complaining is out of the way, the restaurant itself is super groovy. The kitchen is on full display so no crazy stories of chefs putting anything crazy into your food here. And they look like they are having a great time while they prepare meals (whether they are or not, I love to see people enjoy what they do). I normally get draft beer but their cocktails look really interesting and innovative. At lunch, I normally get the ""Goodness"" which is a hummus wrap and it comes with a choice of a side ($8). Don't bother being wishy-washy on the side, get the Asian slaw, it is delicous, and if available I would order as a meal. The wrap was good but the star was the slaw. Thai, pea-nutty, goodness:) I've gotten the Elvis before ($8) and it was deliciuos but something I can make a home. I ordered it without bacon. My husband ordered the burrito and loved it as well ($9). Others at our table raved about the Chicken and the Pig, The BBQ pork, and The Cure sandwiches. Everyone really liked their food. The Bricks really is a great spot on the 7th Avenue strip, perfect for late night people watching that make Ybor awesome and also out of the way enough to not feel like it's distinctly part of the Ybor scene.",Eastside,The Bricks,,2.72,13.1,2,,Prefer not to say,Native American
LyBfA_NGwBAqf0LqVsDBhw,Guest_1052,29.05.2012,4.0,"Based this visit entirely upon previous Yelp reviews, which as usual we're spot on. Great atmosphere and feel to this place - Kind of an art house meets coffee house meets Animal House environment. Very unusual. In a good way. The service was relaxed, social and great. The beverages were delicious and the menu was quite interesting. 
I so wanted the food to be much better than it was. Tried the Bird and Pig, a specialty grilled cheese and a couple apps. Everything was good but not great. In truth, if I was judging on food alone, there would be three stars instead of four. But the atmosphere and the staff clearly deserved the extra star, and I'll head back to try some other items on the menu next visit.",Eastside,The Bricks,11.23,2.23,19.8,4,46-55,Male,Mixed
94N0yL4NknDfB4JITXlUWA,Guest_2897,21.06.2015,4.0,,Eastside,The Bricks,44.57,10.48,23.5,4,46-55,Male,Caucasian
FWWE8HkUu42FgIfi2_FI-w,Guest_2095,2013-01-02,,,Eastside,The Bricks,11.51,1.89,16.4,2,26-35,Male,
xFxilqzpu6Xac1admnl7MA,Guest_2497,28.09.2015,4.0,"I dig the art and the choices on the menu.

Skanky Chai is pretty good. 

The Elvis was pretty awesome. Peanut butter, bacon, and bananas on cuban toast. 
That sounds a lot like something I would drool over.

Nice!",Eastside,The Bricks,11.59,1.29,11.1,3,36-45,Female,Asian
qzgc5-lizZMqupW7ZR8qmQ,Guest_8506,28.07.2014,,,Eastside,The Bricks,11.46,2.46,21.5,5,,Non-binary,Native American
Cbxf9vtQNVzMoch3s_AKTA,Guest_1350,30.05.2012,4.0,,Eastside,The Bricks,12.44,3.49,28.0,1,26-35,,African American
hBzLjPySOBHDz0NiGf6SfQ,Guest_9957,06/09/2018,4.0,"Friendly service & neat building. Depending on the atmosphere you are looking for, the music is a bit loud.",Eastside,The Bricks,,5.73,15.9,3,,Male,
11LaR_wnmQpNf7fD6d6n1Q,,11/12/2014,4.0,I love this place. Everything I've had seems really fresh. The hummus is really tasty and the ambiance is nice and relaxed.,Eastside,The Bricks,,5.21,18.3,3,36-45,Non-binary,Hispanic
De-IwBjVk0Rkn1mGQ8GIbQ,Guest_3698,12/06/2011,5.0,"A must when you are in Ybor.  I ate and drank here multiple times a day for my 5 day trip to Tampa.  Every single meal was spectacular.  The Skinny bitch latte is perfect to start the day.  The proper grilled cheese is amazing, just wish they would have tomato soup to go along with it.  And you can't find better bartenders anywhere else in town.",Eastside,The Bricks,23.22,3.38,14.5,4,65+,,Asian
8_4B-G7i1ETKqsNLEiaXfw,Guest_3675,10/27/2011,4.0,,Eastside,The Bricks,19.16,3.5,18.3,3,,Non-binary,Mixed
BCLvpd08Ci4Tcq-fIRhZdA,Guest_7251,08/08/2017,2.0,"Leaving this 2-star review in response to the food, not the place as a drinking/hangout spot...although the wine was crap, too. 2-Stars awarded for the Nintendo 64 and all of the nostalgia-worthy games, the decent choice of drafts (even if they were out of the draft I ordered), and the great srvice from the staff. The food, on the other hand, will make you wish you had eaten at home. My wife and I went out as a treat because we didn't feel like cooking, but the majority of our food was sub-par. I got the shrimp po-boy which was not a po-boy by definition (it was just shrimp on a crappy sandwich...no French bread, no Cajun sauce or even enough Cajun seasoning, and the shrimp was obviously frozen-thawed not fresh). One of the shrimps was even gray when I bit into it, and the sandwich itself smelled more like old fish than fresh shrimp. My wife got the Athena chicken sandwich and that was just so-so, with the overwhelming taste of feta disguising the low-quality factory chicken they use for the sandwich. The best part of our collective meals was the mixed greens we ordered as a side, so I wouldn't exactly recomend ordering food here unless you're completely hammered and taste is not a priority.",Eastside,The Bricks,10.82,0.85,7.8,2,,Non-binary,
NOTAXpx4vcngxjIXyhHBrg,Guest_5666,09/13/2012,4.0,"I love the Bricks! We live in Ybor and this is one of our favorite lunch spots. I always have a hard time selecting between two sandwiches - The Elvis which is a peanut butter, banana and bacon sandwich or the Bird and Pig - roasted chicken, bacon, brie, apple, pressed on a Hawaiian sweet roll. Bricks always offers weekly specials and featured drinks. The crowd is always fun and the staff is friendly.",Eastside,The Bricks,15.25,2.29,15.0,2,46-55,Prefer not to say,
6W_KEeCPnxjcuD6u4UXi0Q,Guest_3107,06/18/2017,5.0,"Came for Father's day brunch, and will definitely come back. great selection of vegetarian food.  Veggie Cuban and cheese grits were awesome. .and service was so good!",Eastside,The Bricks,8.02,0.83,10.4,8,26-35,Non-binary,Other
OkD1Hn96bO8NYIClN6bvyA,Guest_3165,01/24/2018,,"2 words THE CURE! I ended up here after a night of one too many drinks (it happens). A friend recommended this place for a hang over cure! She was not mistaken! After reviewing their menu, which seemed a bit obnoxious, (I'm talking quirky names that require you read the description to be able to decipher what you're eating) I settled on the sandwich with an egg on it! Im a sucker for a runny egg on just about anything! Messy eggs, bacon, mozzarella, jalapeño aioli, on toasted cuban bread; this holy grail of a sandwich is called THE CURE! I have been back a few times to this establishment just for this sandwich, the mimosas too. Oh yea they have liquor so you can totally have drinks here. 

The ambience is very chill. There are a good amount of tables inside and bar seating; no outside seating. I have been here on a Sunday for brunch and found it to be pretty family/kid friendly. The whole place and most of the staff is painfully hipster but it works. The bathrooms are clean and there is a small back patio with mural art.",Eastside,The Bricks,,2.66,11.0,2,56-65,Non-binary,Mixed
fRdKsfvptL0A4aFfVPkZQQ,Guest_5884,06.10.2013,5.0,,Eastside,The Bricks,20.04,4.12,20.6,2,65+,,African American
OWqNO-H7eAWJH7hsQfO0_A,Guest_8977,17.10.2016,5.0,"Bird and Pig and the Tuna BLT are awesome!  Delicious cold beer. Thanks for the recommendation, Yelp!",Eastside,The Bricks,52.29,8.19,15.7,2,56-65,,Other
4lpkYTTdzqMuaZ4qoLlUgA,Guest_7944,2011-07-01,5.0,"Great, laid-back atmosphere, terrific food. The ahi was good quality, as were the hummus and curry dip. We're going back for the peanut butter sandwiches.",Eastside,The Bricks,35.24,7.14,20.3,4,18-25,Non-binary,Hispanic
0XuENPl2FwekIfu9M-1jDw,Guest_1867,03.09.2018,1.0,,Eastside,The Bricks,,8.49,24.8,4,,Non-binary,Native American
pOilCvNQPufxgGMlpFe44Q,Guest_8871,10/11/2010,5.0,"The Bricks completely lives up to the hype. Don't leave without trying their amazing Basil-infused lemonade!

Really chill cafe-like vibe, with a creative comfort food menu (peanut butter sandwiches!), and full table service.

In a few weeks they will be opening a quiet ""study hall"" space for laptop lurkers, making this a killer telecommute/study spot.",Eastside,The Bricks,,4.25,14.7,2,18-25,Male,Mixed
ADodUkepU3OyY-G5zZk7yA,Guest_6203,15.10.2012,3.0,,Eastside,The Bricks,,8.73,40.0,1,26-35,,Hispanic
94N0yL4NknDfB4JITXlUWA,Guest_4741,06/21/2015,,Just went there yesterday for brunch...  I've had a ton of grilled cheese sandwiches but this makes my top five. Loved the atmosphere. So happy we gave this restaurant a chance.,Eastside,The Bricks,23.6,6.23,26.4,6,56-65,,Hispanic
NOTAXpx4vcngxjIXyhHBrg,Guest_8695,2012-09-13,4.0,"I love the Bricks! We live in Ybor and this is one of our favorite lunch spots. I always have a hard time selecting between two sandwiches - The Elvis which is a peanut butter, banana and bacon sandwich or the Bird and Pig - roasted chicken, bacon, brie, apple, pressed on a Hawaiian sweet roll.

Bricks always offers weekly specials and featured drinks. The crowd is always fun and the staff is friendly.",Eastside,The Bricks,,2.93,12.0,2,18-25,Female,Asian
cyVCkTAFWVqZnTPJfS2IUw,,08.05.2013,3.0,,Eastside,The Bricks,41.94,9.14,21.8,3,,Prefer not to say,Asian
X6J3JHd9uD5MhSL-dIVynQ,,2013-02-27,4.0,My 2 favorite guy friends and I came here for Valentine's Day this year! I love everything about this place.  Every time I have visited there has been a friendly/diverse crowd and good music. I really like the atmosphere and the local artwork that is displayed throughout the restaurant. I highly recommend the brick layer nachos! My friends and I ate every bite and I honestly will most likely order that as my meal next time. The night we visited they had 50% off bottles of wine and after splitting the cost with one of my friends it was only $7 (need I say more?).  I ordered the brick layer salad with tuna for my meal. I ordered something lighter due to my massive nacho intake and the salad was good but it was similar to a house salad you can get anywhere. They have a very eclectic menu and next time I will probably try one of the many grilled cheese sandwiches listed on the menu. I will definitely be back!,Eastside,The Bricks,23.8,4.65,19.6,1,,,Other
4zK6gMub9v__3lsr9FU7KQ,,01/18/2015,5.0,"Very fresh food- they actually make their own stuff! We ate lunch at the bar and the bartender went out of his way to help my husband find a good gluten free option. 

I ordered the black bean burger and it was delicious! Great atmosphere as well. Definitely recommend this place as there are not all that many fresh and relatively healthy places in the area. Wish we had found it sooner!",Eastside,The Bricks,38.28,4.81,12.6,2,26-35,Female,Other
fRdKsfvptL0A4aFfVPkZQQ,Guest_7000,06.10.2013,5.0,"Came hungry and left full but not stuffed. The goodness wrap was named appropriately. Hummus with cucumber, tomato, lettuce, feta cheese and I added avocado was very flavorful. No need for any sauce of any kind. Had the potato salad as a side and though it was a bit bland, added a little salt to it, it was still good. Glad they don't add mayo to it and tasted home made for sure. Nice ambience too, decorated for Halloween. I'm not a fan of TV's while dining, but will always give a pass when they have good tunes playing so don't have to listen to TV. Only saw 2 servers on but it wasn't that busy on this Sunday afternoon. Server was knowledgeable and personable so not sure why others complained about rudeness. Saw none of that.",Eastside,The Bricks,22.43,2.53,11.3,2,36-45,,
TCzaF5Lj0NLoCQuIujEzJg,,11/30/2014,4.0,,Eastside,The Bricks,36.82,14.73,40.0,2,,Non-binary,Hispanic
umKey8gxNoyUcwZY2azciw,Guest_3893,06/02/2011,3.0,"nice place for gatherings and hanging out. Friendly staff. Food was OK. Not bad, not good, it just sat somewhere in the middle.",Eastside,The Bricks,,2.07,12.9,5,,Female,Native American
GsLZMdhl4PB0hqtQY9nK0Q,Guest_6264,15.04.2015,5.0,"How can you not like this place? Fresh water upon arrival followed by healthy food with a twist. The servise has always been exemplary so no complaints there. This is one of the few joints in Tampa that can appease an array of crowds - hipsters love the decor, drink selections, etc.; geriatrics enjoy the healthy food portions, friendliness, etc.; and out-of-towners relish the overall uniqueness of the place. This is beyond highly recommended.",Eastside,The Bricks,40.72,9.25,22.7,4,,Non-binary,Other
dDKRtNXR8JJAz4x_ZCGo3g,,05/29/2014,4.0,"Great location, cool atmosphere! The food was a fairly priced for the quality, which was good. I had the pulled pork tacos and they were not skimpy, fully stuffed and filling for $6. Great draft beer selection but it was a buck or two overpriced compared to other craft beer places. The two waitresses were very nice and pleasant. It was slow when we got there and them boom it was packed, they didn't forget about us but we did have to track her down for our last beer. I will be back for sure!",Eastside,The Bricks,25.0,3.99,15.9,2,36-45,Female,Native American
GsLZMdhl4PB0hqtQY9nK0Q,Guest_5372,2015-04-15,5.0,"How can you not like this place? Fresh water upon arrival followed by healthy food with a twist. The service has always been exemplary so no complaints there. This is one of the few joints in Tampa that can appease an array of crowds - hipsters love the decor, drink selections, etc.; geriatrics enjoy the healthy food portions, friendliness, etc.; and out-of-towners relish the overall uniqueness of the place. This is beyond highly recommended.",Eastside,The Bricks,,1.42,22.8,4,26-35,Prefer not to say,Other
X6J3JHd9uD5MhSL-dIVynQ,Guest_4233,2013-02-27,4.0,My 2 favorite guy friends and I came here for Valentine's Day this year! I love everything about this place.  Every time I have visited there has been a friendly/diverse crowd and good music. I really like the atmosphere and the local artwork that is displayed throughout the restaurant. I highly recommend the brick layer nachos! My friends and I ate every bite and I honestly will most likely order that as my meal next time. The night we visited they had 50% off bottles of wine and after splitting the cost with one of my friends it was only $7 (need I say more?).  I ordered the brick layer salad with tuna for my meal. I ordered something lighter due to my massive nacho intake and the salad was good but it was similar to a house salad you can get anywhere. They have a very eclectic menu and next time I will probably try one of the many grilled cheese sandwiches listed on the menu. I will definitely be back!,Eastside,The Bricks,13.93,2.32,16.6,1,,Female,Mixed
OhxIJjuDwcA0tRwXImwpeA,Guest_3871,2014-08-24,3.0,"I have to say that the food here is good; however, the staff/service could be better. My sister and I came here for lunch and a few drinks. My sister ordered a drink off the menu and 10+min later, as we're finishing our lunch, the waitress comes back and says ""sorry, our bartender doesn't know how to make that"" ..... So the bartender doesn't know how to make the drinks listed on the menu? And the 10+mins. it took to tell us that, it could have ben googled and made. I don't want to bash this establishment, but the customer service has always been an issue here. I would reccomend continued training to both current and new staffers to improve their level of knowledge and customer srvice",Eastside,The Bricks,,8.28,17.2,2,,Non-binary,Caucasian
RDpU2WQuBhhCWPJWojmFvw,Guest_5025,07.01.2012,4.0,"The husband and I had a kid free day so we decided to have a (gasp) lunch date.

 We picked The Bricks because...well why the hell not.  As soon as we walked in I loved the place.  It was bright and cozy at the same time.  The staff was super friendly and we got the vibe that we could hang out all day if we wanted.

I ordered the most delicious ""adult"" coffee to drop kick the sleepiness out of my head.  The coffee was SUPER yummy and the liquor did the trick.

It took me a while to figure out what I wanted to eat because everything on the menu looked soooo good and I was super hungry.  In the end, I decided on the Harvest Grill Cheese Sandwich.....nom nom noom.....I was not dissappointed.  It hit the spot and filled my belly with melty cheesy goodness.  The bread was fresh, crunchy, tender and tasty.  The sandwich innards were porportioned perfect.  The Gouda, bacon and apple playing off each other in perfect harmony.

GO HERE AND EAT!  I cannot wait to go again and feel this will be a staple on our lunch resturant list.  Even if your not hungry this would be a wonderful place to have a drink and just chill day or night.

Thanks Bricks for a great lunch!",Eastside,The Bricks,15.18,2.82,18.6,1,65+,Prefer not to say,Mixed
11LaR_wnmQpNf7fD6d6n1Q,Guest_5611,12.11.2014,4.0,,Eastside,The Bricks,36.25,7.7,21.2,2,18-25,Female,Caucasian
C5VBfvKrFBGl7uhEONk8OA,Guest_2247,02/09/2017,5.0,"Great bar/café! Such a great place to hang, inside is beautiful and outside you can hear nice music while having a coffee and a cig! Definitely coming back! Loved it",Eastside,The Bricks,31.69,4.32,13.6,3,,,African American
s7X6kSDGGlowmEqCDEh2SQ,Guest_6564,06/29/2014,3.0,"I am not nearly cool enough to go here. The waiter was not unfriendly, but he was much more friendly to some ladies who sat near me with full sleeves of tattoos.  I ordered the black bean burger, it was so flavor less and thin it could have been omitted.  The mayo on the sandwich and mixed greens on the side,  along with the pickle,  we're the best part of the meal. My beer was alright,  but if I am going to spend $7 on a pint it should be delicious or high gravity,  this was neither, and since no prices appeared next to the draft list,  the price was a bit of a shock.",Eastside,The Bricks,20.31,4.12,20.3,2,,Non-binary,African American
asr6SiNjIrpTrGwMeBp9Pg,Guest_7927,2015-07-03,5.0,,Eastside,The Bricks,17.51,3.57,20.4,3,65+,Male,
LyBfA_NGwBAqf0LqVsDBhw,Guest_5648,2012-05-29,4.0,,Eastside,The Bricks,57.0,19.95,35.0,2,,Non-binary,Hispanic
2a8_Q5XhjoQHaZ_KtISZuQ,,09.12.2012,4.0,"Since moving to Tampa about three weeks ago, I have found some ridiculously good restaurants thanks to Yelp and friends' recommendations. The Bricks has been on my list of places to try for a while now, and I finally made it last night. My friend & I walked in and were greeted immediately by the staff who told us to sit where we wanted. The place was fairly empty on a Tuesday at 7pm. I've heard it's packed on weekends, so perhaps going on off-nights is key. We started off with the Bricklayer, a fancy name for extra delicious nachos that are topped with queso, avocado cream, olives, and jalapeños. The salsa that comes on the side is awesome - super fresh, flavorful, and not too watery. This is a big appetizer and probably a bit too much for two girls before dinner. If I ordered it again, it would be as a bar snack rather than an app. For dinner, I had to try the Bird & the Pig. Wow - that pressed sweet bread combined with the salty bacon and chicken, paired with crisp apples and agave nectar? Yeah, the distinct flavors come together nicely to create one hell of a sandwich. I tasted my friend's black bean burger and liked that, too. The only thing I tasted that didn't blow me away was the roasted potato salad I got on the side. I'll probably just go with the mixed greens salad next time. Aside from the food, the environment is cool, too. I really liked all the local artists' work adorning the walls. There is ample parking nearby, including a garage on 15th that only charges $1 for the first 3 hours.",Eastside,The Bricks,18.06,3.17,17.5,3,56-65,Female,Native American
KIA9s_8qZEtuSjIFdjBwYQ,,06/29/2014,1.0,"I loved this place, the food, atmosphere, and drinks and I was in Ybor one night and came in about midnight and walked back to use the restroom and then to sit down and get some food and drinks, typical of anyone that's out drinking and midnight rolls around. Well, I continue on the path to the restroom and the manager, yes, the manager, had the audacity to tell me if I proceeded to the restroom that he would come on after me. I thought he was joking. But no, he was serious, then he told me I needed to tip the bartender before using the restroom, even though I hadn't sat down to order anything yet. I was clearly upset and walked back out to leave. The guy at the door was very nice and lead me back in to use the restroom. I decided after being treated that way, by the manager, that this was not an establishment I would be frequenting any longer, even though I loved the place. I went to the restroom and came back out and put $3 on the bar, because I needed to ""tip"" to use the restroom. Well, the guy at the door said that the manager had ASSUMED that we came from a rave across the street and that we just wanted to use the restroom. Well, his assumption lost him business, and I have been living in the Bay Area for 32 years. I'm pretty sure telling a patron you are going to follow them into he women's restroom is some form of sexual harassment. I have NEVER been treated like that ever in an establishment. Hopefully, for the greater good of the restaurant, that manager is no longer there.",Eastside,The Bricks,30.08,7.18,23.9,3,18-25,Prefer not to say,Hispanic
UDE36dmZLk5NQvHWFs7ouQ,Guest_6377,05/02/2012,4.0,"I thoroughly enjoy going to the Bricks.  It's unique atmosphere with cheap, but tasty, food options combine for a great experience.  

The term hipster is thrown around a lot these days and while you may be greeted and surrounded by people in skinny jeans, wearing Toms shoes, IMAX glasses, and an extra piercing, you are treated no differently.  I always feel warmly welcomed and entertained.  

As it does have a large bar, it may get rowdy in the evenings, but the Bricks maintains a family-friendly atmosphere.  

I ate the Bird and Pig meal once, very very good, and the breakfast bagel the next time.  The fiancee had black bean soup and a grilled cheese sandwich.  Very tasty combination. 

Highly recommend!",Eastside,The Bricks,19.61,4.89,24.9,2,18-25,Female,Hispanic
N4J7LZI9eKDt4U0RLpWEww,Guest_1269,2017-03-30,5.0,"One of my favorite places to eat in Ybor! Good vibes, good food, and good drinks. Even their coffee is good! Service is a hit or miss, although most recently I have had consistent great service. And their veggie Cuban sandwich is amaaaazing!",Eastside,The Bricks,34.87,5.32,15.2,5,36-45,Male,Caucasian
4Wxmz2w4cbaOepnIwcI1ig,Guest_8736,12/23/2014,5.0,"While I was in Tampa for the last 2 years, The Bricks was a second home. Great food and even greater people. I moved back to Seattle and left making friends. Wish I could've brought The Bricks and my new friends back with me. Definitely a place for locals and visitors to check out!",Eastside,The Bricks,20.61,4.63,22.5,2,26-35,Male,Mixed
s7X6kSDGGlowmEqCDEh2SQ,,2014-06-29,3.0,"I am not nearly cool enough to go here. The waiter was not unfriendly, but he was much more friendly to some ladies who sat near me with full sleeves of tattoos.  I ordered the black bean burger, it was so flavor less and thin it could have been omitted.  The mayo on the sandwich and mixed greens on the side,  along with the pickle,  we're the best part of the meal. My beer was alright,  but if I am going to spend $7 on a pint it should be delicious or high gravity,  this was neither, and since no prices appeared next to the draft list,  the price was a bit of a shock.",Eastside,The Bricks,14.78,5.91,40.0,2,56-65,Female,Other
miIwXNa5O-ILZaN_S3EH2g,Guest_7268,2014-02-24,4.0,"I'm definitely a fan.  The food/drinks are always stellar and while the staff is super friendly, the only issue with The Bricks is the time it takes to order/be served.  

It isn't like the servers are slow either, they are clearly working their assess off running from table to table, so maybe it is that people have called in sick the couple of times I've been in recently and they had to work twice as hard but a Sunday lunch shouldn't take 3 hours.  

Now that my complaining is out of the way, the restaurant itself is super groovy.  The kitchen is on full display so no crazy stories of chefs putting anything crazy into your food here.  And they look like they are having a great time while they prepare meals (whether they are or not, I love to see people enjoy what they do).  I normally get draft beer but their cocktails look really interesting and innovative.  

At lunch, I normally get the ""Goodness"" which is a hummus wrap and it comes with a choice of a side ($8).  Don't bother being wishy-washy on the side, get the Asian slaw, it is delicious, and if available I would order as a meal.  The wrap was good but the star was the slaw.  Thai, pea-nutty, goodness:)

I've gotten the Elvis before ($8) and it was delicious but something I can make a home.  I ordered it without bacon.  

My husband ordered the burrito and loved it as well ($9).  Others at our table raved about the Chicken and the Pig, The BBQ pork, and The Cure sandwiches.  Everyone really liked their food.  

The Bricks really is a great spot on the 7th Avenue strip, perfect for late night people watching that make Ybor awesome and also out of the way enough to not feel like it's distinctly part of the Ybor scene.",Eastside,The Bricks,27.4,5.05,18.4,2,56-65,Non-binary,
94N0yL4NknDfB4JITXlUWA,,06/21/2015,4.0,Just went there yesterday for brunch...  I've had a ton of grilled cheese sandwiches but this makes my top five. Loved the atmosphere. So happy we gave this restaurant a chance.,Eastside,The Bricks,9.07,1.56,17.2,4,,Non-binary,Asian
1zcUh5uv1Qvv3mqYKC5QdA,Guest_9961,04.03.2017,4.0,"This was my first time here and I would recommend it! I had the Liquid Heroin (espresso, chocolate and milk) and the Bird and Pig. These two are the Bricks specialities. The Bird and Pig has chicken, bacon, apple, Brie, and honey. It is a perfect combination of salty and sweet. For dessert, we had the Ice Cream Sammy. A chocolate chip cookie with vanilla bean ice cream and chocolate syrup. I was a bit disappointed on the dessert because I was expecting the cookie to be soft and warm, it was the opposite; very hard. Overall the atmosphere is nice and I would come back to try some of the other specialties they have!",Eastside,The Bricks,11.04,2.54,23.0,2,26-35,,Caucasian
uVRXElOZDBO2TXq_gveXYA,Guest_8302,03/21/2013,5.0,,Eastside,The Bricks,21.97,4.25,19.4,2,18-25,Male,Other
eoFZMOL0XJ9yF8sW3OChIw,Guest_1290,2017-11-19,4.0,"Yummy food, good vibes, & nice service. Music wasn't too loud. Could hold a conversation without hearing everyone else's. 

I had the Bird & Pig (the way it comes) with the Mac & Cheese. 

I also had the Hukilau. Not a fan. It sounded sweeter than it was. Still giving it a 4 for the food service and atmosphere. It's not their fault I didn't like the alcohol. 

Had a quick bite of the nachos and may have to orders those for the table next visit.",Eastside,The Bricks,10.95,2.58,23.6,4,,Non-binary,Mixed
UmA-9d4M4x8F5UKkVCAjEg,Guest_8327,2015-01-19,5.0,"Great atmosphere and servise, food and drinks were exelent. Everything was fresh. Bird and the pig sandwich was delicious, also the pacific rim. Will return soon.",Eastside,The Bricks,,4.68,17.3,2,,Non-binary,Caucasian
zbaEspWboOPPonKjB4jbWA,Guest_3078,2012-06-29,4.0,"A couple of nights ago the Tampa Bay Lady Bloggers met at The Bricks for our monthly book club meeting. The staff was very welcoming and was happy to push together several tables for us. Our server was so nice and helpful and cheerfully took a group photo for us (annoying bloggers).

The ""hole in the wall"" atmosphere at The Bricks is fun and eclectic, with local art for sale lining the walls. I loved the laid-back, hip feeling of the place.

I had the ""brick,paper,scissors"" martini and it was so refreshing and delicious that I had to get a second with my entree. The table shared an order of the ""bricklayer"" nachos and they were okay, but the house-made salsa on the side was out of this world. For my entree I got the ""bird and pig"", based on so many great Yelp recommendations. It did not disappoint with thick, crispy bacon, sweet apples and agave nectar, tasty chicken and delicious pressed ""sweet"" bread. I almost caved in and got the Ahi tuna BLT because it looked so good on the menu...I'll definitely be back and try that next time to compare.

Thank you Bricks for hosting our meet-up. See you again soon I hope! My blog post about our meeting at The Bricks is here: http://carolinecalcote.com/2012/06/28/tampa-bay-lady-bloggers-book-club/",Eastside,The Bricks,27.09,3.55,13.1,2,,,Caucasian
dYKjSQ9ITqPgzkyglOGrJQ,,2018-04-05,5.0,1st time we've tried The Bricks. So yummy!!! I had the Blackened Shrimp Salad and my husband had Sammy Tuna. We both loved every bite. Looking forward to eating there again.,Eastside,The Bricks,21.32,3.34,15.7,1,46-55,Female,African American
0XuENPl2FwekIfu9M-1jDw,,09/03/2018,1.0,,Eastside,The Bricks,10.42,1.91,18.4,3,18-25,,
PJv1iTOgQTS0Aan6_UAZnw,Guest_9000,31.10.2013,4.0,"Food was delish. Stopped before a concert at The Ritz, it is just a block away and the perfect stop for reasonably priced fresh, healthy-ish meal before you wreck your liver. BFF had the Bird and Pig, she loved it. I had the Blackstar Bean Burger. It was spicy which in my opinion was perfect. The drinks are pricy, but well crafted. Our service was meh. A little slow, but we received the correct order and were informed of specials and what they were out of before we decided. I will totally be back next time I am in town.",Eastside,The Bricks,17.98,7.19,40.0,3,65+,Male,Other
I3nDwvABhYqKdcxpN6_eaA,Guest_7801,23.04.2014,5.0,"Easily my favorite overall spot in Ybor. The food is freaking amazing, the staff is awesome and know their booze/beer, and it just has a great feel.",Eastside,The Bricks,13.52,2.65,19.6,2,36-45,Prefer not to say,Hispanic
ylcQSUvE8VHikFz_gWIWWQ,Guest_1408,08/19/2017,,"This is THE BEST spot for food and drinks in Ybor.  The drinks are amazing and the food is top notch. Cool, laid back atmosphere and amazing bar!! All of the staff are helpful and accommodating!! Best happy hour!!!",Eastside,The Bricks,13.55,2.88,21.2,2,18-25,Female,Caucasian
4lpkYTTdzqMuaZ4qoLlUgA,,01.07.2011,5.0,"Great, laid-back atmosphere, terrific food. The ahi was good quality, as were the hummus and curry dip. We're going back for the peanut butter sandwiches.",Eastside,The Bricks,20.9,0.0,0.0,4,18-25,Prefer not to say,Native American
P-lZE6cZgfWkojreLiu7Vg,,2017-03-15,4.0,The Bricks is a tasty restaurant for lunch with a cool and unique Ybor City atmosphere along with friendly service! The only reason it didn't get 5 stars is because it is a little pricey for the quantities.,Eastside,The Bricks,24.85,3.43,13.8,4,36-45,Female,Asian
OWqNO-H7eAWJH7hsQfO0_A,Guest_5600,17.10.2016,,"Bird and Pig and the Tuna BLT are awesome!  Delicious cold beer. Thanks for the recommendation, Yelp!",Eastside,The Bricks,14.23,3.37,23.7,3,18-25,Prefer not to say,Caucasian
Cbxf9vtQNVzMoch3s_AKTA,,2012-05-30,4.0,"I had a good time at The Bricks of Ybor.  The service is really spot on and the quality of the food's pretty good.  I had the pulled pork sandwich.  It was pretty good.  Nothing memorable but what makes this place a four star place are the happy hour beer prices and the interesting art inside.

I loved the star wars art throughout this place and particularly loved the berpo and ern2d2 painting.

Friendly, fun crowd that looks like they're coming to a John Waters costume party.",Eastside,The Bricks,35.73,9.35,26.2,2,,,Hispanic
ss4LSp-dCCuhpxDrRH_GLQ,,2011-10-28,5.0,"I walk in, and they're playing the greatest hits of De La Soul throughout lunch. They could have been serving Big Macs and that gets you four stars alone. 

I order a grilled cheese sandwich, and it comes with apple, plums, and bacon on some delicious bread with tortilla chips. And it is sublime. The cheese is perfectly melted, and the goodies inside are covered in wonderful gooey dairy greatness. 

I order a cafe con leche while getting some work done on my laptop. It is flawlessly prepared by a lovely server, and I'm a coffee snob. And if I didn't get buried in work stuff, I was jonesing for one of those half-price martinis they serve on Thursdays.

Wonderful atmosphere (the skatepark staff makes it friendly and fun), great food, delicious coffee, a full bar, and lots of different options. This place is a total home run, and a can't miss for anyone in Ybor.",Eastside,The Bricks,24.93,5.58,22.4,2,65+,Male,
L35Awd7K5slzNlEAI6H8xQ,Guest_6423,01.04.2016,,,Eastside,The Bricks,16.8,4.56,27.1,8,36-45,Prefer not to say,Mixed
EWgE8zamjHBz8CMRdLIHVw,Guest_6246,2011-12-03,4.0,"Lots of vegetarian options. The service was pretty fast. The skateboard wall was nice (Calvin & Hobbes represent!). The sandwich I got was a bit lacking in the flavor department. Really didn't know what to eat since I went here at night just before a binge of dancing and drinking. Didn't really feel into the peanut butter at that point in time. Next time I'll try their peanut butter creations, but I'll probably go for brunch or a late lunch since it seems the menu is more designed for that and not any pre-gaming.",Eastside,The Bricks,24.64,2.09,8.5,4,,Non-binary,
77SVp08MVwzf7CP9vviZgw,Guest_4562,2012-07-22,3.0,"We've heard that we need to go to places in Ybor and try them out, so we set out to find a place for dinner.  One thing is for sure...the menu has traditional food, but in a unique way.  

I ordered the deluxe grilled cheese (has tomatoes, pesto, whole wheat) and my husband had the BBQ pig quesadilla.  Both dishes were good, but I don't feel like they were 'awesome'.  

We went out on a limb and tried the hibiscus sangria and the chocolate espresso cake for dessert.  The cake was VERY espresso!  Too rich for me!  The sangria definitely tasted like flowers, but in a good way. It was pretty refreshing too!

 It was fun to try a new place, but I don't think we'll go back.",Eastside,The Bricks,8.49,1.79,21.1,2,46-55,,Native American
P-lZE6cZgfWkojreLiu7Vg,Guest_5321,03/15/2017,4.0,The Bricks is a tasty restaraunt for lunch with a cool and unique Ybor City atmosphere along with friendly servise! The only reason it didn't get 5 stars is because it is a little pricey for the quantities.,Eastside,The Bricks,,6.92,22.9,4,,Female,Caucasian
GqJahjGcKfiFxfA7oCnvCg,Guest_6726,21.05.2016,4.0,,Eastside,The Bricks,8.99,1.08,12.0,6,46-55,Non-binary,Asian
rzkOryEsl-T1AvF6e3DcIw,Guest_4454,05.12.2012,4.0,,Eastside,The Bricks,5.93,0.81,13.6,1,36-45,Male,Hispanic
UDE36dmZLk5NQvHWFs7ouQ,Guest_9305,02.05.2012,4.0,"I thoroughly enjoy going to the Bricks.  It's unique atmosphere with cheap, but tasty, food options combine for a great experience.  

The term hipster is thrown around a lot these days and while you may be greeted and surrounded by people in skinny jeans, wearing Toms shoes, IMAX glasses, and an extra piercing, you are treated no differently.  I always feel warmly welcomed and entertained.  

As it does have a large bar, it may get rowdy in the evenings, but the Bricks maintains a family-friendly atmosphere.  

I ate the Bird and Pig meal once, very very good, and the breakfast bagel the next time.  The fiancee had black bean soup and a grilled cheese sandwich.  Very tasty combination. 

Highly recommend!",Eastside,The Bricks,46.66,6.34,13.6,4,46-55,Female,Other
miIwXNa5O-ILZaN_S3EH2g,Guest_5230,2014-02-24,,,Eastside,The Bricks,,3.6,16.7,2,,Male,Other
EWgE8zamjHBz8CMRdLIHVw,,12/03/2011,,"Lots of vegetarian options. The service was pretty fast. The skateboard wall was nice (Calvin & Hobbes represent!). The sandwich I got was a bit lacking in the flavor department. Really didn't know what to eat since I went here at night just before a binge of dancing and drinking. Didn't really feel into the peanut butter at that point in time. Next time I'll try their peanut butter creations, but I'll probably go for brunch or a late lunch since it seems the menu is more designed for that and not any pre-gaming.",Eastside,The Bricks,44.93,7.4,16.5,2,36-45,Prefer not to say,
xZnk3q-AHjpN6aSR_6Sqhg,Guest_2552,2011-11-02,5.0,"They have a super friendly staff and a simple modern decor. I enjoyed the Six Degrees of Kevin Bacon exhibit on display. I got a really young and hip vibe from this place, and the sandwiches are amazing!",Eastside,The Bricks,26.62,10.65,40.0,5,,Prefer not to say,Other
ylcQSUvE8VHikFz_gWIWWQ,,19.08.2017,5.0,"This is THE BEST spot for food and drinks in Ybor.  The drinks are amazing and the food is top notch. Cool, laid back atmosphere and amazing bar!! All of the staff are helpful and accommodating!! Best happy hour!!!",Eastside,The Bricks,25.54,5.2,20.4,2,46-55,Male,Hispanic
xZnk3q-AHjpN6aSR_6Sqhg,Guest_6032,02.11.2011,5.0,"They have a super friendly staff and a simple modern decor.

I enjoyed the Six Degrees of Kevin Bacon exhibit on display.

I got a really young and hip vibe from this place, and the sandwiches are amazing!",Eastside,The Bricks,29.2,4.2,14.4,2,46-55,Female,Mixed
t6OmnU6qlaPS2BzDnMS28w,Guest_6616,05/20/2018,5.0,"My favorite drinks place to imbibe before a show in Ybor. Kyle is spot on every time with what is seemingly the exact thing I want before I even know it. Also, the nachos. Trust me!",Eastside,The Bricks,12.62,2.81,22.3,2,46-55,Prefer not to say,Other
ADodUkepU3OyY-G5zZk7yA,Guest_7126,2012-10-15,3.0,This place is fun! I like the staff and the vibe. Food is okay. Beer selection is okay. Great happy hour on wine once a week. 3.5 stars is more appropriate for this place.,Eastside,The Bricks,9.55,1.28,13.4,1,65+,Prefer not to say,Caucasian
4zK6gMub9v__3lsr9FU7KQ,Guest_5342,01/18/2015,5.0,"Very fresh food- they actually make their own stuff! We ate lunch at the bar and the bartender went out of his way to help my husband find a good gluten free option. 

I ordered the black bean burger and it was delicious! Great atmosphere as well. Definitely recommend this place as there are not all that many fresh and relatively healthy places in the area. Wish we had found it sooner!",Eastside,The Bricks,6.12,1.04,17.0,3,18-25,,Mixed
OkD1Hn96bO8NYIClN6bvyA,Guest_2599,24.01.2018,4.0,,Eastside,The Bricks,21.93,5.39,24.6,1,46-55,Female,African American
rzkOryEsl-T1AvF6e3DcIw,Guest_2498,12/05/2012,4.0,"Either ate or had drinks here a few times over the summer as my office was just upstairs.  I'm not a vegetarian, but the Goodness wrap is a knockout.  I also greatly enjoyed the chili I had here, though it was a special so I'm not sure how often it comes around.  I'm not really into the hipster vibe of the staff, but I never had any service problems and that's what is most important.  

I definitely don't live or die by The Bricks but it's a place I would suggest if you're ever in Ybor City.",Eastside,The Bricks,15.14,2.84,18.7,3,65+,,Mixed
aHtgSP4nTEtHvYQ0TE6w1g,Guest_3059,02.10.2017,5.0,Their bird & pig sandwich is the bomb. Brie cheese is one of my favs and this sandwich offers plenty. The Asian Slaw was a suggestion from our waitress and did not disappoint. It was yummy. The sesame seeds made all the difference. Full bar always has a variety of tasty drink options. This place is cool bc it has a vegan options for those folks with those dietary needs.,Eastside,The Bricks,12.13,4.85,40.0,4,,,Caucasian
0XuENPl2FwekIfu9M-1jDw,Guest_7694,2018-09-03,1.0,,Eastside,The Bricks,,5.91,21.7,5,65+,Female,Caucasian
siwaa7bmNx91IxRVWwhp3g,Guest_4355,29.05.2014,4.0,"Recently stopped in during a bar crawl for some drinks and Battletoads. Couldn't eat the buzz away, but loved what I saw. Photos on walls showed the transformation from Tahiti Joe's/Latitudes into The Bricks of today, and brought back some old Ybor memories. The staff was kind, and the video game corner was a blast. Delicious coffee, and had an artsy feel as well. Every food item that passed our sniffers en route to their respective hipster pie holes was cause for comment. I will certainly be coming by for a sammich at this place.",Eastside,The Bricks,8.6,1.97,22.9,1,36-45,Prefer not to say,Caucasian
dYKjSQ9ITqPgzkyglOGrJQ,Guest_5659,04/05/2018,5.0,,Eastside,The Bricks,,3.31,21.7,5,36-45,Non-binary,Hispanic
P3PXmTyL5hzvqaCdJGk90w,Guest_4293,11/18/2015,,"The Bricks of Ybor is a resturant, bar, and coffee bar in Ybor City and also has live music and special events at times. It is affiliated with the SkatePark of Tampa (SpoT) which has a shop next door and there are skateboard decks mounted on the walls of The Bricks as artwork and they play skate videos on the TVs above the bar; as I'm a skater myself, this is if anything just the icing on the cake for me. However, The Bricks' ardent support of skateboarding would not be enough to garner a five-star review alone, but thankfully it measures up in all other regards. The interior atmosphere is lively, inviting, and unique. The waitstaff and bartenders are on point, outgoing, friendly, and most importantly, quite prompt. As to the food, it's fairly simply fare but very tasty and very well-prepared. Tacos, a variety of Cuban sandwich variants, and some salads compose the lion's share of the menu. I had the Bird & Pig Cuban sandwich and also an order of chips and queso dip. The queso was especially good, which impressed me because too often things like queso are simply after-thoughts at bar-type restaurants. The sandwich itself was also very good. They have a full bar with a good selection of bourbons and ryes and also an expectedly good selection of beer, with an emphasis on Tampa's local brews. The wine list also looked better than you'd think for a casual bar atmosphere. Overall, it's clear they're investing in quality here. While their skateboarding association was enough to grab my attention to The Bricks, their stellar food and servic are what really sets them apart. Ybor has a reputation for food being hit or miss, as is the case with many touristy areas, but The Bricks I found to be simply and casual yet truly impressive.",Eastside,The Bricks,27.96,4.61,16.5,5,56-65,Female,Native American
3FfhPCMT5T2e369qqYfV7g,Guest_3765,10.09.2015,4.0,"The Bricks has a super cool vibe. I've visited multiple times for dinner and once for drinks. I'm always impressed with their sandwiches and other food. Normally everything is very fresh and tasty. They have a good sized line up of craft beers most of them local to the area, which is something I'm always looking for. 

It's sort of a dive-y location on the outskirts of the main part of Ybor. Late night they have a small menu of appetizers/small plates and have a DJ. It's clientele leads to some awesome people watching. 

All in all, definitely worth a try. It's not super fancy, so it's perfect for a casual dinner or a new place to try to grab a beer (there's a full bar as well).",Eastside,The Bricks,,3.34,20.7,2,,Male,Native American
nAdvLArVs5EaKwrOvFXTuQ,Guest_9539,13.11.2014,5.0,I ordered the bird and pig with Asian slaw.. $10. The sandwich is warm and pressed. It has pulled chicken inside. I was worried it would be dry. IT'S NOT. Very moist! Thick cut bacon and thinly sliced green apple.there was also a mayo type sauce. .tasted a bit sweet...Boy was this sandwich great!! The Asian slaw was delicately dressed with the careful handed use of sesame oil. Fantastic! And they have a large assortment of Florida brewed beers. The Wynwood iPA was so flavorful and foam on top just pillowy. Atmosphere relaxed. Staff is friendly and servise great. I was here on a Thursday night about 6pm. Nice and clean.,Eastside,The Bricks,12.42,2.09,16.8,2,65+,,
exVAtPSIFht6QUVDftWSzw,Guest_5133,2013-07-14,1.0,"The Bricks gets a ""1"" in my book because they have terrible service.  Great food, but terrible service. 

I went there about 3pm on a Tuesday...which happened to be my birthday to have lunch with my mother.  Not only were we not greeted by the 3 staff standing around with NO other customers, but we were also not brought any menus or given direction about seating.  

We sat down and waited for a server to come by and ask for our drink order and bring menus.  No one ever did.  We got up and grabbed our own menus close to where the staff were standing.  They paid no attention.  After 3 or 4 more minutes we stood up to leave and they didn't care. So we walked out and I had my birthday lunch elsewhere. 

I  wrote to them on Facebook about our service and they promptly deleted my comment and ignored my message.  

I used to go to the Bricks all the time, but we've never been back since and I warn any new friends to not go there as well.",Eastside,The Bricks,,3.24,20.3,3,46-55,Prefer not to say,Mixed
TCzaF5Lj0NLoCQuIujEzJg,Guest_2881,30.11.2014,4.0,"We were greeted by a very pretty waitress that made us feel like we had chosen the right place. We were then turned over to a nice gentleman that took our orders with a polite smile. We are vegetarians and there were lots of options. We settled for the salsa and house made avocado sauce with corn chips  and we split their famous black star black bean burger... Yesss!! The food presentation was that of fine dining and the food was very pleasing to our pallets. 
We give The Bricks 4 stars and would recommend to anyone who plans to visit Tampa",Eastside,The Bricks,29.43,2.49,8.5,1,26-35,Male,
eNHgYkJwmuM0Gg42AL6V6Q,Guest_5268,31.01.2017,1.0,"If you're immune to salmonella poisoning then this is the perfect place for you! Very overpriced, minimum effort in providing authentic food NOT out of a can. They undercook the chicken and it taste like refrigerator. Please don't waste your hard earned cash on half assed food. Unless you just want drinks and a good time with friends, don't come here.",Eastside,The Bricks,19.63,3.15,16.0,2,18-25,Non-binary,Caucasian
hQz9UnbHvv3ctllRquULuQ,Guest_8941,04/18/2015,,"This is where the cool kids hang and there's reasons for it. The beer and the food! Tons of vegetarian and even vegan options.
I'm not either but I do love that black bean burger and the salads are to die for.
The staff is great and always sweet and accommodating. 
The place is usually filled with great art and an eccentric lot of people. I gave this place five stars because I would be lying if I said I didn't love this place. It's my vibe.
It can be yours also.
Yup! Just referred to myself as a cool kid.:D",Eastside,The Bricks,19.25,1.62,8.4,1,36-45,,
8PtU0lutz85WqmKOhTY-3w,Guest_9778,16.03.2017,1.0,"Went here for lunch. Ordered the pork rice bowl. My food took forever to be served. Then it was cold. The server took it back offering me a NEW order to be cooked. My food came back quickly, it was the same good and the exact same temperature. I wasn't offered a NEW order, however I was asked if I'd like something else, I declined.  
Terrible service, manager was never sent over while I sat and watched my colleagues eat their lunch!",Eastside,The Bricks,9.02,2.18,24.1,1,,Non-binary,Native American
hBzLjPySOBHDz0NiGf6SfQ,Guest_9794,2018-06-09,4.0,"Friendly service & neat building. Depending on the atmosphere you are looking for, the music is a bit loud.",Eastside,The Bricks,60.15,8.75,14.5,3,,Male,Asian
IgVIc163TZ4xbJqfUKdnRw,,21.10.2015,5.0,,Eastside,The Bricks,38.12,5.54,14.5,4,,Non-binary,Hispanic
LyBfA_NGwBAqf0LqVsDBhw,Guest_4643,29.05.2012,4.0,"Based this visit entirely upon previous Yelp reviews, which as usual we're spot on. Great atmosphere and feel to this place - Kind of an art house meets coffee house meets Animal House environment. Very unusual. In a good way. The service was relaxed, social and great. The beverages were delicious and the menu was quite interesting. 
I so wanted the food to be much better than it was. Tried the Bird and Pig, a specialty grilled cheese and a couple apps. Everything was good but not great. In truth, if I was judging on food alone, there would be three stars instead of four. But the atmosphere and the staff clearly deserved the extra star, and I'll head back to try some other items on the menu next visit.",Eastside,The Bricks,18.47,3.3,17.8,3,65+,Male,African American
ZqzXpRt9FsPQUDCNmvj0ew,,2017-02-25,4.0,"Really like the Bricks. Always a new experience when i go. The coffee, good. The cocktails, better! The ambiance is hip. The food is pretty good too.",Eastside,The Bricks,14.44,1.64,11.4,4,26-35,Prefer not to say,
zbJJjS4qCofo0l5Cr39R8A,Guest_9223,02.05.2015,,,Eastside,The Bricks,15.57,0.0,0.0,4,,,Caucasian
4Wxmz2w4cbaOepnIwcI1ig,Guest_9620,12/23/2014,5.0,"While I was in Tampa for the last 2 years, The Bricks was a second home. Great food and even greater people. I moved back to Seattle and left making friends. Wish I could've brought The Bricks and my new friends back with me. Definitely a place for locals and visitors to check out!",Eastside,The Bricks,18.09,3.88,21.4,2,26-35,Male,African American
IdUkBQcMt0460g5W1LCZmg,Guest_6337,20.01.2014,4.0,"The Bricks is a hipster haven, but don't let that deter you if you don't wear non-prescription glasses and flannel. I'm always the least cool person in here and no one seems to mind. (Although maybe I AM cool -- last time I was here the DJ was playing Hall & Oates most likely to be ironic, but I  genuinely enjoyed it.)

The menu is mostly sandwiches and some salads. It's all about the Bird & Pig sandwich. I have a hard time straying from this delicacy of chicken, bacon, brie, and apples on pressed sweet bread. Sweet, check. Salty, check. Crunchy, check. 

Nice selection of local and craft brews, too.",Eastside,The Bricks,10.28,1.46,14.2,4,36-45,Male,African American
8PtU0lutz85WqmKOhTY-3w,Guest_6226,2017-03-16,1.0,,Eastside,The Bricks,13.17,1.14,8.7,2,26-35,,Caucasian
siwaa7bmNx91IxRVWwhp3g,Guest_1133,05/29/2014,4.0,"Recently stopped in during a bar crawl for some drinks and Battletoads. Couldn't eat the buzz away, but loved what I saw. Photos on walls showed the transformation from Tahiti Joe's/Latitudes into The Bricks of today, and brought back some old Ybor memories. The staff was kind, and the video game corner was a blast. Delicious coffee, and had an artsy feel as well. Every food item that passed our sniffers en route to their respective hipster pie holes was cause for comment. I will certainly be coming by for a sammich at this place.",Eastside,The Bricks,25.08,4.8,19.2,3,,Male,Hispanic
94N0yL4NknDfB4JITXlUWA,Guest_9815,21.06.2015,4.0,Just went there yesterday for brunch... I've had a ton of grilled cheese sandwiches but this makes my top five. Loved the atmosphere. So happy we gave this restaurant a chance.,Eastside,The Bricks,42.6,7.34,17.2,3,46-55,,
BceKC7jAlfmF6C-z-OTflQ,Guest_1165,08/19/2017,4.0,"I went there for dinner while in the Tampa area and had a great meal.   They have multiple Vegan and Vegetarian options, while also having a full bar with Guinness.   Very unusual across the good ole USA.

The place is in an interesting area, which seems it could be a little rough in the dark, so if you go, I would recommend going during the light hours.

The bartenders are really nice, and helpful with picking a good dish.",Eastside,The Bricks,19.5,2.98,15.3,4,18-25,,Hispanic
ceZuAvgL5kULPFX4PFjIUg,Guest_7200,18.08.2017,5.0,Busy and noisy at 12:30 lunch on a Tuesday.   Quieter by one.  Nice interior gastropub.  My pork and arugala slaw sandwich was good.  It came on a bun that was soft enough to pull apart easily.  When I did so the levels stayed together.  The texture and taste of both the sandwich and the slighly curried potato salad side were good.  I found myself enjoying the overall experience and reluctant to leave.  A good value at less than $10.,Eastside,The Bricks,12.41,4.34,35.0,5,,Male,Mixed
siwaa7bmNx91IxRVWwhp3g,Guest_1042,29.05.2014,4.0,"Recently stopped in during a bar crawl for some drinks and Battletoads. Couldn't eat the buzz away, but loved what I saw. Photos on walls showed the transformation from Tahiti Joe's/Latitudes into The Bricks of today, and brought back some old Ybor memories. The staff was kind, and the video game corner was a blast. Delicious coffee, and had an artsy feel as well. Every food item that passed our sniffers en route to their respective hipster pie holes was cause for comment. I will certainly be coming by for a sammich at this place.",Eastside,The Bricks,,1.88,20.4,2,65+,Female,
GqJahjGcKfiFxfA7oCnvCg,Guest_7699,05/21/2016,4.0,A good watering hole. Beer and coffee are decent!  Try UNITA REady Set Gose and UNITA summer ale.,Eastside,The Bricks,32.36,5.31,16.4,3,56-65,Female,Native American
rSkTYJMKMUg8QHpsfV6syw,Guest_9857,2017-07-20,,,Eastside,The Bricks,14.76,3.0,20.3,3,65+,Non-binary,Mixed
OWqNO-H7eAWJH7hsQfO0_A,Guest_6889,10/17/2016,5.0,,Eastside,The Bricks,11.4,1.13,9.9,2,56-65,,Mixed
NOTAXpx4vcngxjIXyhHBrg,Guest_9448,2012-09-13,,"I love the Bricks! We live in Ybor and this is one of our favorite lunch spots. I always have a hard time selecting between two sandwiches - The Elvis which is a peanut butter, banana and bacon sandwich or the Bird and Pig - roasted chicken, bacon, brie, apple, pressed on a Hawaiian sweet roll.

Bricks always offers weekly specials and featured drinks. The crowd is always fun and the staff is friendly.",Eastside,The Bricks,23.56,4.03,17.1,4,18-25,Prefer not to say,Hispanic
9g-mtjmWHY0miughafkXMQ,Guest_3450,2010-07-12,5.0,"I'd been following the progress of The Bricks via their FB page for some time - I'm happy to report that the end product lives up to the expectations (exceeds them, even!). The first thing you notice is the atmosphere: laid-back & friendly, fostering a close-knit/ community feel that encourages you to slow down and linger for a bit longer, enjoying the company. When it comes to the menu, it's full of simple foods that have been completely mastered. I suggest the Peanut Butter Bar (choose your bread, peanut butter, and toppers). The Roasted Garlic Hummus is amazing, as is the Italian Brick sandwich. As far as coffee goes - they won't disappoint, I'm partial to the Brickaccino (frozen coffee). Another standout factor is their beer selection - which alone is worth strolling by for. All in all, The Bricks as a 5-Star stop, you won't soon forget.",Eastside,The Bricks,17.52,3.35,19.2,1,18-25,Non-binary,Caucasian
8zXgEkLjDwArMWCiDa4tLQ,Guest_6369,2012-10-11,2.0,"I like some of the cocktails here but the food is mediocre. Ive never understood why it gets the ratings on food that it does, but then again we are in Tampa. Its basically like food you could whip up in a few minutes at home using your microwave for a 3rd of the cost. Except not as tasty. Anyone who loves eating here has the palate of a 14-year-old boy. Maybe its time they get an actual kitchen.",Eastside,The Bricks,28.0,3.47,12.4,2,26-35,Male,African American
8_4B-G7i1ETKqsNLEiaXfw,Guest_9870,27.10.2011,4.0,Loved the Mediterranean Grilled Cheese sandwich! Nice casual atmosphere. On the end of the strip so it is very convenient to get to during lunch hour. Looking forward to trying something else on the menu.,Eastside,The Bricks,30.28,4.16,13.7,2,18-25,,Hispanic
4zK6gMub9v__3lsr9FU7KQ,Guest_5218,18.01.2015,5.0,"Very fresh food- they actually make their own stuff! We ate lunch at the bar and the bartender went out of his way to help my husband find a good gluten free option. 

I ordered the black bean burger and it was delicious! Great atmosphere as well. Definitely recommend this place as there are not all that many fresh and relatively healthy places in the area. Wish we had found it sooner!",Eastside,The Bricks,53.34,6.34,11.9,6,18-25,,African American
rno5BeYy-bMFKINk43MmNw,Guest_9081,05/30/2014,5.0,"It is definitely a place to bring your friends and chat. I love their different types of Peanut Butter sandwiches. Amazing! Not only that, but the inside environment is just so positive and provides inspiration.",Eastside,The Bricks,,1.8,17.0,2,18-25,Male,Caucasian
qzgc5-lizZMqupW7ZR8qmQ,Guest_6272,2014-07-28,4.0,Seems like a good place ...very chill and low key..not my particular favorite food ( more on the healthy side) but still good quality food and service with a fun video game theme once a week ...good place to check out,Eastside,The Bricks,40.46,6.45,15.9,2,65+,Female,African American
8zXgEkLjDwArMWCiDa4tLQ,Guest_9195,11.10.2012,2.0,,Eastside,The Bricks,,5.39,22.4,1,,,Native American
TCzaF5Lj0NLoCQuIujEzJg,Guest_4458,11/30/2014,4.0,"We were greeted by a very pretty waitress that made us feel like we had chosen the right place. We were then turned over to a nice gentleman that took our orders with a polite smile. We are vegetarians and there were lots of options. We settled for the salsa and house made avocado sauce with corn chips  and we split their famous black star black bean burger... Yesss!! The food presentation was that of fine dining and the food was very pleasing to our pallets. 
We give The Bricks 4 stars and would recommend to anyone who plans to visit Tampa",Eastside,The Bricks,17.14,3.07,17.9,2,26-35,Non-binary,African American
s9dqqPMdKO3QdJ5s7lrt3g,Guest_2902,28.11.2016,1.0,"This place is listed as vegetarian-friendly and it is, provided that you eat eggs, cheese, and whatever else they put on the food without listing it in the menu description. Unfortunately this place was a nightmare for me as a vegan. I ordered the veggie cuban with no swiss or honey mustard since those were the only non-vegan ingredients listed in the description, and if it wasn't for the server mentioning ""oh that's a great choice; the chef puts an egg on it too,"" then I would have gotten a sandwich with egg. After I stressed ""no animal products, no egg, no dairy, no butter,"" the server responded with ""oh well you know the egg isn't actually meat"" as opposed to, you know, respecting my dietary restrictions. I have no intention of returning, due to the lack of clarity on the menu and the server's rudeness when I was expressing my allergies/restrictions. Maybe if the restaurant lists all of the ingredients and trains their staff on how to not be rude to someone who was rightfully annoyed at almost getting an item I couldn't eat, then it might be worth a recommendation. But then again, it's not a vegan-friendly establishment despite it being vegetarian-friendly.",Eastside,The Bricks,11.78,1.22,10.3,2,18-25,Prefer not to say,
NOTAXpx4vcngxjIXyhHBrg,Guest_8939,13.09.2012,4.0,"I love the Bricks! We live in Ybor and this is one of our favorite lunch spots. I always have a hard time selecting between two sandwiches - The Elvis which is a peanut butter, banana and bacon sandwich or the Bird and Pig - roasted chicken, bacon, brie, apple, pressed on a Hawaiian sweet roll.

Bricks always offers weekly specials and featured drinks. The crowd is always fun and the staff is friendly.",Eastside,The Bricks,59.61,9.48,15.9,1,,Non-binary,
4ywDqRoYjy16Z_UFox0qTg,Guest_6460,07/22/2012,,"Food is terrible. Nacho dip was covered in there advacado cream dressing which was bad. Very sloppy. The pesto grilled cheese, was covered in way too much pesto. Again very sloppy. Overall bad food, chef must be high or something. Oh and found a few ants crawling up my leg. 
Will never come back.",Eastside,The Bricks,17.33,4.44,25.6,2,,,Caucasian
GsLZMdhl4PB0hqtQY9nK0Q,Guest_5093,15.04.2015,5.0,,Eastside,The Bricks,29.36,7.0,23.8,5,,Non-binary,Hispanic
4zK6gMub9v__3lsr9FU7KQ,Guest_4067,18.01.2015,5.0,Very fresh food- they actually make their own stuff! We ate lunch at the bar and the bartender went out of his way to help my husband find a good gluten free option. I ordered the black bean burger and it was delishous! Great atmosphere as well. Definitely recomend this place as there are not all that many fresh and relatively healthy places in the area. Wish we had found it sooner!,Eastside,The Bricks,,11.46,35.0,1,46-55,Non-binary,
NVGknCokupO-YGnK8vI5Kg,Guest_6899,2014-04-22,4.0,"Excellent service, trendy yet comfortable atmosphere, and very nice food. About half the items we requested weren't available b/c they're transitioning to a new menu.",Eastside,The Bricks,23.34,4.65,19.9,3,46-55,Prefer not to say,Native American
OgVW9QTtF4aAHFTTc0x2rA,Guest_2827,22.02.2013,3.0,"I had high expectations when I went to this place recently after some recommendations from friends.  We visited on a night when there weren't very crowded so it was nice to be able to have such an attentive waitress and service.  I was a bit disappointed when I didn't find as much on the menu as I would have liked to have seen that would appeal to me.  I guess I have become very picky with my Yelp addiction in terms of scrutinizing every establishment I go to pretty thoroughly.  

I ordered the hummus appetizer for the table and was very pleased at the quality of the dish.  For my entree I ordered their Bricks Salad which had plenty of fresh produce packed in.  I ordered a double portion of chicken for it, which still seemed pretty skimpy especially since I was charged for that request.  Overall, I'd say this is probably one of Ybor's lesser known spots as its more on the western edge of the main strip, yet it seems very lively and upbeat.  I did like that they had featured lots of artwork by various local artists that were on display and offerred for sale.  Not a bad place to hang out and have a drink if you're looking for a lower key outing in the Ybor area.",Eastside,The Bricks,17.91,2.86,16.0,2,18-25,Male,African American
P-lZE6cZgfWkojreLiu7Vg,Guest_9334,15.03.2017,4.0,The Bricks is a tasty restaurant for lunch with a cool and unique Ybor City atmosphere along with friendly srvice! The only reason it didn't get 5 stars is because it is a little pricey for the quantities.,Eastside,The Bricks,8.91,1.78,20.0,1,,Male,Native American
eNHgYkJwmuM0Gg42AL6V6Q,Guest_8903,01/31/2017,1.0,"If you're immune to salmonella poisoning then this is the perfect place for you! Very overpriced, minimum effort in providing authentic food NOT out of a can. They undercook the chicken and it taste like refrigerator. Please don't waste your hard earned cash on half assed food. Unless you just want drinks and a good time with friends, don't come here.",Eastside,The Bricks,12.62,2.94,23.3,2,56-65,Non-binary,Hispanic
1zcUh5uv1Qvv3mqYKC5QdA,Guest_6705,04.03.2017,4.0,"This was my first time here and I would recommend it! I had the Liquid Heroin (espresso, chocolate and milk) and the Bird and Pig. These two are the Bricks specialities. The Bird and Pig has chicken, bacon, apple, Brie, and honey. It is a perfect combination of salty and sweet. For dessert, we had the Ice Cream Sammy. A chocolate chip cookie with vanilla bean ice cream and chocolate syrup. I was a bit disappointed on the dessert because I was expecting the cookie to be soft and warm, it was the opposite; very hard. Overall the atmosphere is nice and I would come back to try some of the other specialties they have!",Eastside,The Bricks,22.74,3.73,16.4,3,36-45,Female,African American
GsLZMdhl4PB0hqtQY9nK0Q,Guest_5731,04/15/2015,5.0,,Eastside,The Bricks,19.89,4.51,22.7,5,,,
1zcUh5uv1Qvv3mqYKC5QdA,,04.03.2017,4.0,"This was my first time here and I would recommend it! I had the Liquid Heroin (espresso, chocolate and milk) and the Bird and Pig. These two are the Bricks specialities. The Bird and Pig has chicken, bacon, apple, Brie, and honey. It is a perfect combination of salty and sweet. For dessert, we had the Ice Cream Sammy. A chocolate chip cookie with vanilla bean ice cream and chocolate syrup. I was a bit disappointed on the dessert because I was expecting the cookie to be soft and warm, it was the opposite; very hard. Overall the atmosphere is nice and I would come back to try some of the other specialties they have!",Eastside,The Bricks,21.9,4.96,22.7,5,,Female,Other
DadAufR2brJtQCCq_NsPcQ,Guest_8184,03/04/2012,4.0,"It was so difficult deciding what to order here. I was in the mood for a skanky chai latte, but the skinny bitch latte just had that calorie conscious ring to it.

After a bit of thought I decided, skanky it shall be!

This has got to be one of my favorite places in Tampa. I had never really put a pulse on ""hipster"" in Tampa, but I found the closest thing to it at Bricks. Plenty of space to lounge here with a nice offering that ranged from caffeinated beverages to brews and snacks.

I would have never typically thought to throw bacon on a peanut butter and banana sandwich and then drizzle with honey, but I'm glad someone did.
The Elvis sandwich is a hunka, hunka, burning yum!

I would give this place five stars all day, except for the fact that service is slow. Like, dial-up slow. Like larvae to butterfly metamorphosis slow. So slow in fact that on a pretty *slow* afternoon, it would take 20 minutes just to get an iced chai even though you have a clear view of queue and activity of the servers. So slow that from time of check request to actually receiving it, was about another 20 minutes.

While the laid back atmosphere is one of the things that makes this place so cool, it's also the incredibly laid back service that could put a damper on things if you're in a rush.",Eastside,The Bricks,11.6,1.26,10.8,1,36-45,Female,Other
4ywDqRoYjy16Z_UFox0qTg,Guest_8863,22.07.2012,1.0,,Eastside,The Bricks,44.37,9.41,21.2,4,56-65,,Asian
uoiQHg2o0l9eNvOESYq1UA,Guest_8872,2016-03-07,,,Eastside,The Bricks,18.24,2.23,12.2,2,,Non-binary,Mixed
nWXxee5pTo9vvnbB6ir-4g,Guest_2103,06/24/2016,,"First of all I would like to say this is a pretty cool place. They have a great selection of beer and booze. The bartenders were very attentive and made awesome drinks. I was there on a Thursday night with a wedding party of about 12 people and we were having a great night. This is where I would love to end this review because based on the atmosphere and bartenders, this is a really chill place to hang out in ybor. Unfortunately, there is more to the story.

Later in the night, the bar started clearing out. The only people in the bar were myself, the wedding party I was with, the bartenders, and 3 other people. That's it. We (the wedding party) thought it would be fun to do the wobble and since the DJ was playing hip-hip anyway, we figured that it wouldn't be an issue to request that he play the wobble. After All, there wasn't many people in the bar anyway. Upon requesting to the DJ that we would like him to play the wobble he proceeded to respond with statements like ""I refuse to play that song"" ""I don't like that song"" ""I'm not a jukebox"". After briefly sharing our differences of opinion, I went to the bar to get a drink. At this time the DJ also walked up to the bar as we were kindly telling the bartender that they might want to reconsider their DJ choices because he was more concerned with what he wanted to hear, rather than what the patrons of the bar wanted to hear. Upon sharing our opinion with the bartender, the DJ butts in again to express that ""I'm the DJ, and I'll play what I want to hear"" that irritated me and I got a little heated. The bartender proceeded to cut me off because I argued with the DJ. I totally understand that, the bartender did the right thing there to calm down a situation. 

Point of my long story is, I really hope this place reconsiders their DJ choices in the future. They need someone that will play what the patrons want to hear and not what he wants to hear. Maybe that's just my opinion, but I feel that I make a strong case considering that by the time it was all said and done, our party was the only people in the bar. So, instead of 5 stars, I'm marking it a 3 based on the DJ alone.",Eastside,The Bricks,12.42,4.35,35.0,5,,,Caucasian
BceKC7jAlfmF6C-z-OTflQ,,19.08.2017,4.0,"I went there for dinner while in the Tampa area and had a great meal.   They have multiple Vegan and Vegetarian options, while also having a full bar with Guinness.   Very unusual across the good ole USA.

The place is in an interesting area, which seems it could be a little rough in the dark, so if you go, I would recommend going during the light hours.

The bartenders are really nice, and helpful with picking a good dish.",Eastside,The Bricks,25.07,3.56,14.2,4,46-55,Non-binary,Caucasian
IgVIc163TZ4xbJqfUKdnRw,Guest_9810,21.10.2015,5.0,"This might be my first five star rating. This place was absolutely awesome and I cannot wait until I go back for a second time. Our sever, Millie, was friendly and efficient from the moment we sat down. The atmosphere of the place was unique, and the food was among the most unique in Tampa that I have experienced in years. I got the pork tacos for an appetizer and the ""bird and pig"" for lunch. The sandwich was so good I could have ordered it again. Overall it was a fantastic experience and I will be returning for their drink specials.",Eastside,The Bricks,,1.95,15.9,2,,Prefer not to say,Mixed
s9dqqPMdKO3QdJ5s7lrt3g,Guest_4435,28.11.2016,1.0,"This place is listed as vegetarian-friendly and it is, provided that you eat eggs, cheese, and whatever else they put on the food without listing it in the menu description. Unfortunately this place was a nightmare for me as a vegan. I ordered the veggie cuban with no swiss or honey mustard since those were the only non-vegan ingredients listed in the description, and if it wasn't for the server mentioning ""oh that's a great choice; the chef puts an egg on it too,"" then I would have gotten a sandwich with egg. After I stressed ""no animal products, no egg, no dairy, no butter,"" the server responded with ""oh well you know the egg isn't actually meat"" as opposed to, you know, respecting my dietary restrictions. I have no intention of returning, due to the lack of clarity on the menu and the server's rudeness when I was expressing my allergies/restrictions. Maybe if the restaraunt lists all of the ingredients and trains their staff on how to not be rude to someone who was rightfully annoyed at almost getting an item I couldn't eat, then it might be worth a recommendation. But then again, it's not a vegan-friendly establishment despite it being vegetarian-friendly.",Eastside,The Bricks,,2.04,10.4,3,56-65,Female,Mixed
94N0yL4NknDfB4JITXlUWA,Guest_6370,21.06.2015,4.0,,Eastside,The Bricks,,3.05,11.6,1,26-35,Female,African American
miIwXNa5O-ILZaN_S3EH2g,Guest_2270,24.02.2014,4.0,"I'm definitely a fan.  The food/drinks are always stellar and while the staff is super friendly, the only issue with The Bricks is the time it takes to order/be served.  

It isn't like the servers are slow either, they are clearly working their assess off running from table to table, so maybe it is that people have called in sick the couple of times I've been in recently and they had to work twice as hard but a Sunday lunch shouldn't take 3 hours.  

Now that my complaining is out of the way, the restaurant itself is super groovy.  The kitchen is on full display so no crazy stories of chefs putting anything crazy into your food here.  And they look like they are having a great time while they prepare meals (whether they are or not, I love to see people enjoy what they do).  I normally get draft beer but their cocktails look really interesting and innovative.  

At lunch, I normally get the ""Goodness"" which is a hummus wrap and it comes with a choice of a side ($8).  Don't bother being wishy-washy on the side, get the Asian slaw, it is delicious, and if available I would order as a meal.  The wrap was good but the star was the slaw.  Thai, pea-nutty, goodness:)

I've gotten the Elvis before ($8) and it was delicious but something I can make a home.  I ordered it without bacon.  

My husband ordered the burrito and loved it as well ($9).  Others at our table raved about the Chicken and the Pig, The BBQ pork, and The Cure sandwiches.  Everyone really liked their food.  

The Bricks really is a great spot on the 7th Avenue strip, perfect for late night people watching that make Ybor awesome and also out of the way enough to not feel like it's distinctly part of the Ybor scene.",Eastside,The Bricks,11.16,3.91,35.0,3,26-35,Prefer not to say,Native American
QuLLvrwzNEizCRDiRPsVGQ,,02/12/2012,5.0,"We walked into The Bricks of Ybor and were immediately greeted by the owner and taken on a tour.  He showed us the studio area next door, the small patio in the back, and the food prep area.  He also explained the menu and gave some recommendations.  I've never been treated that way at a restaurant and it was an awesome touch.

The food was great.  The waitress did bring my husband the wrong sandwich but by the time we figured it out, it wasn't worth mentioning.  He liked whatever it was she brought him.

The beer selection was very good.

The atmosphere is laid back and unique.  They have games to play while you enjoy your drinks.  The music is awesome.

All in all, I love this place!",Eastside,The Bricks,6.44,1.78,27.7,5,,Female,Asian
IgVIc163TZ4xbJqfUKdnRw,Guest_8939,10/21/2015,5.0,"This might be my first five star rating. This place was absolutely awesome and I cannot wait until I go back for a second time. Our sever, Millie, was friendly and efficient from the moment we sat down. The atmosphere of the place was unique, and the food was among the most unique in Tampa that I have experienced in years. I got the pork tacos for an appetizer and the ""bird and pig"" for lunch. The sandwich was so good I could have ordered it again. Overall it was a fantastic experience and I will be returning for their drink specials.",Eastside,The Bricks,20.03,3.08,15.4,2,,Non-binary,Native American
1zcUh5uv1Qvv3mqYKC5QdA,Guest_7149,2017-03-04,4.0,,Eastside,The Bricks,26.51,0.0,0.0,2,26-35,Non-binary,Other
94N0yL4NknDfB4JITXlUWA,Guest_3802,06/21/2015,4.0,Just went there yesterday for brunch...  I've had a ton of grilled cheese sandwiches but this makes my top five. Loved the atmosphere. So happy we gave this restaurant a chance.,Eastside,The Bricks,13.96,1.76,12.6,2,18-25,Non-binary,Hispanic
eWzgGaazlADYOBS_hzFLtA,,05/09/2014,4.0,,Eastside,The Bricks,38.95,9.3,23.9,3,26-35,Prefer not to say,Mixed
eWzgGaazlADYOBS_hzFLtA,Guest_3321,2014-05-09,4.0,"Tasty place to grab a unique sandwich or something else with some tasty beer. I love the decor in this restaurant, as it seems to marry bricks, random tomfoolery, and nerdiness quite well. I've enjoyed most things there. The Bird and Pig was quite good as well as their veggie burger. They also have lots of theme nights, but I've never been to one.",Eastside,The Bricks,,2.9,14.5,3,,Non-binary,Native American
De-IwBjVk0Rkn1mGQ8GIbQ,Guest_4885,06.12.2011,5.0,"A must when you are in Ybor.  I ate and drank here multiple times a day for my 5 day trip to Tampa.  Every single meal was spectacular.  The Skinny bitch latte is perfect to start the day.  The proper grilled cheese is amazing, just wish they would have tomato soup to go along with it.  And you can't find better bartenders anywhere else in town.",Eastside,The Bricks,,1.57,16.9,2,46-55,Male,Hispanic
t6OmnU6qlaPS2BzDnMS28w,,20.05.2018,5.0,"My favorite drinks place to imbibe before a show in Ybor. Kyle is spot on every time with what is seemingly the exact thing I want before I even know it. Also, the nachos. Trust me!",Eastside,The Bricks,15.46,2.12,13.7,2,26-35,Female,Native American
eoFZMOL0XJ9yF8sW3OChIw,Guest_4694,2017-11-19,4.0,,Eastside,The Bricks,13.92,2.26,16.2,2,36-45,Non-binary,Other
eNHgYkJwmuM0Gg42AL6V6Q,,01/31/2017,1.0,"If you're immune to salmonella poisoning then this is the perfect place for you! Very overpriced, minimum effort in providing authentic food NOT out of a can. They undercook the chicken and it taste like refrigerator. Please don't waste your hard earned cash on half assed food. Unless you just want drinks and a good time with friends, don't come here.",Eastside,The Bricks,16.14,2.72,16.9,4,,Prefer not to say,Caucasian
rSkTYJMKMUg8QHpsfV6syw,Guest_9595,07/20/2017,,"I walked into the restaurant and the general scene was promising: a friendly environment with interesting decor like a diner, despite being poorly lit.

I ordered the ""King Fu pork bowl"" and a macchiato, to which the waitress replied that their barista doesn't really make it the traditional way. I still ordered it.

The macchiato came first, and to my surprise it was in a mug filled to the brim. I let the barista know that I ordered a macchiato, not a latte or cappuccino, and she said that she knows that, she made a macchiato. After a brief discussion I discovered she doesn't know what a macchiato was. I went back to my table. 

The food came. The pork was room temperature and the rice was plain. The dish lacked flavor overall. 

Maybe they don't specialize in rice bowls as it was a smaller item on their menu, but that was my experience.",Eastside,The Bricks,21.75,2.25,10.3,3,,Female,Other
6W_KEeCPnxjcuD6u4UXi0Q,Guest_1429,18.06.2017,5.0,"Came for Father's day brunch, and will definitely come back. great selection of vegetarian food.  Veggie Cuban and cheese grits were awesome. .and service was so good!",Eastside,The Bricks,14.86,3.06,20.6,4,,Non-binary,Caucasian
P-lZE6cZgfWkojreLiu7Vg,Guest_1637,2017-03-15,4.0,The Bricks is a tasty restaurant for lunch with a cool and unique Ybor City atmosphere along with friendly service! The only reason it didn't get 5 stars is because it is a little pricey for the quantities.,Eastside,The Bricks,27.07,4.52,16.7,4,36-45,,Other
11LaR_wnmQpNf7fD6d6n1Q,Guest_3976,12.11.2014,4.0,I love this place. Everything I've had seems really fresh. The hummus is really tasty and the ambiance is nice and relaxed.,Eastside,The Bricks,19.59,3.53,18.0,2,26-35,Male,Caucasian
GqJahjGcKfiFxfA7oCnvCg,Guest_8689,2016-05-21,4.0,,Eastside,The Bricks,,3.19,16.0,2,18-25,Female,Other
uoiQHg2o0l9eNvOESYq1UA,,07.03.2016,1.0,,Eastside,The Bricks,18.9,3.01,15.9,2,,Female,Other
Cf3QB0VEbdWFq94tZcWgTQ,Guest_5416,11/10/2017,5.0,"They seem to have expanded their menu or, I'm just imaging that and actually gave them another chance. Good beer selection. Great ambiance. More hip than some of the other bars. Accommodated my large party.",Eastside,The Bricks,,2.94,15.3,4,,Female,Native American
IdUkBQcMt0460g5W1LCZmg,,01/20/2014,4.0,"The Bricks is a hipster haven, but don't let that deter you if you don't wear non-prescription glasses and flannel. I'm always the least cool person in here and no one seems to mind. (Although maybe I AM cool -- last time I was here the DJ was playing Hall & Oates most likely to be ironic, but I genuinely enjoyed it.) The menu is mostly sandwiches and some salads. It's all about the Bird & Pig sandwich. I have a hard time straying from this delicacy of chicken, bacon, brie, and apples on pressed sweet bread. Sweet, check. Salty, check. Crunchy, check. Nice selection of local and craft brews, too.",Eastside,The Bricks,14.04,1.35,9.6,3,26-35,Male,Caucasian
QuLLvrwzNEizCRDiRPsVGQ,Guest_5337,02/12/2012,5.0,"We walked into The Bricks of Ybor and were immediately greeted by the owner and taken on a tour.  He showed us the studio area next door, the small patio in the back, and the food prep area.  He also explained the menu and gave some recommendations.  I've never been treated that way at a restaurant and it was an awesome touch.

The food was great.  The waitress did bring my husband the wrong sandwich but by the time we figured it out, it wasn't worth mentioning.  He liked whatever it was she brought him.

The beer selection was very good.

The atmosphere is laid back and unique.  They have games to play while you enjoy your drinks.  The music is awesome.

All in all, I love this place!",Eastside,The Bricks,15.79,2.5,15.9,2,36-45,Male,
4zK6gMub9v__3lsr9FU7KQ,Guest_2909,18.01.2015,5.0,"Very fresh food- they actually make their own stuff! We ate lunch at the bar and the bartender went out of his way to help my husband find a good gluten free option. 

I ordered the black bean burger and it was delicious! Great atmosphere as well. Definitely recommend this place as there are not all that many fresh and relatively healthy places in the area. Wish we had found it sooner!",Eastside,The Bricks,14.54,3.17,21.8,2,46-55,Prefer not to say,African American
vHLviczaBYS88UGWFWC8Qg,Guest_5683,03.03.2013,5.0,,Eastside,The Bricks,11.47,1.87,16.3,2,,,
zGNexIUL8EG3_hTXpSY_Iw,Guest_8617,05/09/2014,4.0,"I dined here for the first time with my daughter, who is a regular. We had the Hummus appetizer. I had the Bricks Club and she had the specialty Grilled Cheese. The food was fresh, tasty and full of flavor. The service was very good. The bottle of ice water they bring is a classy touch. The ambiance is eclectic. My daughter told me normally the place is full of hipsters, but the crowd was spare on the day we were there. The prices are reasonable and in line with the usual and customary norms for Tampa. I don't drink, but it looked like they have quite an assortment of craft beer available.",Eastside,The Bricks,,2.68,19.7,4,18-25,Prefer not to say,Asian
ADodUkepU3OyY-G5zZk7yA,,15.10.2012,3.0,This place is fun! I like the staff and the vibe. Food is okay. Beer selection is okay. Great happy hour on wine once a week. 3.5 stars is more appropriate for this place.,Eastside,The Bricks,16.45,4.93,30.0,1,,Female,Other
svHZLGNpGq3BvqCkeKI56g,Guest_9932,2017-01-29,1.0,"We waited an hour for our food. No coffee refills the entire time. We saw our food souring in the window for 20 minutes. When we finally left the server said it couldn't be helped. No apologies, no srvice, no food, no tip.",Eastside,The Bricks,10.94,2.75,25.1,3,65+,Prefer not to say,
zbJJjS4qCofo0l5Cr39R8A,Guest_2049,05/02/2015,5.0,,Eastside,The Bricks,22.9,5.11,22.3,2,26-35,,African American
dYKjSQ9ITqPgzkyglOGrJQ,Guest_4225,04/05/2018,5.0,1st time we've tried The Bricks. So yummy!!! I had the Blackened Shrimp Salad and my husband had Sammy Tuna. We both loved every bite. Looking forward to eating there again.,Eastside,The Bricks,,1.52,13.9,2,,Female,African American
PJv1iTOgQTS0Aan6_UAZnw,Guest_5772,2013-10-31,4.0,"Food was delish. 

Stopped before a concert at The Ritz, it is just a block away and the perfect stop for reasonably priced fresh, healthy-ish meal before you wreck your liver.

BFF had the Bird and Pig, she loved it.  I had the Blackstar Bean Burger.  It was spicy which in my opinion was perfect.

The drinks are pricy, but well crafted.

Our service was meh.  A little slow, but we received the correct order and were informed of specials and what they were out of before we decided.

I will totally be back next time I am in town.",Eastside,The Bricks,88.28,0.0,0.0,3,,Male,Native American
ss4LSp-dCCuhpxDrRH_GLQ,Guest_9559,10/28/2011,5.0,"I walk in, and they're playing the greatest hits of De La Soul throughout lunch. They could have been serving Big Macs and that gets you four stars alone. I order a grilled cheese sandwich, and it comes with apple, plums, and bacon on some delicious bread with tortilla chips. And it is sublime. The cheese is perfectly melted, and the goodies inside are covered in wonderful gooey dairy greatness. I order a cafe con leche while getting some work done on my laptop. It is flawlessly prepared by a lovely server, and I'm a coffee snob. And if I didn't get buried in work stuff, I was jonesing for one of those half-price martinis they serve on Thursdays. Wonderful atmosphere (the skatepark staff makes it friendly and fun), great food, delishous coffee, a full bar, and lots of different options. This place is a total home run, and a can't miss for anyone in Ybor.",Eastside,The Bricks,20.2,4.4,21.8,3,65+,,Asian
2umV3kR4UxjuYV4wU7Qw1w,Guest_4099,02/07/2014,4.0,"I've always thought the idea of apple on a sandwich (that didn't involve peanut butter) as completely preposterous, because sweet things do not belong on sandwiches!  

So what did I order at The Bricks?  Naturally, the Bird and Pig - which features chicken, bacon, apple, brie and agave nectar.   It was definitely sweet.  And savory.  And absolutely, positively to die for.  I loved every scrumptious bite of it.... except for the dry chicken breast.  I'm not sure if it was just old, but either way it was dry and disappointing.

Next on the menu was the deluxe grilled cheese sandwich, which was all sorts of yummy cheese, smothering delicious garden fresh basil (wow!), spinach and tomato.   The first bite of this sandwich was knock-your-socks-off.  The basil really stands out and it definitely warranted an audible moan.  The next few bites weren't as spectacular, but I still loved the sandwich.  I'd go with the Bird and Pig again if I had to choose.

While we waited, we treated our faces to black bean dip (suggested by the waiter) and we enjoyed it.  If you like black bean dip, then you'll like this one.  

We washed all of that down with a glass of liquid heroin, and all was right with the world.

The end.

Oh, and the service - spot on.  The place is cute, the staff is attentive, and it's clear this place easily doubles as a comfy daytime spot and a lovely night spot - if that's your kinda thing.",Eastside,The Bricks,18.96,4.51,23.8,4,46-55,Non-binary,Hispanic
uoiQHg2o0l9eNvOESYq1UA,Guest_4395,03/07/2016,,,Eastside,The Bricks,16.65,2.71,16.3,3,46-55,,Mixed
8PtU0lutz85WqmKOhTY-3w,,2017-03-16,1.0,"Went here for lunch. Ordered the pork rice bowl. My food took forever to be served. Then it was cold. The server took it back offering me a NEW order to be cooked. My food came back quickly, it was the same good and the exact same temperature. I wasn't offered a NEW order, however I was asked if I'd like something else, I declined. Terrible srvice, manager was never sent over while I sat and watched my colleagues eat their lunch!",Eastside,The Bricks,24.28,7.02,28.9,2,46-55,Non-binary,Mixed
ADodUkepU3OyY-G5zZk7yA,Guest_4130,2012-10-15,,This place is fun! I like the staff and the vibe. Food is okay. Beer selection is okay. Great happy hour on wine once a week. 3.5 stars is more appropriate for this place.,Eastside,The Bricks,22.31,5.88,26.3,3,46-55,Male,Other
hQz9UnbHvv3ctllRquULuQ,Guest_8477,2015-04-18,,This is where the cool kids hang and there's reasons for it. The beer and the food! Tons of vegetarian and even vegan options. I'm not either but I do love that black bean burger and the salads are to die for. The staff is great and always sweet and accommodating. The place is usually filled with great art and an eccentric lot of people. I gave this place five stars because I would be lying if I said I didn't love this place. It's my vibe. It can be yours also. Yup! Just referred to myself as a cool kid.:D,Eastside,The Bricks,24.73,4.33,17.5,3,65+,Non-binary,African American
zGNexIUL8EG3_hTXpSY_Iw,Guest_6948,09.05.2014,4.0,,Eastside,The Bricks,46.23,9.62,20.8,3,65+,Prefer not to say,African American
NOTAXpx4vcngxjIXyhHBrg,Guest_3132,13.09.2012,4.0,"I love the Bricks! We live in Ybor and this is one of our favorite lunch spots. I always have a hard time selecting between two sandwiches - The Elvis which is a peanut butter, banana and bacon sandwich or the Bird and Pig - roasted chicken, bacon, brie, apple, pressed on a Hawaiian sweet roll.

Bricks always offers weekly specials and featured drinks. The crowd is always fun and the staff is friendly.",Eastside,The Bricks,,1.93,10.4,1,36-45,Non-binary,Hispanic
9g-mtjmWHY0miughafkXMQ,Guest_5968,07/12/2010,5.0,"I'd been following the progress of The Bricks via their FB page for some time - I'm happy to report that the end product lives up to the expectations (exceeds them, even!). 

The first thing you notice is the atmosphere: laid-back & friendly, fostering a close-knit/ community feel that encourages you to slow down and linger for a bit longer, enjoying the company. 

When it comes to the menu, it's full of simple foods that have been completely mastered. I suggest the Peanut Butter Bar (choose your bread, peanut butter, and toppers). The Roasted Garlic Hummus is amazing, as is the Italian Brick sandwich. As far as coffee goes - they won't disappoint, I'm partial to the Brickaccino (frozen coffee). Another standout factor is their beer selection - which alone is worth strolling by for.

All in all, The Bricks as a 5-Star stop, you won't soon forget.",Eastside,The Bricks,,0.0,0.0,1,46-55,Prefer not to say,
FWWE8HkUu42FgIfi2_FI-w,Guest_6129,01/02/2013,4.0,"Cheaper than the $$ rating by far, depending on your interests (I had the $5.50 grilled peanut butter and Gouda). And I didn't think the combination would work, but I was wrong. It's not my absolute favorite peanut butter sandwich, but it's tasty. Sadly, the ""peanut butter bars"" don't have as extensive a list of ingredients as they did when Brett N. visited. I also tasted a forkful of Jodi's Greek salad (which was all that was left!), and that lemon-dill vinaigrette just made my ""next time we're here"" list.",Eastside,The Bricks,24.79,3.15,12.7,8,36-45,Prefer not to say,Caucasian
jrGMuHix2T4NvxVmR0yF_g,Guest_4253,27.02.2013,5.0,,Eastside,The Bricks,8.94,0.0,0.0,2,18-25,Prefer not to say,Mixed
eWzgGaazlADYOBS_hzFLtA,Guest_4403,2014-05-09,,"Tasty place to grab a unique sandwich or something else with some tasty beer. I love the decor in this restaraunt, as it seems to marry bricks, random tomfoolery, and nerdiness quite well. I've enjoyed most things there. The Bird and Pig was quite good as well as their veggie burger. They also have lots of theme nights, but I've never been to one.",Eastside,The Bricks,23.14,4.2,18.1,4,36-45,Female,Native American
xFxilqzpu6Xac1admnl7MA,Guest_9740,28.09.2015,4.0,,Eastside,The Bricks,,9.18,17.5,1,18-25,,Mixed
EVklXIXTKM7MroTzc-EsPA,Guest_7583,2017-04-09,,"I ordered the Kung fury bowl and it's pretty good, just not a huge fan of Asian slaw. The restaurant is pretty cool with the decoration and not at a super crowded location in ybor. The service was a bit slow, but the food came pretty quick.",Eastside,The Bricks,39.03,6.53,16.7,2,46-55,Non-binary,
nAdvLArVs5EaKwrOvFXTuQ,Guest_4813,2014-11-13,5.0,I ordered the bird and pig with Asian slaw.. $10. The sandwich is warm and pressed. It has pulled chicken inside. I was worried it would be dry. IT'S NOT. Very moist! Thick cut bacon and thinly sliced green apple.there was also a mayo type sauce. .tasted a bit sweet...Boy was this sandwich great!! The Asian slaw was delicately dressed with the careful handed use of sesame oil. Fantastic! And they have a large assortment of Florida brewed beers. The Wynwood iPA was so flavorful and foam on top just pillowy. Atmosphere relaxed. Staff is friendly and service great. I was here on a Thursday night about 6pm. Nice and clean.,Eastside,The Bricks,33.57,7.48,22.3,2,65+,Male,
0F7dbDBRCGYd3wFBuVpFMA,Guest_9580,28.07.2014,,"What an eclectic hipster joint, right in the heart of Ybor. The restaurant name alone fits the atmosphere perfectly. The menu options are unique, what might sound like it wouldn't mesh on the palette ends up making you want seconds and if drinking enough-- thirds. This is a great place to have a drink and a scrumptious sandwich on a Sunday. I had the bird and pig, perfect combination of savory and sweet.",Eastside,The Bricks,18.91,4.4,23.3,2,36-45,Prefer not to say,Native American
dYKjSQ9ITqPgzkyglOGrJQ,Guest_1323,2018-04-05,5.0,,Eastside,The Bricks,17.78,4.13,23.2,4,,,Hispanic
NYilSGDWsYrFnB2EpDRMFA,Guest_1504,02/04/2018,2.0,"My wife and I have visited twice, and another time with friends. While we like the food and beer choices, the servic is inexcusably very slow. We visited on a Saturday afternoon around 5:00 and the place was only 1/3 full. Took a while for our server to greet us, arrived just when we were about to get up and leave. Ordered a beer for each of us and waited at least 10 minutes before I finally got up to ask the bartender about our drinks (after watching him not making any drinks for several minutes and serving a few others who just arrived at the bar). I could barely get the words out before he says they'll be right up. I sit back down, and he still doesn't pour them. We were about to leave again when another bartender made eye contact and she poured the drinks and brought them to us. While our waitress was friendly, she should have been checking on our drinks. Same slow experience with the other two visits, this time we are certain we will not be back.",Eastside,The Bricks,,1.52,22.4,4,56-65,Female,Caucasian
umKey8gxNoyUcwZY2azciw,Guest_5497,06/02/2011,3.0,"nice place for gatherings and hanging out. Friendly staff. Food was OK. Not bad, not good, it just sat somewhere in the middle.",Eastside,The Bricks,,2.03,24.9,1,,Male,Caucasian
PJv1iTOgQTS0Aan6_UAZnw,,2013-10-31,4.0,,Eastside,The Bricks,16.71,3.79,22.7,3,18-25,Prefer not to say,Other
qzgc5-lizZMqupW7ZR8qmQ,,28.07.2014,4.0,Seems like a good place ...very chill and low key..not my particular favorite food ( more on the healthy side) but still good quality food and service with a fun video game theme once a week ...good place to check out,Eastside,The Bricks,42.54,8.47,19.9,4,18-25,,Mixed
aHtgSP4nTEtHvYQ0TE6w1g,,10/02/2017,5.0,Their bird & pig sandwich is the bomb. Brie cheese is one of my favs and this sandwich offers plenty. The Asian Slaw was a suggestion from our waitress and did not disappoint. It was yummy. The sesame seeds made all the difference. Full bar always has a variety of tasty drink options. This place is cool bc it has a vegan options for those folks with those dietary needs.,Eastside,The Bricks,62.88,12.8,20.4,4,18-25,Non-binary,Hispanic
GqJahjGcKfiFxfA7oCnvCg,Guest_7058,05/21/2016,4.0,A good watering hole. Beer and coffee are decent! Try UNITA REady Set Gose and UNITA summer ale.,Eastside,The Bricks,25.34,5.34,21.1,2,36-45,Male,Caucasian
TCzaF5Lj0NLoCQuIujEzJg,Guest_4060,30.11.2014,4.0,"We were greeted by a very pretty waitress that made us feel like we had chosen the right place. We were then turned over to a nice gentleman that took our orders with a polite smile. We are vegetarians and there were lots of options. We settled for the salsa and house made avocado sauce with corn chips  and we split their famous black star black bean burger... Yesss!! The food presentation was that of fine dining and the food was very pleasing to our pallets. 
We give The Bricks 4 stars and would recommend to anyone who plans to visit Tampa",Eastside,The Bricks,,6.81,35.0,1,,Male,Caucasian
NOTAXpx4vcngxjIXyhHBrg,Guest_9941,09/13/2012,,"I love the Bricks! We live in Ybor and this is one of our favorite lunch spots. I always have a hard time selecting between two sandwiches - The Elvis which is a peanut butter, banana and bacon sandwich or the Bird and Pig - roasted chicken, bacon, brie, apple, pressed on a Hawaiian sweet roll.

Bricks always offers weekly specials and featured drinks. The crowd is always fun and the staff is friendly.",Eastside,The Bricks,18.16,2.94,16.2,1,36-45,Non-binary,African American
11LaR_wnmQpNf7fD6d6n1Q,,2014-11-12,4.0,I love this place.  Everything I've had seems really fresh.  The hummus is really tasty and the ambiance is nice and relaxed.,Eastside,The Bricks,14.56,2.27,15.6,2,26-35,Female,Other
PJv1iTOgQTS0Aan6_UAZnw,,10/31/2013,4.0,"Food was delish. 

Stopped before a concert at The Ritz, it is just a block away and the perfect stop for reasonably priced fresh, healthy-ish meal before you wreck your liver.

BFF had the Bird and Pig, she loved it.  I had the Blackstar Bean Burger.  It was spicy which in my opinion was perfect.

The drinks are pricy, but well crafted.

Our service was meh.  A little slow, but we received the correct order and were informed of specials and what they were out of before we decided.

I will totally be back next time I am in town.",Eastside,The Bricks,22.27,8.91,40.0,1,,Non-binary,Caucasian
I3nDwvABhYqKdcxpN6_eaA,Guest_8400,2014-04-23,5.0,,Eastside,The Bricks,19.06,0.0,0.0,3,,,African American
rno5BeYy-bMFKINk43MmNw,Guest_2259,2014-05-30,5.0,"It is definitely a place to bring your friends and chat. I love their different types of Peanut Butter sandwiches. Amazing! Not only that, but the inside environment is just so positive and provides inspiration.",Eastside,The Bricks,18.26,3.18,17.4,2,56-65,Non-binary,African American
exVAtPSIFht6QUVDftWSzw,Guest_7638,07/14/2013,1.0,,Eastside,The Bricks,21.36,3.95,18.5,2,65+,Female,
ADodUkepU3OyY-G5zZk7yA,,15.10.2012,3.0,This place is fun! I like the staff and the vibe. Food is okay. Beer selection is okay. Great happy hour on wine once a week. 3.5 stars is more appropriate for this place.,Eastside,The Bricks,13.77,2.92,21.2,3,18-25,Male,Mixed
2umV3kR4UxjuYV4wU7Qw1w,Guest_4096,07.02.2014,4.0,"I've always thought the idea of apple on a sandwich (that didn't involve peanut butter) as completely preposterous, because sweet things do not belong on sandwiches!  

So what did I order at The Bricks?  Naturally, the Bird and Pig - which features chicken, bacon, apple, brie and agave nectar.   It was definitely sweet.  And savory.  And absolutely, positively to die for.  I loved every scrumptious bite of it.... except for the dry chicken breast.  I'm not sure if it was just old, but either way it was dry and disappointing.

Next on the menu was the deluxe grilled cheese sandwich, which was all sorts of yummy cheese, smothering delicious garden fresh basil (wow!), spinach and tomato.   The first bite of this sandwich was knock-your-socks-off.  The basil really stands out and it definitely warranted an audible moan.  The next few bites weren't as spectacular, but I still loved the sandwich.  I'd go with the Bird and Pig again if I had to choose.

While we waited, we treated our faces to black bean dip (suggested by the waiter) and we enjoyed it.  If you like black bean dip, then you'll like this one.  

We washed all of that down with a glass of liquid heroin, and all was right with the world.

The end.

Oh, and the service - spot on.  The place is cute, the staff is attentive, and it's clear this place easily doubles as a comfy daytime spot and a lovely night spot - if that's your kinda thing.",Eastside,The Bricks,25.6,5.05,19.7,5,46-55,Prefer not to say,
rSkTYJMKMUg8QHpsfV6syw,,20.07.2017,3.0,"I walked into the restraunt and the general scene was promising: a friendly environment with interesting decor like a diner, despite being poorly lit. I ordered the ""King Fu pork bowl"" and a macchiato, to which the waitress replied that their barista doesn't really make it the traditional way. I still ordered it. The macchiato came first, and to my surprise it was in a mug filled to the brim. I let the barista know that I ordered a macchiato, not a latte or cappuccino, and she said that she knows that, she made a macchiato. After a brief discussion I discovered she doesn't know what a macchiato was. I went back to my table. The food came. The pork was room temperature and the rice was plain. The dish lacked flavor overall. Maybe they don't specialize in rice bowls as it was a smaller item on their menu, but that was my experience.",Eastside,The Bricks,31.16,6.68,21.4,3,,Female,Mixed
IdUkBQcMt0460g5W1LCZmg,Guest_8444,20.01.2014,4.0,,Eastside,The Bricks,9.09,2.06,22.7,6,18-25,,African American
jE2zHov_2Eii9XrrmkSV5g,Guest_2919,28.06.2012,3.0,"Visited The Bricks this evening for dinner with a group of 6 and I think I can say we all enjoyed our experiance - I give it a solid 3-stars because I wasn't blown away by the food, ambiance or service but all were good if not a little above average. I started with an Old Fashioned which was sadly, quite watered down. The table started with the Bricklayer Nachos which were good and a pretty decent size portion too. For my dinner I had the Mediterranean Grilled Cheese - feta and mozzarella cheese, olive tapenade, baby spinach and portabello mushroom pressed in a piece of flatbread. The first few bites were enjoyable but about a quarter of the way into it I realized how SALTY it was. Unfortunately, it was a little one-note and better in concept than in execution in my opinion. Our waitress was pleasant and split the check 6-ways without us even having to ask, which I thought was really nice of her. Atmosphere was unique but nothing worth coming back for. Also, worth noting - The Bricks doesn't have its own parking lot so you'll have to find street parking (good luck), a paid parking lot lot or one of the local parking garages.",Eastside,The Bricks,17.53,1.0,5.7,2,46-55,Prefer not to say,Caucasian
9g-mtjmWHY0miughafkXMQ,Guest_1326,07/12/2010,5.0,"I'd been following the progress of The Bricks via their FB page for some time - I'm happy to report that the end product lives up to the expectations (exceeds them, even!). The first thing you notice is the atmosphere: laid-back & friendly, fostering a close-knit/ community feel that encourages you to slow down and linger for a bit longer, enjoying the company. When it comes to the menu, it's full of simple foods that have been completely mastered. I suggest the Peanut Butter Bar (choose your bread, peanut butter, and toppers). The Roasted Garlic Hummus is amazing, as is the Italian Brick sandwich. As far as coffee goes - they won't disappoint, I'm partial to the Brickaccino (frozen coffee). Another standout factor is their beer selection - which alone is worth strolling by for. All in all, The Bricks as a 5-Star stop, you won't soon forget.",Eastside,The Bricks,18.65,3.73,20.0,1,18-25,Female,Caucasian
rno5BeYy-bMFKINk43MmNw,Guest_7750,05/30/2014,5.0,"It is definitely a place to bring your friends and chat. I love their different types of Peanut Butter sandwiches. Amazing! Not only that, but the inside environment is just so positive and provides inspiration.",Eastside,The Bricks,32.34,5.25,16.2,4,56-65,Prefer not to say,Asian
nAdvLArVs5EaKwrOvFXTuQ,,11/13/2014,5.0,,Eastside,The Bricks,20.31,3.32,16.3,4,46-55,Prefer not to say,Other
0XuENPl2FwekIfu9M-1jDw,Guest_1873,09/03/2018,1.0,"Terrible selection of food. No ""real sweet tea"" first and last time visit"" anywhere that doesn't carry real sweet tea automatic gets a 1*",Eastside,The Bricks,7.25,0.8,11.1,2,18-25,Prefer not to say,African American
xZnk3q-AHjpN6aSR_6Sqhg,Guest_8062,02.11.2011,5.0,"They have a super friendly staff and a simple modern decor.

I enjoyed the Six Degrees of Kevin Bacon exhibit on display.

I got a really young and hip vibe from this place, and the sandwiches are amazing!",Eastside,The Bricks,15.39,5.39,35.0,8,,Male,Native American
GqJahjGcKfiFxfA7oCnvCg,Guest_3950,2016-05-21,,A good watering hole. Beer and coffee are decent!  Try UNITA REady Set Gose and UNITA summer ale.,Eastside,The Bricks,,3.74,20.5,2,,,Caucasian
ylcQSUvE8VHikFz_gWIWWQ,Guest_9791,19.08.2017,5.0,"This is THE BEST spot for food and drinks in Ybor.  The drinks are amazing and the food is top notch. Cool, laid back atmosphere and amazing bar!! All of the staff are helpful and accommodating!! Best happy hour!!!",Eastside,The Bricks,27.44,4.24,15.5,3,,,Native American
zGNexIUL8EG3_hTXpSY_Iw,Guest_2533,2014-05-09,4.0,"I dined here for the first time with my daughter, who is a regular. We had the Hummus appetizer. I had the Bricks Club and she had the specialty Grilled Cheese. The food was fresh, tasty and full of flavor. The service was very good. The bottle of ice water they bring is a classy touch. The ambiance is eclectic. My daughter told me normally the place is full of hipsters, but the crowd was spare on the day we were there. The prices are reasonable and in line with the usual and customary norms for Tampa. I don't drink, but it looked like they have quite an assortment of craft beer available.",Eastside,The Bricks,14.66,5.13,35.0,2,46-55,Prefer not to say,Mixed
mu7DWrjoa6b2yqcfH75QYw,Guest_4261,24.12.2016,1.0,"For days I have tried to put a side the terrible experience I had, I really don't like to put a bad review, but most of all I deeply appreciate when businesses treat everyone with respect and priority, and for some reason and actually for no reason.
I walked in and noticed I have to go to the bar for service, there were no available seats, so I stood at the beginning of the bar from the entrance, made an eye contact with the bar tender, 5 min passed he still didn't come to me so I looked over for a menu and grabbed it myself, shortly after he reached to me and took my order of drinks and food... 10 min passed and he didn't prepare my drinks, he left the bar area, and another guy came to replace him, he asked us if we needed help, I told him we already ordered, mean while I'm waiting and waiting and I see our server went to take out food for people, totally forgot about us, he could have at least tell the other two guys who were at the bar ( one of them was the owner) to make us the drink...
Then the owner came to me and he told me I should have told the guy that replaced him to make me the drinks, i told him how could I know it works that way?
And instead of trying to make excuses for why I don't have my drinks and blaming me for it, he obviously didn't care for what u had to say but I tried explain him how long I've been waiting and that I should have been taken care off and that he's been very rude for trying to excuse the situation instead of handling It property...
End of story, He got mad he said I'm the owner and that I'm not going to talk to him that way and he walked away from me!


So to sum it all up, I waited a while until I was served, the tender argued with me that chocolate always has milk inside ( just a lack of knowledge) the owner saw us waiting and waiting , looked at us while serving others, and than he got the nerve to be mad at me for being upset....!!!!",Eastside,The Bricks,10.27,2.36,23.0,2,18-25,Non-binary,
ceZuAvgL5kULPFX4PFjIUg,Guest_7449,2017-08-18,5.0,Busy and noisy at 12:30 lunch on a Tuesday. Quieter by one. Nice interior gastropub. My pork and arugala slaw sandwich was good. It came on a bun that was soft enough to pull apart easily. When I did so the levels stayed together. The texture and taste of both the sandwich and the slighly curried potato salad side were good. I found myself enjoying the overall experience and reluctant to leave. A good value at less than $10.,Eastside,The Bricks,20.73,3.6,17.4,3,26-35,,Caucasian
9g-mtjmWHY0miughafkXMQ,Guest_4332,12.07.2010,5.0,"I'd been following the progress of The Bricks via their FB page for some time - I'm happy to report that the end product lives up to the expectations (exceeds them, even!). 

The first thing you notice is the atmosphere: laid-back & friendly, fostering a close-knit/ community feel that encourages you to slow down and linger for a bit longer, enjoying the company. 

When it comes to the menu, it's full of simple foods that have been completely mastered. I suggest the Peanut Butter Bar (choose your bread, peanut butter, and toppers). The Roasted Garlic Hummus is amazing, as is the Italian Brick sandwich. As far as coffee goes - they won't disappoint, I'm partial to the Brickaccino (frozen coffee). Another standout factor is their beer selection - which alone is worth strolling by for.

All in all, The Bricks as a 5-Star stop, you won't soon forget.",Eastside,The Bricks,30.86,1.49,4.8,3,36-45,Male,Mixed
11LaR_wnmQpNf7fD6d6n1Q,Guest_1017,12.11.2014,4.0,I love this place.  Everything I've had seems really fresh.  The hummus is really tasty and the ambiance is nice and relaxed.,Eastside,The Bricks,12.82,1.44,11.2,4,26-35,Male,
Cbxf9vtQNVzMoch3s_AKTA,Guest_1050,05/30/2012,4.0,"I had a good time at The Bricks of Ybor.  The service is really spot on and the quality of the food's pretty good.  I had the pulled pork sandwich.  It was pretty good.  Nothing memorable but what makes this place a four star place are the happy hour beer prices and the interesting art inside.

I loved the star wars art throughout this place and particularly loved the berpo and ern2d2 painting.

Friendly, fun crowd that looks like they're coming to a John Waters costume party.",Eastside,The Bricks,,3.21,17.9,1,26-35,Male,African American
miIwXNa5O-ILZaN_S3EH2g_copy,Guest_7428,2014-02-24,,"I'm defintely a fan. The food/drinks are always stellar and while the staff is super friendly, the only issue with The Bricks is the time it takes to order/be served. It isn't like the servers are slow either, they are clearly working their assess off running from table to table, so maybe it is that people have called in sick the couple of times I've been in recently and they had to work twice as hard but a Sunday lunch shouldn't take 3 hours. Now that my complaining is out of the way, the restaurant itself is super groovy. The kitchen is on full display so no crazy stories of chefs putting anything crazy into your food here. And they look like they are having a great time while they prepare meals (whether they are or not, I love to see people enjoy what they do). I normally get draft beer but their cocktails look really interesting and innovative. At lunch, I normally get the ""Goodness"" which is a hummus wrap and it comes with a choice of a side ($8). Don't bother being wishy-washy on the side, get the Asian slaw, it is delicious, and if available I would order as a meal. The wrap was good but the star was the slaw. Thai, pea-nutty, goodness:) I've gotten the Elvis before ($8) and it was delicious but something I can make a home. I ordered it without bacon. My husband ordered the burrito and loved it as well ($9). Others at our table raved about the Chicken and the Pig, The BBQ pork, and The Cure sandwiches. Everyone really liked their food. The Bricks really is a great spot on the 7th Avenue strip, perfect for late night people watching that make Ybor awesome and also out of the way enough to not feel like it's distinctly part of the Ybor scene.",Eastside,The Bricks,60.41,15.91,26.3,3,,Prefer not to say,
GqJahjGcKfiFxfA7oCnvCg_copy,Guest_5102,21.05.2016,,A good watering hole. Beer and coffee are decent!  Try UNITA REady Set Gose and UNITA summer ale.,Eastside,The Bricks,19.68,1.12,5.7,4,36-45,Non-binary,Mixed
siwaa7bmNx91IxRVWwhp3g_copy,Guest_4568,05/29/2014,4.0,"Recently stopped in during a bar crawl for some drinks and Battletoads. Couldn't eat the buzz away, but loved what I saw. Photos on walls showed the transformation from Tahiti Joe's/Latitudes into The Bricks of today, and brought back some old Ybor memories. The staff was kind, and the video game corner was a blast. Delicious coffee, and had an artsy feel as well. Every food item that passed our sniffers en route to their respective hipster pie holes was cause for comment. I will certainly be coming by for a sammich at this place.",Eastside,The Bricks,6.22,0.72,11.5,6,65+,Non-binary,Mixed
1zcUh5uv1Qvv3mqYKC5QdA_copy,Guest_3944,03/04/2017,4.0,"This was my first time here and I would recommend it! I had the Liquid Heroin (espresso, chocolate and milk) and the Bird and Pig. These two are the Bricks specialities. The Bird and Pig has chicken, bacon, apple, Brie, and honey. It is a perfect combination of salty and sweet. For dessert, we had the Ice Cream Sammy. A chocolate chip cookie with vanilla bean ice cream and chocolate syrup. I was a bit disappointed on the dessert because I was expecting the cookie to be soft and warm, it was the opposite; very hard. Overall the atmosphere is nice and I would come back to try some of the other specialties they have!",Eastside,The Bricks,29.57,7.49,25.3,2,18-25,Non-binary,African American
dDKRtNXR8JJAz4x_ZCGo3g_copy,Guest_1253,2014-05-29,4.0,,Eastside,The Bricks,18.24,3.1,17.0,2,,Non-binary,Hispanic
P3PXmTyL5hzvqaCdJGk90w_copy,Guest_3596,2015-11-18,5.0,"The Bricks of Ybor is a restaurant, bar, and coffee bar in Ybor City and also has live music and special events at times. It is affiliated with the SkatePark of Tampa (SpoT) which has a shop next door and there are skateboard decks mounted on the walls of The Bricks as artwork and they play skate videos on the TVs above the bar; as I'm a skater myself, this is if anything just the icing on the cake for me. 

However, The Bricks' ardent support of skateboarding would not be enough to garner a five-star review alone, but thankfully it measures up in all other regards. The interior atmosphere is lively, inviting, and unique. The waitstaff and bartenders are on point, outgoing, friendly, and most importantly, quite prompt. As to the food, it's fairly simply fare but very tasty and very well-prepared. Tacos, a variety of Cuban sandwich variants, and some salads compose the lion's share of the menu. I had the Bird & Pig Cuban sandwich and also an order of chips and queso dip. The queso was especially good, which impressed me because too often things like queso are simply after-thoughts at bar-type restaurants. The sandwich itself was also very good. They have a full bar with a good selection of bourbons and ryes and also an expectedly good selection of beer, with an emphasis on Tampa's local brews. The wine list also looked better than you'd think for a casual bar atmosphere. Overall, it's clear they're investing in quality here. 

While their skateboarding association was enough to grab my attention to The Bricks, their stellar food and service are what really sets them apart. Ybor has a reputation for food being hit or miss, as is the case with many touristy areas, but The Bricks I found to be simply and casual yet truly impressive.",Eastside,The Bricks,37.86,9.75,25.7,2,,Non-binary,African American
zGNexIUL8EG3_hTXpSY_Iw_copy,Guest_3718,05/09/2014,4.0,,Eastside,The Bricks,9.11,1.81,19.9,6,36-45,Prefer not to say,Asian
8_4B-G7i1ETKqsNLEiaXfw_copy,Guest_9801,2011-10-27,4.0,Loved the Mediterranean Grilled Cheese sandwich! Nice casual atmosphere. On the end of the strip so it is very convenient to get to during lunch hour. Looking forward to trying something else on the menu.,Eastside,The Bricks,54.36,6.92,12.7,3,18-25,,African American
OhxIJjuDwcA0tRwXImwpeA_copy,Guest_2476,2014-08-24,3.0,,Eastside,The Bricks,21.38,6.09,28.5,1,,Female,Native American
FWWE8HkUu42FgIfi2_FI-w_copy,Guest_4320,2013-01-02,,,Eastside,The Bricks,11.51,1.89,16.4,2,26-35,Male,
dxp5wFqMeO2x3Rz-8km5Cw_copy,Guest_2284,2017-05-27,5.0,Where do I start: Phenomenal food Excellent Bartender - I didn't know what to drink and bartender created one to her liking Great Atmosphere Great music - DJ on Friday Night was awesome Even the free water in the beginning tasted amazingly Definitely would go again,Eastside,The Bricks,20.61,8.24,40.0,2,65+,,Native American
11LaR_wnmQpNf7fD6d6n1Q_copy,Guest_3615,12.11.2014,4.0,,Eastside,The Bricks,,3.95,22.8,1,36-45,Non-binary,Asian
Cbxf9vtQNVzMoch3s_AKTA_copy,Guest_7987,05/30/2012,4.0,"I had a good time at The Bricks of Ybor.  The service is really spot on and the quality of the food's pretty good.  I had the pulled pork sandwich.  It was pretty good.  Nothing memorable but what makes this place a four star place are the happy hour beer prices and the interesting art inside.

I loved the star wars art throughout this place and particularly loved the berpo and ern2d2 painting.

Friendly, fun crowd that looks like they're coming to a John Waters costume party.",Eastside,The Bricks,,3.21,17.9,1,26-35,Male,African American
I3nDwvABhYqKdcxpN6_eaA_copy,Guest_1074,2014-04-23,5.0,,Eastside,The Bricks,19.06,0.0,0.0,3,,,African American
8_4B-G7i1ETKqsNLEiaXfw_copy,Guest_8855,10/27/2011,4.0,Loved the Mediterranean Grilled Cheese sandwich! Nice casual atmosphere. On the end of the strip so it is very convenient to get to during lunch hour. Looking forward to trying something else on the menu.,Eastside,The Bricks,38.62,6.57,17.0,2,65+,Non-binary,
1zcUh5uv1Qvv3mqYKC5QdA_copy,Guest_2188,03/04/2017,4.0,"This was my first time here and I would recommend it! I had the Liquid Heroin (espresso, chocolate and milk) and the Bird and Pig. These two are the Bricks specialities. The Bird and Pig has chicken, bacon, apple, Brie, and honey. It is a perfect combination of salty and sweet. For dessert, we had the Ice Cream Sammy. A chocolate chip cookie with vanilla bean ice cream and chocolate syrup. I was a bit disappointed on the dessert because I was expecting the cookie to be soft and warm, it was the opposite; very hard. Overall the atmosphere is nice and I would come back to try some of the other specialties they have!",Eastside,The Bricks,,5.19,23.8,3,26-35,,Other
4lpkYTTdzqMuaZ4qoLlUgA_copy,Guest_2452,07/01/2011,5.0,"Great, laid-back atmosphere, terrific food. The ahi was good quality, as were the hummus and curry dip. We're going back for the peanut butter sandwiches.",Eastside,The Bricks,29.08,8.0,27.5,2,36-45,,Hispanic
UmA-9d4M4x8F5UKkVCAjEg_copy,Guest_7999,19.01.2015,,"Great atmosphere and service, food and drinks were excellent. Everything was fresh.  Bird and the pig sandwich was delicious, also the pacific rim. Will return soon.",Eastside,The Bricks,17.58,2.44,13.9,3,36-45,Non-binary,
OkD1Hn96bO8NYIClN6bvyA_copy,Guest_9961,2018-01-24,,,Eastside,The Bricks,18.91,2.98,15.7,2,26-35,Male,Other
I3nDwvABhYqKdcxpN6_eaA_copy,Guest_8303,2014-04-23,5.0,"Easily my favorite overall spot in Ybor. The food is freaking amazing, the staff is awesome and know their booze/beer, and it just has a great feel.",Eastside,The Bricks,,0.0,0.0,2,,Female,
eWzgGaazlADYOBS_hzFLtA_copy,Guest_3622,2014-05-09,4.0,"Tasty place to grab a unique sandwich or something else with some tasty beer. I love the decor in this restaurant, as it seems to marry bricks, random tomfoolery, and nerdiness quite well. I've enjoyed most things there. The Bird and Pig was quite good as well as their veggie burger. They also have lots of theme nights, but I've never been to one.",Eastside,The Bricks,18.36,3.29,17.9,3,,Male,African American
8PtU0lutz85WqmKOhTY-3w_copy,Guest_7888,2017-03-16,,,Eastside,The Bricks,10.41,1.43,13.7,3,46-55,Non-binary,Native American
uoiQHg2o0l9eNvOESYq1UA_copy,Guest_7054,03/07/2016,1.0,"It sucks, don't go!!!!!!!!!!!!!!!!!!!!!!!!!!!!!!!!!!!!!!!!!!!! Cold food, stuck up waiters, expensive drinks",Eastside,The Bricks,33.89,11.86,35.0,3,65+,Prefer not to say,
4lpkYTTdzqMuaZ4qoLlUgA_copy,Guest_1273,07/01/2011,5.0,"Great, laid-back atmosphere, terrific food. The ahi was good quality, as were the hummus and curry dip. We're going back for the peanut butter sandwiches.",Eastside,The Bricks,19.78,4.54,22.9,3,36-45,Non-binary,Native American
ntNxLQQTBZhYVGZpvUQYzw_copy,Guest_3142,08.09.2016,,,Eastside,The Bricks,15.05,5.27,35.0,2,56-65,Female,Mixed
IdUkBQcMt0460g5W1LCZmg_copy,Guest_3445,20.01.2014,4.0,"The Bricks is a hipster haven, but don't let that deter you if you don't wear non-prescription glasses and flannel. I'm always the least cool person in here and no one seems to mind. (Although maybe I AM cool -- last time I was here the DJ was playing Hall & Oates most likely to be ironic, but I  genuinely enjoyed it.)

The menu is mostly sandwiches and some salads. It's all about the Bird & Pig sandwich. I have a hard time straying from this delicacy of chicken, bacon, brie, and apples on pressed sweet bread. Sweet, check. Salty, check. Crunchy, check. 

Nice selection of local and craft brews, too.",Eastside,The Bricks,21.06,7.37,35.0,4,56-65,Female,Mixed
pOilCvNQPufxgGMlpFe44Q_copy,Guest_6400,2010-10-11,5.0,"The Bricks completely lives up to the hype. Don't leave without trying their amazing Basil-infused lemonade! Really chill cafe-like vibe, with a creative comfort food menu (peanut butter sandwiches!), and full table servic. In a few weeks they will be opening a quiet ""study hall"" space for laptop lurkers, making this a killer telecommute/study spot.",Eastside,The Bricks,20.22,8.09,40.0,1,18-25,Male,African American
J6PwgKRAnTAfSCqKSBq-bg_copy,Guest_1680,08.08.2015,4.0,"Great craft beers, friendly bartenders, and AMAZING, delicious food. The vegetarian Cuban sandwich was wonderful!",Eastside,The Bricks,32.35,4.32,13.4,4,46-55,Prefer not to say,African American
9g-mtjmWHY0miughafkXMQ_copy,Guest_5924,2010-07-12,5.0,,Eastside,The Bricks,,1.87,7.6,2,56-65,Non-binary,Hispanic
4lpkYTTdzqMuaZ4qoLlUgA_copy,Guest_7951,01.07.2011,5.0,"Great, laid-back atmosphere, terrific food. The ahi was good quality, as were the hummus and curry dip. We're going back for the peanut butter sandwiches.",Eastside,The Bricks,36.35,6.16,16.9,8,,Non-binary,Other
2umV3kR4UxjuYV4wU7Qw1w_copy,Guest_1291,02/07/2014,4.0,"I've always thought the idea of apple on a sandwich (that didn't involve peanut butter) as completely preposterous, because sweet things do not belong on sandwiches!  

So what did I order at The Bricks?  Naturally, the Bird and Pig - which features chicken, bacon, apple, brie and agave nectar.   It was definitely sweet.  And savory.  And absolutely, positively to die for.  I loved every scrumptious bite of it.... except for the dry chicken breast.  I'm not sure if it was just old, but either way it was dry and disappointing.

Next on the menu was the deluxe grilled cheese sandwich, which was all sorts of yummy cheese, smothering delicious garden fresh basil (wow!), spinach and tomato.   The first bite of this sandwich was knock-your-socks-off.  The basil really stands out and it definitely warranted an audible moan.  The next few bites weren't as spectacular, but I still loved the sandwich.  I'd go with the Bird and Pig again if I had to choose.

While we waited, we treated our faces to black bean dip (suggested by the waiter) and we enjoyed it.  If you like black bean dip, then you'll like this one.  

We washed all of that down with a glass of liquid heroin, and all was right with the world.

The end.

Oh, and the service - spot on.  The place is cute, the staff is attentive, and it's clear this place easily doubles as a comfy daytime spot and a lovely night spot - if that's your kinda thing.",Eastside,The Bricks,18.96,4.51,23.8,4,46-55,Non-binary,Hispanic
hBzLjPySOBHDz0NiGf6SfQ_copy,Guest_7543,09.06.2018,4.0,"Friendly service & neat building. Depending on the atmosphere you are looking for, the music is a bit loud.",Eastside,The Bricks,38.63,1.34,3.5,2,18-25,,African American
IdUkBQcMt0460g5W1LCZmg_copy,Guest_4252,20.01.2014,4.0,"The Bricks is a hipster haven, but don't let that deter you if you don't wear non-prescription glasses and flannel. I'm always the least cool person in here and no one seems to mind. (Although maybe I AM cool -- last time I was here the DJ was playing Hall & Oates most likely to be ironic, but I  genuinely enjoyed it.)

The menu is mostly sandwiches and some salads. It's all about the Bird & Pig sandwich. I have a hard time straying from this delicacy of chicken, bacon, brie, and apples on pressed sweet bread. Sweet, check. Salty, check. Crunchy, check. 

Nice selection of local and craft brews, too.",Eastside,The Bricks,26.89,5.6,20.8,2,26-35,Non-binary,Native American
nAdvLArVs5EaKwrOvFXTuQ_copy,Guest_9539,13.11.2014,5.0,I ordered the bird and pig with Asian slaw.. $10. The sandwich is warm and pressed. It has pulled chicken inside. I was worried it would be dry. IT'S NOT. Very moist! Thick cut bacon and thinly sliced green apple.there was also a mayo type sauce. .tasted a bit sweet...Boy was this sandwich great!! The Asian slaw was delicately dressed with the careful handed use of sesame oil. Fantastic! And they have a large assortment of Florida brewed beers. The Wynwood iPA was so flavorful and foam on top just pillowy. Atmosphere relaxed. Staff is friendly and servise great. I was here on a Thursday night about 6pm. Nice and clean.,Eastside,The Bricks,12.42,2.09,16.8,2,65+,,
jrGMuHix2T4NvxVmR0yF_g_copy,Guest_7390,2013-02-27,5.0,"Great atmosphere, always a good variety of music playing, excellent food and an increasingly diverse drink menu make this possibly my favorite place in Tampa. The Bird and Pig could quite possibly be the best sandwich in the history of sandwiches! Chicken, bacon, Brie, agave on Hawaiian sweet bread....yum! Also, try Root Down on the drink menu. Tastes exactly like Root Beer!",Eastside,The Bricks,25.96,3.87,14.9,2,,Female,Mixed
hBzLjPySOBHDz0NiGf6SfQ_copy,Guest_1371,06/09/2018,4.0,"Friendly service & neat building. Depending on the atmosphere you are looking for, the music is a bit loud.",Eastside,The Bricks,,5.73,15.9,3,,Male,
dDKRtNXR8JJAz4x_ZCGo3g_copy,Guest_5218,05/29/2014,4.0,"Great location, cool atmosphere! The food was a fairly priced for the quality, which was good. I had the pulled pork tacos and they were not skimpy, fully stuffed and filling for $6. Great draft beer selection but it was a buck or two overpriced compared to other craft beer places. The two waitresses were very nice and pleasant. It was slow when we got there and them boom it was packed, they didn't forget about us but we did have to track her down for our last beer. I will be back for sure!",Eastside,The Bricks,25.0,3.99,15.9,2,36-45,Female,Native American
DadAufR2brJtQCCq_NsPcQ_copy,Guest_9700,03/04/2012,,,Eastside,The Bricks,48.66,19.46,40.0,3,46-55,Non-binary,Native American
DadAufR2brJtQCCq_NsPcQ_copy,Guest_1713,04.03.2012,4.0,,Eastside,The Bricks,22.61,3.91,17.3,5,36-45,Male,African American
OgVW9QTtF4aAHFTTc0x2rA_copy,Guest_7626,22.02.2013,3.0,,Eastside,The Bricks,,1.42,10.8,1,36-45,,Other
F4_DYi_7czpyLMrErrKaQg_copy,Guest_1969,08/01/2011,5.0,"We cam here for my wife's birthday this year that also just so happens to be Cinco De Mayo. We didn't want to go to a mexican joint so we chose the Bricks after reading some specials that they had going online. I have to say it was a good night and a lot of fun. Good drinks as well as food. Great ambiance, this is an older building in Ybor that they really did a great job of restoring. These guys are always having great food and happy hour specials. You won't be disappointed.",Eastside,The Bricks,9.43,1.81,19.2,2,65+,Male,Asian
rSkTYJMKMUg8QHpsfV6syw_copy,Guest_5640,07/20/2017,3.0,"I walked into the restaurant and the general scene was promising: a friendly environment with interesting decor like a diner, despite being poorly lit. I ordered the ""King Fu pork bowl"" and a macchiato, to which the waitress replied that their barista doesn't really make it the traditional way. I still ordered it. The macchiato came first, and to my surprise it was in a mug filled to the brim. I let the barista know that I ordered a macchiato, not a latte or cappuccino, and she said that she knows that, she made a macchiato. After a brief discussion I discovered she doesn't know what a macchiato was. I went back to my table. The food came. The pork was room temperature and the rice was plain. The dish lacked flavor overall. Maybe they don't specialize in rice bowls as it was a smaller item on their menu, but that was my expereince.",Eastside,The Bricks,12.51,1.91,15.3,4,65+,Non-binary,
3FfhPCMT5T2e369qqYfV7g_copy,Guest_4652,2015-09-10,4.0,"The Bricks has a super cool vibe. I've visited multiple times for dinner and once for drinks. I'm always impressed with their sandwiches and other food. Normally everything is very fresh and tasty. They have a good sized line up of craft beers most of them local to the area, which is something I'm always looking for. 

It's sort of a dive-y location on the outskirts of the main part of Ybor. Late night they have a small menu of appetizers/small plates and have a DJ. It's clientele leads to some awesome people watching. 

All in all, definitely worth a try. It's not super fancy, so it's perfect for a casual dinner or a new place to try to grab a beer (there's a full bar as well).",Eastside,The Bricks,,3.88,16.3,1,26-35,Prefer not to say,Other
N4J7LZI9eKDt4U0RLpWEww_copy,Guest_9457,2017-03-30,5.0,,Eastside,The Bricks,15.9,6.36,40.0,4,,Non-binary,African American
De-IwBjVk0Rkn1mGQ8GIbQ_copy,Guest_4299,2011-12-06,5.0,"A must when you are in Ybor. I ate and drank here multiple times a day for my 5 day trip to Tampa. Every single meal was spectacular. The Skinny bitch latte is perfect to start the day. The proper grilled cheese is amazing, just wish they would have tomato soup to go along with it. And you can't find better bartenders anywhere else in town.",Eastside,The Bricks,9.79,1.49,15.2,2,36-45,Male,Mixed
jrGMuHix2T4NvxVmR0yF_g_copy,Guest_1272,02/27/2013,5.0,,Eastside,The Bricks,19.28,3.54,18.4,1,36-45,Female,Caucasian
R_A16STMTt2oZGmpH0R0lA_copy,Guest_2710,12.09.2012,3.0,"We went at a slow time on a weekday afternoon for a late lunch because we were all wanting sandwiches. So between us all we had: the Bird & Pig, BBQ quesadilla, ahi BLT, clubhouse and kids pbj. All the sandwiches were great! Service was a bit slow though. If I was in the area again I may try again but I would not go out of my way to eat here.",Eastside,The Bricks,32.53,5.82,17.9,1,18-25,Female,
0F7dbDBRCGYd3wFBuVpFMA_copy,Guest_5775,28.07.2014,4.0,,Eastside,The Bricks,9.32,1.43,15.4,2,36-45,Non-binary,
eoFZMOL0XJ9yF8sW3OChIw_copy,Guest_2807,19.11.2017,4.0,,Eastside,The Bricks,25.89,3.05,11.8,1,,Prefer not to say,Other
exVAtPSIFht6QUVDftWSzw_copy,Guest_9460,07/14/2013,1.0,"The Bricks gets a ""1"" in my book because they have terrible servise. Great food, but terrible service. I went there about 3pm on a Tuesday...which happened to be my birthday to have lunch with my mother. Not only were we not greeted by the 3 staff standing around with NO other customers, but we were also not brought any menus or given direction about seating. We sat down and waited for a server to come by and ask for our drink order and bring menus. No one ever did. We got up and grabbed our own menus close to where the staff were standing. They paid no attention. After 3 or 4 more minutes we stood up to leave and they didn't care. So we walked out and I had my birthday lunch elsewhere. I wrote to them on Facebook about our service and they promptly deleted my comment and ignored my message. I used to go to the Bricks all the time, but we've never been back since and I warn any new friends to not go there as well.",Eastside,The Bricks,,1.83,8.1,1,,Female,Mixed
ZqzXpRt9FsPQUDCNmvj0ew_copy,Guest_1374,25.02.2017,4.0,"Really like the Bricks. Always a new experience when i go. The coffee, good. The cocktails, better! The ambiance is hip. The food is pretty good too.",Eastside,The Bricks,,2.0,12.4,2,,Female,Native American
cyVCkTAFWVqZnTPJfS2IUw_copy,Guest_2017,05/08/2013,3.0,"We came here on a bustling Saturday. Needless to say, Bricks of Ybor was vacant. A few people were at the bar and some people were sitting outside. The service was subpar and the bartender must have had the worst day of her life. She hated everyone who asked to close their tab. Oh well. 

I should put a disclaimer that I hate Ybor. It brings me nothing but sorrow.",Eastside,The Bricks,24.0,5.43,22.6,2,18-25,Male,Mixed
zGNexIUL8EG3_hTXpSY_Iw_copy,Guest_4701,05/09/2014,4.0,"I dined here for the first time with my daughter, who is a regular. We had the Hummus appetizer. I had the Bricks Club and she had the specialty Grilled Cheese. The food was fresh, tasty and full of flavor. The service was very good. The bottle of ice water they bring is a classy touch. The ambiance is eclectic. My daughter told me normally the place is full of hipsters, but the crowd was spare on the day we were there. The prices are reasonable and in line with the usual and customary norms for Tampa. I don't drink, but it looked like they have quite an assortment of craft beer available.",Eastside,The Bricks,,2.68,19.7,4,18-25,Prefer not to say,Asian
DadAufR2brJtQCCq_NsPcQ_copy,,03/04/2012,4.0,,Eastside,The Bricks,21.07,2.62,12.4,4,18-25,,
NYilSGDWsYrFnB2EpDRMFA_copy,Guest_5540,02/04/2018,2.0,"My wife and I have visited twice, and another time with friends. While we like the food and beer choices, the servic is inexcusably very slow. We visited on a Saturday afternoon around 5:00 and the place was only 1/3 full. Took a while for our server to greet us, arrived just when we were about to get up and leave. Ordered a beer for each of us and waited at least 10 minutes before I finally got up to ask the bartender about our drinks (after watching him not making any drinks for several minutes and serving a few others who just arrived at the bar). I could barely get the words out before he says they'll be right up. I sit back down, and he still doesn't pour them. We were about to leave again when another bartender made eye contact and she poured the drinks and brought them to us. While our waitress was friendly, she should have been checking on our drinks. Same slow experience with the other two visits, this time we are certain we will not be back.",Eastside,The Bricks,,1.52,22.4,4,56-65,Female,Caucasian
zGNexIUL8EG3_hTXpSY_Iw_copy,Guest_9918,09.05.2014,4.0,"I dined here for the first time with my daughter, who is a regular. We had the Hummus appetizer. I had the Bricks Club and she had the specialty Grilled Cheese. The food was fresh, tasty and full of flavor. The service was very good. The bottle of ice water they bring is a classy touch. The ambiance is eclectic. My daughter told me normally the place is full of hipsters, but the crowd was spare on the day we were there. The prices are reasonable and in line with the usual and customary norms for Tampa. I don't drink, but it looked like they have quite an assortment of craft beer available.",Eastside,The Bricks,,3.66,12.4,2,,Female,Caucasian
uoiQHg2o0l9eNvOESYq1UA_copy,Guest_9647,2016-03-07,1.0,"It sucks, don't go!!!!!!!!!!!!!!!!!!!!!!!!!!!!!!!!!!!!!!!!!!!! Cold food, stuck up waiters, expensive drinks",Eastside,The Bricks,,7.18,15.6,2,18-25,Prefer not to say,Hispanic
4Wxmz2w4cbaOepnIwcI1ig_copy,Guest_5120,12/23/2014,5.0,"While I was in Tampa for the last 2 years, The Bricks was a second home. Great food and even greater people. I moved back to Seattle and left making friends. Wish I could've brought The Bricks and my new friends back with me. Definitely a place for locals and visitors to check out!",Eastside,The Bricks,20.61,4.63,22.5,2,26-35,Male,Mixed
RNtIj-FjLZFmGAp2Wy607A_copy,Guest_2424,2012-12-05,4.0,"I went to this place for the first time last Saturday. I just wanted a place to grab some brunch that had mimosas and my friend suggested here. Boy am I glad she did! Besides the crazy run in with a hard core group of strangers doing a running/fitness challenge, the staff there was really really friendly. Our server was very friendly and he even gave us free Appletinis on him! I had the deluxe grilled cheese and it was really really good. The decor was awesome and I'm defintely going back and bringing friends!",Eastside,The Bricks,,6.26,12.9,8,36-45,,Hispanic
umKey8gxNoyUcwZY2azciw_copy,Guest_4265,2011-06-02,3.0,"nice place for gatherings and hanging out. Friendly staff. 

Food was OK. Not bad, not good, it just sat somewhere in the middle.",Eastside,The Bricks,23.62,4.34,18.4,1,,,Native American
TCzaF5Lj0NLoCQuIujEzJg_copy,Guest_2881,30.11.2014,4.0,"We were greeted by a very pretty waitress that made us feel like we had chosen the right place. We were then turned over to a nice gentleman that took our orders with a polite smile. We are vegetarians and there were lots of options. We settled for the salsa and house made avocado sauce with corn chips  and we split their famous black star black bean burger... Yesss!! The food presentation was that of fine dining and the food was very pleasing to our pallets. 
We give The Bricks 4 stars and would recommend to anyone who plans to visit Tampa",Eastside,The Bricks,29.43,2.49,8.5,1,26-35,Male,
ss4LSp-dCCuhpxDrRH_GLQ_copy,Guest_2770,2011-10-28,,"I walk in, and they're playing the greatest hits of De La Soul throughout lunch. They could have been serving Big Macs and that gets you four stars alone. 

I order a grilled cheese sandwich, and it comes with apple, plums, and bacon on some delicious bread with tortilla chips. And it is sublime. The cheese is perfectly melted, and the goodies inside are covered in wonderful gooey dairy greatness. 

I order a cafe con leche while getting some work done on my laptop. It is flawlessly prepared by a lovely server, and I'm a coffee snob. And if I didn't get buried in work stuff, I was jonesing for one of those half-price martinis they serve on Thursdays.

Wonderful atmosphere (the skatepark staff makes it friendly and fun), great food, delicious coffee, a full bar, and lots of different options. This place is a total home run, and a can't miss for anyone in Ybor.",Eastside,The Bricks,35.07,12.27,35.0,3,,Male,Caucasian
miIwXNa5O-ILZaN_S3EH2g_copy,Guest_9051,24.02.2014,4.0,"I'm definetly a fan. The food/drinks are always stellar and while the staff is super friendly, the only issue with The Bricks is the time it takes to order/be served. It isn't like the servers are slow either, they are clearly working their assess off running from table to table, so maybe it is that people have called in sick the couple of times I've been in recently and they had to work twice as hard but a Sunday lunch shouldn't take 3 hours. Now that my complaining is out of the way, the resturant itself is super groovy. The kitchen is on full display so no crazy stories of chefs putting anything crazy into your food here. And they look like they are having a great time while they prepare meals (whether they are or not, I love to see people enjoy what they do). I normally get draft beer but their cocktails look really interesting and innovative. At lunch, I normally get the ""Goodness"" which is a hummus wrap and it comes with a choice of a side ($8). Don't bother being wishy-washy on the side, get the Asian slaw, it is delishous, and if available I would order as a meal. The wrap was good but the star was the slaw. Thai, pea-nutty, goodness:) I've gotten the Elvis before ($8) and it was deliciuos but something I can make a home. I ordered it without bacon. My husband ordered the burrito and loved it as well ($9). Others at our table raved about the Chicken and the Pig, The BBQ pork, and The Cure sandwiches. Everyone really liked their food. The Bricks really is a great spot on the 7th Avenue strip, perfect for late night people watching that make Ybor awesome and also out of the way enough to not feel like it's distinctly part of the Ybor scene.",Eastside,The Bricks,,3.49,16.0,3,26-35,Prefer not to say,Hispanic
DadAufR2brJtQCCq_NsPcQ_copy,Guest_4931,03/04/2012,4.0,"It was so difficult deciding what to order here. I was in the mood for a skanky chai latte, but the skinny bitch latte just had that calorie conscious ring to it.

After a bit of thought I decided, skanky it shall be!

This has got to be one of my favorite places in Tampa. I had never really put a pulse on ""hipster"" in Tampa, but I found the closest thing to it at Bricks. Plenty of space to lounge here with a nice offering that ranged from caffeinated beverages to brews and snacks.

I would have never typically thought to throw bacon on a peanut butter and banana sandwich and then drizzle with honey, but I'm glad someone did.
The Elvis sandwich is a hunka, hunka, burning yum!

I would give this place five stars all day, except for the fact that service is slow. Like, dial-up slow. Like larvae to butterfly metamorphosis slow. So slow in fact that on a pretty *slow* afternoon, it would take 20 minutes just to get an iced chai even though you have a clear view of queue and activity of the servers. So slow that from time of check request to actually receiving it, was about another 20 minutes.

While the laid back atmosphere is one of the things that makes this place so cool, it's also the incredibly laid back service that could put a damper on things if you're in a rush.",Eastside,The Bricks,,3.84,11.5,2,46-55,Non-binary,Caucasian
s9dqqPMdKO3QdJ5s7lrt3g_copy,,2016-11-28,1.0,,Eastside,The Bricks,26.3,3.64,13.8,4,56-65,Female,
NOTAXpx4vcngxjIXyhHBrg_copy,Guest_6735,09/13/2012,,"I love the Bricks! We live in Ybor and this is one of our favorite lunch spots. I always have a hard time selecting between two sandwiches - The Elvis which is a peanut butter, banana and bacon sandwich or the Bird and Pig - roasted chicken, bacon, brie, apple, pressed on a Hawaiian sweet roll.

Bricks always offers weekly specials and featured drinks. The crowd is always fun and the staff is friendly.",Eastside,The Bricks,18.16,2.94,16.2,1,36-45,Non-binary,African American
DadAufR2brJtQCCq_NsPcQ_copy,Guest_6054,04.03.2012,4.0,"It was so difficult deciding what to order here. I was in the mood for a skanky chai latte, but the skinny bitch latte just had that calorie conscious ring to it. After a bit of thought I decided, skanky it shall be! This has got to be one of my favorite places in Tampa. I had never really put a pulse on ""hipster"" in Tampa, but I found the closest thing to it at Bricks. Plenty of space to lounge here with a nice offering that ranged from caffeinated beverages to brews and snacks. I would have never typically thought to throw bacon on a peanut butter and banana sandwich and then drizzle with honey, but I'm glad someone did. The Elvis sandwich is a hunka, hunka, burning yum! I would give this place five stars all day, except for the fact that service is slow. Like, dial-up slow. Like larvae to butterfly metamorphosis slow. So slow in fact that on a pretty *slow* afternoon, it would take 20 minutes just to get an iced chai even though you have a clear view of queue and activity of the servers. So slow that from time of check request to actually receiving it, was about another 20 minutes. While the laid back atmosphere is one of the things that makes this place so cool, it's also the incredibly laid back service that could put a damper on things if you're in a rush.",Eastside,The Bricks,20.7,0.82,3.9,5,65+,Female,Hispanic
6W_KEeCPnxjcuD6u4UXi0Q_copy,Guest_3177,18.06.2017,5.0,"Came for Father's day brunch, and will definitely come back. great selection of vegetarian food. Veggie Cuban and cheese grits were awesome. .and srvice was so good!",Eastside,The Bricks,12.21,1.65,13.5,2,,Female,Hispanic
s7X6kSDGGlowmEqCDEh2SQ_copy,Guest_4276,06/29/2014,3.0,"I am not nearly cool enough to go here. The waiter was not unfriendly, but he was much more friendly to some ladies who sat near me with full sleeves of tattoos.  I ordered the black bean burger, it was so flavor less and thin it could have been omitted.  The mayo on the sandwich and mixed greens on the side,  along with the pickle,  we're the best part of the meal. My beer was alright,  but if I am going to spend $7 on a pint it should be delicious or high gravity,  this was neither, and since no prices appeared next to the draft list,  the price was a bit of a shock.",Eastside,The Bricks,20.31,4.12,20.3,2,,Non-binary,African American
0F7dbDBRCGYd3wFBuVpFMA_copy,Guest_1975,07/28/2014,4.0,"What an eclectic hipster joint, right in the heart of Ybor. The restaurant name alone fits the atmosphere perfectly. The menu options are unique, what might sound like it wouldn't mesh on the palette ends up making you want seconds and if drinking enough-- thirds. This is a great place to have a drink and a scrumptious sandwich on a Sunday. I had the bird and pig, perfect combination of savory and sweet.",Eastside,The Bricks,,7.5,25.5,2,65+,Non-binary,African American
8_4B-G7i1ETKqsNLEiaXfw_copy,Guest_1909,10/27/2011,4.0,Loved the Mediterranean Grilled Cheese sandwich! Nice casual atmosphere. On the end of the strip so it is very convenient to get to during lunch hour. Looking forward to trying something else on the menu.,Eastside,The Bricks,40.55,6.47,15.9,2,65+,Female,
N1BiMP9r3IsmEzChi9PPwA_copy,Guest_8009,02/23/2011,4.0,,Eastside,The Bricks,17.36,3.08,17.7,4,18-25,Male,Mixed
t6OmnU6qlaPS2BzDnMS28w_copy,Guest_6454,05/20/2018,5.0,"My favorite drinks place to imbibe before a show in Ybor. Kyle is spot on every time with what is seemingly the exact thing I want before I even know it. Also, the nachos. Trust me!",Eastside,The Bricks,11.79,4.71,40.0,3,26-35,,
De-IwBjVk0Rkn1mGQ8GIbQ_copy,Guest_1566,12/06/2011,5.0,"A must when you are in Ybor.  I ate and drank here multiple times a day for my 5 day trip to Tampa.  Every single meal was spectacular.  The Skinny bitch latte is perfect to start the day.  The proper grilled cheese is amazing, just wish they would have tomato soup to go along with it.  And you can't find better bartenders anywhere else in town.",Eastside,The Bricks,23.22,3.38,14.5,4,65+,,Asian
RNtIj-FjLZFmGAp2Wy607A_copy,,05.12.2012,,"I went to this place for the first time last Saturday. I just wanted a place to grab some brunch that had mimosas and my friend suggested here. Boy am I glad she did!

Besides the crazy run in with a hard core group of strangers doing a running/fitness challenge, the staff there was really really friendly. Our server was very friendly and he even gave us free Appletinis on him!

I had the deluxe grilled cheese and it was really really good. 

The decor was awesome and I'm definitely going back and bringing friends!",Eastside,The Bricks,16.59,0.0,0.0,3,,Male,Other
ntNxLQQTBZhYVGZpvUQYzw_copy,Guest_6221,09/08/2016,5.0,My favorite lunch spot in Ybor. Best greek salad of all time. Great srvice.,Eastside,The Bricks,13.38,3.44,25.7,4,56-65,Male,African American
qzgc5-lizZMqupW7ZR8qmQ_copy,Guest_7287,2014-07-28,4.0,Seems like a good place ...very chill and low key..not my particular favorite food ( more on the healthy side) but still good quality food and service with a fun video game theme once a week ...good place to check out,Eastside,The Bricks,14.79,3.74,25.3,2,65+,,Native American
BceKC7jAlfmF6C-z-OTflQ_copy,Guest_8838,2017-08-19,4.0,"I went there for dinner while in the Tampa area and had a great meal.   They have multiple Vegan and Vegetarian options, while also having a full bar with Guinness.   Very unusual across the good ole USA.

The place is in an interesting area, which seems it could be a little rough in the dark, so if you go, I would recommend going during the light hours.

The bartenders are really nice, and helpful with picking a good dish.",Eastside,The Bricks,32.33,7.1,22.0,2,65+,Prefer not to say,African American
TU-0T2GWAAW4GBI68LNt-A_copy,Guest_7430,2016-05-07,3.0,"Wanted to try the pig and bird sammich but when I got there I decided on the Pacific Rim. The Asian slaw and bbq theme was too much to pass up. I thought the sandwich was really good and had a nice balance to it. I got chips and queso as my side but with this sandwich fries would have been the go to. They don't have fries so you'll have to choose something else. 

Service at the bar was really good, there were multiple people that helped me during my meal. One thing is they were out of three of the beers I wanted right off the bat. 

Pretty cool vibe in the place and people just hanging with friends having drinks and food.",Eastside,The Bricks,26.15,5.71,21.8,2,65+,,Asian
TCzaF5Lj0NLoCQuIujEzJg_copy,Guest_1446,30.11.2014,4.0,,Eastside,The Bricks,16.88,2.04,12.1,3,,,
siwaa7bmNx91IxRVWwhp3g_copy,Guest_7374,2014-05-29,4.0,,Eastside,The Bricks,19.24,0.0,0.0,2,65+,,African American
IgVIc163TZ4xbJqfUKdnRw_copy,Guest_3961,21.10.2015,,"This might be my first five star rating. This place was absolutely awesome and I cannot wait until I go back for a second time. Our sever, Millie, was friendly and efficient from the moment we sat down. The atmosphere of the place was unique, and the food was among the most unique in Tampa that I have experienced in years. I got the pork tacos for an appetizer and the ""bird and pig"" for lunch. The sandwich was so good I could have ordered it again. Overall it was a fantastic experience and I will be returning for their drink specials.",Eastside,The Bricks,,2.05,11.0,4,46-55,Male,Other
OhxIJjuDwcA0tRwXImwpeA_copy,Guest_7810,08/24/2014,3.0,,Eastside,The Bricks,11.52,1.11,9.6,2,65+,Non-binary,Native American
_aJ77lzyw1BhFqRU-wPwhA_copy,Guest_2385,03/02/2012,4.0,fun place with a nice atmosphere. Ordered the Elvis which is a good sandwich with peanut butter honey bananana and bacon! it sounds weird but it was delicious.,Eastside,The Bricks,33.73,5.73,17.0,2,46-55,Female,
nAdvLArVs5EaKwrOvFXTuQ_copy,Guest_6836,11/13/2014,5.0,I ordered the bird and pig with Asian slaw.. $10.   The sandwich is warm and pressed.  It has pulled chicken inside.  I was worried it would be dry.  IT'S NOT.  Very moist!  Thick cut bacon and thinly sliced green apple.there was also a mayo type sauce. .tasted a bit sweet...Boy was this sandwich great!!  The Asian slaw was delicately dressed with the careful handed use of sesame oil.   Fantastic!   And they have a large assortment of Florida brewed beers.  The Wynwood iPA was so flavorful and foam on top just pillowy.  Atmosphere relaxed.  Staff is friendly and service great.  I was here on a Thursday night about 6pm.  Nice and clean.,Eastside,The Bricks,34.23,4.82,14.1,4,,Male,Asian
F4_DYi_7czpyLMrErrKaQg_copy,Guest_3148,08/01/2011,,"We cam here for my wife's birthday this year that also just so happens to be Cinco De Mayo. We didn't want to go to a mexican joint so we chose the Bricks after reading some specials that they had going online. I have to say it was a good night and a lot of fun. Good drinks as well as food. Great ambiance, this is an older building in Ybor that they really did a great job of restoring. These guys are always having great food and happy hour specials. You won't be disappointed.",Eastside,The Bricks,5.58,0.47,8.5,2,,Female,Hispanic
I3nDwvABhYqKdcxpN6_eaA_copy,Guest_8119,23.04.2014,5.0,"Easily my favorite overall spot in Ybor. The food is freaking amazing, the staff is awesome and know their booze/beer, and it just has a great feel.",Eastside,The Bricks,13.31,2.52,18.9,3,,Non-binary,Mixed
BceKC7jAlfmF6C-z-OTflQ_copy,Guest_9440,08/19/2017,4.0,"I went there for dinner while in the Tampa area and had a great meal. They have multiple Vegan and Vegetarian options, while also having a full bar with Guinness. Very unusual across the good ole USA. The place is in an interesting area, which seems it could be a little rough in the dark, so if you go, I would reccomend going during the light hours. The bartenders are really nice, and helpful with picking a good dish.",Eastside,The Bricks,16.44,2.57,15.6,2,56-65,Female,Caucasian
LyBfA_NGwBAqf0LqVsDBhw_copy,Guest_6177,2012-05-29,,"Based this visit entirely upon previous Yelp reviews, which as usual we're spot on. Great atmosphere and feel to this place - Kind of an art house meets coffee house meets Animal House environment. Very unusual. In a good way. The service was relaxed, social and great. The beverages were delicious and the menu was quite interesting. 
I so wanted the food to be much better than it was. Tried the Bird and Pig, a specialty grilled cheese and a couple apps. Everything was good but not great. In truth, if I was judging on food alone, there would be three stars instead of four. But the atmosphere and the staff clearly deserved the extra star, and I'll head back to try some other items on the menu next visit.",Eastside,The Bricks,,2.3,16.5,6,56-65,Male,
Cbxf9vtQNVzMoch3s_AKTA_copy,Guest_2054,05/30/2012,4.0,"I had a good time at The Bricks of Ybor. The service is really spot on and the quality of the food's pretty good. I had the pulled pork sandwich. It was pretty good. Nothing memorable but what makes this place a four star place are the happy hour beer prices and the interesting art inside. I loved the star wars art throughout this place and particularly loved the berpo and ern2d2 painting. Friendly, fun crowd that looks like they're coming to a John Waters costume party.",Eastside,The Bricks,16.7,1.83,11.0,5,56-65,Female,Mixed
C5VBfvKrFBGl7uhEONk8OA_copy,Guest_9328,02/09/2017,5.0,,Eastside,The Bricks,11.55,2.28,19.7,1,,Male,Mixed
ceZuAvgL5kULPFX4PFjIUg_copy,Guest_1220,18.08.2017,5.0,,Eastside,The Bricks,,8.66,16.3,4,,Female,Hispanic
BCLvpd08Ci4Tcq-fIRhZdA_copy,Guest_4935,08/08/2017,,,Eastside,The Bricks,18.11,4.41,24.4,2,65+,Prefer not to say,
s9dqqPMdKO3QdJ5s7lrt3g_copy,Guest_5332,11/28/2016,,,Eastside,The Bricks,,4.88,35.0,1,,Prefer not to say,African American
eNHgYkJwmuM0Gg42AL6V6Q_copy,Guest_7825,2017-01-31,1.0,"If you're immune to salmonella poisoning then this is the perfect place for you! Very overpriced, minimum effort in providing authentic food NOT out of a can. They undercook the chicken and it taste like refrigerator. Please don't waste your hard earned cash on half assed food. Unless you just want drinks and a good time with friends, don't come here.",Eastside,The Bricks,19.68,4.66,23.7,3,18-25,,
EVklXIXTKM7MroTzc-EsPA_copy,Guest_6603,04/09/2017,4.0,"I ordered the Kung fury bowl and it's pretty good, just not a huge fan of Asian slaw. The restraunt is pretty cool with the decoration and not at a super crowded location in ybor. The servise was a bit slow, but the food came pretty quick.",Eastside,The Bricks,,3.34,13.8,2,,Male,Caucasian
asr6SiNjIrpTrGwMeBp9Pg_copy,Guest_9642,03.07.2015,5.0,"Great environment, good assortments of beers, funky people, board games, chill vibes, Monday Game nights and random parties, outside patio, great coffee, try liquid heroin coffee, one of my favorite places in town",Eastside,The Bricks,,0.0,0.0,2,56-65,,Mixed
eNHgYkJwmuM0Gg42AL6V6Q_copy,Guest_8366,2017-01-31,1.0,"If you're immune to salmonella poisoning then this is the perfect place for you! Very overpriced, minimum effort in providing authentic food NOT out of a can. They undercook the chicken and it taste like refrigerator. Please don't waste your hard earned cash on half assed food. Unless you just want drinks and a good time with friends, don't come here.",Eastside,The Bricks,17.17,3.62,21.1,2,36-45,,Native American
4ywDqRoYjy16Z_UFox0qTg_copy,Guest_9117,22.07.2012,1.0,"Food is terrible. Nacho dip was covered in there advacado cream dressing which was bad. Very sloppy. The pesto grilled cheese, was covered in way too much pesto. Again very sloppy. Overall bad food, chef must be high or something. Oh and found a few ants crawling up my leg. Will never come back.",Eastside,The Bricks,10.98,2.22,20.2,2,,Prefer not to say,Caucasian
zs4OcjXPJOkdhKV_CtRgpQ_copy,Guest_1985,11.06.2014,4.0,,Eastside,The Bricks,22.86,3.79,16.6,4,,Non-binary,Hispanic
EWgE8zamjHBz8CMRdLIHVw_copy,Guest_9054,2011-12-03,4.0,"Lots of vegetarian options. The servic was pretty fast. The skateboard wall was nice (Calvin & Hobbes represent!). The sandwich I got was a bit lacking in the flavor department. Really didn't know what to eat since I went here at night just before a binge of dancing and drinking. Didn't really feel into the peanut butter at that point in time. Next time I'll try their peanut butter creations, but I'll probably go for brunch or a late lunch since it seems the menu is more designed for that and not any pre-gaming.",Eastside,The Bricks,21.72,4.48,20.6,4,36-45,Non-binary,
UmA-9d4M4x8F5UKkVCAjEg_copy,Guest_7406,01/19/2015,5.0,"Great atmosphere and service, food and drinks were excellent. Everything was fresh.  Bird and the pig sandwich was delicious, also the pacific rim. Will return soon.",Eastside,The Bricks,33.94,13.58,40.0,4,18-25,Prefer not to say,Mixed
8PtU0lutz85WqmKOhTY-3w_copy,Guest_9070,2017-03-16,1.0,"Went here for lunch. Ordered the pork rice bowl. My food took forever to be served. Then it was cold. The server took it back offering me a NEW order to be cooked. My food came back quickly, it was the same good and the exact same temperature. I wasn't offered a NEW order, however I was asked if I'd like something else, I declined. Terrible srvice, manager was never sent over while I sat and watched my colleagues eat their lunch!",Eastside,The Bricks,24.28,7.02,28.9,2,46-55,Non-binary,Mixed
BCLvpd08Ci4Tcq-fIRhZdA_copy,Guest_2408,2017-08-08,2.0,"Leaving this 2-star review in response to the food, not the place as a drinking/hangout spot...although the wine was crap, too. 2-Stars awarded for the Nintendo 64 and all of the nostalgia-worthy games, the decent choice of drafts (even if they were out of the draft I ordered), and the great service from the staff. The food, on the other hand, will make you wish you had eaten at home. My wife and I went out as a treat because we didn't feel like cooking, but the majority of our food was sub-par. I got the shrimp po-boy which was not a po-boy by definition (it was just shrimp on a crappy sandwich...no French bread, no Cajun sauce or even enough Cajun seasoning, and the shrimp was obviously frozen-thawed not fresh). One of the shrimps was even gray when I bit into it, and the sandwich itself smelled more like old fish than fresh shrimp. My wife got the Athena chicken sandwich and that was just so-so, with the overwhelming taste of feta disguising the low-quality factory chicken they use for the sandwich. The best part of our collective meals was the mixed greens we ordered as a side, so I wouldn't exactly recommend ordering food here unless you're completely hammered and taste is not a priority.",Eastside,The Bricks,6.9,0.85,12.3,4,46-55,Non-binary,Other
I3nDwvABhYqKdcxpN6_eaA_copy,Guest_6022,2014-04-23,5.0,,Eastside,The Bricks,,6.67,15.2,3,65+,,African American
4zK6gMub9v__3lsr9FU7KQ_copy,Guest_1986,18.01.2015,5.0,"Very fresh food- they actually make their own stuff! We ate lunch at the bar and the bartender went out of his way to help my husband find a good gluten free option. 

I ordered the black bean burger and it was delicious! Great atmosphere as well. Definitely recommend this place as there are not all that many fresh and relatively healthy places in the area. Wish we had found it sooner!",Eastside,The Bricks,21.28,2.47,11.6,2,,Female,Mixed
IgVIc163TZ4xbJqfUKdnRw_copy,Guest_3540,21.10.2015,5.0,,Eastside,The Bricks,,3.78,19.4,4,26-35,Female,
zbaEspWboOPPonKjB4jbWA_copy,Guest_9368,2012-06-29,4.0,"A couple of nights ago the Tampa Bay Lady Bloggers met at The Bricks for our monthly book club meeting. The staff was very welcoming and was happy to push together several tables for us. Our server was so nice and helpful and cheerfully took a group photo for us (annoying bloggers).

The ""hole in the wall"" atmosphere at The Bricks is fun and eclectic, with local art for sale lining the walls. I loved the laid-back, hip feeling of the place.

I had the ""brick,paper,scissors"" martini and it was so refreshing and delicious that I had to get a second with my entree. The table shared an order of the ""bricklayer"" nachos and they were okay, but the house-made salsa on the side was out of this world. For my entree I got the ""bird and pig"", based on so many great Yelp recommendations. It did not disappoint with thick, crispy bacon, sweet apples and agave nectar, tasty chicken and delicious pressed ""sweet"" bread. I almost caved in and got the Ahi tuna BLT because it looked so good on the menu...I'll definitely be back and try that next time to compare.

Thank you Bricks for hosting our meet-up. See you again soon I hope! My blog post about our meeting at The Bricks is here: http://carolinecalcote.com/2012/06/28/tampa-bay-lady-bloggers-book-club/",Eastside,The Bricks,13.26,2.1,15.8,2,65+,Non-binary,
P-lZE6cZgfWkojreLiu7Vg_copy,,2017-03-15,4.0,The Bricks is a tasty restaurant for lunch with a cool and unique Ybor City atmosphere along with friendly service! The only reason it didn't get 5 stars is because it is a little pricey for the quantities.,Eastside,The Bricks,24.85,3.43,13.8,4,36-45,Female,Asian
TCzaF5Lj0NLoCQuIujEzJg_copy,,11/30/2014,4.0,,Eastside,The Bricks,36.82,14.73,40.0,2,,Non-binary,Hispanic
8zXgEkLjDwArMWCiDa4tLQ_copy,Guest_7989,11.10.2012,2.0,"I like some of the cocktails here but the food is mediocre. Ive never understood why it gets the ratings on food that it does, but then again we are in Tampa. Its basically like food you could whip up in a few minutes at home using your microwave for a 3rd of the cost. Except not as tasty. Anyone who loves eating here has the palate of a 14-year-old boy. Maybe its time they get an actual kitchen.",Eastside,The Bricks,24.34,5.81,23.9,4,,Female,Native American
NYilSGDWsYrFnB2EpDRMFA_copy,Guest_7492,02/04/2018,2.0,"My wife and I have visited twice, and another time with friends. While we like the food and beer choices, the servic is inexcusably very slow. We visited on a Saturday afternoon around 5:00 and the place was only 1/3 full. Took a while for our server to greet us, arrived just when we were about to get up and leave. Ordered a beer for each of us and waited at least 10 minutes before I finally got up to ask the bartender about our drinks (after watching him not making any drinks for several minutes and serving a few others who just arrived at the bar). I could barely get the words out before he says they'll be right up. I sit back down, and he still doesn't pour them. We were about to leave again when another bartender made eye contact and she poured the drinks and brought them to us. While our waitress was friendly, she should have been checking on our drinks. Same slow expereince with the other two visits, this time we are certain we will not be back.",Eastside,The Bricks,24.39,4.75,19.5,2,,Male,Caucasian
4Wxmz2w4cbaOepnIwcI1ig_copy,Guest_5086,2014-12-23,5.0,"While I was in Tampa for the last 2 years, The Bricks was a second home. Great food and even greater people. I moved back to Seattle and left making friends. Wish I could've brought The Bricks and my new friends back with me. Definitely a place for locals and visitors to check out!",Eastside,The Bricks,20.79,8.32,40.0,4,56-65,Prefer not to say,Mixed
IgVIc163TZ4xbJqfUKdnRw_copy,Guest_8763,21.10.2015,5.0,"This might be my first five star rating. This place was absolutely awesome and I cannot wait until I go back for a second time. Our sever, Millie, was friendly and efficient from the moment we sat down. The atmosphere of the place was unique, and the food was among the most unique in Tampa that I have experienced in years. I got the pork tacos for an appetizer and the ""bird and pig"" for lunch. The sandwich was so good I could have ordered it again. Overall it was a fantastic experience and I will be returning for their drink specials.",Eastside,The Bricks,,1.95,15.9,2,,Prefer not to say,Mixed
LyBfA_NGwBAqf0LqVsDBhw_copy,Guest_7265,2012-05-29,4.0,"Based this visit entirely upon previous Yelp reviews, which as usual we're spot on. Great atmosphere and feel to this place - Kind of an art house meets coffee house meets Animal House environment. Very unusual. In a good way. The srvice was relaxed, social and great. The beverages were delicous and the menu was quite interesting. I so wanted the food to be much better than it was. Tried the Bird and Pig, a specialty grilled cheese and a couple apps. Everything was good but not great. In truth, if I was judging on food alone, there would be three stars instead of four. But the atmosphere and the staff clearly deserved the extra star, and I'll head back to try some other items on the menu next visit.",Eastside,The Bricks,7.05,1.49,21.2,2,,Non-binary,Caucasian
xZnk3q-AHjpN6aSR_6Sqhg_copy,Guest_1002,2011-11-02,5.0,"They have a super friendly staff and a simple modern decor.

I enjoyed the Six Degrees of Kevin Bacon exhibit on display.

I got a really young and hip vibe from this place, and the sandwiches are amazing!",Eastside,The Bricks,26.62,2.76,10.4,6,65+,Non-binary,Asian
RNtIj-FjLZFmGAp2Wy607A_copy,Guest_5876,12/05/2012,4.0,"I went to this place for the first time last Saturday. I just wanted a place to grab some brunch that had mimosas and my friend suggested here. Boy am I glad she did!

Besides the crazy run in with a hard core group of strangers doing a running/fitness challenge, the staff there was really really friendly. Our server was very friendly and he even gave us free Appletinis on him!

I had the deluxe grilled cheese and it was really really good. 

The decor was awesome and I'm definitely going back and bringing friends!",Eastside,The Bricks,15.5,2.32,15.0,2,46-55,Non-binary,African American
1zcUh5uv1Qvv3mqYKC5QdA_copy,Guest_7149,2017-03-04,4.0,,Eastside,The Bricks,26.51,0.0,0.0,2,26-35,Non-binary,Other
11LaR_wnmQpNf7fD6d6n1Q_copy,Guest_2989,2014-11-12,4.0,,Eastside,The Bricks,28.44,3.01,10.6,2,,Male,Other
8zXgEkLjDwArMWCiDa4tLQ_copy,Guest_2875,2012-10-11,,"I like some of the cocktails here but the food is mediocre. Ive never understood why it gets the ratings on food that it does, but then again we are in Tampa. Its basically like food you could whip up in a few minutes at home using your microwave for a 3rd of the cost. Except not as tasty. Anyone who loves eating here has the palate of a 14-year-old boy. Maybe its time they get an actual kitchen.",Eastside,The Bricks,,4.48,26.4,3,,Prefer not to say,Caucasian
N1BiMP9r3IsmEzChi9PPwA_copy,Guest_5020,23.02.2011,4.0,"I read the reviews on Yelp and decided to check out Bricks of Ybor for myself. 

Nice atmosphere and hip music playing in the background. I sat at the bar and watched the flat screen televisions (they were playing the History Channel on one TV. & ""Shaun of the Dead"" on another TV.). 

Good beer on tap (I tried the IPA -- it was good) and a small menu specializing in appetizers, salads & sandwiches. I ordered the hummus plate and the iceberg wedge salad -- both were delicious. The blue cheese dressing on the salad was particularly scrumptious. 

For one beer and an app and a salad, my bill came to just under $25 before tip -- kinda expensive (considering they no longer serve the ""salmon spread"" on the hummus plate -- should that really be priced at $10, still?).",Eastside,The Bricks,55.5,11.32,20.4,1,56-65,,Caucasian
jE2zHov_2Eii9XrrmkSV5g_copy,Guest_1106,28.06.2012,3.0,"Visited The Bricks this evening for dinner with a group of 6 and I think I can say we all enjoyed our experience  - I give it a solid 3-stars because I wasn't blown away by the food, ambiance or service but all were good if not a little above average. 

I started with an Old Fashioned which was sadly, quite watered down.  The table started with the Bricklayer Nachos which were good and a pretty decent size portion too.  For my dinner I had the Mediterranean Grilled Cheese - feta and mozzarella cheese, olive tapenade, baby spinach and portabello mushroom pressed in a piece of flatbread.  The first few bites were enjoyable but about a quarter of the way into it I realized how SALTY it was.  Unfortunately, it was a little one-note and better in concept than in execution in my opinion. 

Our waitress was pleasant and split the check 6-ways without us even having to ask, which I thought was really nice of her.  Atmosphere was unique but nothing worth coming back for.

Also, worth noting - The Bricks doesn't have its own parking lot so you'll have to find street parking (good luck), a paid parking lot lot or one of the local parking garages.",Eastside,The Bricks,11.5,2.75,23.9,2,56-65,Female,Caucasian
fRdKsfvptL0A4aFfVPkZQQ_copy,Guest_8123,10/06/2013,5.0,"Came hungry and left full but not stuffed. The goodness wrap was named appropriately. Hummus with cucumber, tomato, lettuce, feta cheese and I added avocado was very flavorful. No need for any sauce of any kind. Had the potato salad as a side and though it was a bit bland, added a little salt to it, it was still good. Glad they don't add mayo to it and tasted home made for sure. Nice ambience too, decorated for Halloween. I'm not a fan of TV's while dining, but will always give a pass when they have good tunes playing so don't have to listen to TV. Only saw 2 servers on but it wasn't that busy on this Sunday afternoon. Server was knowledgeable and personable so not sure why others complained about rudeness. Saw none of that.",Eastside,The Bricks,21.04,3.05,14.5,2,56-65,Prefer not to say,
UmA-9d4M4x8F5UKkVCAjEg_copy,Guest_3676,2015-01-19,5.0,"Great atmosphere and service, food and drinks were excellent. Everything was fresh.  Bird and the pig sandwich was delicious, also the pacific rim. Will return soon.",Eastside,The Bricks,36.64,1.2,3.3,4,18-25,Prefer not to say,Native American
De-IwBjVk0Rkn1mGQ8GIbQ_copy,Guest_6833,06.12.2011,,"A must when you are in Ybor.  I ate and drank here multiple times a day for my 5 day trip to Tampa.  Every single meal was spectacular.  The Skinny bitch latte is perfect to start the day.  The proper grilled cheese is amazing, just wish they would have tomato soup to go along with it.  And you can't find better bartenders anywhere else in town.",Eastside,The Bricks,23.93,3.06,12.8,2,26-35,Non-binary,Asian
zbaEspWboOPPonKjB4jbWA_copy,Guest_1566,2012-06-29,4.0,,Eastside,The Bricks,29.53,4.76,16.1,2,,Male,Hispanic
OWqNO-H7eAWJH7hsQfO0_A_copy,Guest_8070,17.10.2016,5.0,"Bird and Pig and the Tuna BLT are awesome!  Delicious cold beer. Thanks for the recommendation, Yelp!",Eastside,The Bricks,,3.93,14.5,1,46-55,Female,Caucasian
QuLLvrwzNEizCRDiRPsVGQ_copy,Guest_5806,2012-02-12,5.0,,Eastside,The Bricks,,1.85,17.2,3,65+,Female,Other
Cf3QB0VEbdWFq94tZcWgTQ_copy,Guest_4649,11/10/2017,5.0,"They seem to have expanded their menu or, I'm just imaging that and actually gave them another chance. Good beer selection. Great ambiance. More hip than some of the other bars. Accommodated my large party.",Eastside,The Bricks,,2.94,15.3,4,,Female,Native American
xZnk3q-AHjpN6aSR_6Sqhg_copy,Guest_2552,2011-11-02,5.0,"They have a super friendly staff and a simple modern decor. I enjoyed the Six Degrees of Kevin Bacon exhibit on display. I got a really young and hip vibe from this place, and the sandwiches are amazing!",Eastside,The Bricks,26.62,10.65,40.0,5,,Prefer not to say,Other
eoFZMOL0XJ9yF8sW3OChIw_copy,Guest_6930,19.11.2017,4.0,"Yummy food, good vibes, & nice service. Music wasn't too loud. Could hold a conversation without hearing everyone else's. I had the Bird & Pig (the way it comes) with the Mac & Cheese. I also had the Hukilau. Not a fan. It sounded sweeter than it was. Still giving it a 4 for the food service and atmosphere. It's not their fault I didn't like the alcohol. Had a quick bite of the nachos and may have to orders those for the table next visit.",Eastside,The Bricks,,2.64,13.9,5,56-65,Male,Caucasian
asr6SiNjIrpTrGwMeBp9Pg_copy,Guest_8442,2015-07-03,5.0,,Eastside,The Bricks,20.13,8.05,40.0,2,26-35,Non-binary,Hispanic
