id,name,review_date,star_rating,comments,venue,establishment,total_spent,tip_amount,tip_percentage,party_size,age_range,gender,ethnicity
9tGxCSt6z-ZPeJFxoc_T4A,Customer_6016,2015-12-23 16:23:07,⭐⭐⭐⭐,"I've been here twice now, and the food is always great and the service is decent. The only reason I didn't give 5 stars is because the food takes a while to come out, even when it's not super busy. I've gotten the fish tacos (they are HUGE), burgers, fries (also huge portions), and goat cheese and pistachio guacamole. Like I said, the food is always very good, but if you're coming on a weekend, be prepared for a very long wait. It has a super hip atmosphere and you'll find a lot of twenty-somethings there.",Uptown,Tavern,39.72,11.92,30.0,2,65+,Male,
kVPUow1BON0KfPzndxW57w,Customer_4496,2018-07-09 00:09:28,⭐⭐⭐⭐⭐,,Uptown,Tavern,50.81,3.86,7.6,2,56-65,Non-binary,Hispanic
F44PdlI3I-6QmnOMkUE-Mw,Customer_7373,2016-06-12 18:12:17,⭐⭐⭐⭐⭐,,Uptown,Tavern,34.66,7.12,20.5,1,36-45,Female,Asian
C3lyvFsXo9ijb2PovX3h7w,Customer_6386,2015-08-08 21:45:53,⭐⭐⭐⭐,"The atmosphere is very clean, modern, and slightly upscale. They offer a brunch and a large selection of drinks. They are very packed for brunch though. Their brunch runs pretty late. I got there around 2pm and they said brunch was ending soon. Their brunch menu items cost around $10 each. Their normal dinner menu gets a little pricier, but you don't have to spend a lot of money here.",Uptown,Tavern,117.73,16.63,14.1,2,46-55,Male,Hispanic
9chZYiGTTrkRaHZQxg__FA,Customer_5230,2016-10-02 03:21:25,⭐,"Decided to try this place after our Airbnb host recommended it. Total miss! Way too overpriced for what we got. We ordered guacamole because they were out of cauliflower. The guacamole was too plain, lacking salt and spice. The size was ridiculously small and disproportional to the amount of chips you get with it. We also had chicken skewers, that were described as ""sesame, garlic, ginger..."". It literally tasted like chicken with some super sweet teriyaki sauce. The rice with it was totally plain too. We had kale salad with ahi tuna. Also was lacking taste, and the size of kale and tuna was disproportional. Not worth the money at all.",Uptown,Tavern,56.17,5.33,9.5,2,36-45,Non-binary,Other
pdhzV2NxQqbFUb9GCfxZ6Q,Customer_3685,2014-05-27 00:13:47,⭐⭐⭐,"I don't get it. 4 and 5-start reviews abound, and the weekend brunch line is absurd, but I'd have to describe my experience at Tavern as ""just okay.""

I went here on a Sunday morning ambigudate a month ago. We managed to get bar seating after waiting about 10 minutes, which seemed pretty good compared to the lengthy wait for a real table. The place was bustling, but we didn't have to wait too long to get in our drink orders. That said, while I love deals--and 2-for-1 mimosas and the like qualify--I wasn't bowled over. It tasted like a cheap cava and was heavy on the orange juice.

I ordered a burger while my dining companion decided to go with the traditional brunch. My burger was decent but not mouthwateringly amazing, which makes it a far cry from many of the reviews claiming this to be the ""best burger in Nashville."" Similarly, despite the attempts to make the brunch fare a bit fancier, I wasn't bowled over by any of the flavors.

While the prices aren't crazy expensive, they aren't cheap either. Overall I'd describe Tavern as ""fine."" I'd have no qualms about returning, but the foodie within me doesn't get the hype. 

Nashville, just because something is dressed up to look fancy and act fancy doesn't mean it's *actually* fancy.",Uptown,Tavern,16.02,2.91,18.1,3,,Non-binary,Native American
gFzr7vTZX7t7kRtaKJU_KQ,Customer_9989,2015-09-10 19:52:35,⭐⭐⭐⭐⭐,,Uptown,Tavern,44.34,6.77,15.3,2,18-25,Female,Hispanic
kzs8LjBjfiBV9aW09tr-Ew,Customer_1054,2014-02-11 23:16:39,⭐⭐⭐,,Uptown,Tavern,102.35,0.0,0.0,2,,Non-binary,African American
LxwfF7_VZ2oyUfP2M084VA,Customer_2989,2014-08-14 20:55:34,⭐,"We came here because of all the great yelp reviews, I can't believe this is 4-stars.. Good beer selection, good atmosphere, and decent service.  The food, however, was bla.. We really wanted to try the fried chicken skins, they came out very hard and very stuck together.  The sauce had good flavor but the skins came in a clump that we could hardly break apart. Our food came out about 4 minutes I into our attempt to chisel the skins apart. Kaya toast was weird and really lacked anything to bring the dish together.  After scraping off the sauce it was basically Texas toast and an egg.  The 2 sets of tacos we ordered were both overcooked and VERY dry. Come here for drinks, skip the food!",Uptown,Tavern,53.89,16.14,30.0,2,,,
elqRpX9T3YwL07uLNtN3Bg,Customer_5559,2015-02-02 04:29:13,⭐⭐,"I at least have to give this restaurant two stars due to the decent food. But while on a dinner meeting and after spending $100 on entrées and appetizers, I had to flag down the assistant cook, (the guy in bright red baggy pants watching TV), to see if I could get more avocado for my tuna entrée.  He made it very apparent and direct that he could not help me with that situation and I would have to flag down my  waitress so she could bill me for the four dollar avocado.",Uptown,Tavern,54.34,2.43,4.5,1,36-45,Male,Mixed
Dzv84h7Cv3xSkoT4qHFtAQ,Customer_9934,2013-12-12 21:39:55,⭐⭐⭐⭐,"So happy we found this cool little spot in the heart of West End during a one-night stay in Nashville. To be concise, here's a rundown of pros/cons:

Pros:
- My boyfriend and I went here around 7 PM on a Tuesday night. It was decently busy, but not overly crowded. We were seated right away. Like.
- The kale salad was life-changing. I waffled for a long time on what to order, and I was NOT disappointed. I couldn't stop eating it! Best salad I've ever had in a restaurant. Get it topped with salmon too. mmm!
- The bf got the fried chicken skins and the beef short rib tacos. He said the tacos were small and not much to them, but overall good flavor and tasty.
- Wine list is great! I got some bubbly and it was reasonably priced.

Cons:
- Service was a bit lacking in my opinion - I get that this is the trendy area, but the vibe seemed a bit pretentious and not very welcoming. [NOTE: If you're from/have spent a considerable amount of time in Chicago, this is a very River North-esque bar. End of story.]
- Beer menu needs some SERIOUS attention. I was shocked there wasn't more quality stuff on that list, hence my choice for wine. Bud and High Life? Come on, man.

Notes:
- A little loud and dark in general - not the best for conversation.
- A lot of TVs all around, so might be fun for gameday, but I can't say for sure.",Uptown,Tavern,32.84,13.14,40.0,1,18-25,,Hispanic
i4XsL5ShtxUB_BjGxBExZw,Customer_3658,2016-09-30 23:54:44,⭐⭐⭐,,Uptown,Tavern,35.25,7.46,21.2,2,26-35,,Asian
POfEzJaN4RLwxPlkWV4rfw,Customer_6757,2012-08-19 23:30:24,⭐⭐⭐⭐,"Went for brunch on Saturday and was extremely pleased to discover 2-for-1 drinks! Our group tried pretty much one of each drink and were extremely happy with each, particularly the Wicked Bloody Mary. The atmosphere was great-- trendy but very relaxed. I had the Singapore Stir fry, which was so flavorful and a wonderful change from the usual breakfast fare. As I dont eat meat or cheese, breakfast can be a little boring and standard, but this was a delicious option that strayed from the ordinary. Others had two different omelet varieties and the eggs benedict uno, all of which made the table very happy and satisfied. Would definitely recommend for brunch.. My only wish would be that they had more vegetarian options. The bloody marys by far made up for that though!",Uptown,Tavern,98.92,17.95,18.1,1,,Prefer not to say,Other
no9ZhPLnxlhx6GKk3s5AHA,Customer_7593,2015-12-22 21:37:23,⭐⭐⭐⭐⭐,"I could eat the blue cheese fondue on almost anything. I bet liver would taste good in that fondue. Fortunately I had some really good buffalo cauliflower to go along with and I hasten to say it was a top 5 all time appetizer ever.People rave about the fries and they were good but not the best I have had. The Tavern burger on the other-hand may be the best burger I have ever had. Made from ground rib-eye and filet makes me believe God made the burger lol The lobster sliders were really good but 22 bucks not that good. The mushroom soup had to be made by Angels it was amazing. Its a little pricey but you definitely get what you pay for, for the most part. As a whole it may be the best lunch ever. I give very few 5 stars on average and this was well earned. The place is nice and cozy and the staff were great. It was a religious experience involving food.",Uptown,Tavern,27.5,5.22,19.0,1,26-35,,
fUK6gdpPTE44NUa2kpVXMA,Customer_2096,2016-10-15 18:51:28,⭐⭐⭐,,Uptown,Tavern,81.08,32.43,40.0,2,26-35,Prefer not to say,
rEp28myVdzrisZxCjrFwTA,Customer_4262,2011-07-11 17:44:12,⭐⭐⭐⭐⭐,"What a fabulous new place to dine! The staff is extremely friendly, the food is creative and they have the BEST burger in town! Not only is the food great, but their use of social media is as well. I sent a tweet out about how great their burger is and received a nice card and gift certificate for my next dining experience. Nicely done, guys!",Uptown,Tavern,40.46,6.24,15.4,2,18-25,Prefer not to say,Asian
LZ17wL4ZtBdoTfkmj9pKiQ,Customer_7103,2015-07-31 17:07:59,⭐⭐⭐⭐,"The food here is outstanding. I generally get the Tavern Burger, which is legitimately one of the best in town. The desserts are great as well; for instance, they let you make s'mores at your table. Furthermore, the beer selection is fairly robust, usually with several local breweries on tap. 

The downside here is the service. First, it's usually quite slow, even when the dining room is not too busy. It's taken over an hour to get my lunch before, and not during peak hours. However, the pace does not bother me as much as some of the staff's snooty demeanor. The hostesses in particular are generally a bit condescending, which is off-putting. The wait staff themselves are usually a bit better; you can tell they work for tips, whereas the hostesses quite clearly do not. All in all a good spot for lunch or supper, though.",Uptown,Tavern,43.06,11.38,26.4,2,46-55,Male,Mixed
1pXjRYRCmvsPrGPrFybvPA,Customer_2396,2014-04-21 19:32:01,⭐⭐,,Uptown,Tavern,113.14,16.53,14.6,2,18-25,,Hispanic
4IsR7lxY-4gJx-itOP9VEQ,Customer_6582,2014-05-29 21:44:38,⭐⭐⭐⭐,"What I liked:
1. White Trash Hash- With a name like that, what's there not to like?  While I'm sure I could re-create this for about $2 (smashed fried hashbrowns smothered in cheese), it was well worth the extra cost to enjoy at brunch.  YUM!
2. Brunch Menu- There were too many delicious options to choose.  I went with a salad, but everything (especially the burger and french toast) looked and smelled fantastic.
3. Bloody Marys- They served my favorite, Zig-Zag mix and you get 2 for the price they charge.

What I didn't like:
1. This place gets VERY crowded on the weekend during the brunch rush.  We were quoted at hour+ wait shortly after they opened and ended up just snagging a seat at the bar.
2. Service- The bartender was understaffed and a bit slow to respond to requests.  They also forgot about part of our order and had to be reminded.

Overall Verdict: Make a reservation or show-up early and prepare to wait.  Get the white trash hash and enjoy delicious brunch!",Uptown,Tavern,38.38,7.33,19.1,6,,Male,Mixed
TNgy0o_Bw8JvyEgvrSsKGg,Customer_7973,2018-08-17 11:15:11,⭐⭐⭐⭐⭐,Everything is wonderful at The Tavern!!!!. The service is outstanding. The seafood choices are plentiful. The skillet bread is  so so good! I love the portion size..just right. The Chocolate chip cookie skillet dessert is super super delicious! We have gone on a Sunday night a few times a it's semi- quiet and it's a delightful Sunday meal.,Uptown,Tavern,38.22,9.93,26.0,2,,Male,Caucasian
1pXjRYRCmvsPrGPrFybvPA,Customer_3243,2014-04-21 19:32:01,⭐⭐,,Uptown,Tavern,67.2,9.65,14.4,2,,Prefer not to say,African American
qZll0RzBgnxw2Z4LnBii3w,Customer_2218,2016-05-09 15:54:16,⭐⭐⭐⭐⭐,The Tavern have the best burgers and the service was great. Atmosphere was nice and family friendly. I will definitely be back if I visit Nashville again.,Uptown,Tavern,131.75,46.11,35.0,4,18-25,Prefer not to say,Native American
QCb9Wgt7bCB0GDTNaght9w,Customer_7666,2014-11-01 01:58:16,⭐⭐⭐,,Uptown,Tavern,27.8,3.4,12.2,5,36-45,Non-binary,African American
nYVGowsSH6UM6oIuZ1x1rw,Customer_3251,2015-02-03 17:57:27,⭐⭐⭐⭐⭐,,Uptown,Tavern,44.5,17.8,40.0,5,56-65,Male,Mixed
Dzv84h7Cv3xSkoT4qHFtAQ,Customer_6468,2013-12-12 21:39:55,⭐⭐⭐⭐,"So happy we found this cool little spot in the heart of West End during a one-night stay in Nashville. To be concise, here's a rundown of pros/cons:

Pros:
- My boyfriend and I went here around 7 PM on a Tuesday night. It was decently busy, but not overly crowded. We were seated right away. Like.
- The kale salad was life-changing. I waffled for a long time on what to order, and I was NOT disappointed. I couldn't stop eating it! Best salad I've ever had in a restaurant. Get it topped with salmon too. mmm!
- The bf got the fried chicken skins and the beef short rib tacos. He said the tacos were small and not much to them, but overall good flavor and tasty.
- Wine list is great! I got some bubbly and it was reasonably priced.

Cons:
- Service was a bit lacking in my opinion - I get that this is the trendy area, but the vibe seemed a bit pretentious and not very welcoming. [NOTE: If you're from/have spent a considerable amount of time in Chicago, this is a very River North-esque bar. End of story.]
- Beer menu needs some SERIOUS attention. I was shocked there wasn't more quality stuff on that list, hence my choice for wine. Bud and High Life? Come on, man.

Notes:
- A little loud and dark in general - not the best for conversation.
- A lot of TVs all around, so might be fun for gameday, but I can't say for sure.",Uptown,Tavern,31.89,7.22,22.6,2,18-25,Female,Asian
VqICh9JO97h5NTs8W5wjzQ,Customer_9868,2014-07-28 01:49:33,⭐⭐⭐⭐,"Service was ok, but the food was excellent. Nothing against our sweet server, but she was alone on a 20 person table - really? I completely blame that one on management! Buffalo cauliflower was awesome and the chicken skewers were so so good! Everyone had a wonderful time! Ambiance was so fun!",Uptown,Tavern,135.47,0.0,0.0,2,,,Native American
T3h-qsLvgw6-snTIya8Omw,Customer_5874,2017-02-19 18:55:09,⭐⭐⭐⭐⭐,,Uptown,Tavern,49.55,11.75,23.7,2,46-55,Male,Native American
8MZmHIPivJvqHyegz4NDuw,Customer_7884,2017-12-30 16:07:30,⭐⭐⭐,,Uptown,Tavern,42.71,8.53,20.0,3,36-45,Non-binary,Caucasian
ZLJZGHB9bXDXdnIhEN7jgg,Customer_1065,2013-10-15 19:45:03,⭐⭐,"Came in for lunch while in Nashville in business. The waitress sold me on their Bloody Mary, so I ordered that and the lettuce wraps. The bloody was ridiculously watered down. It tasted watered down and looked like the glass was about 85% water/ice. When I commented on the look and taste, the waitress proceeded to tell me that if it looked watered down, there was probably extra vodka in it, which I couldn't taste because it was ""infused"" which cuts down on the vodka taste. What a load of BS. It was one of the most disappointing bloodies I've had. I should have sent it back, but she was adamant that I was wrong. Lettuce wraps had a nice spicy kick, which I liked, but it failed to redeem the dry, canned-tasting chicken. Very. Under-impressed.",Uptown,Tavern,50.62,7.74,15.3,5,46-55,Male,
vIfZn-Km8_Mzn3YcnV2oHw,Customer_7651,2017-08-29 20:07:56,⭐,,Uptown,Tavern,27.03,5.14,19.0,3,36-45,Female,Asian
eUD5trbjAnxVeJFVQcFP7w,Customer_2701,2015-07-05 00:35:46,⭐⭐⭐⭐⭐,"This place has a great vibe and lots of energy! Being an out towner, we were recommended the tavern by our hotel staff at Hutton hotel. The tavern is in walking distance and has a very friendly wait staff. Their food was great and the wine made our night before walking downtown to enjoy the live music on the strip. And we are back for another round the next day! :)",Uptown,Tavern,35.02,8.8,25.1,4,18-25,Prefer not to say,Asian
yubBhUMup3st_lEG0smAOQ,Customer_3075,2011-04-28 22:07:32,⭐⭐⭐⭐,,Uptown,Tavern,65.47,12.7,19.4,3,,,Asian
YBG_ucuXZkpBqHqZNkDMuQ,Customer_1086,2016-07-16 04:47:45,⭐⭐⭐⭐,,Uptown,Tavern,36.91,5.23,14.2,2,36-45,,Asian
6lN8DOJi5bzbpUgI8EOF8A,Customer_8040,2018-07-09 06:59:59,⭐⭐⭐,"Looks, from the street, like it would be good, but it was just okay. Our waitress pretty much forgot about us the entire time we were there. Not sure what that was all about. We tried practicing mindfulness to make the time pass while we were waiting for her to come back out and take our order. My nachos were disappointing--basically felt like a slice of cheese was melted over chips with globs of black beans. The kale salad was a warm mound of wilted kale mixed with parm cheese. My son liked his burger, so that was good.",Uptown,Tavern,49.47,9.64,19.5,3,65+,Prefer not to say,Asian
n0_nlhJ1PPvg6TqSWruC4Q,Customer_5795,2018-03-07 01:46:46,⭐⭐⭐⭐⭐,,Uptown,Tavern,28.49,4.31,15.1,4,46-55,,Other
_bk1_B7DVeOygrUqAEW5ng,Customer_5713,2015-10-18 21:58:29,⭐⭐⭐⭐⭐,,Uptown,Tavern,20.86,3.6,17.3,3,56-65,Male,Other
BTVRwQ4qi-9P83MSOtsMEg,Customer_1023,2017-10-15 11:34:25,⭐⭐⭐⭐,Solid brunch spot! Got there at peak time and the wait was less than what they thought. In the interim we sat on the padded benches outside. The place was packed but they seemed to turn it over and get people in and out quick. The bazooka guacamole was very good but the star of the show was the chorizo gravy on the biscuits. The spicy chicken sausage is aptly named as it packs a punch. I love hot food so it was perfect for me. My fiancé said it was at the limit of her spice scale so normal people may find it too much. She has the pretzel pancakes which are pancakes with pretzels on top covered in syrup. It wasn't what we expected but was good. Something about biting into a pretzel and it not having any crunch doesn't feel right but that may just be us. The girl with us had the pain Perdu and couldn't finish it but said it was good. We will for sure make our way back here as we each tried to decide between 3 different dishes so I look forward to having tried them all.,Uptown,Tavern,42.96,15.03,35.0,2,56-65,Female,Native American
cG0zukMXoMYphvr7XIG9cQ,Customer_2965,2013-10-04 01:41:32,⭐,"I usually love this place, but stopped in tonight to place a take out order, and the hostess shewed me off to the absolutely PACKED bar, to try to hail a bartender, on my own, to place an order. This is seriously how you are doing business? We walked out... Ridiculous...",Uptown,Tavern,39.79,0.0,0.0,1,26-35,Male,Asian
S15HB-F4CfmXT5m0ppL-Sg,Customer_1762,2014-01-02 19:19:41,⭐⭐⭐⭐,,Uptown,Tavern,38.93,6.3,16.2,4,65+,Prefer not to say,African American
5TH0csKR1Rarx0CXTdoFGg,Customer_5530,2017-05-03 13:52:56,⭐⭐,,Uptown,Tavern,104.17,41.67,40.0,1,18-25,Female,Hispanic
vSbBX6vSSB0ozgmfkfO3Hg,Customer_1225,2018-02-02 00:41:35,⭐⭐⭐⭐,,Uptown,Tavern,17.3,3.06,17.7,4,36-45,Female,
LxwfF7_VZ2oyUfP2M084VA,Customer_3019,2014-08-14 20:55:34,⭐,"We came here because of all the great yelp reviews, I can't believe this is 4-stars.. Good beer selection, good atmosphere, and decent service.  The food, however, was bla.. We really wanted to try the fried chicken skins, they came out very hard and very stuck together.  The sauce had good flavor but the skins came in a clump that we could hardly break apart. Our food came out about 4 minutes I into our attempt to chisel the skins apart. Kaya toast was weird and really lacked anything to bring the dish together.  After scraping off the sauce it was basically Texas toast and an egg.  The 2 sets of tacos we ordered were both overcooked and VERY dry. Come here for drinks, skip the food!",Uptown,Tavern,34.96,7.79,22.3,2,36-45,Prefer not to say,Other
14JPuG_IyWeP-DQGrpNdng,Customer_8264,2015-04-18 18:36:57,⭐⭐⭐⭐,Great place to watch sports and try the good food selection. Brunch is great on the weekend and have something special always. Just get ready for the line so my ght as well get a spot on the bar or wait forever.,Uptown,Tavern,46.83,8.01,17.1,5,,Female,Asian
SJg1y9tjPwgOarQTgYmvcw,Customer_4977,2018-05-30 12:41:09,⭐⭐⭐⭐,"Good fun place, appetizers are fun, and different! Place is always full of nice people, good energy. Great for large or small groups. Fun times!",Uptown,Tavern,48.79,6.1,12.5,5,36-45,Prefer not to say,Caucasian
uWTEzKQTi_oI8-D8Fk07PQ,Customer_3598,2018-07-08 05:00:47,⭐⭐,Waited 1.5 hours in the bar next door to eat at this overhyped egg factory. Not worth it what so ever. Go to Hattie bs or princes and skip it.,Uptown,Tavern,91.55,12.31,13.4,3,,Male,
sENiF8KnKK-v8Jz8ejJVfw,Customer_2069,2012-12-10 03:18:29,⭐⭐⭐⭐,"Had a very pleasant dining expereince at Tavern tonight. We arrived at 5 pm and it was pretty dead. It's a big place with a nice outdoor patio and a side patio that can be indoor/outdoor depending on the weather. The vibe seems pretty cool and laid back. Rock music and low lighting get a thumbs up in my book. I decided to try a sangria while I browsed over the menu. It did not disappoint. Very fresh and tasty. I decided on The Tavern burger with sweet potato fries. The burger was deliciuos! It's served on a ""meltaway"" bun which basically is just a really soft and yummy bun. The sweet potato fries were good as well. Not soggy at all which seems to happen a lot with sweet potato fries. The boyfriend really enjoyed his meal as well but I'll let him tell you about that in his own review. :) Because the dinner was so good, I decided to order a dessert, too. I opted for the cinnamon bread pudding with vanilla gelato on top. It was also delish! It was the perfect amount of sweetness and comfort to end my meal. Service was quick and friendly, food was good, and the atmosphere was relaxing. We will defintely be back.",Uptown,Tavern,24.47,5.13,21.0,3,36-45,Non-binary,Asian
ymbDu_j2XrNFcYItj4GWfw,Customer_5515,2017-06-17 21:02:18,⭐,"I have never been so insulted and talked down to in my life. Michelle, I think that's her name it's on my receipt but she never introduced herself, was the rudest person I have ever given my money to in my life. When we sat down she was talking about personal issues with the barback loud enough for us to hear and I thought that was odd in and off itself. When she gave us our menus she said a few times ""these menus are good for the next 30 seconds.""  Sorry but either give us brunch or give us dinner menus and explain that the kitchen is in the midst of a shift change, don't make us feel pressured because you dropped menus that have an extremely short time limit. Instead of eating we decided to just get drinks. She let us know that the brunch menu libations were, her words, 2 for 1. We ordered a mimosa off the list and hung out. When we got get drinks they set two wooden tokens down but didn't reference the at all, so we didn't know what they were for.  Eventually ordered some food off the dinner menu to go. She was very non existent the whole time we were sitting at the bar, not attentive at all. When we asked for the bill I saw that both our drinks were on there. I asked about them and let her know about the 2 for 1 statement she said. She then proceeded to tell me it was buy one, get one and that's what the tokens are for. I told her that ""buy one get one"" and ""2 for 1"" are different and if we knew it was BOGO we would have ordered another drink (if she would have even paid attention to us).  After a little back and forth she said she would take care of it and that ""they weren't trying to screw us.""  She talked to us like we were the worst people on earth because she doesn't know how to explain her own restaurants policies. I work in an industry that has me visiting 10-15 bars/restaurants/hotels a day and I have never had a worse hospitality experience in my life. Tavern Management - this employee is losing you revenue left and right.  Not only is she not taking care of customers and grabbing reorders, she is turning people away for good. This treatment was so horrible and off putting that I am going to go out of my way to recommended against going to Tavern due to the disrespect we felt. Hopefully your floor managers recognize how bad she is and theyo do something about it because she is taking money out of your pocket every shift she works.",Uptown,Tavern,33.51,5.76,17.2,2,46-55,Non-binary,African American
W-1KsTFiqHEz5DdsnFEbiQ,Customer_3187,2015-01-06 02:19:19,⭐⭐⭐⭐,"Great food, great atmosphere.  I had the mac and cheese, which was a special and it wasn't on the menu, but it was AMAZING.  I also highly recommend the egg rolls.  Not your normal egg rolls.",Uptown,Tavern,32.92,8.15,24.8,6,26-35,Prefer not to say,Other
Cy9RvBBa-7zC9fOnVDmkmw,Customer_9350,2017-01-29 05:37:39,⭐⭐⭐,"We came here based off a recommendation from our hotel.  The food was fine but nothing impressive.  It was basic bar food.  The music was way too loud.  Impossible to have a conversation and we were there at 5:30 on a Saturday.  If you're in from out of town, try another place for dinner.",Uptown,Tavern,70.09,16.86,24.1,2,26-35,Male,Native American
FYok0kc1LXUEcOXAIS6lnw,Customer_9552,2015-10-25 18:02:13,⭐⭐⭐⭐,,Uptown,Tavern,35.17,5.98,17.0,5,18-25,Non-binary,Native American
POfEzJaN4RLwxPlkWV4rfw,Customer_1332,2012-08-19 23:30:24,⭐⭐⭐⭐,,Uptown,Tavern,50.53,7.39,14.6,4,18-25,Female,Native American
MTQAkU8_Rl-1-ygnnIpqyw,Customer_9682,2015-04-03 19:16:22,⭐⭐⭐,"I like Tavern a lot. The food is very good. I went here for lunch with a friend from work. I loved the vibe, the dim-ish lighting, and the music, and would definitely like to come back at night time. The fish was very good, fresh, and the batter was light and perfect. I loved the sauces that came with my meal. I shouldn't have gotten the sweet potato fries. Didn't care for them. Next time I'll get regular ones. Also loved the fact that they have all of those hot sauces at the table. Any place with an abundance of hot sauces is awesome to me. I would like to go back and try other food. The only negative thing was it took far too long to eat here on our lunch break. The service was very slow, but maybe the server was new. We had an hour break and we are late coming back. However, will go back again, definitely.",Uptown,Tavern,26.04,10.41,40.0,2,46-55,,Caucasian
eUD5trbjAnxVeJFVQcFP7w,Customer_7876,2015-07-05 00:35:46,⭐⭐⭐⭐⭐,"This place has a great vibe and lots of energy! Being an out towner, we were recommended the tavern by our hotel staff at Hutton hotel. The tavern is in walking distance and has a very friendly wait staff. Their food was great and the wine made our night before walking downtown to enjoy the live music on the strip. And we are back for another round the next day! :)",Uptown,Tavern,26.17,7.48,28.6,3,18-25,Prefer not to say,Asian
c1Qc9UTyo9RUbFzciaDpkQ,Customer_7960,2013-01-03 19:02:51,⭐⭐⭐⭐⭐,"I love Tavern. They have exceptional cocktails, killer food, and an ambiance that can't be beat! I foresee many a dollar of mine being spent here....

It gets VERY busy, and on Sunday when I stopped in with a friend it was no exception. Luckily, there were two seats at the bar, so we snagged them and sat down. After drooling over another customer's plate of mussels, I decided I had to get them. White wine with bacon, leeks, and a piece of ""dippy"" bread? Um score. My friend had the chicken chimichanga, and it was cheesy but still full of flavor and amazing! 

But let's talk cocktails, something that really gets my engine running and Tavern hit the mark.

The red sangria was pre-mixed and topped off with some bubbly. It was a good sangria, but not over the top good. However, my balsamic martini with stoli, strawberry puree, and a splash of balsamic syrup?? Creative and delicious! I will be ordering the drink again and again! The bellini sparkle was not in a tiny champagne flute, it was in a tumbler and was refreshing. My friend couldn't stop ordering the cucumber, apple, and elderflower cocktail. Be warned, it is very strong! 

I was worried our service would be poor because they only had 2 bartenders for the entire bar, but it wasn't. They were attentive and sure to check up on us and get our orders in. They also have some incredible outdoor seating areas, and enjoying a cocktail on a nice day here is heaven. 

Thanks for the good times Tavern, I can't wait to see you again!",Uptown,Tavern,39.86,3.41,8.5,2,,Non-binary,Asian
x7ya_jF5VRCGxRdXEDaqqg,Customer_6847,2014-07-30 02:33:41,⭐⭐⭐⭐⭐,"Awesome atmosphere and great food. You have to go here if your in Nashville!  Make sure you try the Buffalo Cauliflower, Beef short rib tacos and the Horseshoe. We tried the fried chicken skins.....not a fan.",Uptown,Tavern,25.22,2.42,9.6,1,46-55,,Asian
Sw1F45atmHECRc0hc7BpRQ,Customer_6320,2017-10-14 22:52:04,⭐⭐⭐⭐,,Uptown,Tavern,72.64,13.83,19.0,2,36-45,Non-binary,
YBG_ucuXZkpBqHqZNkDMuQ,Customer_9724,2016-07-16 04:47:45,⭐⭐⭐⭐,,Uptown,Tavern,104.46,24.03,23.0,2,26-35,Prefer not to say,Caucasian
Qa07cliS19dExGiWvp3EoA,Customer_4358,2014-01-19 00:37:58,⭐⭐⭐⭐⭐,"Chose the Tavern based on an article I read on the internet that many chefs in the area head to here for brunch and now I know why. My my my.... Perfect brunch on a gorgeous day.... Mimosas on the patio, pretzel pancakes that were scrumptious. Tehren was spot on with the service we received. Highly recomend this place to anyone in Nashville or traveling through. Will certainly be back!",Uptown,Tavern,31.16,8.19,26.3,2,56-65,Male,Hispanic
96YWbWWyWcKY26a8CVm2yQ,Customer_8229,2015-12-06 22:18:31,⭐⭐⭐,"Burger was great. Cooked perfectly, but nothing special. Packed for brunch specials. Seem to have awesome election of cocktails and awesome bartenders. Was there for food, don't really drink. Def would go back. Atmosphere was great too.",Uptown,Tavern,39.09,7.23,18.5,2,26-35,Female,Asian
WeEwR5kv59drLBgdMIAWvA,Customer_2531,2017-06-30 23:32:16,⭐⭐⭐⭐,"I've never been to an M Street restraunt before, for those of you who are not familiar with M Street they are the zany people who bring us resturant concepts such as Kayne Prime (on my bucket list,) Virago and Moto (also on my bucket list.) So on Wednesday night we visited Tavern, which is self-described as ""a pub for chefs."" Valet parking at this location is a must and they were prompt and efficient. There was plenty of porch seating available as well as being used - Nashvillians do love their porches. The inside of the restaurant had a rustic feel and it seemed as though the bar top was inhabited by business class regulars. That having been said I could easily picture the bar at 12 midnight being inhabited by waitrons and people with checkered pants, it would be a great place to have some concept drinks and small plates after a busy restaurant shift. I ordered the Korean short rib tacos - I definitely got the red pepper forward taste as well as the cool of the cucumber and cilantro. I would order it again. Delivery time was about 13 minutes, a good ticket time. It's very evident that these people are ""on their game,"" I will be returning to try other items on their menu. And one day I will visit Kayne Prime, I might splurge for that on my father's birthday. Visit Tavern, have fun!",Uptown,Tavern,43.76,8.62,19.7,2,26-35,,Hispanic
pdhzV2NxQqbFUb9GCfxZ6Q,Customer_4951,2014-05-27 00:13:47,⭐⭐⭐,"I don't get it. 4 and 5-start reviews abound, and the weekend brunch line is absurd, but I'd have to describe my experience at Tavern as ""just okay."" I went here on a Sunday morning ambigudate a month ago. We managed to get bar seating after waiting about 10 minutes, which seemed pretty good compared to the lengthy wait for a real table. The place was bustling, but we didn't have to wait too long to get in our drink orders. That said, while I love deals--and 2-for-1 mimosas and the like qualify--I wasn't bowled over. It tasted like a cheap cava and was heavy on the orange juice. I ordered a burger while my dining companion decided to go with the traditional brunch. My burger was decent but not mouthwateringly amazing, which makes it a far cry from many of the reviews claiming this to be the ""best burger in Nashville."" Similarly, despite the attempts to make the brunch fare a bit fancier, I wasn't bowled over by any of the flavors. While the prices aren't crazy expensive, they aren't cheap either. Overall I'd describe Tavern as ""fine."" I'd have no qualms about returning, but the foodie within me doesn't get the hype. Nashville, just because something is dressed up to look fancy and act fancy doesn't mean it's *actually* fancy.",Uptown,Tavern,51.15,10.44,20.4,3,65+,Non-binary,African American
S30vbx-7LggV9-KCv5XFDQ,Customer_1104,2014-02-08 20:20:58,⭐⭐⭐⭐,Great food!! Everything we ordered was good. Wait was long for Saturday brunch. My fave were the red velvet waffle and Singapore eggs.,Uptown,Tavern,54.45,19.06,35.0,2,,Female,Other
fwQV8AisKOza40TYkGQS3w,Customer_2639,2015-09-03 00:28:46,⭐⭐⭐⭐⭐,,Uptown,Tavern,52.59,3.27,6.2,6,56-65,Female,Native American
89tIlGxzZ4q6l0Qb51lXdw,Customer_6847,2012-10-13 16:39:17,⭐⭐⭐⭐⭐,"Great food!  The menu is full of interesting, and unique items.  I tried the smoked salmon eggs benedict, and it was phenomenal.  The interior is very well decorated, and the servers were helpful and prompt.  Though it was a little on the expensive side, it was well worth the cost for such a great experience.",Uptown,Tavern,34.79,5.37,15.4,4,56-65,Female,Caucasian
Dr6doKlArIS1C84lqwM8wg,Customer_1349,2015-08-24 02:27:10,⭐⭐,,Uptown,Tavern,50.83,7.2,14.2,2,26-35,Female,African American
mc9ziBiR_U7TZ7Mfbumi8g,Customer_8550,2015-12-06 17:27:31,⭐⭐⭐⭐⭐,"Best brunch in Nashville. Amazing lunch. During brunch drinks are 2 for 1 and they are delicous. The wicked Bloody Mary and blood orange mimosa are my favorites. Red velvet waffle, white trash hash, cheddar biscuits and gravy, eggs benedicts, and Singapore stir fry are all so excellant it makes it hard to decide what to order each time. The burger and fries are amazing for lunch, as are the Philly cheesesteak egg rolls, and fried chicken skins with honey Sriracha sauce as apps. They also have a midtown quickie on the menu that changes every day. Tavern never gets old and never disappoints.",Uptown,Tavern,44.23,10.15,23.0,2,46-55,Female,African American
F44PdlI3I-6QmnOMkUE-Mw,Customer_4345,2016-06-12 18:12:17,⭐⭐⭐⭐⭐,"Great staff, service and food!

I ordered the kale salad (OMGosh - good!), short ribs tacos and the fried cauliflower- a MUST - even if you don't finish it all.",Uptown,Tavern,40.37,7.72,19.1,1,,Non-binary,Other
OyJjHoig95FCaRDg1V1l-Q,Customer_3606,2014-03-17 22:55:35,⭐⭐⭐⭐⭐,"After drinking a few glasses of 1920 (the best cocktail in Nashville if you ask me), I am the happiest girl around! I also love the menu, it's fun without being weird. I can't stop eating the Philly cheesesteak eggrolls, brown bag special, all the different fries, and the kale salad.",Uptown,Tavern,84.6,15.28,18.1,2,18-25,Female,Mixed
xe5QQ8zC45aqjUWoHshDlA,Customer_7887,2012-06-01 23:40:31,⭐⭐⭐⭐⭐,"This place is awesome! We stumbled upon it after checking into our hotel...we wanted to walk around after being in the car for 9 hours and we were starving. We got a table outside, it was loud, but what do you expect on a Friday night in early summer? The food was great....I got the Nuevo Israeli bread salad and my husband got the turkey blt (with sweet potato chips (YUMMMM)--both fantastic. They have an extensive drink/beer list and the staff is knowledgeable about the beer they serve and didn't steer my husband wrong. Would recommend trying this place out if you haven't already.",Uptown,Tavern,57.2,13.57,23.7,2,,Female,Asian
G_hGOr7cjzHnwHHKPEvtcA,Customer_8120,2013-04-13 05:19:34,⭐⭐⭐⭐,"Tavern was in walking distance from our hotel, and we had read it was a good place to watch a game, so we were there! I really liked the feel of this place. It was really modern and even the waitstaff complements the look with their matching grey v-necks. We were famished after a long day and got down on so many dishes! 

-grilled artichokes. promised with a ""comeback sauce"" which we got to help my friend push ahead past her hangover, it didn't really do that.
-lamb tacos and pork tacos. the lamb tacos were great but nothing could compare to the pork tacos. I have never been more sad to see the end of a taco.
-salad of little gems. hello? little gems describing anything? I'm in! It was a great, little refreshment from my all-meat diet, with cranberries and fresh mozzerella.
-chicken and waffle. The fried chicken was great, but the cheddar and jalepeno waffle was almost too overpowering with the sweey syrup.
-loco moco. too much meat but the rice and egg were just what my friend needed to get back on the drinking horse so props for that!

The drink list was also amazing here, great whiskey cocktails and they make a mean martini as well! I also liked the mix of people here. It was the perfect Friday night crowd. Prices were pretty reasonable, unless, of course, you are posted up watching Michigan beat Kansas in overtime, then the bill might be a bit higher to taste victory ;)",Uptown,Tavern,42.85,7.08,16.5,2,,Female,Native American
PQlo8P3OjrJlE4UUmo38fQ,Customer_9697,2013-05-10 15:46:40,⭐⭐⭐⭐,,Uptown,Tavern,39.78,15.91,40.0,4,56-65,Non-binary,
8Lpm7yJ4lBZr_kXZMaCZuQ,Customer_9730,2011-04-24 14:08:27,⭐⭐⭐⭐,"Where should I start... Oh yeah, I love this place! Went for the first time this weekend and all the things I've heard about this place are true. Great food, amazing outdoor patios and a great variety of drinks. We started out with the Lobster Hushpuppies and Bazooka Guacamole. The presentation was modern and they most definitely delivered on taste, the only issue I had, was I wanted to order more appetizers! After some self restraint we order our entrees; I took the servers recommendation and had the burger and everybody else had the BLT. Looking back I wish I would have tried something new, don't get me wrong it was good but there are some amazing sounding dishes on the menu. Next time I guess. All in all if you are looking for a trendy spot to have a bite and a few drinks, I definitely recommend this place! Oh yeah, I almost forgot use the hot sauce!",Uptown,Tavern,20.81,3.58,17.2,2,26-35,Prefer not to say,Other
OTyZuYfiZX7Db0kW9rz-Sg,Customer_8292,2017-03-06 17:57:03,⭐⭐⭐,"Tavern is probably one of the better brunch places in Nashville IF (and only if) you go with friends. This is not the place to go for a brunch date or to go with any person that you actually want to have a conversation with.

Both times that my wife and I have gone (once by ourselves, and the other time with some friends) the music has been extremely loud - like to the point where we have been yelling just to hear each other. Not kidding. Look, I like my music loud... and their playlist was actually on point (late 90's/early 2000's hits)... but going out to eat is a social experience. Part of sharing a meal is enjoying the company of the people you're with. Don't blast music in my face and force me to lean in just to hear what the person next to me is saying. C'mon. 

On to the food! It's GREAT. I highly recommend the Benedict Uno - a short rib benedict topped with tabasco-infused hollandaise. Wow. So much amazing flavor in every bite. I savored it right down to the end. I also recommend the maple fondue if you're with a group. It's a fun dish to share and has assorted fruits and some french toast and sausage... all to be dipped in a delicious warm maple syrup mixture. Can't go wrong. Also, don't sleep on the 2-for-1 libations. The blood orange mimosa and the red sangria are my favorites (although the last time I went, I just doubled up on the sangria... easily my favorite).

This place deserves respect for the quality of food they put out and their decent pricing (average about $12-$15 per entree). The only things that keep this from being a 4-star review are the noise level, the lack of parking (bring cash because you will need to use the valet), and the fact that you will undoubtedly have a wait. When we went with our friends, we got their 10 minutes after they opened and were told there was a 20-30 minute wait. We ended up actually waiting almost an hour. Not really a complaint, since you have to factor in a wait at popular places... but still. Just a warning - you will have a wait.

Give this place a shot if you like good food for brunch, just go in knowing that there are some pitfalls with this place.",Uptown,Tavern,56.63,9.7,17.1,2,36-45,,Asian
sdC3uA0KMPDtY20nkpcBOA,Customer_1328,2014-05-26 23:04:47,⭐⭐⭐⭐⭐,,Uptown,Tavern,44.79,8.75,19.5,2,36-45,Prefer not to say,
-o9WEr96OJrpRBglM9LTAg,Customer_2889,2016-12-05 20:34:23,⭐⭐⭐⭐,,Uptown,Tavern,42.83,9.8,22.9,3,26-35,Male,Asian
Ec9Y9N0kzw4FevC1pR8BEA,Customer_9741,2018-08-25 12:24:25,⭐⭐⭐,,Uptown,Tavern,51.72,0.0,0.0,2,56-65,Prefer not to say,Other
S30vbx-7LggV9-KCv5XFDQ,Customer_3215,2014-02-08 20:20:58,⭐⭐⭐⭐,,Uptown,Tavern,34.88,6.11,17.5,3,26-35,,Asian
eX9N0rLvcfgrOo34hvDQRQ,Customer_4940,2014-02-12 21:35:12,⭐⭐⭐⭐,,Uptown,Tavern,25.86,10.34,40.0,2,,,Hispanic
QdrmnbVOsEWMnhi46mzl3w,Customer_6556,2015-09-18 04:55:00,⭐⭐⭐⭐⭐,"Not my kind of place but I think if it was it would be fantastic! 
Loud music, sports on big TV s, huge bar, inside or outside seating. Friendly attentive staff, food artsy. Served lightning fast. Very clean and beautifully decorated. Enjoyed my Burger very much. Micheal loved his Junk Salad... Great place for those who like what I described.",Uptown,Tavern,41.54,9.42,22.7,2,18-25,Non-binary,Native American
BB5kBkUH3mAmItdC6N073A,Customer_3921,2015-01-06 06:13:05,⭐⭐⭐⭐,"my favorite brunch spot on nashville! the drinks are amazing and they have a wide range of items on the menu. my favorite brunch items are probably the benedicts and white trash hash. my favorite items served all day are the sweet potato fries and tuscan kale salad! the only complaint I would have is that they usually have a long wait, especially for brunch so come early and be prepared to wait! it's certainly worth it. other than that, the atmosphere and food are some of the best in nashville!",Uptown,Tavern,13.64,2.12,15.5,4,46-55,Female,African American
ve34O0LAyheEh4Txtq5VYQ,Customer_4612,2013-10-31 16:35:09,⭐⭐⭐⭐,,Uptown,Tavern,38.61,8.37,21.7,3,18-25,,African American
mvx8moqhiNUL-nxQuEYERA,Customer_6273,2012-09-14 23:35:27,⭐⭐⭐⭐,"We totally blew off all Nashville brunch recommendations just because the menu at Tavern looked so good. Risky move, bucking the suggestions of former residents and frequent visitors, but I'm happy to report it paid off handsomely. I looove the set-up of the restaurant. There's a covered/open air area, a bar area with some booths and high-top tables, then a cozy area ""upstairs"" overlooking the action so to speak. It basically has a seating location for whatever your mood. Very cool. The brunch menu was almost impossible to choose from. Our eyes went directly to the red velvet waffle with cream cheese drizzle. We're not big sweets for breakfast folks but we do love our desserts. But the inevitable was sure to occur, eat brunch and be too full - rule of thumb - order your sweets at the same time as your meal if you're determined to try something. So we did.... I opted for the benedict uno which was fantastic. Tender braised short ribs on an english muffin with perfectly cooked poached eggs and a Tabasco hollandaise. Soooo incredibly good and the hollandaise was the perfect combination of buttery and spicy. Excellent. I will say, if you don't love hollandaise you would be put off - my plate was literally swimming in sauce (arm floaties and all...) I gobbled it up but it turned my wife off from trying it (note to self, don't bath in hollandaise.) My wife opted for the The Nooner which is an omelet with bacon, fried oysters and a spicy sour cream, served with ""white trash hash"" (basically a heavily hashbrown casserole.) So back to the red velvet wafftle....we didn't finish it....I know...I know....we tried and we did a pretty good job, but we just couldn't. It was super good although almost not quite done in the middle, but tasty nonetheless. Good service, good food, great atmosphere (would love to watch a game here and snack my way through the day.) Can't wait to return!",Uptown,Tavern,10.0,2.09,20.9,2,65+,Non-binary,Mixed
OT-156nGBziJ5NNrA-YA4w,Customer_1447,2015-05-27 22:26:15,⭐⭐⭐⭐⭐,"Delicious food in a fun setting.  Great helpful and friendly service.  Two levels of seating near the bar.  We had awesome buffalo cauliflower, egg rolls with philly cheese steak and amazing kale salad.  highly recommend the Tavern.",Uptown,Tavern,19.75,4.15,21.0,2,65+,Male,Caucasian
QCb9Wgt7bCB0GDTNaght9w,Customer_2328,2014-11-01 01:58:16,⭐⭐⭐,"The kale salad is excellent. The rest of the food was ok. Far too expensive I'd you ask me for the sports bar type atmosphere, mediocre food and almost bad cocktail. The waitress come by and asked us if we liked the food about 14 times in our hour dinner and took our plates away the second we finished it which I thought was way too aggressive.",Uptown,Tavern,47.56,7.07,14.9,1,26-35,Prefer not to say,Hispanic
Ec9Y9N0kzw4FevC1pR8BEA,Customer_7087,2018-08-25 12:24:25,⭐⭐⭐,"Food was average and did take a bit to come out Service was good.
Great local beer selection.  Had Chimichanga and burger and fries both were average but not outstanding. Great space/ bar.",Uptown,Tavern,40.61,4.93,12.1,2,65+,,Caucasian
5FMQAlbrrEwAW_QQy8s56w,Customer_6789,2017-08-08 02:47:59,⭐⭐⭐⭐,,Uptown,Tavern,29.32,3.63,12.4,1,65+,Male,Native American
0IMoUZGJ0pKmvm_li-OYQg,Customer_5273,2015-09-10 02:42:58,⭐⭐,,Uptown,Tavern,41.55,8.37,20.2,3,56-65,Female,
T7PwIqKUeKW4mMlO_-BnGQ,Customer_2255,2017-03-04 16:52:55,⭐⭐⭐⭐⭐,"Just walked into the Tavern Nashville and was served by the brightest smile in the world. Thank you Heather , amazing server.",Uptown,Tavern,46.04,9.57,20.8,1,,Non-binary,Caucasian
iHQNcl5Bo8tv91dmqG8E-Q,Customer_9309,2016-05-21 03:01:29,⭐⭐⭐⭐,Food was great here! I've been here before just for drinks and wanted to come back because I had an amazing pineapple charred mule cocktail. We came back and ate this time. The only thing preventing me from giving Tavern five stars was that the service was slower than it should be and it wasn't an insanely busy night. Our waitress was not the most attentive.,Uptown,Tavern,37.98,3.72,9.8,3,18-25,Male,Caucasian
4LJZNEPBT3QiAU0FqIU-2g,Customer_5024,2013-02-22 18:15:55,⭐⭐⭐,"I've only been to Tavern once and it was for Sunday brunch. My friend and I wanted somewhere close to our church (Midtown 12South) and she suggested Tavern because she said the brunch food was good. I wasn't too sure about the meal I ended up ordering...you know how you have those days where you teeter back and forth between what to order and then end up just blurting out a choice and don't really know if you're ok with what you said? Well...this one of those times, so it might have skewed my verdict. The food was good, but it wasn't my favorite. The 2for1 brunch drinks helped a bit. I might would go back and try some lunch food and see how that is. But for now, it's just A-ok in my book.",Uptown,Tavern,52.93,4.75,9.0,2,65+,Non-binary,Hispanic
5HhsI2ko1EosUcswlY9dfQ,Customer_9684,2011-05-27 19:30:03,⭐⭐⭐,"I give this three stars because of the service.

We went there on a Wednesday night and it just so happened to be 2-4-1 on select bottles, spirits, and specialty drinks. They were busy so I understood the fact that nobody had greeted us right away. 10 minutes later someone said they would be right with us as they were walking past. Another 10 minutes went by and our drink order was finally taken and we put in an app order as well. Our app arrived in a decent amount of time, and it was delicious. We had the Pierogies, which my boyfriend had never tried and I grew up eating. Our server never stopped by until after the empty plate had been sitting there for awhile. When she finally came back by we ordered our entrees. I had the Basket of Crispy Little Fish while my boyfriend had the Farmer Rays Grilled Vegetable Muffuletta. The fish were very tender and it came with some very yummy sweet potato fries. The muffuletta came with some house chips that were great. 
  We were almost done with our meal and thought about ordering another beer, but our waitress was too busy to stop by the table. While I was in the bathroom my boyfriend stopped her to ask for some waters and to hear about the dessert menu. She told him she could tell us the dessert specials as they did not have a dessert menu, and would wait until I came back. About 20 minutes after I came back she finally stopped by. Water glasses empty and asked if we still wanted to know about the dessert. We told her we were still interested and chose the DIY smores. The smores were a fun little dessert. They bring you marshmallows, graham crackers, strawberries, hershey's chocolate and reese's peanut butter cups. Its also very messy. We had to grab napkins off a near by table because she had taken all of ours away.

Overall, the food was great! The service however, was less than desirable. I'll give this place another shot and hope they redeem themselves next time.",Uptown,Tavern,24.99,4.08,16.3,6,46-55,,Hispanic
kgnwwMBg1O0Y9Ty951_Lig,Customer_7054,2017-12-16 15:29:13,⭐⭐⭐⭐,"The atmosphere is very nice. I always am leery of ""hipster"" spots but this place is legit. Super friendly and not pretentious staff. Female bartender made one of the best Bulleit neat Old Fashioned's I've had out. Other mixed drinks were also prepared well (well balanced without being boozy). I ordered Korean beef tacos. They were not bad but not one of my favorites either. They were still good. The table over got nachos that looked delicous. I also think if a place has a clean bathroom, their kitchen is usually clean too. This place is spotless. I also was impressed to see the bartenders cleaning bottles and the bar in their down time. Overall, I would definitely visit again when I am in town. I'd actually rate this place a 4.5 stars if I could.",Uptown,Tavern,44.88,10.72,23.9,3,36-45,Non-binary,African American
W-3NiJYQ-vu9ju1Mcqmung,Customer_7149,2016-01-18 20:19:58,⭐⭐⭐⭐⭐,,Uptown,Tavern,50.84,5.28,10.4,3,56-65,Male,
K2cec8tvhCGCCrAHqF_aSA,Customer_8537,2017-02-13 20:46:42,⭐⭐⭐⭐,This is an awesome place to come for a boozy brunch and a good time! It is a very lively atmosphere with a lot of TVs so also a great place to watch sports while grabbing a few drinks and some delish food. I would highly recomand the chorizo biscuits and gravy - there is a cheesy goodness to this dish that will cure any hangover and leave you with a happy tummy. They also have a great mix of cocktails and beer that makes for great day drinking!,Uptown,Tavern,51.67,9.32,18.0,3,,Male,African American
cG0zukMXoMYphvr7XIG9cQ,Customer_1769,2013-10-04 01:41:32,⭐,"I usually love this place, but stopped in tonight to place a take out order, and the hostess shewed me off to the absolutely PACKED bar, to try to hail a bartender, on my own, to place an order. This is seriously how you are doing business? We walked out... Ridiculous...",Uptown,Tavern,85.62,29.97,35.0,2,36-45,,Hispanic
4LJZNEPBT3QiAU0FqIU-2g,Customer_9671,2013-02-22 18:15:55,⭐⭐⭐,,Uptown,Tavern,33.17,3.38,10.2,2,36-45,Non-binary,African American
Ec9Y9N0kzw4FevC1pR8BEA,Customer_5079,2018-08-25 12:24:25,⭐⭐⭐,"Food was average and did take a bit to come out Service was good.
Great local beer selection.  Had Chimichanga and burger and fries both were average but not outstanding. Great space/ bar.",Uptown,Tavern,24.95,4.39,17.6,4,46-55,Female,Hispanic
fJWUhhqbqbEdnLaKpKoOZg,Customer_3318,2018-03-05 21:20:43,⭐⭐⭐,"Went here for a Saturday morning brunch and it wasn't that bad! Cons: the wait is crazy long (over an hour), the lighting is a bit dark, the music and atmosphere is crazy loud so prepare to scream your conversations, the drinks (specifically the mimosa) wasn't that strong and the food was good but average. Pros: It's a nice trendy spot with fun music that you'll want to sing along to (especially after drinks). The staff was very attentive and friendly! And the prices aren't that bad (for downtown). All in all it was a nice experience, but don't think I'll be in a hurry to go back.",Uptown,Tavern,95.75,8.42,8.8,4,56-65,Non-binary,African American
5U_B-wFhZiZ9SDqTglPFbQ,Customer_6038,2018-03-18 14:31:17,⭐⭐⭐⭐⭐,"We stopped here for lunch/dinner and wasn't disappointed.   We was seated and served drinks promptly. Had a difficult time deciding what to order cause everything looked delicious.  I ordered the brown bag meal.  Which is a thick cut grilled bologna and over-easy egg sandwich with homemade potato hips, with truffle oil.",Uptown,Tavern,70.29,9.98,14.2,2,26-35,Male,Asian
NK-Y-Me_PssqgdrnRS7OdQ,Customer_3138,2018-06-09 20:08:21,⭐⭐⭐⭐,,Uptown,Tavern,31.38,5.91,18.8,2,65+,,Other
1DH1JZ--V1LOoMDE_OK8ww,Customer_5126,2017-09-10 18:39:19,⭐⭐⭐⭐⭐,"The 45 minute wait was well worth it, especially since you have drinks while you wait! The staff here at Tavern were super attentive and really helpful in giving suggestions on what to order. We got the maple fondue and it was incredible, you got to try a little bit of everything. The red velvet waffles were out of this world, the blueberry cornmeal waffles were a slam dunk, the Frosted Flakes crusted French toast was life changing. The sausages were great, the chicken was very spicy but overall great and the fruit was super fresh and sweet. The eggs benedict were really good but very large. All in all I would come back again in a heartbeat!!

WE LOVE TAVERN BRUNCH",Uptown,Tavern,134.93,24.77,18.4,4,,Male,Other
zYavfZkxEPNVcNVhouq5kA,Customer_7387,2015-07-30 00:34:18,⭐⭐⭐⭐,"Stopped by while on a business trip after reading other reviews. I had the salmon and it was really good. Only knock I have is that the portion size was really small (I thought, anyway). Also had the kale salad which was really good. I was trying to be good, but definitely had order envy when I saw the burger and fries. 

Give it a try! I would definitely go back!",Uptown,Tavern,56.96,10.85,19.0,4,,Non-binary,Native American
wp4A8FE8F1cMpNx1sjzskw,Customer_1693,2017-10-27 02:42:29,⭐,,Uptown,Tavern,26.07,6.82,26.2,2,,Female,Mixed
qMoYM4m_CMrrXfnDRz9ZGw,Customer_5814,2018-05-31 01:26:53,⭐⭐⭐⭐,"We waited an hour and a half to eat at this restaurant for a party of 3. We sat at the bar where they offered 2 for 1 drinks. 2 drinks for the price of 1!! What could be better? Towards the end of our hour and a half wait we began to get to hungry so we ordered some fries. They were very yummy!! Since eating the fries, by the time we got our table and ordered a meal, I wasn't very hungry. So I didn't  eat much of the omelette I ordered. So I don't have much feedback for that.",Uptown,Tavern,61.41,10.77,17.5,2,,Male,Hispanic
KGWd3WEX07THIBeotOVAVA,Customer_5584,2018-01-28 16:00:01,⭐⭐⭐⭐⭐,"Nice, upscale bar with your no so typical bar food. The grilled cheese was pretty tasty with truffle oil fries. The lettuce wraps were fantastic! The decor was a neat industrial look and was very tastefully done. We'll be back!",Uptown,Tavern,28.87,4.65,16.1,6,56-65,,Caucasian
fAZ3e6jOEseEBYJOn8m8zw,Customer_2785,2017-08-10 23:37:18,⭐⭐⭐⭐,,Uptown,Tavern,59.13,12.89,21.8,6,56-65,,African American
E0UfPhlljIaU07QUMAcaBw,Customer_5512,2018-06-29 13:49:18,⭐⭐⭐,,Uptown,Tavern,38.89,3.33,8.6,2,26-35,Prefer not to say,Caucasian
qaUWafjUY5EhoLHZCEvZ2g,Customer_5746,2012-04-03 02:30:04,⭐⭐⭐⭐,My vegan friend had the kale salad and loved it. I had one of the taco options -- pretty good too. Wine list was short but reasonably priced. Service was friendly. Better than many of the other options near campus.,Uptown,Tavern,33.4,4.14,12.4,3,18-25,Non-binary,Asian
O7MxXEBpMFEDTxWgxUQmBQ,Customer_4183,2016-07-18 02:41:30,⭐,"This joint was recommended by a waiter who served us supper, said the red velvet waffles were to die for....ummm no suicidal thoughts here...totaly not worth the 1hr wait and is extremely loud....forget about conversation. We had the breakfast fondu....where is the fondu pot and skewers? And the $3 coffee was yucky! Service wasn't the best either. I'm getting the feeling that the waiters around here think because they probally won't ever see you again they don't have to give good customer service. You basically have to ask to be waited on.#RoadtripUSA",Uptown,Tavern,71.62,7.26,10.1,2,36-45,,Mixed
L6EpvJIV4WjNQ9CK1OsU5Q,Customer_3001,2013-07-20 16:56:35,⭐⭐⭐⭐,,Uptown,Tavern,24.44,1.93,7.9,2,26-35,Female,Hispanic
TqBseui1uj8S9CyQ1J55dg,Customer_8450,2015-07-09 15:55:40,⭐⭐⭐⭐⭐,"This place is amazing! In every way! Great location, great ambiance & atmosphere. The people there, especially our bartender Sarah, were super nice and helpful. She was great! But.... the food. Oh wow the food. Best burger I've ever had ever! If they ask you if you want to upgrade your fries to he seasoned ones (for a mere 50¢) say YES YES YES. Those things are sprinkled with crack, I swear. So good. And the garlic aioli is no joke. The beer list is awesome. Lots of local options. And 2-4-1's on Wednesdays of things like Jack Daniels, other liquors, wine, and some mixed drinks (libations). great place! We'll be back every time we're in Nashville.",Uptown,Tavern,42.78,4.87,11.4,3,65+,Male,Caucasian
CEfJjrdINSCEzAVHh1iqEw,Customer_2497,2016-10-16 20:32:54,⭐⭐⭐⭐⭐,"Great place to grab drinks with friends! The waitresses were super friendly. Go on Thursday nights for the best drink specials. One con is that the food isn't that great, but this place is fabulous for drinks.",Uptown,Tavern,15.56,3.7,23.8,3,26-35,Prefer not to say,Asian
APoR2wmmIoDDRicB_VINqw,Customer_4698,2013-04-14 04:21:22,⭐⭐⭐⭐,"The environment is great!  It's a multi-level facility that puts a modern spin on the old ""tavern"" concept.  I was impressed with the food I ordered as well as the cocktails.  The waitstaff was quite personable and made the experience even more enjoyable.  My only critique was the homemade ice cream I tried for dessert.  It simply wasn't good. Of course, nobody's perfect.  I would definitely go back to Tavern again.  :-)",Uptown,Tavern,73.2,14.14,19.3,1,46-55,Male,Hispanic
F7J9_AaIhHaf9vYenxuO3g,Customer_9272,2017-12-16 00:36:24,⭐⭐⭐⭐,,Uptown,Tavern,33.17,8.47,25.5,2,36-45,Prefer not to say,Hispanic
_6cr_2c6GbAT7p9xvHnLtQ,Customer_7671,2015-10-17 02:49:14,⭐⭐⭐⭐⭐,"Meet by a great hostess at the door, Jenna. Her smile was amazing! Drinks at the bar were rather good.  They actually have a loco moco! BOOM!",Uptown,Tavern,60.91,10.54,17.3,2,65+,,Caucasian
nYVGowsSH6UM6oIuZ1x1rw,Customer_1481,2015-02-03 17:57:27,⭐⭐⭐⭐⭐,"My friend and I were visiting Nashville and found this place through a quick google search. We were staying downtown, so it was a quick and cheap cab ride away (5 minutes/$7 ride). We went on a Saturday night, so there was about an hour wait. We decided to grab a drink at the bar (no wait there) and stood around chatting/playing a charades game on our phone...which helped pass the time! The drinks were avg. $10/piece. Not cheap, but normal for this kind of restaurant. Once we were seated, we knew we wanted to try their french fries (we had previously scoped out the menu) and quickly ordered the sweet potato ones. She ordered the mahi sandwich and I went with the chicken tikka masala, Both were very good. Would recommend and return!",Uptown,Tavern,82.2,19.76,24.0,2,36-45,Prefer not to say,Hispanic
cCNHSQG4rqISbvnfdRjVJw,Customer_9583,2017-09-22 05:54:30,⭐⭐⭐⭐,"First night in Nashville, after a long car ride, ready to get a taste of that night life!!  Great place to start.

Food: Started with the SHISHITO PEPPERS, def glad I did.  These are perfectly charred.  Cooked well, so that they are still a little crisp and not soggy.  Lightly salted.  Greatest part, they give a little pile of sea salt on the side, so you can season to your liking!!  Be careful with these.  Some of the peppers have a super spicy kick.
  
BUFFALO CAULIFLOWER was another starter.  This app was a bit too sour for me.  The tanginess was pretty potent that I could not focus on any other flavors.  Also, the exterior of the cauliflower was not that crispy.  More on the soggier side.  Not a fan.  Pass on this.
  
TURKEY BLT was a good choice.  The pretzel bread was nice and chewy.  Lovely choice of bread for this sammy.  Wonderfully smoked turkey with crispy bacon.  Comes together beautifully with the smooth gruyere cheese, and the creamy avocado aioli.  Great textures and tastes that really comes together in this sammy.  I got it with the Tuscan tavern fries.  Nice and crunchy fries.  Def try.

SMORES on the tabletop.  Even comes with a small campfire.  Classic fix'ns for smores: graham crackers, marshmellows, and chocolate bar.  In addition, some strawberries and reese's peanut butter cups.  Was quite the indoor smores experience.

Service: Drinks were full, food got to the table fresh and hot, server was attentive, and table was cleared away promptly.  All together, I think it was a good experience.

Ambiance: Very casual.  Rustic and slightly romantic.  Nice for a girls gathering, as well as date night. 
  
Dranks: Great selection of beers, wines, and specialty cocktails.  A little something for everyone.  I had wine that night, but def would like to go back and try one of their cocktails.  
 
Overall: A place that I would like to visit again.  Food was good.  Drinks were good.  This is a place that you can go, no pressure, find something to eat, and get your drink on.  Enjoy!!",Uptown,Tavern,20.97,0.0,0.0,1,65+,Prefer not to say,Mixed
fwQV8AisKOza40TYkGQS3w,Customer_5323,2015-09-03 00:28:46,⭐⭐⭐⭐⭐,"Just stopped in for drinks.  Staff was great,  never felt rushed. Food passing by smelt and looked awesome. May be coming back tomorrow.",Uptown,Tavern,27.5,3.86,14.0,2,,,Hispanic
dbJ4zDy3M05kDwx1LOw_Kg,Customer_7807,2013-03-26 00:11:53,⭐⭐⭐⭐,,Uptown,Tavern,102.67,41.07,40.0,2,65+,Female,Other
elqRpX9T3YwL07uLNtN3Bg,Customer_3194,2015-02-02 04:29:13,⭐⭐,"I at least have to give this restaurant two stars due to the decent food. But while on a dinner meeting and after spending $100 on entrées and appetizers, I had to flag down the assistant cook, (the guy in bright red baggy pants watching TV), to see if I could get more avocado for my tuna entrée.  He made it very apparent and direct that he could not help me with that situation and I would have to flag down my  waitress so she could bill me for the four dollar avocado.",Uptown,Tavern,31.42,3.6,11.5,6,18-25,Non-binary,Hispanic
o_jKYWFuFfuVAs2R3-vPiw,Customer_9617,2016-09-30 22:31:14,⭐,,Uptown,Tavern,20.24,2.49,12.3,2,56-65,Non-binary,Hispanic
u1wLsg-BqrPBsyo75_w57A,Customer_3282,2015-05-15 23:29:04,⭐⭐⭐⭐⭐,"Had a wonderful dinner at the tavern I had the chicken skewers, they we're deliciuos, wish they had more veggies in them however. But still they were great! My girlfriend got the Mahi sandwich and said it was perfectly blackened a Cajun tater that paired well with a creamy cucumber garnish, it was all really delicous! I got the house made cocktail ""Amerboire"". So good I got 2!! Natalie was our server and she was so helpful and great! Made us feel right at home in Nashville! Can't wait to come back",Uptown,Tavern,28.8,5.9,20.5,4,46-55,Female,African American
uoAV36WSfBbVY77wIxX1fw,Customer_3583,2017-04-08 16:52:58,⭐⭐⭐⭐⭐,,Uptown,Tavern,54.51,21.8,40.0,2,56-65,,African American
JiJnjB3HdoltyMMi2klndQ,Customer_6491,2015-10-21 14:28:20,⭐⭐⭐,Chose Tavern because I wanted to catch a baseball game on their TVs while eating.  The wait for a table of four was an hour on a Saturday night.  Food was fine but nothing to jump up and down about.  Waitress recommended the Tavern burger...it was ok.,Uptown,Tavern,25.61,6.05,23.6,1,18-25,Male,Native American
uoAV36WSfBbVY77wIxX1fw,Customer_5816,2017-04-08 16:52:58,⭐⭐⭐⭐⭐,,Uptown,Tavern,19.03,2.55,13.4,3,56-65,Prefer not to say,Caucasian
kc6jSWjXzJGbo--F7ce9yw,Customer_1348,2016-06-26 20:18:19,⭐⭐⭐⭐⭐,,Uptown,Tavern,30.74,7.12,23.2,4,36-45,Female,
F69sWS_z1OVNltCenrBSow,Customer_8023,2014-11-30 02:40:26,⭐⭐⭐⭐,,Uptown,Tavern,35.65,3.23,9.1,3,,Male,Hispanic
5FMQAlbrrEwAW_QQy8s56w,Customer_4161,2017-08-08 02:47:59,⭐⭐⭐⭐,"ALERT: A must for brunch spot!!! I have been here several times now. The brunch time is SO busy but SO worth it! I recommend the Red Velvet Waffles and the Blood Orange Mimosa. Another time I went for dinner I had a phenomenal Mahi sandwich with the white Sangria. Holy amazing. The servise is great, just hectic during brunch.",Uptown,Tavern,63.27,7.74,12.2,3,18-25,,Asian
ii395UGz-QQyvcCNCJCDIg,Customer_2448,2015-03-18 20:14:03,⭐⭐⭐⭐⭐,"Oh hell yeah!!  Came in for a simple burger and fries.  

Great food! Even better service!  

Will definitely be a stop on any trip to Nashville.

Make sure you try the Tuscany fries!",Uptown,Tavern,55.57,14.33,25.8,2,,Male,Other
d8mpKjDavAyepBoEwOHpwg,Customer_6249,2017-01-15 00:19:09,⭐⭐⭐⭐⭐,Short rib tacos ruled! The sweet potato fries were an awesome starter. Our server Lindsay was amazing. Kept our glasses full the whole time and checked up on us constantly! Good vibe and they had the game on which in the playoffs is always a good thing! I'd go back again! Maybe take mom and dad to this joint!,Uptown,Tavern,16.04,0.0,0.0,3,18-25,Female,Asian
89tIlGxzZ4q6l0Qb51lXdw,Customer_1852,2012-10-13 16:39:17,⭐⭐⭐⭐⭐,"Great food!  The menu is full of interesting, and unique items.  I tried the smoked salmon eggs benedict, and it was phenomenal.  The interior is very well decorated, and the servers were helpful and prompt.  Though it was a little on the expensive side, it was well worth the cost for such a great experience.",Uptown,Tavern,38.4,7.24,18.9,3,56-65,,African American
5HhsI2ko1EosUcswlY9dfQ,Customer_3336,2011-05-27 19:30:03,⭐⭐⭐,"I give this three stars because of the service. We went there on a Wednesday night and it just so happened to be 2-4-1 on select bottles, spirits, and specialty drinks. They were busy so I understood the fact that nobody had greeted us right away. 10 minutes later someone said they would be right with us as they were walking past. Another 10 minutes went by and our drink order was finally taken and we put in an app order as well. Our app arrived in a decent amount of time, and it was delishous. We had the Pierogies, which my boyfriend had never tried and I grew up eating. Our server never stopped by until after the empty plate had been sitting there for awhile. When she finally came back by we ordered our entrees. I had the Basket of Crispy Little Fish while my boyfriend had the Farmer Rays Grilled Vegetable Muffuletta. The fish were very tender and it came with some very yummy sweet potato fries. The muffuletta came with some house chips that were great. We were almost done with our meal and thought about ordering another beer, but our waitress was too busy to stop by the table. While I was in the bathroom my boyfriend stopped her to ask for some waters and to hear about the dessert menu. She told him she could tell us the dessert specials as they did not have a dessert menu, and would wait until I came back. About 20 minutes after I came back she finally stopped by. Water glasses empty and asked if we still wanted to know about the dessert. We told her we were still interested and chose the DIY smores. The smores were a fun little dessert. They bring you marshmallows, graham crackers, strawberries, hershey's chocolate and reese's peanut butter cups. Its also very messy. We had to grab napkins off a near by table because she had taken all of ours away. Overall, the food was great! The service however, was less than desirable. I'll give this place another shot and hope they redeem themselves next time.",Uptown,Tavern,72.55,10.69,14.7,2,56-65,Non-binary,Native American
EqZxe5N6W_JI9RuFXETDzg,Customer_1660,2012-05-08 07:53:04,⭐⭐,,Uptown,Tavern,45.62,3.73,8.2,2,36-45,,Caucasian
T3h-qsLvgw6-snTIya8Omw,Customer_8330,2017-02-19 18:55:09,⭐⭐⭐⭐⭐,,Uptown,Tavern,43.17,3.38,7.8,2,36-45,Non-binary,Asian
5HhsI2ko1EosUcswlY9dfQ,Customer_9660,2011-05-27 19:30:03,⭐⭐⭐,"I give this three stars because of the service.

We went there on a Wednesday night and it just so happened to be 2-4-1 on select bottles, spirits, and specialty drinks. They were busy so I understood the fact that nobody had greeted us right away. 10 minutes later someone said they would be right with us as they were walking past. Another 10 minutes went by and our drink order was finally taken and we put in an app order as well. Our app arrived in a decent amount of time, and it was delicious. We had the Pierogies, which my boyfriend had never tried and I grew up eating. Our server never stopped by until after the empty plate had been sitting there for awhile. When she finally came back by we ordered our entrees. I had the Basket of Crispy Little Fish while my boyfriend had the Farmer Rays Grilled Vegetable Muffuletta. The fish were very tender and it came with some very yummy sweet potato fries. The muffuletta came with some house chips that were great. 
  We were almost done with our meal and thought about ordering another beer, but our waitress was too busy to stop by the table. While I was in the bathroom my boyfriend stopped her to ask for some waters and to hear about the dessert menu. She told him she could tell us the dessert specials as they did not have a dessert menu, and would wait until I came back. About 20 minutes after I came back she finally stopped by. Water glasses empty and asked if we still wanted to know about the dessert. We told her we were still interested and chose the DIY smores. The smores were a fun little dessert. They bring you marshmallows, graham crackers, strawberries, hershey's chocolate and reese's peanut butter cups. Its also very messy. We had to grab napkins off a near by table because she had taken all of ours away.

Overall, the food was great! The service however, was less than desirable. I'll give this place another shot and hope they redeem themselves next time.",Uptown,Tavern,46.08,5.76,12.5,5,18-25,Female,Asian
5HhsI2ko1EosUcswlY9dfQ,Customer_3033,2011-05-27 19:30:03,⭐⭐⭐,"I give this three stars because of the service.

We went there on a Wednesday night and it just so happened to be 2-4-1 on select bottles, spirits, and specialty drinks. They were busy so I understood the fact that nobody had greeted us right away. 10 minutes later someone said they would be right with us as they were walking past. Another 10 minutes went by and our drink order was finally taken and we put in an app order as well. Our app arrived in a decent amount of time, and it was delicious. We had the Pierogies, which my boyfriend had never tried and I grew up eating. Our server never stopped by until after the empty plate had been sitting there for awhile. When she finally came back by we ordered our entrees. I had the Basket of Crispy Little Fish while my boyfriend had the Farmer Rays Grilled Vegetable Muffuletta. The fish were very tender and it came with some very yummy sweet potato fries. The muffuletta came with some house chips that were great. 
  We were almost done with our meal and thought about ordering another beer, but our waitress was too busy to stop by the table. While I was in the bathroom my boyfriend stopped her to ask for some waters and to hear about the dessert menu. She told him she could tell us the dessert specials as they did not have a dessert menu, and would wait until I came back. About 20 minutes after I came back she finally stopped by. Water glasses empty and asked if we still wanted to know about the dessert. We told her we were still interested and chose the DIY smores. The smores were a fun little dessert. They bring you marshmallows, graham crackers, strawberries, hershey's chocolate and reese's peanut butter cups. Its also very messy. We had to grab napkins off a near by table because she had taken all of ours away.

Overall, the food was great! The service however, was less than desirable. I'll give this place another shot and hope they redeem themselves next time.",Uptown,Tavern,42.63,8.54,20.0,1,65+,Non-binary,
50WMEVZvre_J9sEA9Xj2uQ,Customer_2062,2018-06-10 22:40:13,⭐⭐⭐⭐⭐,From service to taste this restaurant had it all. Their mahi sandwich was cooked and seasoned perfectly. Their drink selection was vast and test,Uptown,Tavern,64.37,13.68,21.2,4,36-45,,African American
pdhzV2NxQqbFUb9GCfxZ6Q,Customer_8423,2014-05-27 00:13:47,⭐⭐⭐,,Uptown,Tavern,60.19,24.08,40.0,1,,Female,Other
o_jKYWFuFfuVAs2R3-vPiw,Customer_7893,2016-09-30 22:31:14,⭐,,Uptown,Tavern,75.51,15.27,20.2,3,56-65,Prefer not to say,Native American
zqbyzh0-N96CvEgMOj098Q,Customer_8474,2018-03-26 00:24:56,⭐⭐⭐⭐,,Uptown,Tavern,33.39,9.51,28.5,2,56-65,Non-binary,African American
7XFuiaM0hVmdnlhJfV2gHA,Customer_7293,2016-07-25 13:51:42,⭐⭐⭐⭐⭐,"My 8 friends and I came here during our visit to Nashville because of good reviews we heard from friends who visited - they did not disappoint.  Tavern was a great brunch spot and they were able to accommodate our large group fairly easily.  The service was awesome, relaxed and friendly staff all around.  The food was phenomenal - We split almost every app on the menu, all very good.  I had the special taco scramble and it was one of the best egg dishes I've had in a while.  The ""white trash hash"" that came with it was delicious and a twist on the classic hashbrowns.  All in all I would come back here and would recommend to anyone visiting.",Uptown,Tavern,47.23,7.74,16.4,1,56-65,Female,African American
WeEwR5kv59drLBgdMIAWvA,Customer_3869,2017-06-30 23:32:16,⭐⭐⭐⭐,"I've never been to an M Street restraunt before, for those of you who are not familiar with M Street they are the zany people who bring us restaurant concepts such as Kayne Prime (on my bucket list,) Virago and Moto (also on my bucket list.) So on Wednesday night we visited Tavern, which is self-described as ""a pub for chefs."" Valet parking at this location is a must and they were prompt and efficient. There was plenty of porch seating available as well as being used - Nashvillians do love their porches. The inside of the restaurant had a rustic feel and it seemed as though the bar top was inhabited by business class regulars. That having been said I could easily picture the bar at 12 midnight being inhabited by waitrons and people with checkered pants, it would be a great place to have some concept drinks and small plates after a busy restaurant shift. I ordered the Korean short rib tacos - I definitely got the red pepper forward taste as well as the cool of the cucumber and cilantro. I would order it again. Delivery time was about 13 minutes, a good ticket time. It's very evident that these people are ""on their game,"" I will be returning to try other items on their menu. And one day I will visit Kayne Prime, I might splurge for that on my father's birthday. Visit Tavern, have fun!",Uptown,Tavern,18.83,2.88,15.3,2,18-25,Female,Asian
InBi1x_iWGj7qdGM74FtrQ,Customer_7622,2017-12-16 22:38:40,⭐⭐⭐⭐,"We were staying right down the street from this place and it was recommended by the girl at the front desk of our hotel. We actually went to get a few drinks and bite to eat on a Friday night. The atmosphere is really nice and the bar is really big. Definitely a good bar to watch football game at or any sports game at. My girlfriend and I both had different signature cocktails which were really good. I had the fish tacos which were out of this world! So good I can't even tell you, you'll have to try them for yourself! My girlfriend had the seared tuna which was also great, a little spicy so watch out for that if you don't like spicy. We went back the next morning for brunch. I ordered the Benedict Uno which was eggs benedict with short rib and a tabasco hollandaise sauce. I also ordered a side of the white trash hash. First off all, the white trash hash was out of this world! So different and unique and so good it was amazing. The reason I'm giving this place 4 stars is because of the Benedict. I always order Eggs Benedict and no matter what kind of Hollandaise sauce it comes with I've never thought of ordering it on the side. For this Benedict I should of. It was drenched in the tabasco hollandaise sauce which wasn't bad but just was way way way too much. I couldn't even taste the egg or could see if I was eating egg or just all sauce. It honestly made me sick after we left. I wish there was half the amount they gave me or I should of got it on the side but like I said, I've never had a problem with too much hollandaise sauce. The picture below is deceiving because it doesn't look like a lot of sauce but there really was. Other then that everything was terrific! I just hope they over did my Benedict and don't do that for every Benedict dish they serve.",Uptown,Tavern,55.06,7.79,14.1,4,18-25,Prefer not to say,Caucasian
Sw1F45atmHECRc0hc7BpRQ,Customer_8749,2017-10-14 22:52:04,⭐⭐⭐⭐,,Uptown,Tavern,13.75,3.88,28.2,1,65+,Male,
uWTEzKQTi_oI8-D8Fk07PQ,Customer_1500,2018-07-08 05:00:47,⭐⭐,,Uptown,Tavern,70.18,13.9,19.8,4,26-35,Female,Native American
i4XsL5ShtxUB_BjGxBExZw,Customer_4737,2016-09-30 23:54:44,⭐⭐⭐,"We stumbled onto this restaurant after seeing the very long line at Hattie B's. The atmosphere seemed really nice and the wait for a table much more manageable-only 10 minutes. The menu choices were appealing and we put in an order for two burgers, fries, a fish sandwich and trail salad.  Then we waited, and waited and waited some more.  Fifty minutes later our food still did not arrive with no real explanation (or apology) from our server.  The manager was pleasant and after she was alerted our food did arrive. The burgers were tasty as were the Belgian fries. The trail mix salad had too many dried cranberries for my liking making it much too sweet.  I think with a different server the experience may have been more positive, but with so many great restaurants in Nashville I won't be going back to find out.",Uptown,Tavern,32.24,6.12,19.0,1,26-35,Non-binary,Mixed
x7ya_jF5VRCGxRdXEDaqqg,Customer_9523,2014-07-30 02:33:41,⭐⭐⭐⭐⭐,"Awesome atmosphere and great food. You have to go here if your in Nashville!  Make sure you try the Buffalo Cauliflower, Beef short rib tacos and the Horseshoe. We tried the fried chicken skins.....not a fan.",Uptown,Tavern,36.73,5.48,14.9,2,56-65,Male,Native American
fUK6gdpPTE44NUa2kpVXMA,Customer_6647,2016-10-15 18:51:28,⭐⭐⭐,,Uptown,Tavern,48.4,19.36,40.0,4,18-25,Female,Other
E0UfPhlljIaU07QUMAcaBw,Customer_3412,2018-06-29 13:49:18,⭐⭐⭐,"Honesty hour, we went out in Nashville after 10pm. Apparently, there are limited options at that time, when it isn't the weekend. We decided to try out this place after walking to a couple of other places that were not like their descriptions. 
This place has a nice ambience, nice staff, and a ton of beers and ciders on tap. The prices weren't bad for the drinks or beer. Between 5-8 for the beer/cider. Around 10-12 for cocktails. Oh, and the kitchen closes at 11. 

Now on to the food, we got the burger and the chimichanga. We were splitting them so we went for something a little different with the chimichanga. We also got the cheesesteak egg rolls. Sounds fantastic, right? Unfortunately, the burger was the only highlight. Everything else got a HUGE FAIL! The chimichanga was super soggy. The rice and beans were ok. The cheesesteak egg rolls were just BAD! No taste at all.  

Now on to our drinks. We first ordered their take on a margarita. They used silver
Tequila so it had a very heavy tequila taste. It was ok.  He wound up with the punch. It was ok. Mind you, we were traveling all day and ate everything. So, it was edible. 

All and all, if you need somewhere to go late, then try it. Just  stick to very regular things. The staff is nice ,so, that is worth a visit based on that alone.",Uptown,Tavern,60.3,8.97,14.9,3,,Non-binary,African American
ve34O0LAyheEh4Txtq5VYQ,Customer_1244,2013-10-31 16:35:09,⭐⭐⭐⭐,"Went to Tavern for brunch on Saturday morning and fell in love! We got there a few minutes before 10, when they open, and were seated right away. This is definitely the way to do it, because 30 minutes later, there was already a long wait. I ordered the Singapore Stir-Fry ($9.50) and was totally happy with it. Rice stir-fried with bacon and green onion, with a perfectly cooked over-easy egg. My only complaint was that it was a little bit on the salty side, likely due to the stir-fry sauce combined with the bacon. But if you're okay with salty food, I would definetly recomand it! I cannot wait to go back to Tavern and try other brunch menu items because everything on the menu sounded so delicous and creative!",Uptown,Tavern,53.3,11.83,22.2,2,,Prefer not to say,Hispanic
eUD5trbjAnxVeJFVQcFP7w,Customer_3387,2015-07-05 00:35:46,⭐⭐⭐⭐⭐,"This place has a great vibe and lots of energy! Being an out towner, we were recommended the tavern by our hotel staff at Hutton hotel. The tavern is in walking distance and has a very friendly wait staff. Their food was great and the wine made our night before walking downtown to enjoy the live music on the strip. And we are back for another round the next day! :)",Uptown,Tavern,22.83,4.47,19.6,1,,,Mixed
iHQNcl5Bo8tv91dmqG8E-Q,Customer_2969,2016-05-21 03:01:29,⭐⭐⭐⭐,Food was great here! I've been here before just for drinks and wanted to come back because I had an amazing pineapple charred mule cocktail. We came back and ate this time. The only thing preventing me from giving Tavern five stars was that the service was slower than it should be and it wasn't an insanely busy night. Our waitress was not the most attentive.,Uptown,Tavern,41.45,9.7,23.4,4,26-35,Non-binary,Other
Yi9ZgTeO6Q51f4Kh_e70-Q,Customer_6091,2018-04-07 15:28:13,⭐⭐⭐⭐⭐,"Tavern is THE Nashville brunch spot. {starters} I have tried a good portion of the starter selections - but the buffalo cauliflower, brussels and tavern fries stand out above the rest. The mussels are also a great option for dinner or happy hour. {entrees} I'm a huge fan of benedicts, and Tavern kills it with each of their 3 options - aptly named uno, dos, and (for some reason) three. Uno is my favorite, with braised short rib and Tobasco hollandaise. It is absolutely delicious. Other great options are the Nooner - which is a bacon scramble with fried oysters and spicy sour cream - and the Singapore Stir-fry, with wok-style rice, a sunny-side-up egg, and bacon. You really can't go wrong with any of the Tavern's fantastic brunch selections, but these stand out for sure. {libations} Possibly the reason that Tavern is so popular among Nashville brunch-goers, is the 2-for-1 deal they offer during brunch all weekend. The selection is fairly standard, with mimosas, a bellini, two bloody mary renditions, and a very sweet sangria. My favorite is the blood orange mimosa, but each drink has its merits. Overall, Tavern is a wonderful place for any brunch occasion and I will continue to dine here often as long as I am in Nashville. The wait is brutal so make sure you arrive early to start off with a beverage in the sun on their outdoor waiting area. Enjoy!",Uptown,Tavern,72.1,17.77,24.7,1,36-45,Male,Caucasian
1L6BIUf532tCKoF4FZODDQ,Customer_3690,2014-04-22 02:07:26,⭐⭐⭐⭐⭐,,Uptown,Tavern,87.11,15.13,17.4,1,26-35,Male,Caucasian
GW57CusYWiaPlFtd4V55qQ,Customer_7400,2015-10-12 00:22:56,⭐⭐⭐,Hmmmmm it's decent. Not sure about the 'rave' reviews to be honest. The prices kind of turned me off. They have a brunch item of Kaya Toast which is to out it bluntly ridiculously overpriced. I can get a jar of Kaya from the Asian market for 1/10the price of the dish. Not impressed.,Uptown,Tavern,68.72,24.05,35.0,2,18-25,Male,Hispanic
kgnwwMBg1O0Y9Ty951_Lig,Customer_7343,2017-12-16 15:29:13,⭐⭐⭐⭐,,Uptown,Tavern,58.98,13.2,22.4,2,18-25,Male,Asian
POfEzJaN4RLwxPlkWV4rfw,Customer_6486,2012-08-19 23:30:24,⭐⭐⭐⭐,,Uptown,Tavern,42.71,6.33,14.8,2,,Male,Caucasian
fUK6gdpPTE44NUa2kpVXMA,Customer_7147,2016-10-15 18:51:28,⭐⭐⭐,,Uptown,Tavern,49.74,10.47,21.0,2,56-65,Non-binary,Hispanic
to3Ti9YB_OpNG3TX2Ux6xw,Customer_6265,2014-03-17 16:30:24,⭐⭐⭐⭐⭐,"Burger was amazing.  So juicy, cooked to perfection - ordered it medium rare, and it was!  Fries was delicious as well.  thank you!",Uptown,Tavern,30.97,5.64,18.2,6,46-55,Female,Asian
FYok0kc1LXUEcOXAIS6lnw,Customer_8263,2015-10-25 18:02:13,⭐⭐⭐⭐,,Uptown,Tavern,37.76,2.61,6.9,2,65+,Female,Caucasian
_bk1_B7DVeOygrUqAEW5ng,Customer_4612,2015-10-18 21:58:29,⭐⭐⭐⭐⭐,,Uptown,Tavern,78.97,19.21,24.3,3,36-45,Male,
u1wLsg-BqrPBsyo75_w57A,Customer_7401,2015-05-15 23:29:04,⭐⭐⭐⭐⭐,"Had a wonderful dinner at the tavern I had the chicken skewers, they we're delicious, wish they had more veggies in them however. But still they were great! My girlfriend got the Mahi sandwich and said it was perfectly blackened a Cajun tater that paired well with a creamy cucumber garnish, it was all really delicious! I got the house made cocktail ""Amerboire"".  So good I got 2!! Natalie was our server and she was so helpful and great! Made us feel right at home in Nashville! Can't wait  to come back",Uptown,Tavern,28.68,3.54,12.3,1,65+,Prefer not to say,African American
vSbBX6vSSB0ozgmfkfO3Hg,Customer_7744,2018-02-02 00:41:35,⭐⭐⭐⭐,,Uptown,Tavern,38.31,7.1,18.5,3,56-65,Female,Mixed
y0QbAUXI7TYgqkNcqP4wXQ,Customer_9062,2016-05-08 17:45:49,⭐⭐⭐⭐⭐,great amosphere and wonderful food! highly recommend but expect a long wait. well worth it though.,Uptown,Tavern,18.47,1.26,6.8,1,,Prefer not to say,Other
F69sWS_z1OVNltCenrBSow,Customer_3637,2014-11-30 02:40:26,⭐⭐⭐⭐,,Uptown,Tavern,74.04,15.29,20.6,2,56-65,Male,Native American
MHkuq7PaK-xUYlYNDuwqDA,Customer_9741,2018-03-06 03:45:51,⭐⭐⭐⭐,Tavern is a great place to grab a late night bite. The menu has a lot of variety. I really enjoy the kale salad and all their fries. The s'mores dessert is also really fun and unique! Definitely worth checking out if you're in midtown Nashville.,Uptown,Tavern,80.91,13.46,16.6,4,26-35,Female,Asian
tW-rXzNfiK8yhm1BrfsYfg,Customer_6863,2011-03-26 18:55:07,⭐⭐⭐⭐,"Went to Tavern for the first time last night after hearing many of my friends rave about it. Got there at 6 p.m. for a friend's birthday gathering and it was not crowded then. We had a big group and the staff was accommodating about our taking two of the big booths in the bar and spilling out in the aisle. The wine list is very modest but I found something that worked. Service was good. Now, I gotta say, the server didn't seem like she loves her job - she didn't look all that happy about serving us, but she was timely and checked back often, so who am I to complain? I didn't order food myself, but grazed off my friends' appetizers. The nachos with 'angry chicken' were really, really good. I've never met a nacho I didn't like, but these rank in the top two or three I've ever had. I was suspicious about the guacamole - who puts goat cheese and pistachios in guac? Why gild the lily? But once I picked off the nuts and cheese, the guac was also superlative: had a really nice garlicky kick. There wasn't a whole lot on the menu that didn't look appealing, so I am looking forward to going back soon and having a real meal. On the whole, I like it a lot better than its sister, Whiskey Kitchen.",Uptown,Tavern,52.57,5.31,10.1,2,26-35,Female,Mixed
sdC3uA0KMPDtY20nkpcBOA,Customer_7575,2014-05-26 23:04:47,⭐⭐⭐⭐⭐,,Uptown,Tavern,59.3,12.69,21.4,1,56-65,Male,
qbmgggvL5Wn7e_zE8Jpvrw,Customer_3691,2015-10-25 02:58:33,⭐⭐⭐⭐⭐,"Evan the doorman was as friendly as his beard is burly. Jenna the hostess got us a table wiki wiki even though the place was packed. Amy our server professed her love for us because we ordered 8 items at once and handed her the menus back. Specialty cocktails were fantastic and the fish tacos were off the charts delicious. Well done, Tavern. Well done.",Uptown,Tavern,40.46,9.67,23.9,2,18-25,,African American
elqRpX9T3YwL07uLNtN3Bg,Customer_4898,2015-02-02 04:29:13,⭐⭐,"I at least have to give this restaurant two stars due to the decent food. But while on a dinner meeting and after spending $100 on entrées and appetizers, I had to flag down the assistant cook, (the guy in bright red baggy pants watching TV), to see if I could get more avocado for my tuna entrée. He made it very apparent and direct that he could not help me with that situation and I would have to flag down my waitress so she could bill me for the four dollar avocado.",Uptown,Tavern,29.01,5.37,18.5,4,65+,Non-binary,African American
AujPDhPrIDBIbO7lcHkQnQ,Customer_6651,2018-09-25 20:39:34,⭐⭐,Truly not worth the wait. I've tried a couple dishes and nothing has been great- wouldn't really recommend. Almost everything I have tried has either been too dry or too salty. The ambiance is nice but it's pretty slow. The only good food item is their fries.,Uptown,Tavern,23.8,4.68,19.7,2,26-35,Female,
OM7GeVeySv-MB1zH8YIq4A,Customer_5861,2011-06-30 15:41:36,⭐⭐⭐,"Gonna bust out a cliche and say Tavern is a lot of style without much sustenance. Not a horrid place, mind you. Just not a place I'd actually choose to hang. Silly me, I forgot my LBD to hang out on a patio on a random Wednesday night across the street from a gruesome looking construction site (not their fault). Seriously - even though Tavern is going for a manly man scene there were hordes of cute ladies dressed to the nines (obvs not *this* cute lady) sitting amongst the concrete, dark wood and large chains (!?!?) decor. 

Huh, now that I think about it I guess hordes of pretty ladies do draw men, so ignore that last statement ;D

I personally, didn't eat anything but the food looked alright. I'm not joking when I say there was a $9 bologna sammie on the menu. The catfish and the salmon are also the same cool $15. I was with a larger group that ordered a variety of food. The fish taco was literally a huge fish stick on a tortilla. Weird. Okay, fine I am paying for the honor to look hip. I get it, but I'll stick to your 2-4-1 Wednesday night drink specials. 

I had the 'Tavern Collins' ($7.50) - once again even the drink was style without sustenance. It was very pretty - served with an old school lemon twist, but it was sorely lacking booze. Half priced = half the alcohol maybe? 

Our server was pretty much 3 star as well, she seemed to have a hustle (it was 2-4-1 night after all) and claimed to have a perfect memory, but tell that to my boys who were quite annoyed at forgotten beer orders. I'll let it slide, my service was good enough and she did seem wicked busy!

Either way - if one of my friends recommended we go to Tavern I'd be alright with it, I'll just remember my LBD and stick to a beer special next time!",Uptown,Tavern,79.96,15.58,19.5,1,56-65,Male,African American
RUKt-2f0UDKAyhaQubp5NQ,Customer_6292,2017-12-31 03:44:17,⭐⭐⭐⭐,,Uptown,Tavern,47.21,7.1,15.0,4,,Prefer not to say,Native American
1ZKlc5k-elXZP-t6wGxNRA,Customer_2548,2015-10-11 05:26:05,⭐⭐⭐⭐⭐,Great atmosphere. Amazing burgers. The heart of Nashville in food. Would definitely come again and recommend to friends visiting Nashville.,Uptown,Tavern,25.23,2.86,11.3,3,36-45,Male,Asian
dbJ4zDy3M05kDwx1LOw_Kg,Customer_2664,2013-03-26 00:11:53,⭐⭐⭐⭐,"Stopped in at lunch for THE Tavern Burger.  While it is the only burger on the menu, they provide many options for it.  While I didn't personally order it, a coworker got a cooked egg on it,  You can get it also with Grilled Onions or Bacon.

The burger is pretty sizable and also includes Belgian fries. I'm not sure exactly what they do to Begian-ize them, butt he were quite good.

We arrived at just a bit after 11 AM so it wasn't very busy yet. Parking could certainly be an issue though.

15 dollars for a burger might also be a bit pricier that a regular Joe or Jane is willing to pay, and it would be hard to argue.  It was however, quite delicious and filling.

I'm not sure what the dinner time crowd looks like, but at least for THE Burger I would be back.",Uptown,Tavern,65.38,16.34,25.0,3,56-65,Male,African American
eX9N0rLvcfgrOo34hvDQRQ,Customer_9186,2014-02-12 21:35:12,⭐⭐⭐⭐,,Uptown,Tavern,68.59,16.34,23.8,2,26-35,Female,Hispanic
OFnAM__m0v2aR_VLfqvPfg,Customer_9785,2015-07-07 21:51:24,⭐⭐⭐,"We went for lunch today. Service was too slow for anyone on a lunch break (it took nearly an hour). There wasn't a lunch menu, so we paid dinner prices for dinner portions. I saw a little section of ""fast plates"". I forget what it was called, but none of those items really jumped out at me. We ordered fish tacos, beef tacos with Korean BBQ and fries. It was all good. This might be a better place for dinner.",Uptown,Tavern,29.14,4.75,16.3,1,18-25,Female,Native American
IYPW6D-FXZeFM0Ri9hoLtw,Customer_3811,2018-01-01 19:25:58,⭐⭐⭐⭐⭐,"Great brunch and cocktails! The Nooner, Roasted Peppers and Squash, and Blueberry Waffles were great. Very good Bloody Mary, red sangria, and signature craft cocktails.",Uptown,Tavern,68.83,13.83,20.1,6,36-45,Prefer not to say,
K2cec8tvhCGCCrAHqF_aSA,Customer_4795,2017-02-13 20:46:42,⭐⭐⭐⭐,"This is an awesome place to come for a boozy brunch and a good time! It is a very lively atmosphere with a lot of TVs so also a great place to watch sports while grabbing a few drinks and some delish food. 

I would highly recommend the chorizo biscuits and gravy - there is a cheesy goodness to this dish that will cure any hangover and leave you with a happy tummy. They also have a great mix of cocktails and beer that makes for great day drinking!",Uptown,Tavern,25.37,5.16,20.3,1,56-65,Female,Hispanic
c1Qc9UTyo9RUbFzciaDpkQ,Customer_3903,2013-01-03 19:02:51,⭐⭐⭐⭐⭐,,Uptown,Tavern,52.89,12.92,24.4,3,36-45,Prefer not to say,Caucasian
xddfrSVXSiSuJd_phMlXSA,Customer_8366,2014-12-22 19:41:26,⭐⭐,"Overpriced.  

That's the best way to describe it.  Everything was FINE.  Just fine.  But when our bar tab is $60 for a few drinks, and I felt like I needed to go over the menu about 8 times to find something exciting to try (I landed on the burger), I felt let down.  

All of the reviews of this place made me want to come visit.  I think these must all be Vandy kids or tourists who don't know where the better quality places are with better prices.  

I just felt, well... so meh about the whole thing.  

Again, everything was fine, decent, even.  But by the time to pay the bill came, my husband and I thought of at LEAST 5 or 6 different places we could have gone for BETTER drinks with CHEAPER prices and a much better menu.  

Obviously, this is probably for the hip crowd.  So, if you're hip, go for it.  If you were once hip, and you know better... be prepared to be underwhelmed.",Uptown,Tavern,64.09,0.0,0.0,4,46-55,,Other
cmj6O_RNSfB12stpPjzrlw,Customer_2949,2012-12-04 16:30:57,⭐⭐⭐⭐,"Good drinks, good food and a great atmosphere! What more could you want? The drink menu is very extensive, good selection of scotch and cocktails. The food was very impressive as well. I tried the sweet potato fries with jalapeno mayo after seeing it suggested so much and I must say they delivered! This is a great place to hang out with friends and pass some time. Give it a try!",Uptown,Tavern,73.42,11.52,15.7,3,65+,Male,Other
ZLJZGHB9bXDXdnIhEN7jgg,Customer_9134,2013-10-15 19:45:03,⭐⭐,,Uptown,Tavern,65.69,12.48,19.0,1,46-55,,African American
bVgotkqrJEinltwv__icwA,Customer_1253,2013-08-18 09:32:48,⭐⭐⭐⭐,,Uptown,Tavern,43.22,5.2,12.0,3,18-25,Prefer not to say,African American
_6cr_2c6GbAT7p9xvHnLtQ,Customer_3956,2015-10-17 02:49:14,⭐⭐⭐⭐⭐,"Meet by a great hostess at the door, Jenna. Her smile was amazing! Drinks at the bar were rather good.  They actually have a loco moco! BOOM!",Uptown,Tavern,51.91,7.96,15.3,2,36-45,Non-binary,African American
nRMQ3IWh__Vn_aV864ws2w,Customer_6997,2011-03-28 17:18:11,⭐⭐⭐⭐⭐,"I have seen various reviews on Tavern.  Some very negative.  Others slightly positive.  Most complimented the food but nothing spectacular. 

So, this past Friday night a few friends and I got together for dinner and I wanted to try some place new.  I put out a list of 3 new places (new to me anyway) I'd like to try - based upon the Menu.  I listed Red Pony in Franklin, Burger Up and Tavern.  I sent my friends links to the restaurants and ultimately we agreed that Tavern would be the place.  

We arrived at 7:30 and ended up having to wait an hour for a table and they don't take reservations.  That was fine.  We figured about anywhere we went on a Friday night at this point we would encounter a wait of similar length.  So, we waited and ordered a couple cocktails while we waited.  

This is probably the biggest downside of the restaurant.  They don't have a place for you to really wait.  The bar was jam packed and there was no seating up front.  There was seating outside on the patio - but no one was out there because it was raining and cold.  So, we stood inside near the door for an hour.  

When we were finally seated the server asked us if we needed any more drinks and if we wanted any appetizers.

We decided to go with the 'Bazooka"" Guacamole Appetizer.  I pretty much hate Guacamole and never order it anywhere.  I've tried it several times many different places.  Never liked it.  But, this was supposed to be 'different' with some goat cheese and other stuff in it as well.  The presentation of the appetizer was very cool.  They bring it out in a 2-3"" deep round cake pan lined with parchment or wax paper - I don't really remember.  Inside there is a glass jar with one of those hinged glass lids on top and its filled with this guacamole concoction.  They have a few chips out on the pan, however, there is also a small, brown paper bag with the logo of 'Tavern' on it - and it is filled with chips.  We took the small server spoon and each took a dollop of the guacamole and put it on a chip.  Wow!  Absolutely incredible.  I don't know if it qualifies as guacamole or not (I'm sure some purists would say it doesn't) - but whatever it is or whatever you want to call it - it was incredible.  I couldn't get enough.  We were scraping the bottom of the jar trying to get every last ounce of this wonderful, tasty spread.

Moving onto dinner two of us go the Tavern Burger.  This burger is made with Prime Rib and Filet.  2 excellent cuts of meat - ground up and made into a burger.  I had mine with White Cheddar and bacon and was incredible!  Everything was good.  The meat, the bacon, the cheese - even the bun was tasty.  My friend had his plain and loved it as well.  Both burgers were served with fries.  He had the regular fries - I had mine tossed in Parmesan and garlic.  Either way they were good.  Apparently they serve them several different ways.

Another friend got the 'Mama Sans Fried Chicken'.  He was blown away by how much food he got.  He also was surprised at how well the chicken went with the cold noodles he was served as the side.  He said the cold noodles were a good juxtaposition against the hot chicken. 

My other friend got the ""Salad of Little Gems"".  It looked a bit small to me but he claimed to really enjoy it.  As far as salads go it did look great.

The food was all served rather quickly but the pacing of the meal was on point.  The appetizer was served and finished well ahead of the meal making its way from the kitchen.  Too often I feel rushed and sometimes the appetizers and entree arrive within second of each other.  Sometimes even together!  I think the pacing of the meal was excellent.  Also, our server was great and our glasses were never empty.  She made sure we always had plenty to drink.

4 Cocktails, 4 entree's, 1 appetizer = $94 bucks after tax and everything.  So, around 20 bucks a person for a night out.  

So, to review:

Long wait - no place to really sit.  They DO take your phone number and will call you when your table is ready so you can make your way back to the restaurant.

Service was excellent.  Drinks were never empty.  Pacing of meal was great from the appetizer to the main course.

Price was fine.  We could have eaten for less if we didn't get cocktails, appetizers AND the main course.  If we'd just had water and our meal - we would have spent a lot less.  The cocktails were pricy - but pretty stout.  They didn't skimp on the alcohol for sure.

I think it was wonderful and we are already planning our next trip!  I think you should too.",Uptown,Tavern,32.45,6.52,20.1,2,36-45,,
1DH1JZ--V1LOoMDE_OK8ww,Customer_5340,2017-09-10 18:39:19,⭐⭐⭐⭐⭐,,Uptown,Tavern,33.71,3.98,11.8,2,26-35,Male,African American
_mszOYlLvQN8_xsk7D7r0w,Customer_6363,2017-09-10 13:58:13,⭐⭐⭐⭐⭐,"This place was AMAZING! I found it on yelp and saw the reviews, knew my dad and I had to check it out. We immediately got a killer spot at the bar and was greeted by the nicest bartender we've come across in Nashville this far. I had some white wine and my dad had beer on tap. We split (demolished) the nachos- I highly recommend adding chicken!! I could have ordered everything else on the menu but the nachos were super filling. Very hip place, highly recommend",Uptown,Tavern,63.08,14.06,22.3,4,46-55,,Caucasian
L25HtdKcDrv9_qv0WNvF6g,Customer_5399,2018-07-08 18:29:39,⭐⭐⭐⭐⭐,I came here for my birthday brunch and was pleasantly surprised! Our server was wonderful and she talked a lot with us and made the experience even better! Every single dish ordered from our table was delicious! Definitely one of he best brunch places in Nashville!,Uptown,Tavern,104.1,16.1,15.5,2,56-65,,Native American
2WzD_io0SaFWKZYOuveLqA,Customer_1264,2016-06-23 02:56:16,⭐⭐⭐⭐⭐,,Uptown,Tavern,17.76,0.0,0.0,8,18-25,Non-binary,Caucasian
HE-3yMTdwlrXxcw-JJXgRw,Customer_4765,2018-03-18 22:14:11,⭐⭐⭐⭐,,Uptown,Tavern,26.88,3.44,12.8,2,56-65,Prefer not to say,Native American
OFnAM__m0v2aR_VLfqvPfg,Customer_6533,2015-07-07 21:51:24,⭐⭐⭐,"We went for lunch today. Service was too slow for anyone on a lunch break (it took nearly an hour). There wasn't a lunch menu, so we paid dinner prices for dinner portions. I saw a little section of ""fast plates"". I forget what it was called, but none of those items really jumped out at me. We ordered fish tacos, beef tacos with Korean BBQ and fries. It was all good. This might be a better place for dinner.",Uptown,Tavern,20.39,4.09,20.1,5,56-65,,Hispanic
_lO9NaG1VJlgjwzvESaT8g,Customer_8403,2017-07-19 01:43:49,⭐⭐,"Food tastes good but not worth the price. Drinks are overpriced as well. $11.50 for a small Moscow mule with stolii vodka. I got the grilled cheese and the grilled chicken skewers. Both tasted fine but nothing to write home about. The chicken came with rice but everything was very plain, nothing that would warrant the price I paid. My tab totaled $61 after tip for grilled cheese, chicken skewers, a beer, and a Moscow mule. For this reason I would not go back.",Uptown,Tavern,57.7,9.54,16.5,1,56-65,Prefer not to say,Caucasian
ve34O0LAyheEh4Txtq5VYQ,Customer_6848,2013-10-31 16:35:09,⭐⭐⭐⭐,"Went to Tavern for brunch on Saturday morning and fell in love! We got there a few minutes before 10, when they open, and were seated right away. This is definitely the way to do it, because 30 minutes later, there was already a long wait. I ordered the Singapore Stir-Fry ($9.50) and was totally happy with it. Rice stir-fried with bacon and green onion, with a perfectly cooked over-easy egg. My only complaint was that it was a little bit on the salty side, likely due to the stir-fry sauce combined with the bacon. But if you're okay with salty food, I would definitely recommend it! I cannot wait to go back to Tavern and try other brunch menu items because everything on the menu sounded so delicious and creative!",Uptown,Tavern,63.55,0.0,0.0,2,56-65,Prefer not to say,
VqICh9JO97h5NTs8W5wjzQ,Customer_1429,2014-07-28 01:49:33,⭐⭐⭐⭐,"Service was ok, but the food was excellent. Nothing against our sweet server, but she was alone on a 20 person table - really? I completely blame that one on management! Buffalo cauliflower was awesome and the chicken skewers were so so good! Everyone had a wonderful time! Ambiance was so fun!",Uptown,Tavern,51.39,17.99,35.0,6,36-45,Prefer not to say,Hispanic
CEfJjrdINSCEzAVHh1iqEw,Customer_2040,2016-10-16 20:32:54,⭐⭐⭐⭐⭐,,Uptown,Tavern,62.52,11.04,17.7,3,65+,Prefer not to say,
G_hGOr7cjzHnwHHKPEvtcA,Customer_9879,2013-04-13 05:19:34,⭐⭐⭐⭐,"Tavern was in walking distance from our hotel, and we had read it was a good place to watch a game, so we were there! I really liked the feel of this place. It was really modern and even the waitstaff complements the look with their matching grey v-necks. We were famished after a long day and got down on so many dishes! 

-grilled artichokes. promised with a ""comeback sauce"" which we got to help my friend push ahead past her hangover, it didn't really do that.
-lamb tacos and pork tacos. the lamb tacos were great but nothing could compare to the pork tacos. I have never been more sad to see the end of a taco.
-salad of little gems. hello? little gems describing anything? I'm in! It was a great, little refreshment from my all-meat diet, with cranberries and fresh mozzerella.
-chicken and waffle. The fried chicken was great, but the cheddar and jalepeno waffle was almost too overpowering with the sweey syrup.
-loco moco. too much meat but the rice and egg were just what my friend needed to get back on the drinking horse so props for that!

The drink list was also amazing here, great whiskey cocktails and they make a mean martini as well! I also liked the mix of people here. It was the perfect Friday night crowd. Prices were pretty reasonable, unless, of course, you are posted up watching Michigan beat Kansas in overtime, then the bill might be a bit higher to taste victory ;)",Uptown,Tavern,28.3,4.26,15.0,2,56-65,,Other
zd8u_QhxNXBoggQ6Mrz_ag,Customer_3521,2016-05-07 20:29:16,⭐⭐⭐⭐,Good stuff for brunch if you are drinking. Recommend getting there early as it was packed when we got there around 11 and there was a ton of people waiting when we left.,Uptown,Tavern,41.17,5.53,13.4,4,26-35,Non-binary,Asian
to3Ti9YB_OpNG3TX2Ux6xw,Customer_9718,2014-03-17 16:30:24,⭐⭐⭐⭐⭐,"Burger was amazing.  So juicy, cooked to perfection - ordered it medium rare, and it was!  Fries was delicious as well.  thank you!",Uptown,Tavern,25.4,5.26,20.7,1,56-65,Male,Other
JiJnjB3HdoltyMMi2klndQ,Customer_4890,2015-10-21 14:28:20,⭐⭐⭐,Chose Tavern because I wanted to catch a baseball game on their TVs while eating.  The wait for a table of four was an hour on a Saturday night.  Food was fine but nothing to jump up and down about.  Waitress recommended the Tavern burger...it was ok.,Uptown,Tavern,35.26,8.24,23.4,3,65+,Non-binary,Caucasian
OT-156nGBziJ5NNrA-YA4w,Customer_7392,2015-05-27 22:26:15,⭐⭐⭐⭐⭐,"Delicious food in a fun setting.  Great helpful and friendly service.  Two levels of seating near the bar.  We had awesome buffalo cauliflower, egg rolls with philly cheese steak and amazing kale salad.  highly recommend the Tavern.",Uptown,Tavern,120.67,24.23,20.1,3,56-65,Non-binary,
wexd5fgI5W9-_lt31053Vw,Customer_9876,2014-04-28 12:50:43,⭐⭐⭐⭐,"Dark wood, open warm space and welcoming servic. It seems the owners of Tavern have their hand on the pulse of the Vandy area. The patio cushioned banquet seating perfect for people watching. The patio is open and inviting, the interior is spacious and bustling. I had wine, chicken tacos and Yukon truffle chips. I must say the chips were my favorite, perfect for trying all the sauces on the table. They were warm and crispy. The tacos were a bit tough and chewy. I will defiantly be back to conquer that burger! Chow!",Uptown,Tavern,22.48,4.91,21.8,1,65+,Non-binary,Mixed
NLVQbI5tUFqnFNz5ghSUjg,Customer_4213,2015-08-20 12:32:09,⭐⭐⭐⭐⭐,Service and food was excellant!! Personal favorite is the beef short rib tacos washed down with a gluten-free beer.,Uptown,Tavern,73.18,12.77,17.4,3,,,Native American
07_1NYdAGlQrTW9vQZ4EgQ,Customer_5411,2013-04-17 05:02:53,⭐⭐⭐⭐,"Went today with a group for brunch. We had no complaints. Great-cucumber Bloody Mary, coffee, lobster gumbo, grilled artichoke, white trash hash and service. The decor was tasteful and semi modern. I definitely felt like we left Nashville for a couple hours which was great! Will definitely be back!",Uptown,Tavern,57.81,7.87,13.6,3,,Female,Asian
Xx8RFcIhXCuIYItAUBrrkg,Customer_2689,2018-08-27 01:01:33,⭐⭐⭐⭐,Came here during a recent trip to Nashville. Came here a couple years ago for brunch which was amazing but a super long wait so beware. Didn't realize when I picked this place this time that they also do a 2 for 1 drink special from 2-10pm on Wednesday nights. This is a great deal but makes the night a lot busier. I was with an older group of people so they personally didn't like how much noise was going on in the restaurant. In terms of food I do feel like it's a little overpriced for what you get. But I will say the mahi-mahi tacos were tasty. I would definitely come back on future trips to Nashville. And if they take reservations I will do that instead.,Uptown,Tavern,26.08,5.73,22.0,4,26-35,Non-binary,Hispanic
_bk1_B7DVeOygrUqAEW5ng,Customer_4057,2015-10-18 21:58:29,⭐⭐⭐⭐⭐,"Delicious brunch, fabulous service! The buy one get one brunch drinks were a plus! It started getting crowded at 11am, so I suggest getting there when they open at 10am!",Uptown,Tavern,50.15,8.27,16.5,5,36-45,Prefer not to say,African American
8Lpm7yJ4lBZr_kXZMaCZuQ,Customer_6625,2011-04-24 14:08:27,⭐⭐⭐⭐,,Uptown,Tavern,96.39,10.76,11.2,2,56-65,Female,Other
y0QbAUXI7TYgqkNcqP4wXQ,Customer_4631,2016-05-08 17:45:49,⭐⭐⭐⭐⭐,,Uptown,Tavern,18.1,2.72,15.0,4,26-35,Non-binary,Mixed
NUgiGdT9H6-r_kj1hsMtuQ,Customer_9265,2014-01-18 17:38:20,⭐,"Went on a friend's birthday for a birthday dinner and had a very bad experience. A very long wait despite having reservations, and then it took forever just to get a drink from the bar. The food was very, very disappointing--I ordered the lettuce wraps and left hungry. We split a few appetizers, including the crudite/hummus plate--I was just shocked at how overpriced it all was. This is definitely for the yuppie set that doesn't mind spending $ on mediocre food.",Uptown,Tavern,48.07,8.38,17.4,3,65+,Prefer not to say,Mixed
c1Qc9UTyo9RUbFzciaDpkQ,Customer_9022,2013-01-03 19:02:51,⭐⭐⭐⭐⭐,"I love Tavern. They have exceptional cocktails, killer food, and an ambiance that can't be beat! I foresee many a dollar of mine being spent here....

It gets VERY busy, and on Sunday when I stopped in with a friend it was no exception. Luckily, there were two seats at the bar, so we snagged them and sat down. After drooling over another customer's plate of mussels, I decided I had to get them. White wine with bacon, leeks, and a piece of ""dippy"" bread? Um score. My friend had the chicken chimichanga, and it was cheesy but still full of flavor and amazing! 

But let's talk cocktails, something that really gets my engine running and Tavern hit the mark.

The red sangria was pre-mixed and topped off with some bubbly. It was a good sangria, but not over the top good. However, my balsamic martini with stoli, strawberry puree, and a splash of balsamic syrup?? Creative and delicious! I will be ordering the drink again and again! The bellini sparkle was not in a tiny champagne flute, it was in a tumbler and was refreshing. My friend couldn't stop ordering the cucumber, apple, and elderflower cocktail. Be warned, it is very strong! 

I was worried our service would be poor because they only had 2 bartenders for the entire bar, but it wasn't. They were attentive and sure to check up on us and get our orders in. They also have some incredible outdoor seating areas, and enjoying a cocktail on a nice day here is heaven. 

Thanks for the good times Tavern, I can't wait to see you again!",Uptown,Tavern,42.8,7.58,17.7,2,46-55,,Mixed
HMMVw9xXON6f42jL3mW2vw,Customer_8991,2016-05-19 15:33:05,⭐⭐⭐⭐⭐,"this place was so awesome. we went on sunday so the drinks were 2 for the price of one. they have a great little sitting area outside where you can sit and wait for your table to be ready. I had the Blood & Smoke, im not a huge fan of bloody marys usually but this was amazing. the food was also great, and came out fairly quick after ordering. they also had a DJ playing a variety of music the whole time and I really enjoyed that.  I definitely will visit this place again.",Uptown,Tavern,50.56,10.92,21.6,3,36-45,Non-binary,Asian
iHQNcl5Bo8tv91dmqG8E-Q,Customer_2965,2016-05-21 03:01:29,⭐⭐⭐⭐,Food was great here! I've been here before just for drinks and wanted to come back because I had an amazing pineapple charred mule cocktail. We came back and ate this time. The only thing preventing me from giving Tavern five stars was that the service was slower than it should be and it wasn't an insanely busy night. Our waitress was not the most attentive.,Uptown,Tavern,69.62,9.17,13.2,1,56-65,,Hispanic
gDzaKzwYqrEN-6PcvF_Eeg,Customer_2854,2018-04-04 00:25:01,⭐⭐⭐⭐⭐,,Uptown,Tavern,92.91,37.16,40.0,1,46-55,Female,Caucasian
CEfJjrdINSCEzAVHh1iqEw,Customer_6465,2016-10-16 20:32:54,⭐⭐⭐⭐⭐,"Great place to grab drinks with friends! The waitresses were super friendly. Go on Thursday nights for the best drink specials. One con is that the food isn't that great, but this place is fabulous for drinks.",Uptown,Tavern,22.06,3.38,15.3,3,36-45,Male,Hispanic
elqRpX9T3YwL07uLNtN3Bg,Customer_4443,2015-02-02 04:29:13,⭐⭐,,Uptown,Tavern,62.45,16.33,26.1,1,18-25,Non-binary,Native American
no9ZhPLnxlhx6GKk3s5AHA,Customer_6370,2015-12-22 21:37:23,⭐⭐⭐⭐⭐,"I could eat the blue cheese fondue on almost anything. I bet liver would taste good in that fondue. Fortunately I had some really good buffalo cauliflower to go along with and I hasten to say it was a top 5 all time appetizer ever.People rave about the fries and they were good but not the best I have had. The Tavern burger on the other-hand may be the best burger I have ever had. Made from ground rib-eye and filet makes me believe God made the burger lol The lobster sliders were really good but 22 bucks not that good. The mushroom soup had to be made by Angels it was amazing. Its a little pricey but you definitely get what you pay for, for the most part. As a whole it may be the best lunch ever. I give very few 5 stars on average and this was well earned. The place is nice and cozy and the staff were great. It was a religious experience involving food.",Uptown,Tavern,20.14,4.42,22.0,8,26-35,Female,Mixed
T3h-qsLvgw6-snTIya8Omw,Customer_9593,2017-02-19 18:55:09,⭐⭐⭐⭐⭐,"You'll defintely have a wait for brunch but grab a drink and buckle in cause it's worth it. Everyone at the table loved what they ordered. We started with the buffalo cauliflower and got the pretzel pancakes, nooner, blueberry waffle and the red velvet waffle and damn if we didn't clean our plates. Also if you don't get the white trash hash you'll regret it for years to come. Service was great and our drinks were perfect.",Uptown,Tavern,33.83,4.93,14.6,3,,Prefer not to say,
NUgiGdT9H6-r_kj1hsMtuQ,Customer_1750,2014-01-18 17:38:20,⭐,,Uptown,Tavern,29.52,7.46,25.3,1,56-65,Non-binary,African American
7XFuiaM0hVmdnlhJfV2gHA,Customer_2787,2016-07-25 13:51:42,⭐⭐⭐⭐⭐,"My 8 friends and I came here during our visit to Nashville because of good reviews we heard from friends who visited - they did not disappoint.  Tavern was a great brunch spot and they were able to accommodate our large group fairly easily.  The service was awesome, relaxed and friendly staff all around.  The food was phenomenal - We split almost every app on the menu, all very good.  I had the special taco scramble and it was one of the best egg dishes I've had in a while.  The ""white trash hash"" that came with it was delicious and a twist on the classic hashbrowns.  All in all I would come back here and would recommend to anyone visiting.",Uptown,Tavern,45.32,7.01,15.5,1,,Male,Caucasian
eUD5trbjAnxVeJFVQcFP7w,Customer_3905,2015-07-05 00:35:46,⭐⭐⭐⭐⭐,,Uptown,Tavern,29.43,6.49,22.0,2,56-65,,Hispanic
1ToRn-wblsRCTJj3rIFxHg,Customer_1985,2013-10-04 22:56:26,⭐⭐⭐⭐,"Very nice place for a white collar after work drink and dinner. I was in town for a football game and looking for a bit of a different atmosphere, but this is a nice spot that I would frequent otherwise. They have a nice whiskey selection at the bar too.",Uptown,Tavern,33.6,5.62,16.7,8,,Female,
89tIlGxzZ4q6l0Qb51lXdw,Customer_4850,2012-10-13 16:39:17,⭐⭐⭐⭐⭐,"Great food!  The menu is full of interesting, and unique items.  I tried the smoked salmon eggs benedict, and it was phenomenal.  The interior is very well decorated, and the servers were helpful and prompt.  Though it was a little on the expensive side, it was well worth the cost for such a great experience.",Uptown,Tavern,32.3,3.91,12.1,2,56-65,,Mixed
qaUWafjUY5EhoLHZCEvZ2g,Customer_6421,2012-04-03 02:30:04,⭐⭐⭐⭐,My vegan friend had the kale salad and loved it. I had one of the taco options -- pretty good too. Wine list was short but reasonably priced. Service was friendly. Better than many of the other options near campus.,Uptown,Tavern,111.82,18.23,16.3,1,,Prefer not to say,Other
Bml_ulSBROQKCHNBatqPHw,Customer_9297,2013-10-25 15:56:18,⭐⭐⭐⭐⭐,"Tavern is a great brunch place with a good vibe.  I love the sangeria because they top it off with Cava, sortof a sparkling sangeria...refreshing.  I like sitting at the bar because there can be a bit of a wait depending on when you get there.  And in my experience you always get better service at the bar.   
Parking can be hard around midtown so I would valet,  its free, just tip the poor guy!",Uptown,Tavern,41.29,7.86,19.0,5,,Prefer not to say,
IYPW6D-FXZeFM0Ri9hoLtw,Customer_3264,2018-01-01 19:25:58,⭐⭐⭐⭐⭐,"Great brunch and cocktails! The Nooner, Roasted Peppers and Squash, and Blueberry Waffles were great. Very good Bloody Mary, red sangria, and signature craft cocktails.",Uptown,Tavern,27.51,6.64,24.1,2,36-45,,Mixed
iHQNcl5Bo8tv91dmqG8E-Q,Customer_5581,2016-05-21 03:01:29,⭐⭐⭐⭐,,Uptown,Tavern,44.74,10.34,23.1,2,36-45,,Other
w_ZtMqhy58U9uB3jT8ieig,Customer_6199,2012-06-30 04:30:47,⭐⭐⭐⭐,,Uptown,Tavern,71.24,17.68,24.8,1,,,Native American
bI1cuNWVGabUUF-n0Kb3pw,Customer_2944,2015-05-30 03:18:24,⭐⭐⭐⭐⭐,The girls and I always go to Tavern for Sunday night dinners. Our favorite waitress Sarah Michelle delivers the best service. She knows our drinks and never steers us wrong on what to try to eat next. The buffalo cauliflower is so yummy but nothing compares to the S'mores for dessert.,Uptown,Tavern,22.58,9.03,40.0,2,46-55,Non-binary,Caucasian
OM7GeVeySv-MB1zH8YIq4A,Customer_1645,2011-06-30 15:41:36,⭐⭐⭐,"Gonna bust out a cliche and say Tavern is a lot of style without much sustenance. Not a horrid place, mind you. Just not a place I'd actually choose to hang. Silly me, I forgot my LBD to hang out on a patio on a random Wednesday night across the street from a gruesome looking construction site (not their fault). Seriously - even though Tavern is going for a manly man scene there were hordes of cute ladies dressed to the nines (obvs not *this* cute lady) sitting amongst the concrete, dark wood and large chains (!?!?) decor. 

Huh, now that I think about it I guess hordes of pretty ladies do draw men, so ignore that last statement ;D

I personally, didn't eat anything but the food looked alright. I'm not joking when I say there was a $9 bologna sammie on the menu. The catfish and the salmon are also the same cool $15. I was with a larger group that ordered a variety of food. The fish taco was literally a huge fish stick on a tortilla. Weird. Okay, fine I am paying for the honor to look hip. I get it, but I'll stick to your 2-4-1 Wednesday night drink specials. 

I had the 'Tavern Collins' ($7.50) - once again even the drink was style without sustenance. It was very pretty - served with an old school lemon twist, but it was sorely lacking booze. Half priced = half the alcohol maybe? 

Our server was pretty much 3 star as well, she seemed to have a hustle (it was 2-4-1 night after all) and claimed to have a perfect memory, but tell that to my boys who were quite annoyed at forgotten beer orders. I'll let it slide, my service was good enough and she did seem wicked busy!

Either way - if one of my friends recommended we go to Tavern I'd be alright with it, I'll just remember my LBD and stick to a beer special next time!",Uptown,Tavern,48.33,8.72,18.1,2,,Non-binary,Mixed
LtkOv5ZJcK2WP3ZikfAt-w,Customer_4802,2013-03-20 20:41:47,⭐⭐⭐⭐,"Best place within walking distance from my hotel.  It's a pretty modern and happening place, with a cool feel to it.

I really was looking for a good salad, and was pleasantly surprised with my Junk Salad (romaine, salami, shrimp, olives, pepperoncini, hearts of palm, grape tomato, cucumber, blue cheese, champagne dijon vinaigrette).  This was a super tasty salad.

I came back 4 days later and had the burger and sweet potato ships.  Burger was pretty good, and my only complaint was that the chips were a little on the salty side.  Brush some of the salt off and it was good.",Uptown,Tavern,39.17,9.58,24.5,4,26-35,Female,Hispanic
APoR2wmmIoDDRicB_VINqw,Customer_6199,2013-04-14 04:21:22,⭐⭐⭐⭐,,Uptown,Tavern,71.51,13.69,19.1,2,18-25,Non-binary,Mixed
W-1KsTFiqHEz5DdsnFEbiQ,Customer_7974,2015-01-06 02:19:19,⭐⭐⭐⭐,"Great food, great atmosphere.  I had the mac and cheese, which was a special and it wasn't on the menu, but it was AMAZING.  I also highly recommend the egg rolls.  Not your normal egg rolls.",Uptown,Tavern,101.92,25.03,24.6,2,26-35,Male,Native American
ZLJZGHB9bXDXdnIhEN7jgg,Customer_9598,2013-10-15 19:45:03,⭐⭐,"Came in for lunch while in Nashville in business. The waitress sold me on their Bloody Mary, so I ordered that and the lettuce wraps. The bloody was ridiculously watered down. It tasted watered down and looked like the glass was about 85% water/ice. When I commented on the look and taste, the waitress proceeded to tell me that if it looked watered down, there was probably extra vodka in it, which I couldn't taste because it was ""infused"" which cuts down on the vodka taste. What a load of BS. It was one of the most disappointing bloodies I've had. I should have sent it back, but she was adamant that I was wrong. Lettuce wraps had a nice spicy kick, which I liked, but it failed to redeem the dry, canned-tasting chicken. Very. Under-impressed.",Uptown,Tavern,31.19,4.57,14.7,3,46-55,,
kzs8LjBjfiBV9aW09tr-Ew,Customer_4638,2014-02-11 23:16:39,⭐⭐⭐,I visited tavern for lunch looking to try their burger.  I had been told they have one of the best burgers in Nashville.  I thought it was a pretty good burger but I can think of several burgers better in a 5 mile radius.  I will say as a dining venue it is top notch.  Staff was excellent and the layout is very cool.  The menu has several unique items that might bring me back to try like the fried chicken skins...    A tip would be you will probably need to valet since parking is scarce in the area,Uptown,Tavern,46.55,3.68,7.9,2,65+,Prefer not to say,Native American
T3h-qsLvgw6-snTIya8Omw,Customer_3747,2017-02-19 18:55:09,⭐⭐⭐⭐⭐,"You'll definetly have a wait for brunch but grab a drink and buckle in cause it's worth it. Everyone at the table loved what they ordered. We started with the buffalo cauliflower and got the pretzel pancakes, nooner, blueberry waffle and the red velvet waffle and damn if we didn't clean our plates. Also if you don't get the white trash hash you'll regret it for years to come. Service was great and our drinks were perfect.",Uptown,Tavern,39.4,13.79,35.0,4,26-35,Male,Asian
kAIukFS_Y89PbmQ7Qh-FTw,Customer_3832,2016-09-30 23:50:10,⭐⭐⭐⭐,,Uptown,Tavern,75.56,13.81,18.3,2,,Male,African American
x7W6fUbjTpch1oaTACYQbQ,Customer_4279,2014-04-25 18:57:29,⭐⭐⭐⭐⭐,Food was great. Sweet potato chips were amazing. Great vibe too. Seating indoors or out and a huge variety of menu options.,Uptown,Tavern,38.55,6.48,16.8,2,,Male,Native American
xddfrSVXSiSuJd_phMlXSA,Customer_1132,2014-12-22 19:41:26,⭐⭐,"Overpriced. That's the best way to describe it. Everything was FINE. Just fine. But when our bar tab is $60 for a few drinks, and I felt like I needed to go over the menu about 8 times to find something exciting to try (I landed on the burger), I felt let down. All of the reviews of this place made me want to come visit. I think these must all be Vandy kids or tourists who don't know where the better quality places are with better prices. I just felt, well... so meh about the whole thing. Again, everything was fine, decent, even. But by the time to pay the bill came, my husband and I thought of at LEAST 5 or 6 different places we could have gone for BETTER drinks with CHEAPER prices and a much better menu. Obviously, this is probably for the hip crowd. So, if you're hip, go for it. If you were once hip, and you know better... be prepared to be underwhelmed.",Uptown,Tavern,45.2,7.11,15.7,3,56-65,Female,Other
NUgiGdT9H6-r_kj1hsMtuQ,Customer_9724,2014-01-18 17:38:20,⭐,"Went on a friend's birthday for a birthday dinner and had a very bad experience. A very long wait despite having reservations, and then it took forever just to get a drink from the bar. The food was very, very disappointing--I ordered the lettuce wraps and left hungry. We split a few appetizers, including the crudite/hummus plate--I was just shocked at how overpriced it all was. This is definately for the yuppie set that doesn't mind spending $ on mediocre food.",Uptown,Tavern,106.67,22.78,21.4,3,46-55,Prefer not to say,Hispanic
6lN8DOJi5bzbpUgI8EOF8A,Customer_3960,2018-07-09 06:59:59,⭐⭐⭐,"Looks, from the street, like it would be good, but it was just okay. Our waitress pretty much forgot about us the entire time we were there. Not sure what that was all about. We tried practicing mindfulness to make the time pass while we were waiting for her to come back out and take our order. My nachos were disappointing--basically felt like a slice of cheese was melted over chips with globs of black beans. The kale salad was a warm mound of wilted kale mixed with parm cheese. My son liked his burger, so that was good.",Uptown,Tavern,33.8,4.96,14.7,3,46-55,Prefer not to say,Mixed
lHmOJX1TWJeH8_0Sp2h24g,Customer_5352,2011-07-01 00:47:41,⭐⭐⭐,"I've been to Tavern three times, and each time this ""happy hour"" (quotes due to the fact that actual happy hour is only on Wednesdays) location was chosen by or because of guy friends. Why do men love this place?? Maybe it's the industrial concrete or the weird chains on the wall? 

Anyway, the food really is good - I recommend the nachos, guac or lobster hushpuppies, just don't be shocked when you get your pricey check at the end of the night. The drinks are only reasonably priced if you go on 2-4-1 Wednesday - unless you follow the lead of the d-bag at our table last night and walk out on your check. 

If you're going with a large group make sure you get there early since they don't take reservations or let you call ahead. They also charge a $15 cake fee if you bring a dessert on a special occasion, even though they have no desserts on the menu. 

It's not a bad place - it's in a good location, has good food and a cool vibe, I just prefer something a little cheaper and more low key.
If you share my preference for a midtown happy hour, allow me to suggest Brewhouse or Corner Pub instead.",Uptown,Tavern,31.19,5.14,16.5,2,46-55,Female,Caucasian
-o9WEr96OJrpRBglM9LTAg,Customer_9371,2016-12-05 20:34:23,⭐⭐⭐⭐,"I finally got to come and experience brunch here! Which is easier said than done. I've attempted to come before and the wait was around 1.5-2 hours. 
On Sunday we came around 1115 for a 45 minute wait which wasn't bad for a group of 5. 
It's two for ones for Sunday brunch and I tried the sangria and the blood orange mimosa. I preferred the sangria hands down!
For food I ordered the huevos rancheros which was pretty good. My gf ordered the Singapore stiryfry and the white trash hash and I liked her stir fry a lot!
I will be back for sure because I keep hearing how good the tavern burger is and I won't make the mistake of not ordering it next time! 
Awesome atmosphere with a brunch of tvs. Can be a little loud though.",Uptown,Tavern,82.03,16.35,19.9,2,,Prefer not to say,Other
xddfrSVXSiSuJd_phMlXSA,Customer_4950,2014-12-22 19:41:26,⭐⭐,,Uptown,Tavern,68.41,7.36,10.8,3,46-55,Male,African American
rEp28myVdzrisZxCjrFwTA,Customer_2981,2011-07-11 17:44:12,⭐⭐⭐⭐⭐,,Uptown,Tavern,43.69,3.46,7.9,3,26-35,Male,
1DH1JZ--V1LOoMDE_OK8ww,Customer_4559,2017-09-10 18:39:19,⭐⭐⭐⭐⭐,"The 45 minute wait was well worth it, especially since you have drinks while you wait! The staff here at Tavern were super attentive and really helpful in giving suggestions on what to order. We got the maple fondue and it was incredible, you got to try a little bit of everything. The red velvet waffles were out of this world, the blueberry cornmeal waffles were a slam dunk, the Frosted Flakes crusted French toast was life changing. The sausages were great, the chicken was very spicy but overall great and the fruit was super fresh and sweet. The eggs benedict were really good but very large. All in all I would come back again in a heartbeat!! WE LOVE TAVERN BRUNCH",Uptown,Tavern,10.92,4.37,40.0,5,56-65,Female,Caucasian
cG0zukMXoMYphvr7XIG9cQ,Customer_4507,2013-10-04 01:41:32,⭐,"I usually love this place, but stopped in tonight to place a take out order, and the hostess shewed me off to the absolutely PACKED bar, to try to hail a bartender, on my own, to place an order. This is seriously how you are doing business? We walked out... Ridiculous...",Uptown,Tavern,40.2,10.03,24.9,3,26-35,Male,Other
1ToRn-wblsRCTJj3rIFxHg,Customer_2234,2013-10-04 22:56:26,⭐⭐⭐⭐,,Uptown,Tavern,40.04,12.01,30.0,2,26-35,,African American
cCNHSQG4rqISbvnfdRjVJw,Customer_9850,2017-09-22 05:54:30,⭐⭐⭐⭐,"First night in Nashville, after a long car ride, ready to get a taste of that night life!! Great place to start. Food: Started with the SHISHITO PEPPERS, def glad I did. These are perfectly charred. Cooked well, so that they are still a little crisp and not soggy. Lightly salted. Greatest part, they give a little pile of sea salt on the side, so you can season to your liking!! Be careful with these. Some of the peppers have a super spicy kick. BUFFALO CAULIFLOWER was another starter. This app was a bit too sour for me. The tanginess was pretty potent that I could not focus on any other flavors. Also, the exterior of the cauliflower was not that crispy. More on the soggier side. Not a fan. Pass on this. TURKEY BLT was a good choice. The pretzel bread was nice and chewy. Lovely choice of bread for this sammy. Wonderfully smoked turkey with crispy bacon. Comes together beautifully with the smooth gruyere cheese, and the creamy avocado aioli. Great textures and tastes that really comes together in this sammy. I got it with the Tuscan tavern fries. Nice and crunchy fries. Def try. SMORES on the tabletop. Even comes with a small campfire. Classic fix'ns for smores: graham crackers, marshmellows, and chocolate bar. In addition, some strawberries and reese's peanut butter cups. Was quite the indoor smores experience. Service: Drinks were full, food got to the table fresh and hot, server was attentive, and table was cleared away promptly. All together, I think it was a good experince. Ambiance: Very casual. Rustic and slightly romantic. Nice for a girls gathering, as well as date night. Dranks: Great selection of beers, wines, and specialty cocktails. A little something for everyone. I had wine that night, but def would like to go back and try one of their cocktails. Overall: A place that I would like to visit again. Food was good. Drinks were good. This is a place that you can go, no pressure, find something to eat, and get your drink on. Enjoy!!",Uptown,Tavern,20.05,3.38,16.9,5,56-65,Non-binary,Native American
14JPuG_IyWeP-DQGrpNdng,Customer_8586,2015-04-18 18:36:57,⭐⭐⭐⭐,Great place to watch sports and try the good food selection. Brunch is great on the weekend and have something special always. Just get ready for the line so my ght as well get a spot on the bar or wait forever.,Uptown,Tavern,54.07,9.37,17.3,2,46-55,Female,African American
DjFNqrxYXvcqPVmUQiyLog,Customer_5748,2018-02-26 22:08:11,⭐⭐⭐⭐,,Uptown,Tavern,63.97,18.41,28.8,1,18-25,,Mixed
NK-Y-Me_PssqgdrnRS7OdQ,Customer_9161,2018-06-09 20:08:21,⭐⭐⭐⭐,"The next day we had burgers at Tavern. We really enjoyed the house cheese burger, cooked medium rare just as ordered, flavor filled and juicy. The fish tacos were good, but lacking somewhat in flavor. We has a draft Blackstone Fancy Boy and a draft Muchaco. Good service also.",Uptown,Tavern,30.17,5.06,16.8,3,65+,Male,African American
JtPqmnpOpmT5CLzNITJIpA,Customer_8189,2014-10-14 01:06:23,⭐⭐,,Uptown,Tavern,94.41,15.66,16.6,2,56-65,Female,
VHq8eppUvd0LnGvgmQV1Bg,Customer_5038,2016-06-24 02:19:45,⭐⭐⭐⭐⭐,Oh wow. Yummiest! Sweet potato chips with warm blue cheese sauce. Awesome. Two for one drink special til 10 pm. Perfect. Philly cheese steak egg rolls that were to die for. Great night out. Probably too cool of a place for this old gal. I wish I was hungrier.,Uptown,Tavern,38.28,4.67,12.2,5,56-65,Prefer not to say,
fAZ3e6jOEseEBYJOn8m8zw,Customer_4510,2017-08-10 23:37:18,⭐⭐⭐⭐,,Uptown,Tavern,32.65,8.6,26.3,2,,Non-binary,African American
vY06Ye_udeTHL6rfnSZfCw,Customer_9502,2018-03-16 02:38:20,⭐⭐,"Terrible wait (unnecessary), average service, above average prices, and excruciating wait for food. Find someplace else. There's lots to choose from.",Uptown,Tavern,24.27,5.53,22.8,3,26-35,Male,Hispanic
ea73hriHkIawR9OLYQB-Zg,Customer_1889,2013-02-22 17:10:23,⭐⭐⭐⭐,"Good: The food was fantastic. We had a large group (10+) and came here for brunch (and drinks, natch). I had the eggs benedict with short ribs, and loved it. From what I can tell, the rest of the group all enjoyed their dishes as well, from the fried rice breakfast dish to the nachos to the AMAZING peanut butter pancakes. As a starter/side, do not under any circumstances pass up on the ""white trash hash"" - hasbrowns with white cheddar cheese. YUM.

Bad: The wait was ludicrous. Yes, it was a Saturday, and yes, we had a large group, but Christ Almighty. We waited at the bar (standing room only) for over two hours before being seated. Even if we had split into smaller groups, without a reservation, the wait time would've still been close to an hour and a half. Yikes.",Uptown,Tavern,57.21,7.28,12.7,2,26-35,Male,Caucasian
OQYYoKzjkdcKQoTdzO2ZZg,Customer_8628,2017-02-13 02:57:05,⭐⭐⭐,"I went to Tavern on a Saturday night and waited about 20 minutes for our table for 2, which really is pretty good! We ordered a few plates to share- egg rolls, fish tacos and Tuscan fries. The egg rolls were served with queso and salsa... for a Chinese food... that was weird. When I've had garlic Parmesan fries in the past, they're usually served with a dipping sauce of some kind,  but these were not. We were given a heaping serving of them that 2 of us couldn't finish though. The fish tacos were by far the best dish we had- HIGHLY recommend them! Our waitress was very nice, though it took her quite a few minutes to actually come over to us initially to take drink orders. Other than that she was wonderful. We each ordered a cocktail and they were strong for sure- I was just unimpressed with both. The julep was decent. The second drink was a grapefruit/lemon lime/ vodka drink that tasted like I drank straight grapefruit juice instead of a mixed drink... to be fair, the waitress did ask if I wanted it remade. The ambiance was great, and it was definitely crowded. They had a DJ playing music and it was a younger crowd.",Uptown,Tavern,71.69,15.53,21.7,3,56-65,,
TqBseui1uj8S9CyQ1J55dg,Customer_7098,2015-07-09 15:55:40,⭐⭐⭐⭐⭐,"This place is amazing! In every way! Great location, great ambiance & atmosphere. The people there, especially our bartender Sarah, were super nice and helpful. She was great! But.... the food. Oh wow the food. Best burger I've ever had ever! If they ask you if you want to upgrade your fries to he seasoned ones (for a mere 50¢) say YES YES YES. Those things are sprinkled with crack, I swear. So good. And the garlic aioli is no joke. The beer list is awesome. Lots of local options. And 2-4-1's on Wednesdays of things like Jack Daniels, other liquors, wine, and some mixed drinks (libations). great place! We'll be back every time we're in Nashville.",Uptown,Tavern,69.23,13.33,19.3,1,36-45,Female,Asian
5TH0csKR1Rarx0CXTdoFGg,Customer_1997,2017-05-03 13:52:56,⭐⭐,"I used to go to tavern pretty frequently over the past few years and was SHOCKED at the experience last night. A friend and I ordered the bazooka toast - described as ""bazooka guacamole/bread/smoked salmon/fried egg/arugula"" for a hefty $16! When we got our food we were floored... one piece of bread covered in a sort of smoked salmon spread... a far cry from the fresh slices of smoked salmon that one would expect from that description. Really disappointing, it looked and smelled like canned salmon or cat food? Really weird ...it should be described differently on the menu!",Uptown,Tavern,25.02,3.52,14.1,8,,Male,Asian
5TH0csKR1Rarx0CXTdoFGg,Customer_4871,2017-05-03 13:52:56,⭐⭐,"I used to go to tavern pretty frequently over the past few years and was SHOCKED at the experience last night. A friend and I ordered the bazooka toast - described as ""bazooka guacamole/bread/smoked salmon/fried egg/arugula"" for a hefty $16! When we got our food we were floored... one piece of bread covered in a sort of smoked salmon spread... a far cry from the fresh slices of smoked salmon that one would expect from that description. Really disappointing, it looked and smelled like canned salmon or cat food? Really weird ...it should be described differently on the menu!",Uptown,Tavern,93.9,37.56,40.0,3,18-25,,Mixed
96YWbWWyWcKY26a8CVm2yQ,Customer_3670,2015-12-06 22:18:31,⭐⭐⭐,"Burger was great. Cooked perfectly, but nothing special. Packed for brunch specials. Seem to have awesome election of cocktails and awesome bartenders. Was there for food, don't really drink. Def would go back. Atmosphere was great too.",Uptown,Tavern,31.72,12.69,40.0,2,56-65,Male,Caucasian
WeEwR5kv59drLBgdMIAWvA,Customer_3743,2017-06-30 23:32:16,⭐⭐⭐⭐,,Uptown,Tavern,30.22,4.0,13.2,2,65+,,Mixed
to3Ti9YB_OpNG3TX2Ux6xw,Customer_9378,2014-03-17 16:30:24,⭐⭐⭐⭐⭐,"Burger was amazing. So juicy, cooked to perfection - ordered it medium rare, and it was! Fries was deliciuos as well. thank you!",Uptown,Tavern,23.83,2.8,11.8,1,56-65,Female,Caucasian
Xx8RFcIhXCuIYItAUBrrkg,Customer_2354,2018-08-27 01:01:33,⭐⭐⭐⭐,Came here during a recent trip to Nashville. Came here a couple years ago for brunch which was amazing but a super long wait so beware. Didn't realize when I picked this place this time that they also do a 2 for 1 drink special from 2-10pm on Wednesday nights. This is a great deal but makes the night a lot busier. I was with an older group of people so they personally didn't like how much noise was going on in the restaurant. In terms of food I do feel like it's a little overpriced for what you get. But I will say the mahi-mahi tacos were tasty. I would definitely come back on future trips to Nashville. And if they take reservations I will do that instead.,Uptown,Tavern,72.41,14.94,20.6,1,56-65,Prefer not to say,Hispanic
gFzr7vTZX7t7kRtaKJU_KQ,Customer_3472,2015-09-10 19:52:35,⭐⭐⭐⭐⭐,"Oldie but goodie. Still my favorite place for brunch. With an extensive menu of delishous food & 2-for-1s, a table is well worth the wait. Grab a drink @ the bar or stroll around Midtown; one of their gracious hostesses will send you a text when they are ready to seat you! My go-tos: tavern nachos w/ angry chicken, sweet potato fries & kale salad.",Uptown,Tavern,55.89,8.64,15.5,3,18-25,Female,African American
i4XsL5ShtxUB_BjGxBExZw,Customer_8542,2016-09-30 23:54:44,⭐⭐⭐,"We stumbled onto this restaurant after seeing the very long line at Hattie B's. The atmosphere seemed really nice and the wait for a table much more manageable-only 10 minutes. The menu choices were appealing and we put in an order for two burgers, fries, a fish sandwich and trail salad.  Then we waited, and waited and waited some more.  Fifty minutes later our food still did not arrive with no real explanation (or apology) from our server.  The manager was pleasant and after she was alerted our food did arrive. The burgers were tasty as were the Belgian fries. The trail mix salad had too many dried cranberries for my liking making it much too sweet.  I think with a different server the experience may have been more positive, but with so many great restaurants in Nashville I won't be going back to find out.",Uptown,Tavern,47.93,7.5,15.7,2,,Female,Caucasian
jwF-5vDFksWqlzJ9aFFEJQ,Customer_2462,2018-02-24 02:22:51,⭐⭐⭐⭐⭐,"My husband and I are visiting Nashville from Chicago (go cubs). We have been to tavern once before last year and my husband fell in love with the  chickenooga drink. So in love that tavern was our first stop back in town. Well, one chickenooga into the night and there was an issue with the keg equipment making this drink unavailable. The manager soon came over with a substitute option replacing the beer. They very well could have just said ""too bad"" but went way above and beyond and made my husband content. Great food too but the service is well above the rest!",Uptown,Tavern,85.57,12.73,14.9,4,46-55,Prefer not to say,Hispanic
JiJnjB3HdoltyMMi2klndQ,Customer_2981,2015-10-21 14:28:20,⭐⭐⭐,Chose Tavern because I wanted to catch a baseball game on their TVs while eating. The wait for a table of four was an hour on a Saturday night. Food was fine but nothing to jump up and down about. Waitress recommended the Tavern burger...it was ok.,Uptown,Tavern,60.06,10.42,17.4,2,18-25,Prefer not to say,African American
InBi1x_iWGj7qdGM74FtrQ,Customer_9669,2017-12-16 22:38:40,⭐⭐⭐⭐,,Uptown,Tavern,42.97,11.08,25.8,4,26-35,Female,Asian
5TH0csKR1Rarx0CXTdoFGg,Customer_8068,2017-05-03 13:52:56,⭐⭐,"I used to go to tavern pretty frequently over the past few years and was SHOCKED at the experience last night. A friend and I ordered the bazooka toast - described as ""bazooka guacamole/bread/smoked salmon/fried egg/arugula"" for a hefty $16! When we got our food we were floored... one piece of bread covered in a sort of smoked salmon spread... a far cry from the fresh slices of smoked salmon that one would expect from that description. Really disappointing, it looked and smelled like canned salmon or cat food? Really weird ...it should be described differently on the menu!",Uptown,Tavern,33.2,6.96,21.0,4,26-35,,Caucasian
THSSMvs_0sJCVgm2NcLpHQ,Customer_5939,2016-10-02 03:12:29,⭐,"Got to the restaurant and gave the name under our reservation. They don't take reservations and don't know why open table lists them but they get that a lot. Hmm ok. Can you try to do something for us since it isn't our fault you haven't contacted open table? No, 1 hr wait. No problem, we will go next door for drinks. Get text from restaurant that let's you check status through wait for out....opentable. Hmmmm.  Come back in an hr, get seated outside even though there are plenty of spaces inside. Fine. Drink wifey ordered was the best part of the experience.

Can we order the cauliflower - no, we are out of our most popular item. Ok.

Guac appetizer - made from half an avocado and a thousand chips. $12 

Salad with ahi - 1 dimensional salad with 3 pieces of ahi. Ahi was good wish there was more of it. Salad had no diversity anything interesting $23

Chicken kabobs - supposed to be with ginger terriyaki and sesame and garlic. Only thing I could taste
was terriyaki, very heavy handed.
 
Nothing we ordered was beyond marginal...",Uptown,Tavern,35.7,7.8,21.8,6,18-25,Female,Native American
pdhzV2NxQqbFUb9GCfxZ6Q,Customer_7468,2014-05-27 00:13:47,⭐⭐⭐,"I don't get it. 4 and 5-start reviews abound, and the weekend brunch line is absurd, but I'd have to describe my experince at Tavern as ""just okay."" I went here on a Sunday morning ambigudate a month ago. We managed to get bar seating after waiting about 10 minutes, which seemed pretty good compared to the lengthy wait for a real table. The place was bustling, but we didn't have to wait too long to get in our drink orders. That said, while I love deals--and 2-for-1 mimosas and the like qualify--I wasn't bowled over. It tasted like a cheap cava and was heavy on the orange juice. I ordered a burger while my dining companion decided to go with the traditional brunch. My burger was decent but not mouthwateringly amazing, which makes it a far cry from many of the reviews claiming this to be the ""best burger in Nashville."" Similarly, despite the attempts to make the brunch fare a bit fancier, I wasn't bowled over by any of the flavors. While the prices aren't crazy expensive, they aren't cheap either. Overall I'd describe Tavern as ""fine."" I'd have no qualms about returning, but the foodie within me doesn't get the hype. Nashville, just because something is dressed up to look fancy and act fancy doesn't mean it's *actually* fancy.",Uptown,Tavern,148.54,35.53,23.9,3,26-35,Non-binary,Caucasian
VHq8eppUvd0LnGvgmQV1Bg,Customer_3205,2016-06-24 02:19:45,⭐⭐⭐⭐⭐,Oh wow. Yummiest!  Sweet potato chips with warm blue cheese sauce. Awesome. Two for one drink special til 10 pm. Perfect. Philly cheese steak egg rolls that were to die for. Great night out. Probably too cool of a place for this old gal.  I wish I was hungrier.,Uptown,Tavern,45.85,7.63,16.6,5,36-45,Prefer not to say,African American
vSbBX6vSSB0ozgmfkfO3Hg,Customer_4172,2018-02-02 00:41:35,⭐⭐⭐⭐,"So... it took me a while to write this review but my visits have been so spread out in time. Bottom line is any way I love it!!!

My favorite server is Jaclyn and even though I got nothing but good service here I would say she's a superstar. So very helpful and friendly

Food wise I don't think you can go wrong. I have been all over the menu and had all good experience. Some of my favorites are the Parmesan fries, the buffalo cauliflower and the kale salad. The lettuce wraps are perfect if your not super hungry or just looking for something healthier, the black bean falafel is so yummy and their chimichanga is even better than Chuy's! 

The only bad thing is you can't book a table and it's usually a long wait in line, which I just hate.... bartenders are super hood working both the seated and people waiting behind so you can always get a drink at watch TV while waiting for your table. 
Watch out for the Saturday and Sunday brunches if you don't like a crowd, I love it though. The energy and the 2 for 1 mimosas, selected wines and spirits are a perfect start for your weekend morning. 

This is the perfect neighborhood restaurant that is neat, clean, romantic if you like or cool and full of sports if that",Uptown,Tavern,74.46,15.33,20.6,1,36-45,Non-binary,Other
0BDU3JP1pp6kK_nKyJvfVg,Customer_2081,2014-11-14 17:05:22,⭐⭐⭐⭐,,Uptown,Tavern,16.28,4.65,28.6,2,65+,Male,Asian
Ec9Y9N0kzw4FevC1pR8BEA,Customer_6656,2018-08-25 12:24:25,⭐⭐⭐,,Uptown,Tavern,50.0,7.78,15.6,2,65+,,
0BDU3JP1pp6kK_nKyJvfVg,Customer_2592,2014-11-14 17:05:22,⭐⭐⭐⭐,,Uptown,Tavern,43.06,11.17,25.9,1,46-55,Male,African American
VqICh9JO97h5NTs8W5wjzQ,Customer_6882,2014-07-28 01:49:33,⭐⭐⭐⭐,"Service was ok, but the food was excellent.  Nothing against our sweet server, but she was alone on a 20 person table - really? I completely blame that one on management! 

Buffalo cauliflower was awesome and the chicken skewers were so so good!  Everyone had a wonderful time! 

Ambiance was so fun!",Uptown,Tavern,26.67,5.43,20.4,4,56-65,Non-binary,Other
Ec9Y9N0kzw4FevC1pR8BEA,Customer_4473,2018-08-25 12:24:25,⭐⭐⭐,"Food was average and did take a bit to come out Service was good.
Great local beer selection.  Had Chimichanga and burger and fries both were average but not outstanding. Great space/ bar.",Uptown,Tavern,26.17,5.18,19.8,6,36-45,Male,African American
50WMEVZvre_J9sEA9Xj2uQ,Customer_1881,2018-06-10 22:40:13,⭐⭐⭐⭐⭐,From service to taste this restaurant had it all. Their mahi sandwich was cooked and seasoned perfectly. Their drink selection was vast and test,Uptown,Tavern,30.3,5.51,18.2,3,36-45,,African American
_6cr_2c6GbAT7p9xvHnLtQ,Customer_5553,2015-10-17 02:49:14,⭐⭐⭐⭐⭐,"Meet by a great hostess at the door, Jenna. Her smile was amazing! Drinks at the bar were rather good.  They actually have a loco moco! BOOM!",Uptown,Tavern,66.08,9.83,14.9,4,56-65,,Caucasian
L25HtdKcDrv9_qv0WNvF6g,Customer_2398,2018-07-08 18:29:39,⭐⭐⭐⭐⭐,I came here for my birthday brunch and was pleasantly surprised! Our server was wonderful and she talked a lot with us and made the experience even better! Every single dish ordered from our table was delicious! Definitely one of he best brunch places in Nashville!,Uptown,Tavern,45.04,9.04,20.1,2,,,Caucasian
pA3QdqQdKoTpg4sgH6q-mg,Customer_9700,2017-05-27 14:13:29,⭐,"We came here because of all the great yelp reviews, I can't believe this is 4-stars.. Good beer selection, good atmosphere, and decent service. The food, however, was bla.. We really wanted to try the fried chicken skins, they came out very hard and very stuck together. The sauce had good flavor but the skins came in a clump that we could hardly break apart. Our food came out about 4 minutes into our attempt to chisel the skins apart. Kaya toast was weird and really lacked anything to bring the dish together. After scraping off the sauce it was basically Texas toast and an egg. The 2 sets of tacos we ordered were both overcooked and VERY dry. Come here for drinks, skip the food!",Uptown,Tavern,34.11,6.79,19.9,2,18-25,Non-binary,Mixed
fJWUhhqbqbEdnLaKpKoOZg,Customer_1124,2018-03-05 21:20:43,⭐⭐⭐,"Went here for a Saturday morning brunch and it wasn't that bad! 

Cons: the wait is crazy long (over an hour), the lighting is a bit dark, the music and atmosphere is crazy loud so prepare to scream your conversations, the drinks (specifically the mimosa) wasn't that strong and the food was good but average.

Pros: It's a nice trendy spot with fun music that you'll want to sing along to (especially after drinks). The staff was very attentive and friendly! And the prices aren't that bad (for downtown).

All in all it was a nice experience, but don't think I'll be in a hurry to go back.",Uptown,Tavern,29.15,5.39,18.5,2,65+,Non-binary,Caucasian
-o9WEr96OJrpRBglM9LTAg,Customer_7644,2016-12-05 20:34:23,⭐⭐⭐⭐,I finally got to come and experience brunch here! Which is easier said than done. I've attempted to come before and the wait was around 1.5-2 hours. On Sunday we came around 1115 for a 45 minute wait which wasn't bad for a group of 5. It's two for ones for Sunday brunch and I tried the sangria and the blood orange mimosa. I preferred the sangria hands down! For food I ordered the huevos rancheros which was pretty good. My gf ordered the Singapore stiryfry and the white trash hash and I liked her stir fry a lot! I will be back for sure because I keep hearing how good the tavern burger is and I won't make the mistake of not ordering it next time! Awesome atmosphere with a brunch of tvs. Can be a little loud though.,Uptown,Tavern,60.28,24.11,40.0,1,,Prefer not to say,Mixed
cmj6O_RNSfB12stpPjzrlw,Customer_2063,2012-12-04 16:30:57,⭐⭐⭐⭐,"Good drinks, good food and a great atmosphere! What more could you want? The drink menu is very extensive, good selection of scotch and cocktails. The food was very impressive as well. I tried the sweet potato fries with jalapeno mayo after seeing it suggested so much and I must say they delivered! This is a great place to hang out with friends and pass some time. Give it a try!",Uptown,Tavern,37.4,5.73,15.3,3,56-65,Non-binary,Mixed
4HJRzQemA9xT715cltgJtQ,Customer_5032,2012-09-14 20:15:35,⭐⭐⭐,"The simply-named Tavern offers up some mighty simple comfort food pleasures (White Trash hash, anyone?) and elevated junk food game bites. 

That said, I'm not sure this is quite the weekend brunch place for me, due to the TVs providing all of the background noise. I'm not a fan of big TVs blaring games -- to me, this is the worst kind of ambiance. BUT... for those of you seeking a place to watch local sports and cheer on with a crowd, Tavern is the spot for you, especially if your tastes are a bit more high brow than your typical nachos. I mean, they have nachos, but Tavern's come with pistachio and goat cheese. Nice! 

I'd easily return on a non game day (or even to sit on the shaded side patio) for more of that White Trash Hash. Think tater tot casserole. I mean, really. Goodbye hangover. The egg white omelet I had was kinda blah, as the tomatoes made it seem extra watery.The ""Wicked"" Bloody Mary was hardly wicked, more like gentle, despite the vodka being infused with pickled things that you'd hope for on your glass. They don't automatically garnish the way you'd think. Or at least the way a New Orleanian would think. I mean... just a lime? Nu uh. Our very lovely server came out with some olives for us, which was nice. But a Bloody without beaucoup d' garnish is a naked Mary, indeed.

Extra props for three bottles of hot sauces on the table, marked X, XX and XXX. Go for the orangey habanero, as it's the tastiest of the bunch (it might be the XX). Don't be fooled by the warnings. They are there for the bland American palate.",Uptown,Tavern,52.15,12.48,23.9,2,,Male,African American
OQYYoKzjkdcKQoTdzO2ZZg,Customer_5114,2017-02-13 02:57:05,⭐⭐⭐,,Uptown,Tavern,33.5,3.9,11.7,3,18-25,Male,Caucasian
75H1aBmdeTCy6TYUKHhg4g,Customer_9424,2018-08-24 20:33:25,⭐⭐,"PSA: Just go for the 2 for 1 drink special at brunch and white trash hash.  The atmosphere is trendy. Everything else is not worth the wait! We arrived at 11am on a Friday for brunch, was told the wait was 20 mins. We did not get seated until 11:50a. Food is average. I will say the nachos were good but nothing outstanding. The biscuits came out cold. A ""side"" of bacon is $5 dollars and you get seriously 2 slices. Service was very very slow. Wouldn't recommend unless you have 3.5 hours or more  to kill for brunch.",Uptown,Tavern,62.87,12.14,19.3,1,26-35,Male,Other
Yi9ZgTeO6Q51f4Kh_e70-Q,Customer_9011,2018-04-07 15:28:13,⭐⭐⭐⭐⭐,"Tavern is THE Nashville brunch spot. {starters} I have tried a good portion of the starter selections - but the buffalo cauliflower, brussels and tavern fries stand out above the rest. The mussels are also a great option for dinner or happy hour. {entrees} I'm a huge fan of benedicts, and Tavern kills it with each of their 3 options - aptly named uno, dos, and (for some reason) three. Uno is my favorite, with braised short rib and Tobasco hollandaise. It is absolutely delicous. Other great options are the Nooner - which is a bacon scramble with fried oysters and spicy sour cream - and the Singapore Stir-fry, with wok-style rice, a sunny-side-up egg, and bacon. You really can't go wrong with any of the Tavern's fantastic brunch selections, but these stand out for sure. {libations} Possibly the reason that Tavern is so popular among Nashville brunch-goers, is the 2-for-1 deal they offer during brunch all weekend. The selection is fairly standard, with mimosas, a bellini, two bloody mary renditions, and a very sweet sangria. My favorite is the blood orange mimosa, but each drink has its merits. Overall, Tavern is a wonderful place for any brunch occasion and I will continue to dine here often as long as I am in Nashville. The wait is brutal so make sure you arrive early to start off with a beverage in the sun on their outdoor waiting area. Enjoy!",Uptown,Tavern,75.06,9.07,12.1,3,56-65,Male,Caucasian
L6EpvJIV4WjNQ9CK1OsU5Q,Customer_7000,2013-07-20 16:56:35,⭐⭐⭐⭐,"Tavern is great for brunch, lunch or dinner. The atmosphere is casual, yet classy, with dim lighting as well as some natural light above the bar and in the front room of the restaurant. There are TVs for watching sports as well. In the Midtown area of downtown, this M Street restaurant has a nice bar and cozy half-moon booths. There is also a street-side patio (with very uncomfortable, wrought iron circle tables that do not fit well with the permanent wood bench) and valet parking.

For brunch, the white trash hash is a must with any dish. The cheddar cheese biscuits with chorizo gravy and turkey BLT were great savory dishes, but I have heard amazing things about the red velvet waffles.

For lunch and dinner, don't go with the grilled cheese. The menu has so much more to offer, and it's not the greatest grilled cheese I've ever had. The guacamole was a small serving, but fresh and with great flavor. The sweet potato chips with blue cheese fondue is to die for! I'm not a huge blue cheese fan, but this is the best cheese dip/fondue I've ever had! The chips are served fresh and warm. The mussels are also amazing, with bacon adding a unique taste. 

As for drinks, the strawberry balsamic martini is my favorite drink (on their menu and in the world).  Its sweet, with a small kick from the balsamic. Their whiskey drinks are strong and the berry julep is a good choice.

Overall, this is a great restaurant for any occasion from a business lunch to a hungover Sunday brunch. Be aware, they do NOT take reservations, which can be very frustrating, but the wait is worth it.",Uptown,Tavern,39.66,6.34,16.0,2,26-35,,Caucasian
wOPYYm4HSA2xfsDanat8wg,Customer_2772,2015-04-03 18:06:30,⭐⭐⭐⭐⭐,,Uptown,Tavern,51.39,20.55,40.0,4,18-25,Prefer not to say,Hispanic
GW57CusYWiaPlFtd4V55qQ,Customer_8421,2015-10-12 00:22:56,⭐⭐⭐,Hmmmmm it's decent. Not sure about the 'rave' reviews to be honest. The prices kind of turned me off. They have a brunch item of Kaya Toast which is to out it bluntly ridiculously overpriced. I can get a jar of Kaya from the Asian market for 1/10the price of the dish. Not impressed.,Uptown,Tavern,45.52,9.87,21.7,6,18-25,Prefer not to say,Asian
wexd5fgI5W9-_lt31053Vw,Customer_5714,2014-04-28 12:50:43,⭐⭐⭐⭐,"Dark wood, open warm space and welcoming service.  It seems the owners of Tavern have their hand on the pulse of the Vandy area.  The patio cushioned banquet seating perfect for people watching.  The patio is open and inviting, the interior is spacious and bustling.  I had wine, chicken tacos and Yukon truffle chips.  I must say the chips were my favorite, perfect for trying all the sauces on the table.  They were warm and crispy.  The tacos were a bit tough and chewy.  I will defiantly be back to conquer that burger!  Chow!",Uptown,Tavern,14.1,3.09,21.9,4,56-65,Non-binary,
TdRsc-2rEYUY5jKSRzlVGQ,Customer_3866,2016-04-26 00:36:17,⭐,Y'all gave my Asian friend and my white friend some food poisoning from the Caesar salad. Thanks Obama.,Uptown,Tavern,8.75,1.22,13.9,2,26-35,Male,Caucasian
lHmOJX1TWJeH8_0Sp2h24g,Customer_9652,2011-07-01 00:47:41,⭐⭐⭐,"I've been to Tavern three times, and each time this ""happy hour"" (quotes due to the fact that actual happy hour is only on Wednesdays) location was chosen by or because of guy friends. Why do men love this place?? Maybe it's the industrial concrete or the weird chains on the wall? Anyway, the food really is good - I recommend the nachos, guac or lobster hushpuppies, just don't be shocked when you get your pricey check at the end of the night. The drinks are only reasonably priced if you go on 2-4-1 Wednesday - unless you follow the lead of the d-bag at our table last night and walk out on your check. If you're going with a large group make sure you get there early since they don't take reservations or let you call ahead. They also charge a $15 cake fee if you bring a dessert on a special occasion, even though they have no desserts on the menu. It's not a bad place - it's in a good location, has good food and a cool vibe, I just prefer something a little cheaper and more low key. If you share my preference for a midtown happy hour, allow me to suggest Brewhouse or Corner Pub instead.",Uptown,Tavern,51.74,10.07,19.5,2,46-55,Prefer not to say,Other
4HJRzQemA9xT715cltgJtQ,Customer_4351,2012-09-14 20:15:35,⭐⭐⭐,"The simply-named Tavern offers up some mighty simple comfort food pleasures (White Trash hash, anyone?) and elevated junk food game bites. 

That said, I'm not sure this is quite the weekend brunch place for me, due to the TVs providing all of the background noise. I'm not a fan of big TVs blaring games -- to me, this is the worst kind of ambiance. BUT... for those of you seeking a place to watch local sports and cheer on with a crowd, Tavern is the spot for you, especially if your tastes are a bit more high brow than your typical nachos. I mean, they have nachos, but Tavern's come with pistachio and goat cheese. Nice! 

I'd easily return on a non game day (or even to sit on the shaded side patio) for more of that White Trash Hash. Think tater tot casserole. I mean, really. Goodbye hangover. The egg white omelet I had was kinda blah, as the tomatoes made it seem extra watery.The ""Wicked"" Bloody Mary was hardly wicked, more like gentle, despite the vodka being infused with pickled things that you'd hope for on your glass. They don't automatically garnish the way you'd think. Or at least the way a New Orleanian would think. I mean... just a lime? Nu uh. Our very lovely server came out with some olives for us, which was nice. But a Bloody without beaucoup d' garnish is a naked Mary, indeed.

Extra props for three bottles of hot sauces on the table, marked X, XX and XXX. Go for the orangey habanero, as it's the tastiest of the bunch (it might be the XX). Don't be fooled by the warnings. They are there for the bland American palate.",Uptown,Tavern,42.78,3.22,7.5,3,18-25,Non-binary,Asian
OFnAM__m0v2aR_VLfqvPfg,Customer_4282,2015-07-07 21:51:24,⭐⭐⭐,,Uptown,Tavern,64.85,9.56,14.7,2,26-35,Prefer not to say,Native American
B7oJ823S4CSlHydsgeTdng,Customer_7449,2014-04-21 20:18:30,⭐,,Uptown,Tavern,31.19,5.13,16.5,2,26-35,Male,Mixed
Fy8WWMVQlLKrk5sBu_aR9g,Customer_3264,2013-05-11 14:43:31,⭐⭐⭐⭐,"One of the best brunch spots in town.  Get there early though because the secret was out long ago. Trying to get in on a sat/sun around 11-1 and you are probably looking at an hour plus wait. Why is it so popular? It probably has to do with the 2-4-1 cocktails, or maybe the red velvet waffles with cream cheese drizzle, or perhaps it's the signature ""white trash hash""... a delicious concoction of cheese, hash browns, and scallions rolled into an almost crispy-shelled ball of tasty delight.  They have takes on all the traditional brunch classics as well... a variety of egg/benedict themed plates, waffles, and of course biscuits.  

What I really like is that for all the heavy brunch menu items they have there is also a whole ""skinny"" section devoted entirely to those who are taking it light and counting calories. An egg white scramble, yogurt, and salads are among some of the things you will find on that menu. The brunch libations don't really pull any punches even though drinks are buy one get one free. Bloody Marys, trumped up Mimosas, and my favorite, the red berry sangria. 

My advice is to get there right when they open at 10am. There will be a few people already lined up but you won't wait.  You'll be glad you did because by the time you leave the waiting area will be packed and you'll be able to walk out happy knowing you didn't have to sit through all that mess.",Uptown,Tavern,42.49,8.21,19.3,2,46-55,Male,Caucasian
z7Q-X5Hq3dFjZY9AI7DQUw,Customer_7796,2015-10-26 04:38:30,⭐⭐,Meh. I don't see how this place got such high marks. We started off with the cauliflower buffalo bites and steak and cheese egg rolls. The cauliflower bites were kind of soggy/a little overdone. The cheese steak egg rolls were nothing to write home about either. They were served up with what tasted like a hunts ketchup dip and a cheese dip straight out of a jar. I ordered the turkey BLT and asked for an extra side of the avocado aioli. The aioli did not taste like avocado. The turkey BLT should just be called a turkey sandwich because BLTs should contain a decent amount of bacon and lettuce. My sandwich came with a sliver of bacon and even less lettuce. It was stacked with turkey but it needed way more lettuce to help freshen it up. It was served with sweet potato chips that were soaked in oil. 1/4 were edible and the rest were to drenched in oil to even think about eating. I don't know why our food took so long. For sure they weren't back there frying up fresh chips for me.,Uptown,Tavern,17.47,2.81,16.1,1,36-45,Non-binary,Caucasian
Z_3i08PB4aHIoyJL_HEfHg,Customer_2908,2017-05-02 00:56:49,⭐⭐⭐⭐⭐,,Uptown,Tavern,57.38,4.74,8.3,3,56-65,Prefer not to say,
TdRsc-2rEYUY5jKSRzlVGQ,Customer_1321,2016-04-26 00:36:17,⭐,Y'all gave my Asian friend and my white friend some food poisoning from the Caesar salad. Thanks Obama.,Uptown,Tavern,30.91,2.41,7.8,6,36-45,,Asian
IR4sVMnstCD57coNaQ3mEA,Customer_2113,2018-01-09 23:22:15,⭐⭐⭐⭐⭐,"I'm usually a chilaquiles girl, so the Huevos Rancheros sounded sort of tempting with its eggs, tortillas and salsa combination. Now, huevos rancheros in general has never really appealed to me, but Tavern had me changing my tune. I have a feeling that no other restaurant's version of this dish will impress me as much as this one, but if you are in Nashville and you are at Tavern for brunch and you don't get the Huevos Rancheros.... you're making a HUGE mistake. One of the best brunch meals of my life y'all...",Uptown,Tavern,22.4,3.24,14.5,2,56-65,Non-binary,Caucasian
50WMEVZvre_J9sEA9Xj2uQ,Customer_2077,2018-06-10 22:40:13,⭐⭐⭐⭐⭐,From service to taste this restaurant had it all. Their mahi sandwich was cooked and seasoned perfectly. Their drink selection was vast and test,Uptown,Tavern,99.28,16.59,16.7,2,26-35,Male,Native American
OyJjHoig95FCaRDg1V1l-Q,Customer_5876,2014-03-17 22:55:35,⭐⭐⭐⭐⭐,"After drinking a few glasses of 1920 (the best cocktail in Nashville if you ask me), I am the happiest girl around! I also love the menu, it's fun without being weird. I can't stop eating the Philly cheesesteak eggrolls, brown bag special, all the different fries, and the kale salad.",Uptown,Tavern,91.86,14.61,15.9,2,56-65,Prefer not to say,Other
EFEcTZKyxFLfG6R2w6UIvw,Customer_9670,2012-08-18 03:44:10,⭐⭐⭐⭐,,Uptown,Tavern,22.47,8.99,40.0,3,26-35,Male,Asian
OTyZuYfiZX7Db0kW9rz-Sg,Customer_2970,2017-03-06 17:57:03,⭐⭐⭐,"Tavern is probably one of the better brunch places in Nashville IF (and only if) you go with friends. This is not the place to go for a brunch date or to go with any person that you actually want to have a conversation with.

Both times that my wife and I have gone (once by ourselves, and the other time with some friends) the music has been extremely loud - like to the point where we have been yelling just to hear each other. Not kidding. Look, I like my music loud... and their playlist was actually on point (late 90's/early 2000's hits)... but going out to eat is a social experience. Part of sharing a meal is enjoying the company of the people you're with. Don't blast music in my face and force me to lean in just to hear what the person next to me is saying. C'mon. 

On to the food! It's GREAT. I highly recommend the Benedict Uno - a short rib benedict topped with tabasco-infused hollandaise. Wow. So much amazing flavor in every bite. I savored it right down to the end. I also recommend the maple fondue if you're with a group. It's a fun dish to share and has assorted fruits and some french toast and sausage... all to be dipped in a delicious warm maple syrup mixture. Can't go wrong. Also, don't sleep on the 2-for-1 libations. The blood orange mimosa and the red sangria are my favorites (although the last time I went, I just doubled up on the sangria... easily my favorite).

This place deserves respect for the quality of food they put out and their decent pricing (average about $12-$15 per entree). The only things that keep this from being a 4-star review are the noise level, the lack of parking (bring cash because you will need to use the valet), and the fact that you will undoubtedly have a wait. When we went with our friends, we got their 10 minutes after they opened and were told there was a 20-30 minute wait. We ended up actually waiting almost an hour. Not really a complaint, since you have to factor in a wait at popular places... but still. Just a warning - you will have a wait.

Give this place a shot if you like good food for brunch, just go in knowing that there are some pitfalls with this place.",Uptown,Tavern,52.28,10.21,19.5,2,46-55,,Native American
gQIp6dKzwQniHhb0ryTHdw,Customer_2631,2011-08-26 18:32:42,⭐⭐⭐⭐⭐,"Tavern has Nashville's best burger. I was sad when it was gone. Fantastic.

The staff is friendly, and the service is great. They even brought our group free s'mores. (That's right: They have s'mores.)

I have a new favorite Nashville restaurant.",Uptown,Tavern,39.76,5.29,13.3,5,46-55,Non-binary,Caucasian
FV1jBl_-mID3BG0ZWkc5Pw,Customer_5067,2016-02-14 15:33:54,⭐⭐⭐⭐⭐,"Amazing bloody Mary's! We went there yesterday and their ""brunch"" was between 10-3 and consisted of 2 for 1 bloody Mary's. The place was packed and had to sit outside. Would recommend they actually turn the heat lamps on when it's 35 degrees out! Get here early to get a seat! We didn't try the food but the menu looked great.",Uptown,Tavern,80.27,13.81,17.2,2,26-35,Non-binary,Other
1HGhLSTFblUVvsEajmaY6w,Customer_9444,2018-09-17 15:22:17,⭐⭐⭐⭐,"Our food was pretty. The restaurant is decorated really nice and lots of seating. We got the mussels appetizer which was amazing! I got a wedge salad and my husband got the bbq ribs tacos. I liked talking to the server Zack, he was really nice and a good server. I would go back there just for the mussels!!",Uptown,Tavern,41.05,8.78,21.4,2,56-65,Non-binary,Hispanic
78SJbrLLX0TnzZThv9H-Pw,Customer_8308,2018-05-23 12:44:02,⭐⭐⭐,,Uptown,Tavern,40.74,9.21,22.6,3,18-25,Non-binary,African American
qMoYM4m_CMrrXfnDRz9ZGw,Customer_3286,2018-05-31 01:26:53,⭐⭐⭐⭐,,Uptown,Tavern,26.61,4.29,16.1,1,46-55,Male,
Ac_GqtISPI0dQVGOxf2ejA,Customer_9856,2012-11-11 21:48:33,⭐⭐⭐⭐,,Uptown,Tavern,48.39,10.13,20.9,2,18-25,Male,Other
1C9yM6ugjgB6m_qVs7Oddw,Customer_2557,2015-05-02 03:15:02,⭐⭐⭐⭐⭐,Excellent food and srvice!!! They even put my Mets game on the big screen. Order the chicken skins for an appetizer - freaking yummy!!! Burgers were great - Service is 5 star!!! Friend had the Lobster sliders - very good!!!,Uptown,Tavern,61.35,8.56,13.9,2,56-65,Male,Asian
_lO9NaG1VJlgjwzvESaT8g,Customer_9404,2017-07-19 01:43:49,⭐⭐,"Food tastes good but not worth the price. Drinks are overpriced as well. $11.50 for a small Moscow mule with stolii vodka. 

I got the grilled cheese and the grilled chicken skewers. Both tasted fine but nothing to write home about. The chicken came with rice but everything was very plain, nothing that would warrant the price I paid. My tab totaled $61 after tip for grilled cheese, chicken skewers, a beer, and a Moscow mule. 

For this reason I would not go back.",Uptown,Tavern,35.67,8.83,24.8,2,,,
h0a6z9rNCfvJq9RZvglPHw,Customer_2834,2016-07-07 23:39:55,⭐⭐⭐⭐⭐,,Uptown,Tavern,32.45,5.52,17.0,5,46-55,Male,Native American
KGWd3WEX07THIBeotOVAVA,Customer_9326,2018-01-28 16:00:01,⭐⭐⭐⭐⭐,,Uptown,Tavern,28.95,6.9,23.8,2,,Male,Other
_lO9NaG1VJlgjwzvESaT8g,Customer_5982,2017-07-19 01:43:49,⭐⭐,,Uptown,Tavern,58.68,8.18,13.9,4,26-35,Male,
OyJjHoig95FCaRDg1V1l-Q,Customer_6833,2014-03-17 22:55:35,⭐⭐⭐⭐⭐,,Uptown,Tavern,38.99,5.92,15.2,2,65+,Female,
c1Qc9UTyo9RUbFzciaDpkQ,Customer_7124,2013-01-03 19:02:51,⭐⭐⭐⭐⭐,,Uptown,Tavern,57.19,16.98,29.7,5,18-25,,African American
Ac_GqtISPI0dQVGOxf2ejA,Customer_7861,2012-11-11 21:48:33,⭐⭐⭐⭐,"Oh, Brunch at Tavern. I'm so sad that it took me so long to visit you. I'll keep this brief: The dishes here are superbly crafted. Flavors are lovely and multifaceted, and the plating is gorgeous. My favorite dishes, though, are easy to pinpoint. First up is the Sweet Potato Chips, which arrive at your table with a curry salt and blue cheese fondue. This is a perfect start to any meal, and honestly, I could probably be happy just munching on these while sipping a few cocktails (which I'll get to in a moment). As for a main course, though: The Benedict Dos. Poached eggs, smoked salmon, and a creamy hollandaise? Delicious doesn't even begin to cover it. I will admit that I find myself rather addicted to their Blood Orange Mimosa, so I haven't actually tried anything else on the menu. However, one of my closest friends loved the Bloody Mary, and their beer selection is impressive and was mat with easy approval from our group a few weeks ago. Is it loud? Yes. Is it expensive? Sure, although most of the cocktails are two for one. But is it worth the insanely long wait? Absolutely.",Uptown,Tavern,39.99,9.56,23.9,1,46-55,Male,African American
0aPl5G1wRuvHtl29W3r7Dw,Customer_7230,2018-03-23 16:01:31,⭐⭐⭐⭐,,Uptown,Tavern,145.25,21.23,14.6,4,36-45,,Other
pAFYZxLn7I91w8Wo0UmD3A,Customer_2376,2015-04-19 19:02:01,⭐⭐⭐⭐⭐,Sunday Funday !!!! Best place to go on Sunday!!!! Excellent breakfast/brunch! If you got to watch your football/ ice hockey playoffs- any sports! This is the place!,Uptown,Tavern,55.39,22.16,40.0,2,46-55,,Native American
gDzaKzwYqrEN-6PcvF_Eeg,Customer_7938,2018-04-04 00:25:01,⭐⭐⭐⭐⭐,,Uptown,Tavern,26.67,3.69,13.9,2,56-65,Female,
HKIrimFcdewa5Dxu7E-o_g,Customer_7424,2018-02-15 17:25:39,⭐⭐,,Uptown,Tavern,43.32,4.15,9.6,2,65+,Prefer not to say,Caucasian
qoeHxf8mW1wZxAHhOsJmAw,Customer_4757,2015-11-08 20:52:20,⭐⭐⭐⭐,Go for the buffalo cauliflower! What better combination could you ask for?! The drinks also are delicious. The space is large and draws a mix after work - a great place for happy hour.,Uptown,Tavern,34.45,6.46,18.8,4,36-45,Male,Other
OT-156nGBziJ5NNrA-YA4w,Customer_9099,2015-05-27 22:26:15,⭐⭐⭐⭐⭐,"Delicious food in a fun setting.  Great helpful and friendly service.  Two levels of seating near the bar.  We had awesome buffalo cauliflower, egg rolls with philly cheese steak and amazing kale salad.  highly recommend the Tavern.",Uptown,Tavern,209.58,51.98,24.8,3,65+,Female,African American
LZ17wL4ZtBdoTfkmj9pKiQ,Customer_4672,2015-07-31 17:07:59,⭐⭐⭐⭐,"The food here is outstanding. I generally get the Tavern Burger, which is legitimately one of the best in town. The desserts are great as well; for instance, they let you make s'mores at your table. Furthermore, the beer selection is fairly robust, usually with several local breweries on tap. 

The downside here is the service. First, it's usually quite slow, even when the dining room is not too busy. It's taken over an hour to get my lunch before, and not during peak hours. However, the pace does not bother me as much as some of the staff's snooty demeanor. The hostesses in particular are generally a bit condescending, which is off-putting. The wait staff themselves are usually a bit better; you can tell they work for tips, whereas the hostesses quite clearly do not. All in all a good spot for lunch or supper, though.",Uptown,Tavern,35.88,5.57,15.5,2,46-55,Non-binary,Hispanic
B7oJ823S4CSlHydsgeTdng,Customer_8540,2014-04-21 20:18:30,⭐,,Uptown,Tavern,23.03,4.64,20.2,1,,Prefer not to say,African American
zYavfZkxEPNVcNVhouq5kA,Customer_5637,2015-07-30 00:34:18,⭐⭐⭐⭐,"Stopped by while on a business trip after reading other reviews. I had the salmon and it was really good. Only knock I have is that the portion size was really small (I thought, anyway). Also had the kale salad which was really good. I was trying to be good, but definitely had order envy when I saw the burger and fries. Give it a try! I would defintely go back!",Uptown,Tavern,60.26,12.7,21.1,2,46-55,Prefer not to say,Asian
TNgy0o_Bw8JvyEgvrSsKGg,Customer_8033,2018-08-17 11:15:11,⭐⭐⭐⭐⭐,,Uptown,Tavern,73.96,18.39,24.9,4,46-55,,Native American
KNtUqjW0kPMDzq178KadfQ,Customer_3505,2016-05-07 15:24:13,⭐⭐⭐⭐⭐,So cute! A must stop on your Nashville adventure!!! Cutest drinks and brunch spot. I got the red sangria and an egg white and fruit brunch. My friends for mimosas. We are all so happy!,Uptown,Tavern,49.03,9.78,20.0,2,18-25,Prefer not to say,African American
JiJnjB3HdoltyMMi2klndQ,Customer_4983,2015-10-21 14:28:20,⭐⭐⭐,Chose Tavern because I wanted to catch a baseball game on their TVs while eating.  The wait for a table of four was an hour on a Saturday night.  Food was fine but nothing to jump up and down about.  Waitress recommended the Tavern burger...it was ok.,Uptown,Tavern,61.74,9.65,15.6,2,46-55,Non-binary,African American
_YFRLnmfK_00lfI_j8D-bA,Customer_4637,2014-12-20 20:42:02,⭐⭐⭐⭐,"Tavern has a great brunch situation if you are looking to have drinks. 2 for 1 mimosas, bellinis, bloody Mary's and sangria make for a great start to the day. Brunch can get very packed during peak hours so you want to get there early on Saturdays and Sundays.",Uptown,Tavern,49.76,7.9,15.9,2,46-55,,Asian
zUVTUEH9IQSHoapdn4YWhg,Customer_3252,2018-05-29 02:52:35,⭐⭐⭐⭐⭐,"I got the bazooka toast, it was amazing! A little bit pricey but totally worth it. So good it inspired me to give my first yelp review :)",Uptown,Tavern,50.42,17.65,35.0,1,46-55,Female,
5U_B-wFhZiZ9SDqTglPFbQ,Customer_2461,2018-03-18 14:31:17,⭐⭐⭐⭐⭐,"We stopped here for lunch/dinner and wasn't disappointed. We was seated and served drinks promptly. Had a difficult time deciding what to order cause everything looked delicous. I ordered the brown bag meal. Which is a thick cut grilled bologna and over-easy egg sandwich with homemade potato hips, with truffle oil.",Uptown,Tavern,61.85,8.0,12.9,1,26-35,Male,Asian
yubBhUMup3st_lEG0smAOQ,Customer_3674,2011-04-28 22:07:32,⭐⭐⭐⭐,"I really must admit, I am a fan of some tavern CUISINE.

Lets start with the guacamole.... 
(which is laced with pistachios and goat cheese mind you)
i would say...TO DIE FOR.

The fish taco's are SIMPLY divine, and could quite possibly be my very favorite in all of Nashville.

the Perogies are delish and add a nice touch to the menu... ( i hale from North Eastern Pennsylvania where this particular dish is a standard and i was not disappointed) 

The Shishito Peppers are perfect....
The Salads are fresh and refreshing...

I can not wait to return and sample some more tasty delights.",Uptown,Tavern,19.36,0.0,0.0,2,65+,Prefer not to say,Hispanic
qMoYM4m_CMrrXfnDRz9ZGw,Customer_7678,2018-05-31 01:26:53,⭐⭐⭐⭐,"We waited an hour and a half to eat at this restaurant for a party of 3. We sat at the bar where they offered 2 for 1 drinks. 2 drinks for the price of 1!! What could be better? Towards the end of our hour and a half wait we began to get to hungry so we ordered some fries. They were very yummy!! Since eating the fries, by the time we got our table and ordered a meal, I wasn't very hungry. So I didn't  eat much of the omelette I ordered. So I don't have much feedback for that.",Uptown,Tavern,39.63,5.22,13.2,2,36-45,Female,Asian
i4XsL5ShtxUB_BjGxBExZw,Customer_1359,2016-09-30 23:54:44,⭐⭐⭐,"We stumbled onto this restaurant after seeing the very long line at Hattie B's. The atmosphere seemed really nice and the wait for a table much more manageable-only 10 minutes. The menu choices were appealing and we put in an order for two burgers, fries, a fish sandwich and trail salad. Then we waited, and waited and waited some more. Fifty minutes later our food still did not arrive with no real explanation (or apology) from our server. The manager was pleasant and after she was alerted our food did arrive. The burgers were tasty as were the Belgian fries. The trail mix salad had too many dried cranberries for my liking making it much too sweet. I think with a different server the expereince may have been more positive, but with so many great restaurants in Nashville I won't be going back to find out.",Uptown,Tavern,62.94,22.03,35.0,2,36-45,Non-binary,
9tGxCSt6z-ZPeJFxoc_T4A,Customer_1517,2015-12-23 16:23:07,⭐⭐⭐⭐,"I've been here twice now, and the food is always great and the servic is decent. The only reason I didn't give 5 stars is because the food takes a while to come out, even when it's not super busy. I've gotten the fish tacos (they are HUGE), burgers, fries (also huge portions), and goat cheese and pistachio guacamole. Like I said, the food is always very good, but if you're coming on a weekend, be prepared for a very long wait. It has a super hip atmosphere and you'll find a lot of twenty-somethings there.",Uptown,Tavern,60.86,6.77,11.1,2,65+,Non-binary,Native American
ehERpSrCfnmQbBplpytufQ,Customer_7587,2014-01-17 01:08:16,⭐⭐⭐⭐,"First time back to Nashville since I was in high school, and can't believe I haven't been back sooner! Here at Vanderbilt for a class, and kept passing by the Tavern on my way to campus each morning... Had an inticing, rustic, downtown Manhattan look to it. So I put it on my list of places to check out. I looked here in Yelp, and saw it had great reviews. 

I came in for dinner tonight, and immediately noticed the reclaimed wood door, wrought iron, and alternative rock playing. I knew it would be a great place. I sat at the bar, as I was here by myself, and immediately got a menu and was offered a drink. I had the 1920, which was a little stout, but better than weak, am I right? I ordered the lamb tacos, Tennessee tavern fries, and cinnamon roll bread pudding. Tacos were small, but honestly a decent portion considering how much meat was on them. They were hot out of the kitchen, and the roasted peanuts gave it great crunch. Now, the Tennessee tavern fries ... Sweet potato fries with a touch of cinnamon and sugar, with jalapeño ketchup. Shut the front door, these were to die for. Light and airy, arrived in a mini frying basket with abundant portions. The ketchup was amazing, and I definitely asked for more. The cinnamon roll bread  pudding was a muffin size portion, with vanilla ice cream, homemade whip, and caramel sauce. Great flavor, not overwhelming. 

Service was fantastic, and even met some fun people! Highly recommend this place. I'll be coming back for sure.",Uptown,Tavern,21.79,4.62,21.2,2,46-55,Prefer not to say,Hispanic
m3rZ0UhIOrYqLREDtuNOzg,Customer_3077,2015-08-31 04:54:53,⭐⭐⭐,,Uptown,Tavern,71.58,9.98,13.9,3,56-65,,Caucasian
vY06Ye_udeTHL6rfnSZfCw,Customer_1046,2018-03-16 02:38:20,⭐⭐,"Terrible wait (unnecessary), average service, above average prices, and excruciating wait for food. Find someplace else. There's lots to choose from.",Uptown,Tavern,39.23,6.04,15.4,3,46-55,,African American
E0UfPhlljIaU07QUMAcaBw,Customer_5437,2018-06-29 13:49:18,⭐⭐⭐,"Honesty hour, we went out in Nashville after 10pm. Apparently, there are limited options at that time, when it isn't the weekend. We decided to try out this place after walking to a couple of other places that were not like their descriptions. This place has a nice ambience, nice staff, and a ton of beers and ciders on tap. The prices weren't bad for the drinks or beer. Between 5-8 for the beer/cider. Around 10-12 for cocktails. Oh, and the kitchen closes at 11. Now on to the food, we got the burger and the chimichanga. We were splitting them so we went for something a little different with the chimichanga. We also got the cheesesteak egg rolls. Sounds fantastic, right? Unfortunately, the burger was the only highlight. Everything else got a HUGE FAIL! The chimichanga was super soggy. The rice and beans were ok. The cheesesteak egg rolls were just BAD! No taste at all. Now on to our drinks. We first ordered their take on a margarita. They used silver Tequila so it had a very heavy tequila taste. It was ok. He wound up with the punch. It was ok. Mind you, we were traveling all day and ate everything. So, it was edible. All and all, if you need somewhere to go late, then try it. Just stick to very regular things. The staff is nice ,so, that is worth a visit based on that alone.",Uptown,Tavern,87.3,16.2,18.6,2,,Male,Asian
nqYD4jZI4sI_wBPcI5vu5w,Customer_4026,2015-08-31 22:11:44,⭐⭐⭐⭐⭐,,Uptown,Tavern,69.06,27.62,40.0,2,46-55,Non-binary,Other
LtkOv5ZJcK2WP3ZikfAt-w,Customer_5079,2013-03-20 20:41:47,⭐⭐⭐⭐,"Best place within walking distance from my hotel.  It's a pretty modern and happening place, with a cool feel to it.

I really was looking for a good salad, and was pleasantly surprised with my Junk Salad (romaine, salami, shrimp, olives, pepperoncini, hearts of palm, grape tomato, cucumber, blue cheese, champagne dijon vinaigrette).  This was a super tasty salad.

I came back 4 days later and had the burger and sweet potato ships.  Burger was pretty good, and my only complaint was that the chips were a little on the salty side.  Brush some of the salt off and it was good.",Uptown,Tavern,55.54,12.78,23.0,3,56-65,Prefer not to say,
4HJRzQemA9xT715cltgJtQ,Customer_6117,2012-09-14 20:15:35,⭐⭐⭐,"The simply-named Tavern offers up some mighty simple comfort food pleasures (White Trash hash, anyone?) and elevated junk food game bites. 

That said, I'm not sure this is quite the weekend brunch place for me, due to the TVs providing all of the background noise. I'm not a fan of big TVs blaring games -- to me, this is the worst kind of ambiance. BUT... for those of you seeking a place to watch local sports and cheer on with a crowd, Tavern is the spot for you, especially if your tastes are a bit more high brow than your typical nachos. I mean, they have nachos, but Tavern's come with pistachio and goat cheese. Nice! 

I'd easily return on a non game day (or even to sit on the shaded side patio) for more of that White Trash Hash. Think tater tot casserole. I mean, really. Goodbye hangover. The egg white omelet I had was kinda blah, as the tomatoes made it seem extra watery.The ""Wicked"" Bloody Mary was hardly wicked, more like gentle, despite the vodka being infused with pickled things that you'd hope for on your glass. They don't automatically garnish the way you'd think. Or at least the way a New Orleanian would think. I mean... just a lime? Nu uh. Our very lovely server came out with some olives for us, which was nice. But a Bloody without beaucoup d' garnish is a naked Mary, indeed.

Extra props for three bottles of hot sauces on the table, marked X, XX and XXX. Go for the orangey habanero, as it's the tastiest of the bunch (it might be the XX). Don't be fooled by the warnings. They are there for the bland American palate.",Uptown,Tavern,103.39,20.19,19.5,4,,Male,Mixed
5TH0csKR1Rarx0CXTdoFGg,Customer_1807,2017-05-03 13:52:56,⭐⭐,"I used to go to tavern pretty frequently over the past few years and was SHOCKED at the experince last night. A friend and I ordered the bazooka toast - described as ""bazooka guacamole/bread/smoked salmon/fried egg/arugula"" for a hefty $16! When we got our food we were floored... one piece of bread covered in a sort of smoked salmon spread... a far cry from the fresh slices of smoked salmon that one would expect from that description. Really disappointing, it looked and smelled like canned salmon or cat food? Really weird ...it should be described differently on the menu!",Uptown,Tavern,25.47,5.05,19.8,4,56-65,Female,African American
r6bGzYOXNhVMAtwSoomGRQ,Customer_8827,2016-01-30 05:37:42,⭐⭐⭐⭐,"One of my favorite spots in town. Burger is amazing, good vibe, nice staff. Go-to gastro pub for sure.",Uptown,Tavern,35.96,0.0,0.0,2,65+,Prefer not to say,Caucasian
fwQV8AisKOza40TYkGQS3w,Customer_2287,2015-09-03 00:28:46,⭐⭐⭐⭐⭐,"Just stopped in for drinks. Staff was great, never felt rushed. Food passing by smelt and looked awesome. May be coming back tomorrow.",Uptown,Tavern,50.7,7.85,15.5,1,65+,Male,Asian
96YWbWWyWcKY26a8CVm2yQ,Customer_9811,2015-12-06 22:18:31,⭐⭐⭐,,Uptown,Tavern,27.2,6.39,23.5,3,56-65,Prefer not to say,Asian
L3M-tEgYRCOVb-0_NtU7bw,Customer_3060,2013-08-18 06:21:52,⭐⭐,"Well, the concept seems cool....but, not great service. The waitress forgot our drinks - we has finished our appetizer and they had not arrived, so we cancelled them. We tried to order 1 of the 3 late night dinner entrees they offered, but they were all out. Umm, bummer. We left and I don't think we will be back.",Uptown,Tavern,15.04,3.44,22.8,2,56-65,Non-binary,Mixed
YBG_ucuXZkpBqHqZNkDMuQ,Customer_8954,2016-07-16 04:47:45,⭐⭐⭐⭐,"A good place. Kind of on the loud side, but a nice place. Fried chicken skins were superior. Rest of food was good and waitress was fairly attentive and kind of tuned in. Not a place to go if you're in a hurry.",Uptown,Tavern,56.96,10.26,18.0,8,18-25,,Native American
orRnnLxzfGs9Ityz0YK-dw,Customer_5894,2015-11-09 04:53:47,⭐⭐⭐⭐,,Uptown,Tavern,83.23,13.77,16.5,3,56-65,Non-binary,African American
MHkuq7PaK-xUYlYNDuwqDA,Customer_7144,2018-03-06 03:45:51,⭐⭐⭐⭐,Tavern is a great place to grab a late night bite. The menu has a lot of variety. I really enjoy the kale salad and all their fries. The s'mores dessert is also really fun and unique! Definitely worth checking out if you're in midtown Nashville.,Uptown,Tavern,33.44,7.0,20.9,1,36-45,,Other
clSTQLuLu11UhwSPKEtToA,Customer_6355,2018-05-11 21:48:59,⭐⭐⭐⭐⭐,"Excellent service, has air conditioning which is great in the south, my favorite was the chicken chicharrón ""chicharrón"" good location in the block is the best one!",Uptown,Tavern,40.6,11.79,29.0,3,36-45,Female,Caucasian
OTyZuYfiZX7Db0kW9rz-Sg,Customer_6091,2017-03-06 17:57:03,⭐⭐⭐,,Uptown,Tavern,81.97,11.72,14.3,4,,Non-binary,
THSSMvs_0sJCVgm2NcLpHQ,Customer_6569,2016-10-02 03:12:29,⭐,,Uptown,Tavern,23.09,4.72,20.4,3,18-25,,
07_1NYdAGlQrTW9vQZ4EgQ,Customer_6054,2013-04-17 05:02:53,⭐⭐⭐⭐,,Uptown,Tavern,35.82,7.86,21.9,2,26-35,Female,Caucasian
5WeRW1JcJ21CJ0h4WV-uUg,Customer_5228,2011-10-31 21:09:42,⭐⭐⭐⭐,"One of the best burgers in Nashville, definitely the best 'upscale' burger I've found, and some really nice well-mixed drinks to go with them. The crowd gets a bit overrun with frat-types on Friday and Saturday nights, but it's a great place for a lunch or weeknight drink/dinner.",Uptown,Tavern,73.07,17.02,23.3,2,46-55,Female,African American
Qs-Fy0zfyvVsWVLqqy-iCg,Customer_6513,2012-06-26 14:19:06,⭐⭐⭐⭐,,Uptown,Tavern,49.69,8.82,17.7,1,18-25,Male,Other
2WzD_io0SaFWKZYOuveLqA,Customer_6685,2016-06-23 02:56:16,⭐⭐⭐⭐⭐,Great burgers!  Still full in the morning with a meat hangover.  Fries were excellent too.  Service was good.  Busy night but felt taken care of.  Highly recommend.,Uptown,Tavern,57.87,11.93,20.6,2,18-25,Male,Other
jwF-5vDFksWqlzJ9aFFEJQ,Customer_3966,2018-02-24 02:22:51,⭐⭐⭐⭐⭐,"My husband and I are visiting Nashville from Chicago (go cubs). We have been to tavern once before last year and my husband fell in love with the chickenooga drink. So in love that tavern was our first stop back in town. Well, one chickenooga into the night and there was an issue with the keg equipment making this drink unavailable. The manager soon came over with a substitute option replacing the beer. They very well could have just said ""too bad"" but went way above and beyond and made my husband content. Great food too but the servic is well above the rest!",Uptown,Tavern,42.21,14.77,35.0,4,46-55,Prefer not to say,
fAZ3e6jOEseEBYJOn8m8zw,Customer_6177,2017-08-10 23:37:18,⭐⭐⭐⭐,Was not too much a fan of some of the food. The Lamb was not lamb have no clue why it was. However the staff is very nice and the drinks were great.,Uptown,Tavern,38.22,8.47,22.2,1,46-55,Male,Hispanic
mvx8moqhiNUL-nxQuEYERA,Customer_5115,2012-09-14 23:35:27,⭐⭐⭐⭐,"We totally blew off all Nashville brunch recommendations just because the menu at Tavern looked so good. Risky move, bucking the suggestions of former residents and frequent visitors, but I'm happy to report it paid off handsomely. I looove the set-up of the restaurant. There's a covered/open air area, a bar area with some booths and high-top tables, then a cozy area ""upstairs"" overlooking the action so to speak. It basically has a seating location for whatever your mood. Very cool. The brunch menu was almost impossible to choose from. Our eyes went directly to the red velvet waffle with cream cheese drizzle. We're not big sweets for breakfast folks but we do love our desserts. But the inevitable was sure to occur, eat brunch and be too full - rule of thumb - order your sweets at the same time as your meal if you're determined to try something. So we did.... I opted for the benedict uno which was fantastic. Tender braised short ribs on an english muffin with perfectly cooked poached eggs and a Tabasco hollandaise. Soooo incredibly good and the hollandaise was the perfect combination of buttery and spicy. Excellent. I will say, if you don't love hollandaise you would be put off - my plate was literally swimming in sauce (arm floaties and all...) I gobbled it up but it turned my wife off from trying it (note to self, don't bath in hollandaise.) My wife opted for the The Nooner which is an omelet with bacon, fried oysters and a spicy sour cream, served with ""white trash hash"" (basically a heavily hashbrown casserole.) So back to the red velvet wafftle....we didn't finish it....I know...I know....we tried and we did a pretty good job, but we just couldn't. It was super good although almost not quite done in the middle, but tasty nonetheless. Good service, good food, great atmosphere (would love to watch a game here and snack my way through the day.) Can't wait to return!",Uptown,Tavern,28.13,6.64,23.6,4,56-65,Prefer not to say,Caucasian
NUgiGdT9H6-r_kj1hsMtuQ,Customer_9795,2014-01-18 17:38:20,⭐,"Went on a friend's birthday for a birthday dinner and had a very bad experience. A very long wait despite having reservations, and then it took forever just to get a drink from the bar. The food was very, very disappointing--I ordered the lettuce wraps and left hungry. We split a few appetizers, including the crudite/hummus plate--I was just shocked at how overpriced it all was. This is definitely for the yuppie set that doesn't mind spending $ on mediocre food.",Uptown,Tavern,31.29,1.21,3.9,4,46-55,,Other
4LJZNEPBT3QiAU0FqIU-2g,Customer_3094,2013-02-22 18:15:55,⭐⭐⭐,"I've only been to Tavern once and it was for Sunday brunch. 
My friend and I wanted somewhere close to our church (Midtown 12South) and she suggested Tavern because she said the brunch food was good. I wasn't too sure about the meal I ended up ordering...you know how you have those days where you teeter back and forth between what to order and then end up just blurting out a choice and don't really know if you're ok with what you said? Well...this one of those times, so it might have skewed my verdict. The food was good, but it wasn't my favorite. The 2for1 brunch drinks helped a bit. 

I might would go back and try some lunch food and see how that is. But for now, it's just A-ok in my book.",Uptown,Tavern,27.18,2.06,7.6,2,18-25,Female,Mixed
TNgy0o_Bw8JvyEgvrSsKGg,Customer_1223,2018-08-17 11:15:11,⭐⭐⭐⭐⭐,Everything is wonderful at The Tavern!!!!. The service is outstanding. The seafood choices are plentiful. The skillet bread is  so so good! I love the portion size..just right. The Chocolate chip cookie skillet dessert is super super delicious! We have gone on a Sunday night a few times a it's semi- quiet and it's a delightful Sunday meal.,Uptown,Tavern,56.05,19.62,35.0,4,46-55,Female,Other
MHkuq7PaK-xUYlYNDuwqDA,Customer_3688,2018-03-06 03:45:51,⭐⭐⭐⭐,,Uptown,Tavern,14.65,2.92,19.9,3,46-55,Male,African American
3YsZ4NZsrLIWs2Tp92dCUA,Customer_3697,2011-12-01 00:19:01,⭐⭐⭐⭐⭐,,Uptown,Tavern,14.83,1.98,13.4,5,56-65,Non-binary,Asian
u1wLsg-BqrPBsyo75_w57A,Customer_8843,2015-05-15 23:29:04,⭐⭐⭐⭐⭐,,Uptown,Tavern,27.84,5.8,20.8,3,46-55,Non-binary,Other
N0VzM4PsaMp9HLY2u9dBPw,Customer_9721,2014-04-21 03:51:31,⭐⭐⭐⭐⭐,,Uptown,Tavern,101.96,18.78,18.4,2,56-65,Non-binary,African American
Sw1F45atmHECRc0hc7BpRQ,Customer_4810,2017-10-14 22:52:04,⭐⭐⭐⭐,"Tavern has a nice variety of healthy options. They have a large section titled ""yolks"" which consists of the many different and funky ways you can serve an egg (we had one with salmon in an omelette and it was delicious). We also had the ""trail mix"" which consisted of bulgur, quinoa, and other healthy perks... a great way to start the morning. 2/1 brunch libations - I would recomend the Cucumber Mary.",Uptown,Tavern,38.06,2.86,7.5,1,36-45,Non-binary,Native American
KNtUqjW0kPMDzq178KadfQ,Customer_8032,2016-05-07 15:24:13,⭐⭐⭐⭐⭐,So cute! A must stop on your Nashville adventure!!! Cutest drinks and brunch spot. I got the red sangria and an egg white and fruit brunch. My friends for mimosas. We are all so happy!,Uptown,Tavern,63.32,8.62,13.6,1,65+,Non-binary,Native American
5TH0csKR1Rarx0CXTdoFGg,Customer_3386,2017-05-03 13:52:56,⭐⭐,"I used to go to tavern pretty frequently over the past few years and was SHOCKED at the experience last night. A friend and I ordered the bazooka toast - described as ""bazooka guacamole/bread/smoked salmon/fried egg/arugula"" for a hefty $16! When we got our food we were floored... one piece of bread covered in a sort of smoked salmon spread... a far cry from the fresh slices of smoked salmon that one would expect from that description. Really disappointing, it looked and smelled like canned salmon or cat food? Really weird ...it should be described differently on the menu!",Uptown,Tavern,13.52,2.92,21.6,2,,Male,Hispanic
7XFuiaM0hVmdnlhJfV2gHA,Customer_9048,2016-07-25 13:51:42,⭐⭐⭐⭐⭐,"My 8 friends and I came here during our visit to Nashville because of good reviews we heard from friends who visited - they did not disappoint. Tavern was a great brunch spot and they were able to accommodate our large group fairly easily. The service was awesome, relaxed and friendly staff all around. The food was phenomenal - We split almost every app on the menu, all very good. I had the special taco scramble and it was one of the best egg dishes I've had in a while. The ""white trash hash"" that came with it was delicious and a twist on the classic hashbrowns. All in all I would come back here and would recomand to anyone visiting.",Uptown,Tavern,213.39,30.87,14.5,2,56-65,Male,
rwTVjtPHfSAc5411N4aDHg,Customer_4379,2015-07-18 02:01:27,⭐⭐⭐⭐,"Came for brunch on Fathers Day, packed!  We were able to get a spot at the bar right away and ate there. Food was above average and the bartenders were quick and attentive.",Uptown,Tavern,58.41,5.27,9.0,2,36-45,Female,
75H1aBmdeTCy6TYUKHhg4g,Customer_3780,2018-08-24 20:33:25,⭐⭐,"PSA: Just go for the 2 for 1 drink special at brunch and white trash hash. The atmosphere is trendy. Everything else is not worth the wait! We arrived at 11am on a Friday for brunch, was told the wait was 20 mins. We did not get seated until 11:50a. Food is average. I will say the nachos were good but nothing outstanding. The biscuits came out cold. A ""side"" of bacon is $5 dollars and you get seriously 2 slices. Service was very very slow. Wouldn't recommend unless you have 3.5 hours or more to kill for brunch.",Uptown,Tavern,38.15,9.43,24.7,4,46-55,Non-binary,Caucasian
uoAV36WSfBbVY77wIxX1fw,Customer_2102,2017-04-08 16:52:58,⭐⭐⭐⭐⭐,"Food was so good! Great music, good casual or event atmosphere. Came here for a group birthday dinner. Their white sangria was amazing",Uptown,Tavern,85.91,12.31,14.3,2,46-55,Female,Caucasian
nqYD4jZI4sI_wBPcI5vu5w,Customer_4184,2015-08-31 22:11:44,⭐⭐⭐⭐⭐,"Place was awesome! Went here for my birthday & I had a large party of 12, they included gratuity with the bill. But the waitress was very nice! Good music & environment. I will definitely be coming to this place again!!!",Uptown,Tavern,41.93,7.67,18.3,3,56-65,Female,Mixed
8hBiPbwlO6aKuGhkpj_20g,Customer_9241,2017-03-18 19:34:46,⭐⭐⭐,,Uptown,Tavern,51.89,9.36,18.0,1,36-45,,Asian
ehERpSrCfnmQbBplpytufQ,Customer_2701,2014-01-17 01:08:16,⭐⭐⭐⭐,"First time back to Nashville since I was in high school, and can't believe I haven't been back sooner! Here at Vanderbilt for a class, and kept passing by the Tavern on my way to campus each morning... Had an inticing, rustic, downtown Manhattan look to it. So I put it on my list of places to check out. I looked here in Yelp, and saw it had great reviews. I came in for dinner tonight, and immediately noticed the reclaimed wood door, wrought iron, and alternative rock playing. I knew it would be a great place. I sat at the bar, as I was here by myself, and immediately got a menu and was offered a drink. I had the 1920, which was a little stout, but better than weak, am I right? I ordered the lamb tacos, Tennessee tavern fries, and cinnamon roll bread pudding. Tacos were small, but honestly a decent portion considering how much meat was on them. They were hot out of the kitchen, and the roasted peanuts gave it great crunch. Now, the Tennessee tavern fries ... Sweet potato fries with a touch of cinnamon and sugar, with jalapeño ketchup. Shut the front door, these were to die for. Light and airy, arrived in a mini frying basket with abundant portions. The ketchup was amazing, and I definately asked for more. The cinnamon roll bread pudding was a muffin size portion, with vanilla ice cream, homemade whip, and caramel sauce. Great flavor, not overwhelming. Service was fantastic, and even met some fun people! Highly recommend this place. I'll be coming back for sure.",Uptown,Tavern,39.96,8.77,21.9,6,65+,Prefer not to say,
VqICh9JO97h5NTs8W5wjzQ,Customer_6658,2014-07-28 01:49:33,⭐⭐⭐⭐,"Service was ok, but the food was excellent. Nothing against our sweet server, but she was alone on a 20 person table - really? I completely blame that one on management! Buffalo cauliflower was awesome and the chicken skewers were so so good! Everyone had a wonderful time! Ambiance was so fun!",Uptown,Tavern,48.01,16.8,35.0,2,36-45,Non-binary,Mixed
K6PCShQxniv8LuDPuEnKxQ,Customer_9711,2017-05-27 04:05:35,⭐⭐,"Drinks were strong! Guacamole and fries were excellent. Beef short rib tacos were like chewing on a tire. Mahi sandwich was overcooked and super fishy. Tried this place a few years ago, never came back but thought we would give it another shot. Probably won't be back, maybe for guacamole and fries. Our server was awesome though.",Uptown,Tavern,62.8,11.11,17.7,3,56-65,Non-binary,Hispanic
vY06Ye_udeTHL6rfnSZfCw,Customer_8378,2018-03-16 02:38:20,⭐⭐,"Terrible wait (unnecessary), average service, above average prices, and excruciating wait for food. Find someplace else. There's lots to choose from.",Uptown,Tavern,43.72,6.26,14.3,2,56-65,Male,Caucasian
BB5kBkUH3mAmItdC6N073A,Customer_6251,2015-01-06 06:13:05,⭐⭐⭐⭐,"my favorite brunch spot on nashville! 

the drinks are amazing and they have a wide range of items on the menu. my favorite brunch items are probably the benedicts and white trash hash.

my favorite items served all day are the sweet potato fries and tuscan kale salad!

the only complaint I would have is that they usually have a long wait, especially for brunch so come early and be prepared to wait! it's certainly worth it. 

other than that, the atmosphere and food are some
of the best in nashville!",Uptown,Tavern,13.08,1.26,9.6,3,56-65,Male,African American
nYVGowsSH6UM6oIuZ1x1rw,Customer_9396,2015-02-03 17:57:27,⭐⭐⭐⭐⭐,"My friend and I were visiting Nashville and found this place through a quick google search. We were staying downtown, so it was a quick and cheap cab ride away (5 minutes/$7 ride). We went on a Saturday night, so there was about an hour wait. We decided to grab a drink at the bar (no wait there) and stood around chatting/playing a charades game on our phone...which helped pass the time! The drinks were avg. $10/piece. Not cheap, but normal for this kind of restaurant. 

Once we were seated, we knew we wanted to try their french fries (we had previously scoped out the menu) and quickly ordered the sweet potato ones. She ordered the mahi sandwich and I went with the chicken tikka masala, Both were very good.

Would recommend and return!",Uptown,Tavern,26.86,4.24,15.8,2,,,Other
OM7GeVeySv-MB1zH8YIq4A,Customer_7972,2011-06-30 15:41:36,⭐⭐⭐,,Uptown,Tavern,57.52,23.01,40.0,2,56-65,Female,Caucasian
ULAWZ1osipnDpvQIaZjN2w,Customer_8884,2011-08-03 04:39:32,⭐⭐⭐,"Overall: I've only been for brunch and was happy with it soo... nice place to relax and have a little hangover cure on a Saturday or Sunday morning.

Food/Drinks: There are LOTS of brunch options. The Singapore stir fry was great, though it appeared the eggs had been sitting under a heat light for a little while. Still, it was flavorful and not something I've seen anywhere else. I was less impressed with the red velvet waffles. They were extremely dense, and pretty much just tasted like pink waffles. Not bad, just not like red velvet. Be sure to order them with a side of maple syrup, it helps with the density factor. There are a handful of 2fer drink options on the very top of the menu and while they are expensive ($10.50,) from what I've tasted, they're pretty good (and strong.) Go for the blood orange mimosa.

Service/Atmosphere: Our waitress started out being extremely attentive and knowledgeable but kind of dropped off as the meal progressed. That would be understandable if the restaurant had gotten busier but it hadn't. Anyway, she was still nice so I won't complain anymore. The restaurant is very open but seems smaller than when it was under its old name (Lime.) I do like the big open bar, though.

Price: About $40 for 2 people to eat & get a drink a piece for brunch (not including tip)",Uptown,Tavern,73.77,15.98,21.7,6,26-35,Prefer not to say,Hispanic
xe5QQ8zC45aqjUWoHshDlA,Customer_3253,2012-06-01 23:40:31,⭐⭐⭐⭐⭐,"This place is awesome!  We stumbled upon it after checking into our hotel...we wanted to walk around after being in the car for 9 hours and we were starving.  We got a table outside, it was loud, but what do you expect on a Friday night in early summer?
The food was great....I got the Nuevo Israeli bread salad and my husband got the turkey blt (with sweet potato chips (YUMMMM)--both fantastic.  
They have an extensive drink/beer list and the staff is knowledgeable about the beer they serve and didn't steer my husband wrong.  
Would recommend trying this place out if you haven't already.",Uptown,Tavern,58.9,11.29,19.2,2,26-35,Male,Hispanic
TdRsc-2rEYUY5jKSRzlVGQ,Customer_9854,2016-04-26 00:36:17,⭐,,Uptown,Tavern,70.63,20.43,28.9,3,46-55,Non-binary,African American
96YWbWWyWcKY26a8CVm2yQ,Customer_4709,2015-12-06 22:18:31,⭐⭐⭐,"Burger was great. Cooked perfectly, but nothing special. Packed for brunch specials. Seem to have awesome election of cocktails and awesome bartenders. Was there for food, don't really drink. Def would go back. Atmosphere was great too.",Uptown,Tavern,31.92,4.35,13.6,3,26-35,,Asian
OFnAM__m0v2aR_VLfqvPfg,Customer_3473,2015-07-07 21:51:24,⭐⭐⭐,"We went for lunch today. Service was too slow for anyone on a lunch break (it took nearly an hour). There wasn't a lunch menu, so we paid dinner prices for dinner portions. I saw a little section of ""fast plates"". I forget what it was called, but none of those items really jumped out at me. We ordered fish tacos, beef tacos with Korean BBQ and fries. It was all good. This might be a better place for dinner.",Uptown,Tavern,72.82,29.13,40.0,1,65+,,
zd8u_QhxNXBoggQ6Mrz_ag,Customer_3574,2016-05-07 20:29:16,⭐⭐⭐⭐,Good stuff for brunch if you are drinking. Recommend getting there early as it was packed when we got there around 11 and there was a ton of people waiting when we left.,Uptown,Tavern,95.65,38.26,40.0,3,26-35,Female,Caucasian
W-1KsTFiqHEz5DdsnFEbiQ,Customer_4474,2015-01-06 02:19:19,⭐⭐⭐⭐,,Uptown,Tavern,34.69,2.65,7.6,2,18-25,Male,Hispanic
OQYYoKzjkdcKQoTdzO2ZZg,Customer_9552,2017-02-13 02:57:05,⭐⭐⭐,"I went to Tavern on a Saturday night and waited about 20 minutes for our table for 2, which really is pretty good! We ordered a few plates to share- egg rolls, fish tacos and Tuscan fries. The egg rolls were served with queso and salsa... for a Chinese food... that was weird. When I've had garlic Parmesan fries in the past, they're usually served with a dipping sauce of some kind, but these were not. We were given a heaping serving of them that 2 of us couldn't finish though. The fish tacos were by far the best dish we had- HIGHLY recommend them! Our waitress was very nice, though it took her quite a few minutes to actually come over to us initially to take drink orders. Other than that she was wonderful. We each ordered a cocktail and they were strong for sure- I was just unimpressed with both. The julep was decent. The second drink was a grapefruit/lemon lime/ vodka drink that tasted like I drank straight grapefruit juice instead of a mixed drink... to be fair, the waitress did ask if I wanted it remade. The ambiance was great, and it was defintely crowded. They had a DJ playing music and it was a younger crowd.",Uptown,Tavern,44.51,8.97,20.1,4,46-55,Prefer not to say,Hispanic
KNtUqjW0kPMDzq178KadfQ,Customer_8878,2016-05-07 15:24:13,⭐⭐⭐⭐⭐,So cute! A must stop on your Nashville adventure!!! Cutest drinks and brunch spot. I got the red sangria and an egg white and fruit brunch. My friends for mimosas. We are all so happy!,Uptown,Tavern,68.2,13.44,19.7,1,18-25,Male,Hispanic
e9xv13-dhqgqTPBJuW1F9w,Customer_4102,2016-04-01 12:50:36,⭐⭐⭐⭐,,Uptown,Tavern,39.29,6.43,16.4,2,,Male,Native American
ixQL38jMU5o0l45m13PWSA,Customer_5740,2015-10-17 19:51:53,⭐⭐,"I had high hopes after hearing good things and reading good reviews from numerous sites. A friend and I went for brunch and while we waited 45 minutes for a table, that was expected. After being seated our waitress took our drink orders and came back about 5 minutes later with waters and another 10 with my friend's blood orange mimosa. We ordered and waited over an hour for our food. When the waitress finally checked on us I asked about the toast for my son because I knew he was hungry. She came back 10 minutes later with our meal which, to my dismay, was disappointing. I've had better food at a local diner in town and for half the price. I have no idea how long our food sat under heat lamps but my white trash hash was cold and the eggs on the  nooner I ordered were overcooked. My friend ordered the roasted peppers and squashes and said hers was good but she couldn't eat the hash. The service was pretty crummy. We had to ask for our check and then we had to ask the hostess for someone to check us out because our waitress must have forgotten about us. Overall it was a dismal experience and while I was excited to take my husband the next time we are in Nashville, I think we'll be eating elsewhere.",Uptown,Tavern,65.17,26.07,40.0,2,26-35,Male,Caucasian
hMwxC0Nfkh7Tu2rLgEgMBg,Customer_5527,2017-04-09 14:43:38,⭐⭐,,Uptown,Tavern,72.0,11.56,16.1,2,,,African American
pA3QdqQdKoTpg4sgH6q-mg,Customer_6183,2017-05-27 14:13:29,⭐,"We came here because of all the great yelp reviews, I can't believe this is 4-stars.. Good beer selection, good atmosphere, and decent service.  The food, however, was bla.. We really wanted to try the fried chicken skins, they came out very hard and very stuck together.  The sauce had good flavor but the skins came in a clump that we could hardly break apart. Our food came out about 4 minutes into our attempt to chisel the skins apart. Kaya toast was weird and really lacked anything to bring the dish together.  After scraping off the sauce it was basically Texas toast and an egg.  The 2 sets of tacos we ordered were both overcooked and VERY dry. Come here for drinks, skip the food!",Uptown,Tavern,38.06,4.3,11.3,2,,Male,Caucasian
hMwxC0Nfkh7Tu2rLgEgMBg,Customer_1276,2017-04-09 14:43:38,⭐⭐,Maybe they gave a great brunch? I had their burger for dinner it was not very good dry with little flavor. Fries were greasy. The service was nice. Valet parking.,Uptown,Tavern,48.33,9.25,19.1,2,,Prefer not to say,African American
zuCUvtipevadPrFg-qwpvg,Customer_5570,2011-02-25 03:10:36,⭐,"I thought this place was called 'Whiskey Tavern""- That is what the sign said. Its so cool they dropped the Whiskey.  hmm, okay, Tavern it is. Then I kept calling it Whiskey Kitchen because well it is just like Whiskey Kitchen. 

The dark woods, dim light bulbs and limited tables all from IKEAS dark collection, snooty staff, high drink prices and 6 tables on reserved at 5:30 on a Saturday seems a bit weird for a ""tavern"" 

I went here with a few friends. We just wanted to grab a drink. Even though there were not seats at the bar I proceeded to tell the security-ish hostess we'd just stand and drink our drinks. Seemed like a strange concept to her. We wedged our way in there and was asked if we were waiting for a table. We weren't. The bartender was shocked we were just getting 'drinks'. You won't find a food review here. 

We ordered our drinks and she held her hand out waiting to pay out. No problem. After paying immediately after ordering, we had to drink the drinks.  Lots of huffin and puffin and stink eyes that we were just going to stand there and drink! 

If you like to be 'seen', enjoy bars with chains on the wall, in this room where Tom Edison light bulbs meets LA-tude this is your jam.",Uptown,Tavern,44.54,17.82,40.0,1,56-65,Prefer not to say,
mc9ziBiR_U7TZ7Mfbumi8g,Customer_6429,2015-12-06 17:27:31,⭐⭐⭐⭐⭐,,Uptown,Tavern,52.0,8.22,15.8,2,65+,Male,Other
IYPW6D-FXZeFM0Ri9hoLtw,Customer_7388,2018-01-01 19:25:58,⭐⭐⭐⭐⭐,"Great brunch and cocktails! The Nooner, Roasted Peppers and Squash, and Blueberry Waffles were great. Very good Bloody Mary, red sangria, and signature craft cocktails.",Uptown,Tavern,19.96,4.2,21.0,3,18-25,Male,Caucasian
TqBseui1uj8S9CyQ1J55dg,Customer_7438,2015-07-09 15:55:40,⭐⭐⭐⭐⭐,,Uptown,Tavern,20.68,7.24,35.0,5,,Male,Hispanic
W-1KsTFiqHEz5DdsnFEbiQ,Customer_4683,2015-01-06 02:19:19,⭐⭐⭐⭐,,Uptown,Tavern,45.94,0.0,0.0,4,,Prefer not to say,Mixed
orRnnLxzfGs9Ityz0YK-dw,Customer_5405,2015-11-09 04:53:47,⭐⭐⭐⭐,"Nice bar with good music and lively atmosphere. The beef Tacos were so Yummy, and so were the fries. Went if there happy",Uptown,Tavern,75.58,20.19,26.7,1,46-55,Male,Caucasian
kLR2GQ3fxHZ2da6bs3gffw,Customer_4189,2017-05-26 02:42:06,⭐⭐⭐,"Another Yelper hit it -- this is a noisy, crowded restaurant with big screen TVs.  I wouldn't call it a sports bar.  Nothing wrong with the place.  Cool location, good beer selection.  The food - delicious, but eliminates itself as a ""sports bar"". My sons and I wanted to catch some pub grub and the hockey game.  Got the game.  The grub-- eclectic.  Do go here if you want a busy, bustling, energetic, tasty, flavorful, thumping music-beat experience.  Don't go here if you want  a burger, a beer and a hockey game amidst sports conversation.",Uptown,Tavern,125.7,23.16,18.4,2,56-65,Female,Native American
ea73hriHkIawR9OLYQB-Zg,Customer_7639,2013-02-22 17:10:23,⭐⭐⭐⭐,"Good: The food was fantastic. We had a large group (10+) and came here for brunch (and drinks, natch). I had the eggs benedict with short ribs, and loved it. From what I can tell, the rest of the group all enjoyed their dishes as well, from the fried rice breakfast dish to the nachos to the AMAZING peanut butter pancakes. As a starter/side, do not under any circumstances pass up on the ""white trash hash"" - hasbrowns with white cheddar cheese. YUM.

Bad: The wait was ludicrous. Yes, it was a Saturday, and yes, we had a large group, but Christ Almighty. We waited at the bar (standing room only) for over two hours before being seated. Even if we had split into smaller groups, without a reservation, the wait time would've still been close to an hour and a half. Yikes.",Uptown,Tavern,26.36,4.86,18.4,2,56-65,Prefer not to say,Caucasian
h0a6z9rNCfvJq9RZvglPHw,Customer_9520,2016-07-07 23:39:55,⭐⭐⭐⭐⭐,"I liked this place a lot, a more refined food/beverage option among a sea of walkable college dive bars. Modern well-designed multi-level interior filled with natural light by day, soft mood lighting at night. Nice looking and well-dressed mixed-age crowd both times I was here. Excellent 2-for-1 Thursday Happy Hour 2-10 PM with a solid selection of pours. This neighborhood likes its drink . . Food reasonably priced and a good mix of options, not perfect, but for essentially up-scale "" bar food"", it's good.  I bet brunch on weekends here would be fun. My ""Ham-Jam-Bread & Butter"" was delicious.  Awesome lettuce wraps, at $14.50. Lobster Sliders at twice the price were a letdown, but as in life: Shit happens. Hard working friendly bartenders. I recommend it if you're near Vanderbilt.  Walking distance to many hotels (Courtyard, Hampton Inn, A-Loft, Hilton Garden, The Hutton). A little loud inside, but you're still able to hold a conversation, and the up-tempo music adds to the vibe.",Uptown,Tavern,36.4,6.52,17.9,1,56-65,Male,
kAIukFS_Y89PbmQ7Qh-FTw,Customer_8951,2016-09-30 23:50:10,⭐⭐⭐⭐,"Lots of good options in this area and the tavern is definitely one of them.  I came here for drinks one night and lunch during the day.   A bit of a wait for dinner so make sure you get a reservation if you can.

We got an appetizer - buffalo cauliflower.  It's slightly breaded and engulfed in buffalo sauce.  Good taste, but would've preferred to have it a bit crispier.  

Ordered the burger - cooked medium, lettuce, tomato, American (cheese is extra).  The fries were okay - comes in a little fryer basket.  The burger had a good sear on the outside and properly seasoned with salt.  

Good spot for food and drinks.",Uptown,Tavern,57.93,13.92,24.0,8,18-25,Non-binary,Caucasian
kgnwwMBg1O0Y9Ty951_Lig,Customer_3959,2017-12-16 15:29:13,⭐⭐⭐⭐,"The atmosphere is very nice. I always am leery of ""hipster"" spots but this place is legit. Super friendly and not pretentious staff. Female bartender made one of the best Bulleit neat Old Fashioned's I've had out. Other mixed drinks were also prepared well (well balanced without being boozy). I ordered Korean beef tacos. They were not bad but not one of my favorites either. They were still good. The table over got nachos that looked delicious. I also think if a place has a clean bathroom, their kitchen is usually clean too. This place is spotless. I also was impressed to see the bartenders cleaning bottles and the bar in their down time. Overall, I would definitely visit again when I am in town. I'd actually rate this place a 4.5 stars if I could.",Uptown,Tavern,49.3,4.39,8.9,5,,Male,
8CefMKM_Tj1eDss6s-9d-g,Customer_1382,2017-05-01 17:20:37,⭐⭐⭐⭐⭐,,Uptown,Tavern,31.62,6.41,20.3,2,26-35,Female,Caucasian
1ZKlc5k-elXZP-t6wGxNRA,Customer_3174,2015-10-11 05:26:05,⭐⭐⭐⭐⭐,,Uptown,Tavern,24.58,4.28,17.4,2,65+,Non-binary,
x7ya_jF5VRCGxRdXEDaqqg,Customer_9552,2014-07-30 02:33:41,⭐⭐⭐⭐⭐,,Uptown,Tavern,37.85,7.41,19.6,2,,Female,Other
Z_3i08PB4aHIoyJL_HEfHg,Customer_1095,2017-05-02 00:56:49,⭐⭐⭐⭐⭐,"A friend recommended this restaurant to me while on a business trip to Nashville. The food and service were great! It's a really cool atmosphere with lots of fresh air. Unique menu items, and everything that I saw come out looked so good.",Uptown,Tavern,48.02,6.8,14.2,5,56-65,Non-binary,African American
Qa07cliS19dExGiWvp3EoA,Customer_8552,2014-01-19 00:37:58,⭐⭐⭐⭐⭐,,Uptown,Tavern,46.56,10.02,21.5,4,56-65,Non-binary,Hispanic
4HJRzQemA9xT715cltgJtQ,Customer_2478,2012-09-14 20:15:35,⭐⭐⭐,"The simply-named Tavern offers up some mighty simple comfort food pleasures (White Trash hash, anyone?) and elevated junk food game bites. 

That said, I'm not sure this is quite the weekend brunch place for me, due to the TVs providing all of the background noise. I'm not a fan of big TVs blaring games -- to me, this is the worst kind of ambiance. BUT... for those of you seeking a place to watch local sports and cheer on with a crowd, Tavern is the spot for you, especially if your tastes are a bit more high brow than your typical nachos. I mean, they have nachos, but Tavern's come with pistachio and goat cheese. Nice! 

I'd easily return on a non game day (or even to sit on the shaded side patio) for more of that White Trash Hash. Think tater tot casserole. I mean, really. Goodbye hangover. The egg white omelet I had was kinda blah, as the tomatoes made it seem extra watery.The ""Wicked"" Bloody Mary was hardly wicked, more like gentle, despite the vodka being infused with pickled things that you'd hope for on your glass. They don't automatically garnish the way you'd think. Or at least the way a New Orleanian would think. I mean... just a lime? Nu uh. Our very lovely server came out with some olives for us, which was nice. But a Bloody without beaucoup d' garnish is a naked Mary, indeed.

Extra props for three bottles of hot sauces on the table, marked X, XX and XXX. Go for the orangey habanero, as it's the tastiest of the bunch (it might be the XX). Don't be fooled by the warnings. They are there for the bland American palate.",Uptown,Tavern,81.62,15.7,19.2,3,26-35,Prefer not to say,Native American
KNtUqjW0kPMDzq178KadfQ,Customer_2222,2016-05-07 15:24:13,⭐⭐⭐⭐⭐,So cute! A must stop on your Nashville adventure!!! Cutest drinks and brunch spot. I got the red sangria and an egg white and fruit brunch. My friends for mimosas. We are all so happy!,Uptown,Tavern,46.79,8.5,18.2,1,65+,,African American
kVPUow1BON0KfPzndxW57w,Customer_7599,2018-07-09 00:09:28,⭐⭐⭐⭐⭐,I literally had the best grilled salmon of my life here! This place is amazing. The food is extremely good. My husband had chimichanga and he is also very happy  with his food. The service was great too. I can't recommend this place more!,Uptown,Tavern,67.32,23.56,35.0,2,36-45,Female,African American
mvx8moqhiNUL-nxQuEYERA,Customer_6476,2012-09-14 23:35:27,⭐⭐⭐⭐,"We totally blew off all Nashville brunch recommendations just because the menu at Tavern looked so good.  Risky move, bucking the suggestions of former residents and frequent visitors, but I'm happy to report it paid off handsomely.  

I looove the set-up of the restaurant.  There's a covered/open air area, a bar area with some booths and high-top tables, then a cozy area ""upstairs"" overlooking the action so to speak.  It basically has a seating location for whatever your mood.  Very cool.

The brunch menu was almost impossible to choose from.  Our eyes went directly to the red velvet waffle with cream cheese drizzle.  We're not big sweets for breakfast folks but we do love our desserts.  But the inevitable was sure to occur, eat brunch and be too full - rule of thumb - order your sweets at the same time as your meal if you're determined to try something.  So we did....

I opted for the benedict uno which was fantastic.  Tender braised short ribs on an english muffin with perfectly cooked poached eggs and a Tabasco hollandaise.  Soooo incredibly good and the hollandaise was the perfect combination of buttery and spicy.  Excellent.  I will say, if you don't love hollandaise you would be put off - my plate was literally swimming in sauce (arm floaties and all...)  I gobbled it up but it turned my wife off from trying it (note to self, don't bath in hollandaise.)

My wife opted for the The Nooner which is an omelet with bacon, fried oysters and a
spicy sour cream, served with ""white trash hash"" (basically a heavily hashbrown casserole.)   So back to the red velvet wafftle....we didn't finish it....I know...I know....we tried and we did a pretty good job, but we just couldn't.  It was super good although almost not quite done in the middle, but tasty nonetheless.  

Good service, good food, great atmosphere (would love to watch a game here and snack my way through the day.)  Can't wait to return!",Uptown,Tavern,50.91,6.63,13.0,2,18-25,Prefer not to say,Caucasian
gQIp6dKzwQniHhb0ryTHdw,Customer_5330,2011-08-26 18:32:42,⭐⭐⭐⭐⭐,,Uptown,Tavern,44.11,4.84,11.0,6,36-45,Non-binary,African American
no9ZhPLnxlhx6GKk3s5AHA,Customer_5811,2015-12-22 21:37:23,⭐⭐⭐⭐⭐,"I could eat the blue cheese fondue on almost anything. I bet liver would taste good in that fondue. Fortunately I had some really good buffalo cauliflower to go along with and I hasten to say it was a top 5 all time appetizer ever.People rave about the fries and they were good but not the best I have had. The Tavern burger on the other-hand may be the best burger I have ever had. Made from ground rib-eye and filet makes me believe God made the burger lol The lobster sliders were really good but 22 bucks not that good. The mushroom soup had to be made by Angels it was amazing. Its a little pricey but you definitely get what you pay for, for the most part. As a whole it may be the best lunch ever. I give very few 5 stars on average and this was well earned. The place is nice and cozy and the staff were great. It was a religious experience involving food.",Uptown,Tavern,24.28,2.07,8.5,3,,Male,Mixed
Qs-Fy0zfyvVsWVLqqy-iCg,Customer_1047,2012-06-26 14:19:06,⭐⭐⭐⭐,"My husband and I enjoyed a late meal here last night (Monday). It wasn't too crowded, but filled up before we left. 

We sat on the patio and enjoyed the warm Nashville night.

My husband ordered the bucket of mussels and I had the beef short rib tacos.

The tacos are small, so if you're hungry, order three! It was perfect for me, though. The meat was tender and delicious. It had sliced cucumber and a spicy sauce which was to die for. 

The bucket of mussels was a large portion of mussels in a broth, served with a large chunk of french bread for dipping.  My husband enjoyed them to the end. I asked if they had a lot of garlic and he said not at all. He was delighted with the light sauce.

Although our waitress, Jennifer, who might just be the best waitress in the world, suggested many desserts (including s'mores, which involved bringing a little fire pit to the table with hershey's chocolate, strawberries and reeses) we opted for the reverse root beer float: root beer gelato with creme soda over the top. It was delicious! (Had I been out with the girlfriends, we definitely would have tried the s'mores..next time!)

As I said, Jennifer, our waitress was very attentive. She knew in detail about every item on the menu (as we ask a lot of questions!) and took great care of us.

We would definitely recommend this restaurant to any one in the area.",Uptown,Tavern,20.4,4.5,22.1,2,26-35,Female,Mixed
vIfZn-Km8_Mzn3YcnV2oHw,Customer_1815,2017-08-29 20:07:56,⭐,"Went to lunch at Tavern today 8/29/17 with three co-workers who had never been before on my recommendation. It was a huge mistake on my part. Tavern had been ok on previous visits but today a real disappointment. Slow and indifferent service. Hidden costs-charges for extra salsa on already over priced nachos. Ordered extra chicken on the nachos- it was not on the nachos when they arrived-we were still charged for them because Tavern brought us a plate of luke warm chicken to pour on after we'd already finished. We asked about the hidden cost of the chicken and salsa our server rolled her eyes and let us know she does not make the rules. This place is way overrated, over priced and the douche bag factor is off the charts. Fu*k Tavern.",Uptown,Tavern,38.25,5.09,13.3,1,46-55,Female,Mixed
qoeHxf8mW1wZxAHhOsJmAw,Customer_8526,2015-11-08 20:52:20,⭐⭐⭐⭐,Go for the buffalo cauliflower! What better combination could you ask for?! The drinks also are delicious. The space is large and draws a mix after work - a great place for happy hour.,Uptown,Tavern,63.51,9.26,14.6,2,,Female,Native American
1HGhLSTFblUVvsEajmaY6w,Customer_8700,2018-09-17 15:22:17,⭐⭐⭐⭐,,Uptown,Tavern,43.88,17.55,40.0,1,26-35,,Mixed
APoR2wmmIoDDRicB_VINqw,Customer_5587,2013-04-14 04:21:22,⭐⭐⭐⭐,,Uptown,Tavern,29.72,5.57,18.7,4,18-25,Prefer not to say,African American
THSSMvs_0sJCVgm2NcLpHQ,Customer_7113,2016-10-02 03:12:29,⭐,"Got to the restaraunt and gave the name under our reservation. They don't take reservations and don't know why open table lists them but they get that a lot. Hmm ok. Can you try to do something for us since it isn't our fault you haven't contacted open table? No, 1 hr wait. No problem, we will go next door for drinks. Get text from resturant that let's you check status through wait for out....opentable. Hmmmm. Come back in an hr, get seated outside even though there are plenty of spaces inside. Fine. Drink wifey ordered was the best part of the experince. Can we order the cauliflower - no, we are out of our most popular item. Ok. Guac appetizer - made from half an avocado and a thousand chips. $12 Salad with ahi - 1 dimensional salad with 3 pieces of ahi. Ahi was good wish there was more of it. Salad had no diversity anything interesting $23 Chicken kabobs - supposed to be with ginger terriyaki and sesame and garlic. Only thing I could taste was terriyaki, very heavy handed. Nothing we ordered was beyond marginal...",Uptown,Tavern,47.26,7.71,16.3,4,18-25,Male,Mixed
SlRO6VnhpqQFWMKC-ZC3Pw,Customer_1966,2016-03-19 12:20:43,⭐⭐⭐⭐,,Uptown,Tavern,48.21,9.62,20.0,2,56-65,Non-binary,Caucasian
Xx8RFcIhXCuIYItAUBrrkg,Customer_2789,2018-08-27 01:01:33,⭐⭐⭐⭐,Came here during a recent trip to Nashville. Came here a couple years ago for brunch which was amazing but a super long wait so beware. Didn't realize when I picked this place this time that they also do a 2 for 1 drink special from 2-10pm on Wednesday nights. This is a great deal but makes the night a lot busier. I was with an older group of people so they personally didn't like how much noise was going on in the restaurant. In terms of food I do feel like it's a little overpriced for what you get. But I will say the mahi-mahi tacos were tasty. I would definitely come back on future trips to Nashville. And if they take reservations I will do that instead.,Uptown,Tavern,56.46,22.58,40.0,2,18-25,Non-binary,African American
pGi6yIxsOorhHhNmPZyotg,Customer_1714,2018-06-19 22:36:37,⭐⭐⭐⭐⭐,Food and service was great! Try the BLT and the egg rolls! The drinks are so good as well.,Uptown,Tavern,57.19,12.38,21.6,8,26-35,Prefer not to say,Caucasian
S30vbx-7LggV9-KCv5XFDQ,Customer_3230,2014-02-08 20:20:58,⭐⭐⭐⭐,,Uptown,Tavern,36.03,5.48,15.2,2,18-25,Prefer not to say,Hispanic
1C9yM6ugjgB6m_qVs7Oddw,Customer_6143,2015-05-02 03:15:02,⭐⭐⭐⭐⭐,,Uptown,Tavern,33.77,6.98,20.7,1,18-25,Prefer not to say,Native American
c1Qc9UTyo9RUbFzciaDpkQ,Customer_2419,2013-01-03 19:02:51,⭐⭐⭐⭐⭐,,Uptown,Tavern,36.39,8.47,23.3,4,56-65,Non-binary,Mixed
_bk1_B7DVeOygrUqAEW5ng,Customer_9550,2015-10-18 21:58:29,⭐⭐⭐⭐⭐,"Delicious brunch, fabulous service! The buy one get one brunch drinks were a plus! It started getting crowded at 11am, so I suggest getting there when they open at 10am!",Uptown,Tavern,70.86,13.19,18.6,5,56-65,,Asian
5XNvrKHIVJxE_ed7DKsC7g,Customer_7752,2015-07-06 13:16:37,⭐⭐⭐⭐⭐,,Uptown,Tavern,67.07,8.13,12.1,4,56-65,Non-binary,Native American
0IMoUZGJ0pKmvm_li-OYQg,Customer_2893,2015-09-10 02:42:58,⭐⭐,,Uptown,Tavern,140.41,19.29,13.7,2,65+,Male,African American
CEfJjrdINSCEzAVHh1iqEw,Customer_4312,2016-10-16 20:32:54,⭐⭐⭐⭐⭐,,Uptown,Tavern,44.13,4.07,9.2,1,,,Hispanic
Cy9RvBBa-7zC9fOnVDmkmw,Customer_2158,2017-01-29 05:37:39,⭐⭐⭐,"We came here based off a recommendation from our hotel.  The food was fine but nothing impressive.  It was basic bar food.  The music was way too loud.  Impossible to have a conversation and we were there at 5:30 on a Saturday.  If you're in from out of town, try another place for dinner.",Uptown,Tavern,48.2,14.46,30.0,1,36-45,Male,African American
pA3QdqQdKoTpg4sgH6q-mg,Customer_7607,2017-05-27 14:13:29,⭐,"We came here because of all the great yelp reviews, I can't believe this is 4-stars.. Good beer selection, good atmosphere, and decent service.  The food, however, was bla.. We really wanted to try the fried chicken skins, they came out very hard and very stuck together.  The sauce had good flavor but the skins came in a clump that we could hardly break apart. Our food came out about 4 minutes into our attempt to chisel the skins apart. Kaya toast was weird and really lacked anything to bring the dish together.  After scraping off the sauce it was basically Texas toast and an egg.  The 2 sets of tacos we ordered were both overcooked and VERY dry. Come here for drinks, skip the food!",Uptown,Tavern,17.14,2.51,14.6,2,26-35,Male,
T9notipZzakxsGqZNrR2Fg,Customer_4495,2017-04-30 16:40:19,⭐⭐⭐⭐⭐,,Uptown,Tavern,42.98,17.19,40.0,4,36-45,Prefer not to say,Native American
_6cr_2c6GbAT7p9xvHnLtQ,Customer_4964,2015-10-17 02:49:14,⭐⭐⭐⭐⭐,"Meet by a great hostess at the door, Jenna. Her smile was amazing! Drinks at the bar were rather good.  They actually have a loco moco! BOOM!",Uptown,Tavern,45.36,6.17,13.6,1,26-35,Prefer not to say,Caucasian
2-DPy6cNvDLZZD4x-tMvRA,Customer_1637,2017-06-19 02:14:48,⭐⭐⭐⭐⭐,"You find yourself in an unfamiliar city, it's raining, and you need to duck in somewhere. You choose Tavern Midtown. The ambiance is modern rustic. Great music, and knowledgeable, friendly bartenders await. Per recommendation, I decided on the Tavern Burger and fries. For more detail, ribeye & filet beef blend with a perfectly toasted bun, two slices of red onion, thick cut tomato, four evenly cut pickle chips, two slices of bacon, and three roasted green chilis. Perfectly cooked throughout, it is the perfect dinner to satisfy the palate during this business trip. The Belgian fries are not too soggy, not overly salted. As good served with roasted garlic aioli as they are with the Louisiana XX hot sauce. Food: 5/5 Ambiance: 4/5 Staff: 5/5 Come back factor: 6/5 Thank you for a great experience!",Uptown,Tavern,90.81,12.87,14.2,2,46-55,Female,Asian
GW57CusYWiaPlFtd4V55qQ,Customer_5118,2015-10-12 00:22:56,⭐⭐⭐,,Uptown,Tavern,25.6,3.14,12.3,2,56-65,,Asian
HKIrimFcdewa5Dxu7E-o_g,Customer_6208,2018-02-15 17:25:39,⭐⭐,"Was in Nashville this past weekend with some friends. Decided to try this place as it was close to where we were staying. 

The place is very quaint on the inside. Dark lighting, the type of spot that could suffice a first date, a work event or a family get together. My friend and I showed up around 3pm and strangely there was a ten minute wait (Which is weird, because it's that awkward time in between lunch and dinner, but whatever.) 

Our server is super friendly and attentive. I order the pan seared tuna with a side of the sweet potato fries with jalapeno ketchup. My friend orders the tavern burger. 

Our food comes. I take a bite of my tuna and it appears raw, almost entirely uncooked. I try again and can't bare it. The waiter has no problem swapping my order for the salmon which is very kind of him. My friend appears to enjoy the burger. The fries are fine-- not seven dollar side worthy fine, but decent enough. The jalapeno ketchup tastes like regular ketchup. The salmon doesn't particularly taste like fish (almost like an overly marinated chicken, which wouldn't be a bad thing if it wasn't brought under the guise of fish) but I run through it because I'm starved. We pay and the meal for me was at its best below average. Especially for the cost. 

Naturally the evening/early morning hits and I've got all types of food poisoning and stomach bug type issues (diarrhea, nauseous, headache, puking.) This was Monday morning/ Sunday evening. It's now Thursday and I'm still ill. Not quite sure how these people are cleaning their meats, but I won't be back anytime soon. Nice, attentive staff and sweet vibe. Food was awful.",Uptown,Tavern,51.15,10.61,20.7,2,46-55,Non-binary,Other
3YsZ4NZsrLIWs2Tp92dCUA,Customer_9850,2011-12-01 00:19:01,⭐⭐⭐⭐⭐,,Uptown,Tavern,110.76,28.54,25.8,1,36-45,Male,
sENiF8KnKK-v8Jz8ejJVfw,Customer_5533,2012-12-10 03:18:29,⭐⭐⭐⭐,,Uptown,Tavern,16.6,3.17,19.1,5,46-55,Non-binary,
n0_nlhJ1PPvg6TqSWruC4Q,Customer_6967,2018-03-07 01:46:46,⭐⭐⭐⭐⭐,"Absolutely awesome menu, the beer selection was fantastic and most importantly, Emily did a fantastic job taking care of us. I had the pork chop and loved it!  Others at the table had the chimichanga, the Son of a Brown Bag and the Loco, all very well reviewed. Highly recommend this place that's in a great area of town.",Uptown,Tavern,36.0,0.0,0.0,2,26-35,,African American
lHmOJX1TWJeH8_0Sp2h24g,Customer_1159,2011-07-01 00:47:41,⭐⭐⭐,,Uptown,Tavern,75.71,6.23,8.2,4,56-65,Non-binary,Mixed
ymbDu_j2XrNFcYItj4GWfw,Customer_6070,2017-06-17 21:02:18,⭐,"I have never been so insulted and talked down to in my life. Michelle, I think that's her name it's on my receipt but she never introduced herself, was the rudest person I have ever given my money to in my life. When we sat down she was talking about personal issues with the barback loud enough for us to hear and I thought that was odd in and off itself. When she gave us our menus she said a few times ""these menus are good for the next 30 seconds.""  Sorry but either give us brunch or give us dinner menus and explain that the kitchen is in the midst of a shift change, don't make us feel pressured because you dropped menus that have an extremely short time limit. Instead of eating we decided to just get drinks. She let us know that the brunch menu libations were, her words, 2 for 1. We ordered a mimosa off the list and hung out. When we got get drinks they set two wooden tokens down but didn't reference the at all, so we didn't know what they were for.  Eventually ordered some food off the dinner menu to go. She was very non existent the whole time we were sitting at the bar, not attentive at all. When we asked for the bill I saw that both our drinks were on there. I asked about them and let her know about the 2 for 1 statement she said. She then proceeded to tell me it was buy one, get one and that's what the tokens are for. I told her that ""buy one get one"" and ""2 for 1"" are different and if we knew it was BOGO we would have ordered another drink (if she would have even paid attention to us).  After a little back and forth she said she would take care of it and that ""they weren't trying to screw us.""  She talked to us like we were the worst people on earth because she doesn't know how to explain her own restaurants policies. I work in an industry that has me visiting 10-15 bars/restaurants/hotels a day and I have never had a worse hospitality experience in my life. Tavern Management - this employee is losing you revenue left and right.  Not only is she not taking care of customers and grabbing reorders, she is turning people away for good. This treatment was so horrible and off putting that I am going to go out of my way to recommended against going to Tavern due to the disrespect we felt. Hopefully your floor managers recognize how bad she is and theyo do something about it because she is taking money out of your pocket every shift she works.",Uptown,Tavern,51.1,7.61,14.9,2,65+,,Hispanic
zuCUvtipevadPrFg-qwpvg,Customer_2633,2011-02-25 03:10:36,⭐,,Uptown,Tavern,32.75,0.0,0.0,2,46-55,,Other
K6PCShQxniv8LuDPuEnKxQ,Customer_1312,2017-05-27 04:05:35,⭐⭐,"Drinks were strong! Guacamole and fries were excellent. Beef short rib tacos were like chewing on a tire. Mahi sandwich was overcooked and super fishy. Tried this place a few years ago, never came back but thought we would give it another shot. Probably won't be back, maybe for guacamole and fries. Our server was awesome though.",Uptown,Tavern,44.08,7.43,16.9,2,,Non-binary,
jwF-5vDFksWqlzJ9aFFEJQ,Customer_3755,2018-02-24 02:22:51,⭐⭐⭐⭐⭐,"My husband and I are visiting Nashville from Chicago (go cubs). We have been to tavern once before last year and my husband fell in love with the chickenooga drink. So in love that tavern was our first stop back in town. Well, one chickenooga into the night and there was an issue with the keg equipment making this drink unavailable. The manager soon came over with a substitute option replacing the beer. They very well could have just said ""too bad"" but went way above and beyond and made my husband content. Great food too but the service is well above the rest!",Uptown,Tavern,92.4,21.39,23.1,3,46-55,,Mixed
xnzjT7V6LXHVxPCMAfeieA,Customer_6163,2012-09-13 00:17:05,⭐⭐⭐⭐⭐,,Uptown,Tavern,38.02,5.73,15.1,2,36-45,Male,African American
4b5YwUYv8RByje54vuaGZg,Customer_2354,2017-01-03 04:33:22,⭐⭐⭐⭐⭐,,Uptown,Tavern,37.8,7.09,18.7,2,26-35,Prefer not to say,Mixed
qbmgggvL5Wn7e_zE8Jpvrw,Customer_6854,2015-10-25 02:58:33,⭐⭐⭐⭐⭐,,Uptown,Tavern,66.16,6.25,9.5,4,18-25,Male,African American
VkozyyuG3sn20kHTkvHFQw,Customer_1831,2015-09-24 23:59:11,⭐⭐⭐⭐⭐,,Uptown,Tavern,83.22,10.71,12.9,1,18-25,Non-binary,Asian
w_ZtMqhy58U9uB3jT8ieig,Customer_3999,2012-06-30 04:30:47,⭐⭐⭐⭐,,Uptown,Tavern,46.42,16.25,35.0,2,,,Native American
0IMoUZGJ0pKmvm_li-OYQg,Customer_6567,2015-09-10 02:42:58,⭐⭐,"Food was just about ok. Service very average and slow. Also, charging extra for something as simple as soy sauce is a bit strange when their other condiments were complimentary. Bar staff was good though.",Uptown,Tavern,41.22,8.24,20.0,4,36-45,Male,
anUxMEWoKOnikXFx7ZkWRw,Customer_4133,2011-02-26 02:06:10,⭐⭐⭐,"So my girlfriend and I wanted to have a low key night. We went in around 8pmon a Friday night and the wait to get a table was about an hour. 

We decided to go to the bar and have a drink while we waited. 
A spot at the bar came open, so we took that instead.  Good thing, because almost 2 hours in,  they still wouldn't have called our name?

At first I loved the crowd.  It was a tad older.  It was a nice ""after work"" 30 something crowd. NONE of the local ""socialites"" were there.  However as midnight approached, that changed. It turned into the Virago/Whiskey Kitchen crowd.  Which I know many people don't go to WK for that very reason.  

Onto food and drink.  I had the Nacho's and my friend had the fried fish.  Neither one of us were the least bit impressed with the food. She said her's was very bland and mine was not impressive at all. However she did give props to the spicy ketchup that comes with the fries!   

As for our drinks.  Fancy names and high prices sum it up. I was brave and tried the ""preserves"" drink.  I went with Gin and the pinapple and honey preserves .. i think that is what it was.  
It was very strong.  The bartender told me that it would start to taste different with time. Um, no.   It tasted like gin with a little jelly.  I don't care how ""new york"" and trendy it is suppose to be (that is how it was described to me) it was gross. 

It was nice. A bigger Whiskey Kitchen is the best way to describe it. 
I'm sure I'll go back, but I will stick with drinks I know and try to leave before the pretentious crowd arrives. 

One other note.  The manager kept coming over to us numerous times to make sure we were happy.  I though that was nice!",Uptown,Tavern,30.55,6.74,22.1,1,46-55,,Caucasian
F44PdlI3I-6QmnOMkUE-Mw,Customer_6999,2016-06-12 18:12:17,⭐⭐⭐⭐⭐,,Uptown,Tavern,52.05,8.05,15.5,2,26-35,Male,Caucasian
MTQAkU8_Rl-1-ygnnIpqyw,Customer_4542,2015-04-03 19:16:22,⭐⭐⭐,"I like Tavern a lot. The food is very good. I went here for lunch with a friend from work. I loved the vibe, the dim-ish lighting, and the music, and would definitely like to come back at night time. The fish was very good, fresh, and the batter was light and perfect. I loved the sauces that came with my meal. I shouldn't have gotten the sweet potato fries. Didn't care for them. Next time I'll get regular ones. Also loved the fact that they have all of those hot sauces at the table. Any place with an abundance of hot sauces is awesome to me. I would like to go back and try other food. The only negative thing was it took far too long to eat here on our lunch break. The service was very slow, but maybe the server was new. We had an hour break and we are late coming back. However, will go back again, definitely.",Uptown,Tavern,45.7,18.28,40.0,3,18-25,Female,Hispanic
pA3QdqQdKoTpg4sgH6q-mg,Customer_1514,2017-05-27 14:13:29,⭐,"We came here because of all the great yelp reviews, I can't believe this is 4-stars.. Good beer selection, good atmosphere, and decent service.  The food, however, was bla.. We really wanted to try the fried chicken skins, they came out very hard and very stuck together.  The sauce had good flavor but the skins came in a clump that we could hardly break apart. Our food came out about 4 minutes into our attempt to chisel the skins apart. Kaya toast was weird and really lacked anything to bring the dish together.  After scraping off the sauce it was basically Texas toast and an egg.  The 2 sets of tacos we ordered were both overcooked and VERY dry. Come here for drinks, skip the food!",Uptown,Tavern,14.04,2.37,16.9,2,46-55,Male,Native American
Cy9RvBBa-7zC9fOnVDmkmw,Customer_2536,2017-01-29 05:37:39,⭐⭐⭐,"We came here based off a recommendation from our hotel.  The food was fine but nothing impressive.  It was basic bar food.  The music was way too loud.  Impossible to have a conversation and we were there at 5:30 on a Saturday.  If you're in from out of town, try another place for dinner.",Uptown,Tavern,28.28,11.31,40.0,2,36-45,,African American
wOPYYm4HSA2xfsDanat8wg,Customer_6884,2015-04-03 18:06:30,⭐⭐⭐⭐⭐,,Uptown,Tavern,36.32,7.29,20.1,4,,Female,Mixed
F69sWS_z1OVNltCenrBSow,Customer_1748,2014-11-30 02:40:26,⭐⭐⭐⭐,"I really enjoyed my mussels and the atmosphere in Tavern, but this place wasn't the homerun I expected. We had a 20 minute wait on a game day, so I thought that was very reasonable. Tavern has a ton of TVs, so it's great for watching a game. The bartenders were pretty quick to provide drinks as we waited, and the craft brew and cocktail menu is good. There isn't a very expansive selection, but what's available is diverse. The food is pretty stellar as well. My mussels were delicious and our nacho appetizer was great without any meat. Fresh jalapeños, black beans, and the perfect amount of cheese made them a delight. Our server is what missed the mark. She was courteous for sure, but her timing was really off. It took a while for us to order once seated and she altered between smothering us or ignoring the table. I also wasn't impressed with my friends' lamb tacos. The tacos come in an order of two or three, and this place seems to be stingy with the meat filling. I'd definitely recommend a side an order of three. 

All and all, I'd come back. This place is tasty, but it's not the pinnacle of dining.",Uptown,Tavern,58.7,15.95,27.2,3,18-25,Male,Caucasian
anUxMEWoKOnikXFx7ZkWRw,Customer_1213,2011-02-26 02:06:10,⭐⭐⭐,"So my girlfriend and I wanted to have a low key night. We went in around 8pmon a Friday night and the wait to get a table was about an hour. 

We decided to go to the bar and have a drink while we waited. 
A spot at the bar came open, so we took that instead.  Good thing, because almost 2 hours in,  they still wouldn't have called our name?

At first I loved the crowd.  It was a tad older.  It was a nice ""after work"" 30 something crowd. NONE of the local ""socialites"" were there.  However as midnight approached, that changed. It turned into the Virago/Whiskey Kitchen crowd.  Which I know many people don't go to WK for that very reason.  

Onto food and drink.  I had the Nacho's and my friend had the fried fish.  Neither one of us were the least bit impressed with the food. She said her's was very bland and mine was not impressive at all. However she did give props to the spicy ketchup that comes with the fries!   

As for our drinks.  Fancy names and high prices sum it up. I was brave and tried the ""preserves"" drink.  I went with Gin and the pinapple and honey preserves .. i think that is what it was.  
It was very strong.  The bartender told me that it would start to taste different with time. Um, no.   It tasted like gin with a little jelly.  I don't care how ""new york"" and trendy it is suppose to be (that is how it was described to me) it was gross. 

It was nice. A bigger Whiskey Kitchen is the best way to describe it. 
I'm sure I'll go back, but I will stick with drinks I know and try to leave before the pretentious crowd arrives. 

One other note.  The manager kept coming over to us numerous times to make sure we were happy.  I though that was nice!",Uptown,Tavern,26.54,4.44,16.7,3,46-55,,Other
elqRpX9T3YwL07uLNtN3Bg,Customer_9970,2015-02-02 04:29:13,⭐⭐,,Uptown,Tavern,136.03,27.15,20.0,2,56-65,Prefer not to say,
zd8u_QhxNXBoggQ6Mrz_ag,Customer_4958,2016-05-07 20:29:16,⭐⭐⭐⭐,Good stuff for brunch if you are drinking. Recommend getting there early as it was packed when we got there around 11 and there was a ton of people waiting when we left.,Uptown,Tavern,49.24,19.69,40.0,1,36-45,Female,Asian
2WzD_io0SaFWKZYOuveLqA,Customer_5734,2016-06-23 02:56:16,⭐⭐⭐⭐⭐,Great burgers!  Still full in the morning with a meat hangover.  Fries were excellent too.  Service was good.  Busy night but felt taken care of.  Highly recommend.,Uptown,Tavern,68.41,17.72,25.9,4,65+,Non-binary,Asian
1L6BIUf532tCKoF4FZODDQ,Customer_8511,2014-04-22 02:07:26,⭐⭐⭐⭐⭐,"If you think you are walking into a typical bar menu .... think again!  Wonderful, original recipes.  I had a kale salad, guacamole and chicken wings.  All awesome with non conventional ingredients (finally chopped kale with parmesan cheese, nuts, lemon).  Guacamole with pistachio nuts and goat cheese!  Who would have thought!!

Really good!",Uptown,Tavern,38.55,8.81,22.9,2,,Female,Mixed
rEp28myVdzrisZxCjrFwTA,Customer_1181,2011-07-11 17:44:12,⭐⭐⭐⭐⭐,"What a fabulous new place to dine! The staff is extremely friendly, the food is creative and they have the BEST burger in town! Not only is the food great, but their use of social media is as well. I sent a tweet out about how great their burger is and received a nice card and gift certificate for my next dining experience. Nicely done, guys!",Uptown,Tavern,44.7,10.01,22.4,4,26-35,Prefer not to say,Mixed
LZ17wL4ZtBdoTfkmj9pKiQ,Customer_4008,2015-07-31 17:07:59,⭐⭐⭐⭐,"The food here is outstanding. I generally get the Tavern Burger, which is legitimately one of the best in town. The desserts are great as well; for instance, they let you make s'mores at your table. Furthermore, the beer selection is fairly robust, usually with several local breweries on tap. 

The downside here is the service. First, it's usually quite slow, even when the dining room is not too busy. It's taken over an hour to get my lunch before, and not during peak hours. However, the pace does not bother me as much as some of the staff's snooty demeanor. The hostesses in particular are generally a bit condescending, which is off-putting. The wait staff themselves are usually a bit better; you can tell they work for tips, whereas the hostesses quite clearly do not. All in all a good spot for lunch or supper, though.",Uptown,Tavern,40.78,9.01,22.1,1,46-55,,Native American
CEfJjrdINSCEzAVHh1iqEw,Customer_4060,2016-10-16 20:32:54,⭐⭐⭐⭐⭐,"Great place to grab drinks with friends! The waitresses were super friendly. Go on Thursday nights for the best drink specials. One con is that the food isn't that great, but this place is fabulous for drinks.",Uptown,Tavern,55.62,8.9,16.0,2,56-65,Female,Asian
YBG_ucuXZkpBqHqZNkDMuQ,Customer_6041,2016-07-16 04:47:45,⭐⭐⭐⭐,,Uptown,Tavern,67.66,10.6,15.7,2,18-25,Male,Caucasian
OM7GeVeySv-MB1zH8YIq4A,Customer_1523,2011-06-30 15:41:36,⭐⭐⭐,,Uptown,Tavern,21.44,2.98,13.9,2,65+,Prefer not to say,Caucasian
OyJjHoig95FCaRDg1V1l-Q,Customer_9863,2014-03-17 22:55:35,⭐⭐⭐⭐⭐,"After drinking a few glasses of 1920 (the best cocktail in Nashville if you ask me), I am the happiest girl around! I also love the menu, it's fun without being weird. I can't stop eating the Philly cheesesteak eggrolls, brown bag special, all the different fries, and the kale salad.",Uptown,Tavern,36.83,3.63,9.9,2,46-55,,Native American
e9xv13-dhqgqTPBJuW1F9w,Customer_6480,2016-04-01 12:50:36,⭐⭐⭐⭐,"After a failed attempt at a much busier and more popular restaurant nearby, we found the Tavern to be the perfect spot to start off our Nashville trip. There was no wait on a Friday night around 11pm. We were starving and impatient for something satisfyingly unhealthy and deliciuos. The two of us definately over-ordered. After we received our beer and cider orders, we placed our gargantuan order for two: the Tuscan style Tavern fries, which was HUGE, the chips and guacamole and the fish and chips. Obviously, the healthy factor was not an issue. Everything was tasty, just in huge portions. The Tavern fries were easy to munch on, although there was way too much. We probably could have ordered this alone. But I guess if an order of fries cost $6.50, I wouldn't expect just a small tin. The guacamole was interesting. The goat cheese gave it a different flavor - but I liked it. There were so many chips but at the same time, there was a lot of guac. The fish and chips wasn't bad, not mind blowing either. It was so greasy I could only take several bites before calling it quits. I love when my fried fish is super tender and juicy, but this was a bit much. When each bite you take the grease seems to flow out into your mouth, it may be too much. Overall, a delicious late night meal for ones who were unable to wait 45 minutes for a table at 9:30pm elsewhere... I'd defintely come back here for a couple beers and an order of their Tavern fries.",Uptown,Tavern,123.71,43.3,35.0,3,36-45,,
elqRpX9T3YwL07uLNtN3Bg,Customer_4048,2015-02-02 04:29:13,⭐⭐,"I at least have to give this restaurant two stars due to the decent food. But while on a dinner meeting and after spending $100 on entrées and appetizers, I had to flag down the assistant cook, (the guy in bright red baggy pants watching TV), to see if I could get more avocado for my tuna entrée.  He made it very apparent and direct that he could not help me with that situation and I would have to flag down my  waitress so she could bill me for the four dollar avocado.",Uptown,Tavern,51.57,10.36,20.1,2,56-65,,Other
HE-3yMTdwlrXxcw-JJXgRw,Customer_4783,2018-03-18 22:14:11,⭐⭐⭐⭐,"I waited a couple days before rating to try to be fair. This place was recommended and hyped separately to me and my husband in transit and upon arrival to Nashville. We expected a lot. 
The service was great. We sat at the bar, both bartenders and food service were polite and attentive. Drink selection and quality and price seemed good. The food is another story. It is over priced and over hyped by reviewers.
My husband had the OZ pot pie. Even with a healthy dose of the curry sauce, it was dry. And plain, could barely taste the curry. I had korean short rib tacos. Nothing korean about them. I tasted sriracha and soy sauce. Isn't  Korean about gochujang? Meat was dry.  The fries are house cut, plentiful and phenomenal. But the rest of the menu is overpriced ignorance.",Uptown,Tavern,32.38,0.0,0.0,1,46-55,Female,Caucasian
M3EPjYaN9PiuclPw9SJeuw,Customer_3317,2015-12-24 20:23:39,⭐⭐⭐⭐,,Uptown,Tavern,56.71,13.3,23.5,2,36-45,,African American
AujPDhPrIDBIbO7lcHkQnQ,Customer_8591,2018-09-25 20:39:34,⭐⭐,Truly not worth the wait. I've tried a couple dishes and nothing has been great- wouldn't really recommend. Almost everything I have tried has either been too dry or too salty. The ambiance is nice but it's pretty slow. The only good food item is their fries.,Uptown,Tavern,34.22,6.78,19.8,2,65+,,African American
BTVRwQ4qi-9P83MSOtsMEg,Customer_2488,2017-10-15 11:34:25,⭐⭐⭐⭐,Solid brunch spot! Got there at peak time and the wait was less than what they thought. In the interim we sat on the padded benches outside. The place was packed but they seemed to turn it over and get people in and out quick. The bazooka guacamole was very good but the star of the show was the chorizo gravy on the biscuits. The spicy chicken sausage is aptly named as it packs a punch. I love hot food so it was perfect for me. My fiancé said it was at the limit of her spice scale so normal people may find it too much. She has the pretzel pancakes which are pancakes with pretzels on top covered in syrup. It wasn't what we expected but was good. Something about biting into a pretzel and it not having any crunch doesn't feel right but that may just be us. The girl with us had the pain Perdu and couldn't finish it but said it was good. We will for sure make our way back here as we each tried to decide between 3 different dishes so I look forward to having tried them all.,Uptown,Tavern,73.02,17.86,24.5,3,,Female,Asian
1C9yM6ugjgB6m_qVs7Oddw,Customer_1100,2015-05-02 03:15:02,⭐⭐⭐⭐⭐,,Uptown,Tavern,164.12,33.77,20.6,2,46-55,Female,Hispanic
L3M-tEgYRCOVb-0_NtU7bw,Customer_3800,2013-08-18 06:21:52,⭐⭐,"Well, the concept seems cool....but, not great service.  The waitress forgot our drinks - we has finished our appetizer and they had not arrived, so we cancelled them. We tried to order 1 of the 3 late night dinner entrees they offered, but they were all out.  Umm, bummer. We left and I don't think we will be back.",Uptown,Tavern,37.27,3.97,10.6,2,56-65,Male,
zYavfZkxEPNVcNVhouq5kA,Customer_6997,2015-07-30 00:34:18,⭐⭐⭐⭐,,Uptown,Tavern,23.93,5.12,21.4,4,46-55,Male,Hispanic
zxkTGMwdebvHgkgA-fd-XQ,Customer_3743,2013-03-23 15:11:43,⭐⭐⭐,"I was so disappointed that my 2nd Tavern experince wasn't as flawless as my first one. I'm only giving it 3 stars due to the service we received from the manager and because most of the food was still good. I met 3 friends for a late Saturday brunch, 2 of which had never been there before. I was excited to introduce them to Tavern's fabulousness but left feeling a little embarrassed after the service we received. For starters, it took about 20 minutes before our server even acknowledged us. I asked about drink specials and as soon as the last word came out of her mouth she walked away leaving me unable to order a drink. About 10 minutes later she finally came back. After ordering drinks it took another 10 minutes to get them. We were ready to order our meals (had been for about 30 minutes) but again, she walked away before we could do so. Instead, she sauntered on over to the bar and proceeded to talk and flirt with some guy at the bar for over 20 minutes. We timed it. At that point we were so disgusted that we stopped another server walking by and asked if we could order with her. She was happy to help us. My 3 friends ordered the Tavern burger and they all liked it. I opted for a ham and brie omelette and it was kind of meh. I remembered I don't like brie (my fault for ordering it) and I had to pick it all out. The omelette was lacking flavor anyway. I should have at least salt and peppered it myself, I guess. The side of white trash hash was very tasty but an extremely small serving. Only about 5 bites. Because of our shitty server we were never offered to order a second round of drinks and it was past happy hour since of course we had been sitting at the table for almost 2 hours at that point. Dirty dishes sat on our table for 30 minutes while we waited for our checks. During our 2 hours at the table our server only came around 3 times. Very disappointing. With the exception of the burgers my friends had, the dining experience was pretty terrible. We ended up speaking with Madeline, the manager, about our experience. She was very nice and seemed to sincerely care about what we had to say. She ended up comping our entire meal and gave us some coupons to come back and try brunch again. However, while we were speaking with Madeline the server in question was whispering and giggling with a busboy and staring at our table. Our point of ""complaining"" was truly not to get anything free, but to let these little brats know that people aren't just going to stand by and let them slack on their job while they run around and socialize. We ended up tipping the server who actually took our order. I'm hoping this horrible expereince was just a fluke because I really like Tavern and want to continue coming back.",Uptown,Tavern,26.23,6.84,26.1,3,18-25,Prefer not to say,Caucasian
YtUt2x2ZuHB-nesS9jZNxQ,Customer_6565,2014-08-12 04:36:29,⭐⭐⭐⭐,,Uptown,Tavern,55.4,19.39,35.0,2,56-65,,Asian
VHq8eppUvd0LnGvgmQV1Bg,Customer_3532,2016-06-24 02:19:45,⭐⭐⭐⭐⭐,Oh wow. Yummiest!  Sweet potato chips with warm blue cheese sauce. Awesome. Two for one drink special til 10 pm. Perfect. Philly cheese steak egg rolls that were to die for. Great night out. Probably too cool of a place for this old gal.  I wish I was hungrier.,Uptown,Tavern,33.25,7.5,22.6,3,56-65,Prefer not to say,African American
FYok0kc1LXUEcOXAIS6lnw,Customer_5523,2015-10-25 18:02:13,⭐⭐⭐⭐,,Uptown,Tavern,31.92,7.97,25.0,2,36-45,Male,Hispanic
VkozyyuG3sn20kHTkvHFQw,Customer_3262,2015-09-24 23:59:11,⭐⭐⭐⭐⭐,,Uptown,Tavern,87.19,14.96,17.2,5,,Prefer not to say,African American
uoAV36WSfBbVY77wIxX1fw,Customer_4502,2017-04-08 16:52:58,⭐⭐⭐⭐⭐,"Food was so good! Great music, good casual or event atmosphere. Came here for a group birthday dinner. Their white sangria was amazing",Uptown,Tavern,123.16,25.63,20.8,5,56-65,Female,Asian
kLR2GQ3fxHZ2da6bs3gffw,Customer_1969,2017-05-26 02:42:06,⭐⭐⭐,"Another Yelper hit it -- this is a noisy, crowded restaurant with big screen TVs.  I wouldn't call it a sports bar.  Nothing wrong with the place.  Cool location, good beer selection.  The food - delicious, but eliminates itself as a ""sports bar"". My sons and I wanted to catch some pub grub and the hockey game.  Got the game.  The grub-- eclectic.  Do go here if you want a busy, bustling, energetic, tasty, flavorful, thumping music-beat experience.  Don't go here if you want  a burger, a beer and a hockey game amidst sports conversation.",Uptown,Tavern,40.54,6.66,16.4,3,36-45,Non-binary,
07_1NYdAGlQrTW9vQZ4EgQ,Customer_4463,2013-04-17 05:02:53,⭐⭐⭐⭐,,Uptown,Tavern,51.87,10.0,19.3,2,65+,,Hispanic
U2zgD5DQCFzXzj23byTiSw,Customer_6896,2017-05-27 22:50:01,⭐⭐⭐⭐,tavern is above average and the american food is pretty good here. I like the ambiance and the TV in the restaurant. The drinks are good as well. It's in a neat area that is right next to bars and the division places,Uptown,Tavern,42.19,5.8,13.7,2,65+,Female,Caucasian
VHq8eppUvd0LnGvgmQV1Bg,Customer_1213,2016-06-24 02:19:45,⭐⭐⭐⭐⭐,Oh wow. Yummiest!  Sweet potato chips with warm blue cheese sauce. Awesome. Two for one drink special til 10 pm. Perfect. Philly cheese steak egg rolls that were to die for. Great night out. Probably too cool of a place for this old gal.  I wish I was hungrier.,Uptown,Tavern,73.23,10.45,14.3,1,65+,Female,Caucasian
0aPl5G1wRuvHtl29W3r7Dw,Customer_3445,2018-03-23 16:01:31,⭐⭐⭐⭐,"Food is great, drinks are great, deals are great (Brunch with 2-4-1 drinks? Heck yeah!). The menu is extensive and interesting, with unique twists on classic dishes. The service is also great, but I am withholding a fifth star due to the management's seating policies.

We came for brunch on a Sunday expecting an hour plus wait, so when the hostess informed us it would be 1hr45m we weren't surprised. However, we became frustrated when we noticed there were 4 open tables on the patio that still hadn't been seated after an hour of waiting. It was a beautiful day so we asked the hostess about it and she said that the tables were reserved. When we asked again, she explained that the patio tables were not assigned to a specific server but were instead added on to a server's load inside, so they weren't seating them because they didn't want to overwhelm the servers. Totally understandable to not want to overwork your servers, but why not seat people with the caveat that service will be slower? Or better yet, why not specifically assign a server to the outdoor section so that wait times will be lower? Having worked in the service industry, our group was confused by this. We ended up just sitting at one of the empty patio tables until the hostess notified us that a table was ready. 

We ordered the Cheddar Biscuit, the Wood Fire Double Yokes, and a Turkey Feta Omelette from the specials board and all were delicious. The biscuit comes in a trio and though it doesn't look like a lot of food they are VERY filling. Our server surprised us with a side of White Trash Hash on the house because our food was taking longer than expected (we didn't even notice the timing, so it was a very nice gesture). The White Trash Hash is a must, this stuff is addicting! Potatoes, rice, and gooey cheese- who could ask for more.

Overall, great place for brunch in Nashville. Expect a long line but food worth the wait. Hopefully management can improve their seating policies to cut down on wait times in the future.",Uptown,Tavern,39.27,9.49,24.2,3,26-35,Female,
E6DAugRjP24LItD7BGW7zw,Customer_3083,2013-03-21 18:27:15,⭐⭐⭐⭐⭐,"My favorite place to eat and/or drink in Nashville.  

It's in midtown, which is local and away from the honky tonks.  The ambiance, food, drinks, and service is great.  And if anything, there is always good people watching.  I come to Tavern after church for brunch, out with my girlfriends for drinks, or out to a nice fun dinner with my boyfriend. 

My birthday was on a Wednesday last year, which is 2-for-1's night. I came with my girlfriends and had my favorite dessert, their S'mores!  So much fun!

When asked where do I want to go for brunch? Lunch? Dinner? or just a night out...I always pick Tavern.",Uptown,Tavern,39.51,5.82,14.7,1,18-25,Female,Mixed
gFzr7vTZX7t7kRtaKJU_KQ,Customer_1678,2015-09-10 19:52:35,⭐⭐⭐⭐⭐,,Uptown,Tavern,21.15,3.57,16.9,5,,Female,Hispanic
F44PdlI3I-6QmnOMkUE-Mw,Customer_7670,2016-06-12 18:12:17,⭐⭐⭐⭐⭐,"Great staff, service and food!

I ordered the kale salad (OMGosh - good!), short ribs tacos and the fried cauliflower- a MUST - even if you don't finish it all.",Uptown,Tavern,27.51,4.33,15.7,3,26-35,Male,Caucasian
RUKt-2f0UDKAyhaQubp5NQ,Customer_4781,2017-12-31 03:44:17,⭐⭐⭐⭐,"Unfortunately they don't take reservations.  It was a crazy busy weekend and took about an hour to be seated.
Sat on porch behind bar, they had propane heaters so it was plenty warm despite 15 degree weather.
Service was very attentive and friendly.  Food was great. Shasito peppers were perfect. Cauliflower was good and smoking hot spicy.
Glad we waited.",Uptown,Tavern,77.38,27.08,35.0,2,46-55,Prefer not to say,Mixed
JtPqmnpOpmT5CLzNITJIpA,Customer_9802,2014-10-14 01:06:23,⭐⭐,"Not my cuppa gin. Probably because of all that basil.

Tavern is big, a bit brash, bro-friendly with all the TVs and reasonably priced for its prime location on Broadway. Drop your name and cell phone number at the host stand and get sexted when your table is ready. So tech.

Reviews sing praises of their prime beef burgers, so wifey and I opted for a pair, each with bacon and cheese. Subbing a side salad for fries comes with a surcharge... the amount will totally surprise you. (Clickbait header fail: It's $3.50.)

With the fixin's and the greens, a $9.50 patty sizzled up to $16. And the lasting impression is nil, save the need for seasoning and a Maillard crust. It's an average burger that should be $8 at any pub, which gives me pause as to why it comes so highly praised. An off-night in the kitchen? Labor Day weekend lethargy? Unclear. The end result just didn't resonate.

Could cocktails save the day? Her berry julep was all pulp and my 1920 (a gin, grapefruit, ginger and basil concoction borrowed from Brinkley's) tasted only of the green leaf. No tartness, no ginger bite, no other herbal subtleties from the spirit. Just basil. All the basil. At least they were cheap-ish!",Uptown,Tavern,49.99,4.98,10.0,3,,Male,Caucasian
AujPDhPrIDBIbO7lcHkQnQ,Customer_2468,2018-09-25 20:39:34,⭐⭐,Truly not worth the wait. I've tried a couple dishes and nothing has been great- wouldn't really recommend. Almost everything I have tried has either been too dry or too salty. The ambiance is nice but it's pretty slow. The only good food item is their fries.,Uptown,Tavern,31.75,4.86,15.3,1,,Male,
GW57CusYWiaPlFtd4V55qQ,Customer_1669,2015-10-12 00:22:56,⭐⭐⭐,Hmmmmm it's decent. Not sure about the 'rave' reviews to be honest. The prices kind of turned me off. They have a brunch item of Kaya Toast which is to out it bluntly ridiculously overpriced. I can get a jar of Kaya from the Asian market for 1/10the price of the dish. Not impressed.,Uptown,Tavern,39.61,9.56,24.1,3,26-35,,Asian
nU3yXbOMYoOcEipiQSoFOw,Customer_5319,2017-06-18 01:14:59,⭐⭐⭐⭐,Ordered to go through Uber Eats. Great burger and fries. A little pricey but the to go containers made it worth it. 4 stars only bc it was a little cold by time it got to my house. Will order again soon.,Uptown,Tavern,41.06,5.81,14.1,2,65+,,Native American
uoAV36WSfBbVY77wIxX1fw,Customer_3657,2017-04-08 16:52:58,⭐⭐⭐⭐⭐,"Food was so good! Great music, good casual or event atmosphere. Came here for a group birthday dinner. Their white sangria was amazing",Uptown,Tavern,35.08,7.91,22.6,5,18-25,Female,Hispanic
_XMqwgsyC-pzWuFkkRCpLg,Customer_7038,2018-03-06 03:01:34,⭐⭐⭐⭐⭐,"Best brunch! Came here on a busy Saturday with a group of girls. Everyone loved their food and drinks! Waitress was friendly, efficient and knowledgeable about all menu and drink items. Would definetly come here again.",Uptown,Tavern,32.21,11.27,35.0,6,,Prefer not to say,
N0VzM4PsaMp9HLY2u9dBPw,Customer_1664,2014-04-21 03:51:31,⭐⭐⭐⭐⭐,,Uptown,Tavern,55.94,9.21,16.5,2,65+,Prefer not to say,African American
pAFYZxLn7I91w8Wo0UmD3A,Customer_7450,2015-04-19 19:02:01,⭐⭐⭐⭐⭐,Sunday Funday !!!! Best place to go on Sunday!!!! Excellent breakfast/brunch! If you got to watch your football/ ice hockey playoffs- any sports! This is the place!,Uptown,Tavern,26.57,5.35,20.1,2,18-25,Non-binary,Native American
MTQAkU8_Rl-1-ygnnIpqyw,Customer_5173,2015-04-03 19:16:22,⭐⭐⭐,,Uptown,Tavern,74.18,10.02,13.5,2,18-25,Prefer not to say,Other
T7PwIqKUeKW4mMlO_-BnGQ,Customer_6016,2017-03-04 16:52:55,⭐⭐⭐⭐⭐,"Just walked into the Tavern Nashville and was served by the brightest smile in the world. Thank you Heather , amazing server.",Uptown,Tavern,39.22,2.74,7.0,2,26-35,Female,Other
nU3yXbOMYoOcEipiQSoFOw,Customer_7175,2017-06-18 01:14:59,⭐⭐⭐⭐,Ordered to go through Uber Eats. Great burger and fries. A little pricey but the to go containers made it worth it. 4 stars only bc it was a little cold by time it got to my house. Will order again soon.,Uptown,Tavern,79.43,10.67,13.4,4,26-35,Female,African American
zqbyzh0-N96CvEgMOj098Q,Customer_2924,2018-03-26 00:24:56,⭐⭐⭐⭐,"Nice place. More of a sports bar than I expected, lots of TV's. Good ambience, very good server. Food was good quality, sweet potato fries were great but could of stood to be a little hotter. Food came quick and beer on tap was fresh and of good selection.",Uptown,Tavern,48.93,11.65,23.8,4,26-35,Non-binary,Asian
B7oJ823S4CSlHydsgeTdng,Customer_3251,2014-04-21 20:18:30,⭐,,Uptown,Tavern,29.73,11.89,40.0,2,36-45,,Mixed
kLR2GQ3fxHZ2da6bs3gffw,Customer_1643,2017-05-26 02:42:06,⭐⭐⭐,"Another Yelper hit it -- this is a noisy, crowded restaurant with big screen TVs. I wouldn't call it a sports bar. Nothing wrong with the place. Cool location, good beer selection. The food - delicious, but eliminates itself as a ""sports bar"". My sons and I wanted to catch some pub grub and the hockey game. Got the game. The grub-- eclectic. Do go here if you want a busy, bustling, energetic, tasty, flavorful, thumping music-beat experience. Don't go here if you want a burger, a beer and a hockey game amidst sports conversation.",Uptown,Tavern,20.17,1.81,9.0,6,46-55,,Hispanic
e9xv13-dhqgqTPBJuW1F9w,Customer_7677,2016-04-01 12:50:36,⭐⭐⭐⭐,,Uptown,Tavern,39.22,5.83,14.9,2,26-35,Non-binary,Hispanic
wp4A8FE8F1cMpNx1sjzskw,Customer_7230,2017-10-27 02:42:29,⭐,"Bartender needs to go back to bartenders and hospitality school. Would not let us share two for one happy hr drinks . What does she care and why try to force us to buy more than we wanted . Rude and does not belong in the restaurant business . Never had this happen anywhere not even in front be star restaurants inNY , LA or Miami . Lazy greedy people who don't want to work and know nothing of taking care of customers . Good luck your gonna need it if you intend to survive much longer . All these places are empty but still the service is shoddy .",Uptown,Tavern,38.87,6.63,17.0,2,26-35,,Mixed
phWrYKpwnfgh1P13O9mO0g,Customer_3195,2014-01-21 03:00:33,⭐⭐⭐⭐⭐,,Uptown,Tavern,21.28,4.51,21.2,2,36-45,Prefer not to say,African American
E0UfPhlljIaU07QUMAcaBw,Customer_1943,2018-06-29 13:49:18,⭐⭐⭐,,Uptown,Tavern,67.28,7.93,11.8,4,26-35,Female,Asian
E6DAugRjP24LItD7BGW7zw,Customer_4946,2013-03-21 18:27:15,⭐⭐⭐⭐⭐,"My favorite place to eat and/or drink in Nashville. It's in midtown, which is local and away from the honky tonks. The ambiance, food, drinks, and service is great. And if anything, there is always good people watching. I come to Tavern after church for brunch, out with my girlfriends for drinks, or out to a nice fun dinner with my boyfriend. My birthday was on a Wednesday last year, which is 2-for-1's night. I came with my girlfriends and had my favorite dessert, their S'mores! So much fun! When asked where do I want to go for brunch? Lunch? Dinner? or just a night out...I always pick Tavern.",Uptown,Tavern,25.63,4.47,17.4,1,65+,Non-binary,
14JPuG_IyWeP-DQGrpNdng,Customer_5375,2015-04-18 18:36:57,⭐⭐⭐⭐,Great place to watch sports and try the good food selection. Brunch is great on the weekend and have something special always. Just get ready for the line so my ght as well get a spot on the bar or wait forever.,Uptown,Tavern,92.53,18.65,20.2,2,46-55,Prefer not to say,Native American
QdrmnbVOsEWMnhi46mzl3w,Customer_7576,2015-09-18 04:55:00,⭐⭐⭐⭐⭐,"Not my kind of place but I think if it was it would be fantastic! 
Loud music, sports on big TV s, huge bar, inside or outside seating. Friendly attentive staff, food artsy. Served lightning fast. Very clean and beautifully decorated. Enjoyed my Burger very much. Micheal loved his Junk Salad... Great place for those who like what I described.",Uptown,Tavern,65.14,13.18,20.2,6,65+,Non-binary,Mixed
TqBseui1uj8S9CyQ1J55dg,Customer_6906,2015-07-09 15:55:40,⭐⭐⭐⭐⭐,,Uptown,Tavern,45.43,15.9,35.0,2,36-45,,
GW57CusYWiaPlFtd4V55qQ,Customer_5437,2015-10-12 00:22:56,⭐⭐⭐,,Uptown,Tavern,34.62,7.16,20.7,2,65+,,Other
BzmEOiTGKggT-HAfQiLrNg,Customer_2041,2018-03-17 17:58:38,⭐⭐⭐⭐⭐,,Uptown,Tavern,28.57,7.55,26.4,5,36-45,Female,Hispanic
U2zgD5DQCFzXzj23byTiSw,Customer_1129,2017-05-27 22:50:01,⭐⭐⭐⭐,tavern is above average and the american food is pretty good here. I like the ambiance and the TV in the restraunt. The drinks are good as well. It's in a neat area that is right next to bars and the division places,Uptown,Tavern,45.56,6.19,13.6,5,,,Native American
RUKt-2f0UDKAyhaQubp5NQ,Customer_4037,2017-12-31 03:44:17,⭐⭐⭐⭐,"Unfortunately they don't take reservations.  It was a crazy busy weekend and took about an hour to be seated.
Sat on porch behind bar, they had propane heaters so it was plenty warm despite 15 degree weather.
Service was very attentive and friendly.  Food was great. Shasito peppers were perfect. Cauliflower was good and smoking hot spicy.
Glad we waited.",Uptown,Tavern,88.43,9.23,10.4,2,56-65,Female,Mixed
bVgotkqrJEinltwv__icwA,Customer_7081,2013-08-18 09:32:48,⭐⭐⭐⭐,,Uptown,Tavern,37.68,4.33,11.5,2,46-55,Non-binary,
FV1jBl_-mID3BG0ZWkc5Pw,Customer_4924,2016-02-14 15:33:54,⭐⭐⭐⭐⭐,"Amazing bloody Mary's! We went there yesterday and their ""brunch"" was between 10-3 and consisted of 2 for 1 bloody Mary's. The place was packed and had to sit outside. Would recommend they actually turn the heat lamps on when it's 35 degrees out! Get here early to get a seat! We didn't try the food but the menu looked great.",Uptown,Tavern,31.72,5.97,18.8,2,,Non-binary,African American
z7Q-X5Hq3dFjZY9AI7DQUw,Customer_2944,2015-10-26 04:38:30,⭐⭐,"Meh. I don't see how this place got such high marks. 
We started off with the cauliflower buffalo bites and steak and cheese egg rolls. The cauliflower bites were kind of soggy/a little overdone. The cheese steak egg rolls were nothing to write home about either. They were served up with what tasted like a hunts ketchup dip and a cheese dip straight out of a jar.
I ordered the turkey BLT and asked for an extra side of the avocado aioli. The aioli did not taste like avocado. The turkey BLT should just be called a turkey sandwich because BLTs should contain a decent amount of bacon and lettuce. My sandwich came with a sliver of bacon and even less lettuce. It was stacked with turkey but it needed way more lettuce to help freshen it up. It was served with sweet potato chips that were soaked in oil. 1/4 were edible and the rest were to drenched in oil to even think about eating. I don't know why our food took so long. For sure they weren't back there frying up fresh chips for me.",Uptown,Tavern,77.69,8.25,10.6,2,46-55,Male,Native American
ehERpSrCfnmQbBplpytufQ,Customer_5338,2014-01-17 01:08:16,⭐⭐⭐⭐,"First time back to Nashville since I was in high school, and can't believe I haven't been back sooner! Here at Vanderbilt for a class, and kept passing by the Tavern on my way to campus each morning... Had an inticing, rustic, downtown Manhattan look to it. So I put it on my list of places to check out. I looked here in Yelp, and saw it had great reviews. 

I came in for dinner tonight, and immediately noticed the reclaimed wood door, wrought iron, and alternative rock playing. I knew it would be a great place. I sat at the bar, as I was here by myself, and immediately got a menu and was offered a drink. I had the 1920, which was a little stout, but better than weak, am I right? I ordered the lamb tacos, Tennessee tavern fries, and cinnamon roll bread pudding. Tacos were small, but honestly a decent portion considering how much meat was on them. They were hot out of the kitchen, and the roasted peanuts gave it great crunch. Now, the Tennessee tavern fries ... Sweet potato fries with a touch of cinnamon and sugar, with jalapeño ketchup. Shut the front door, these were to die for. Light and airy, arrived in a mini frying basket with abundant portions. The ketchup was amazing, and I definitely asked for more. The cinnamon roll bread  pudding was a muffin size portion, with vanilla ice cream, homemade whip, and caramel sauce. Great flavor, not overwhelming. 

Service was fantastic, and even met some fun people! Highly recommend this place. I'll be coming back for sure.",Uptown,Tavern,50.73,10.99,21.7,1,56-65,Female,Asian
0aPl5G1wRuvHtl29W3r7Dw,Customer_3579,2018-03-23 16:01:31,⭐⭐⭐⭐,,Uptown,Tavern,46.42,0.0,0.0,2,36-45,Non-binary,Native American
vdk9BIqgbcQDkWQPwbBoMA,Customer_8418,2015-05-31 20:05:57,⭐⭐⭐,"Cute restaurant and great location. Service was poor. Waitress took 15 minutes to greet us and get our drink orders. Would have been okay, but she had slight attitude the rest of the night and made us seem more like a burden. Food was good. Not great, but good! Also, it was uncomfortably chilly, so bring a jacket.",Uptown,Tavern,29.98,3.62,12.1,3,26-35,Prefer not to say,Asian
rwTVjtPHfSAc5411N4aDHg,Customer_1296,2015-07-18 02:01:27,⭐⭐⭐⭐,"Came for brunch on Fathers Day, packed!  We were able to get a spot at the bar right away and ate there. Food was above average and the bartenders were quick and attentive.",Uptown,Tavern,36.89,6.65,18.0,1,65+,Male,
ii395UGz-QQyvcCNCJCDIg,Customer_6837,2015-03-18 20:14:03,⭐⭐⭐⭐⭐,,Uptown,Tavern,60.52,0.0,0.0,3,18-25,Male,Mixed
75H1aBmdeTCy6TYUKHhg4g,Customer_8317,2018-08-24 20:33:25,⭐⭐,,Uptown,Tavern,70.89,11.31,16.0,2,56-65,Non-binary,Mixed
W-3NiJYQ-vu9ju1Mcqmung,Customer_5577,2016-01-18 20:19:58,⭐⭐⭐⭐⭐,This was our first stop in Nashville. The brunch drinks were 2 for 1 (probably because the average wait time on a sat morning is 2 hours). We waited at the bar and had some of the most delicious brunch cocktails! The white trash hash and red velvet waffle were well worth the 2 hour wait! When in Nashville this is a MUST!,Uptown,Tavern,34.58,5.32,15.4,4,26-35,Prefer not to say,
K6PCShQxniv8LuDPuEnKxQ,Customer_9160,2017-05-27 04:05:35,⭐⭐,"Drinks were strong! Guacamole and fries were excellent. Beef short rib tacos were like chewing on a tire. Mahi sandwich was overcooked and super fishy. Tried this place a few years ago, never came back but thought we would give it another shot. Probably won't be back, maybe for guacamole and fries. Our server was awesome though.",Uptown,Tavern,69.81,9.88,14.1,2,46-55,Female,African American
Dzv84h7Cv3xSkoT4qHFtAQ,Customer_1414,2013-12-12 21:39:55,⭐⭐⭐⭐,,Uptown,Tavern,37.17,3.02,8.1,5,46-55,Non-binary,African American
U2zgD5DQCFzXzj23byTiSw,Customer_8421,2017-05-27 22:50:01,⭐⭐⭐⭐,tavern is above average and the american food is pretty good here. I like the ambiance and the TV in the restaurant. The drinks are good as well. It's in a neat area that is right next to bars and the division places,Uptown,Tavern,27.57,4.42,16.0,2,46-55,Prefer not to say,Mixed
--yprFLq4gQcfY87SX9z8A,Customer_1055,2014-05-12 16:03:53,⭐⭐⭐⭐⭐,"We went here for dinner last night with our Yelp Elite spring break friends and the food was great. I ordered a burger medium well with white cheddar, and I substituted for the Tennessee sweet potato fries with the garlic aioli which were fantastic. My friend got a Jalapeño-infused strawberry margarita, which was yummy, as well as the chimichangas, which were also very good. The chimichangas were soft, rather than deep fried, which was interesting. I will say that they don't do any happy hour specials here, which was disappointing. I got an angry orchard cider in a can, which I had never seen before because usually I get bottles, and it was $5.50 which is a little expensive. Food was great though like I said, and food prices were reasonable.",Uptown,Tavern,71.5,12.54,17.5,5,18-25,Male,Mixed
HMMVw9xXON6f42jL3mW2vw,Customer_8197,2016-05-19 15:33:05,⭐⭐⭐⭐⭐,,Uptown,Tavern,41.32,0.0,0.0,4,18-25,Non-binary,Mixed
hMwxC0Nfkh7Tu2rLgEgMBg,Customer_1747,2017-04-09 14:43:38,⭐⭐,Maybe they gave a great brunch? I had their burger for dinner it was not very good dry with little flavor. Fries were greasy. The service was nice. Valet parking.,Uptown,Tavern,13.51,1.91,14.1,2,26-35,Prefer not to say,African American
1qLEWsj1MiQlZlGaoSHoIA,Customer_2076,2014-06-30 11:25:54,⭐⭐⭐⭐⭐,,Uptown,Tavern,18.54,2.12,11.4,1,36-45,Prefer not to say,Asian
IYPW6D-FXZeFM0Ri9hoLtw,Customer_5933,2018-01-01 19:25:58,⭐⭐⭐⭐⭐,"Great brunch and cocktails! The Nooner, Roasted Peppers and Squash, and Blueberry Waffles were great. Very good Bloody Mary, red sangria, and signature craft cocktails.",Uptown,Tavern,66.91,14.35,21.4,4,56-65,Male,Asian
5WeRW1JcJ21CJ0h4WV-uUg,Customer_9668,2011-10-31 21:09:42,⭐⭐⭐⭐,,Uptown,Tavern,33.12,1.65,5.0,6,65+,Male,
tW-rXzNfiK8yhm1BrfsYfg,Customer_1574,2011-03-26 18:55:07,⭐⭐⭐⭐,,Uptown,Tavern,34.6,5.19,15.0,2,26-35,Prefer not to say,Mixed
LtkOv5ZJcK2WP3ZikfAt-w,Customer_7402,2013-03-20 20:41:47,⭐⭐⭐⭐,"Best place within walking distance from my hotel. It's a pretty modern and happening place, with a cool feel to it. I really was looking for a good salad, and was pleasantly surprised with my Junk Salad (romaine, salami, shrimp, olives, pepperoncini, hearts of palm, grape tomato, cucumber, blue cheese, champagne dijon vinaigrette). This was a super tasty salad. I came back 4 days later and had the burger and sweet potato ships. Burger was pretty good, and my only complaint was that the chips were a little on the salty side. Brush some of the salt off and it was good.",Uptown,Tavern,32.79,5.22,15.9,5,65+,Male,African American
QCb9Wgt7bCB0GDTNaght9w,Customer_8940,2014-11-01 01:58:16,⭐⭐⭐,"The kale salad is excellent. The rest of the food was ok. Far too expensive I'd you ask me for the sports bar type atmosphere, mediocre food and almost bad cocktail. The waitress come by and asked us if we liked the food about 14 times in our hour dinner and took our plates away the second we finished it which I thought was way too aggressive.",Uptown,Tavern,25.62,2.88,11.3,5,36-45,Female,Mixed
oFP6-gL1bU4GZD_JZSmOZA,Customer_6771,2015-02-16 22:29:19,⭐⭐⭐,,Uptown,Tavern,108.93,30.5,28.0,1,,Female,Asian
qoeHxf8mW1wZxAHhOsJmAw,Customer_8253,2015-11-08 20:52:20,⭐⭐⭐⭐,Go for the buffalo cauliflower! What better combination could you ask for?! The drinks also are delicious. The space is large and draws a mix after work - a great place for happy hour.,Uptown,Tavern,79.57,21.1,26.5,3,56-65,Female,African American
8Lpm7yJ4lBZr_kXZMaCZuQ,Customer_8760,2011-04-24 14:08:27,⭐⭐⭐⭐,"Where should I start... Oh yeah, I love this place! Went for the first time this weekend and all the things I've heard about this place are true. Great food, amazing outdoor patios and a great variety of drinks. We started out with the Lobster Hushpuppies and Bazooka Guacamole. The presentation was modern and they most definitely delivered on taste, the only issue I had, was I wanted to order more appetizers! After some self restraint we order our entrees; I took the servers recommendation and had the burger and everybody else had the BLT. Looking back I wish I would have tried something new, don't get me wrong it was good but there are some amazing sounding dishes on the menu. Next time I guess. All in all if you are looking for a trendy spot to have a bite and a few drinks, I definitely recommend this place! Oh yeah, I almost forgot use the hot sauce!",Uptown,Tavern,25.86,2.83,10.9,1,,Female,Mixed
ZJ1BaiHZuvuT0WwVDrLZMA,Customer_8692,2015-01-04 14:12:37,⭐⭐⭐⭐⭐,"We wanted to check this place out after seeing the great reviews. Arrived on Thursday (New Years Day) around noon and the place was packed with a hour and a half wait. We put our name in and went next door for a drink, The restraunt texted us when our table was ready and also had a cool app that you can check your place in line. Only had drinks and a few apps. The tuscan fries were good but had a LOT of garlic. My friend loved her Kale salad. If you like a bloody mary, try the cucumber mary made with cucumber vodka. It was unbelievable. This was hands down out favorite place in Nashville and this place had the BEST servise we got our whole trip. A+ to the staff. We were really really impressed. We went back on Friday night around 1am and it was pretty empty. The guy sitting next to us said its really a better brunch or Sunday Funday bar and not busy at night.",Uptown,Tavern,77.45,9.93,12.8,5,18-25,,
ULAWZ1osipnDpvQIaZjN2w,Customer_2979,2011-08-03 04:39:32,⭐⭐⭐,"Overall: I've only been for brunch and was happy with it soo... nice place to relax and have a little hangover cure on a Saturday or Sunday morning. Food/Drinks: There are LOTS of brunch options. The Singapore stir fry was great, though it appeared the eggs had been sitting under a heat light for a little while. Still, it was flavorful and not something I've seen anywhere else. I was less impressed with the red velvet waffles. They were extremely dense, and pretty much just tasted like pink waffles. Not bad, just not like red velvet. Be sure to order them with a side of maple syrup, it helps with the density factor. There are a handful of 2fer drink options on the very top of the menu and while they are expensive ($10.50,) from what I've tasted, they're pretty good (and strong.) Go for the blood orange mimosa. Service/Atmosphere: Our waitress started out being extremely attentive and knowledgeable but kind of dropped off as the meal progressed. That would be understandable if the restaurant had gotten busier but it hadn't. Anyway, she was still nice so I won't complain anymore. The restaurant is very open but seems smaller than when it was under its old name (Lime.) I do like the big open bar, though. Price: About $40 for 2 people to eat & get a drink a piece for brunch (not including tip)",Uptown,Tavern,40.65,3.29,8.1,4,,Female,Asian
FYok0kc1LXUEcOXAIS6lnw,Customer_7495,2015-10-25 18:02:13,⭐⭐⭐⭐,Nice little cozy spot. Atmosphere is casual and classy. I had the chicken skewers with rice. It was very tasty and light. Also had a margarita that was fantastic! I only like fresh margaritas and this one passed the test. Recommend checking it out.,Uptown,Tavern,39.34,3.21,8.2,4,65+,,Asian
5HhsI2ko1EosUcswlY9dfQ,Customer_3996,2011-05-27 19:30:03,⭐⭐⭐,,Uptown,Tavern,44.52,8.88,19.9,1,,Prefer not to say,Other
xddfrSVXSiSuJd_phMlXSA,Customer_5294,2014-12-22 19:41:26,⭐⭐,,Uptown,Tavern,68.02,17.4,25.6,1,36-45,Prefer not to say,
kLR2GQ3fxHZ2da6bs3gffw,Customer_5303,2017-05-26 02:42:06,⭐⭐⭐,"Another Yelper hit it -- this is a noisy, crowded restaurant with big screen TVs.  I wouldn't call it a sports bar.  Nothing wrong with the place.  Cool location, good beer selection.  The food - delicious, but eliminates itself as a ""sports bar"". My sons and I wanted to catch some pub grub and the hockey game.  Got the game.  The grub-- eclectic.  Do go here if you want a busy, bustling, energetic, tasty, flavorful, thumping music-beat experience.  Don't go here if you want  a burger, a beer and a hockey game amidst sports conversation.",Uptown,Tavern,54.46,10.93,20.1,1,26-35,Female,African American
LziEMdQo2jfSxlg0n_hVXQ,Customer_6670,2012-12-05 15:35:01,⭐⭐⭐⭐⭐,"Delicious! I had a burger and my wife got the eggs with short ribs, both of which we loved. For dessert we had an orange float, which we also quite enjoyed. The servise was excellent, and the food was really quite cheap. Definitely worth a visit!",Uptown,Tavern,38.87,6.67,17.2,2,65+,,African American
MTQAkU8_Rl-1-ygnnIpqyw,Customer_4016,2015-04-03 19:16:22,⭐⭐⭐,,Uptown,Tavern,102.01,21.52,21.1,3,36-45,Prefer not to say,Caucasian
xPS_JW---lzeO4Z68IFkTg,Customer_6530,2015-07-05 22:04:46,⭐⭐⭐⭐,"This may seem like a standard American burger joint, but they actually have taken pains to create a thoughtful and surprising menu. 

There are options ranging from middle eastern to Mediterranean to Indian to new American and I had a sampling of them all. Everything had a distinct flavor profile, regardless of whether I liked it, and the burger was one of the best I've had in Nashville. Oh, and for dessert you can roast your own marshmallows at the table. 

Service wasn't the greatest, but not terrible as other reviews have noted and overall this is a spot I'd recommend.",Uptown,Tavern,15.51,2.86,18.4,2,65+,Male,Other
hMwxC0Nfkh7Tu2rLgEgMBg,Customer_8844,2017-04-09 14:43:38,⭐⭐,Maybe they gave a great brunch? I had their burger for dinner it was not very good dry with little flavor. Fries were greasy. The service was nice. Valet parking.,Uptown,Tavern,45.84,9.46,20.6,3,26-35,Male,Hispanic
9chZYiGTTrkRaHZQxg__FA,Customer_9057,2016-10-02 03:21:25,⭐,"Decided to try this place after our Airbnb host recommended it. Total miss! Way too overpriced for what we got. We ordered guacamole because they were out of cauliflower. The guacamole was too plain, lacking salt and spice. The size was ridiculously small and disproportional to the amount of chips you get with it. We also had chicken skewers, that were described as ""sesame, garlic, ginger..."". It literally tasted like chicken with some super sweet teriyaki sauce. The rice with it was totally plain too. We had kale salad with ahi tuna. Also was lacking taste, and the size of kale and tuna was disproportional. Not worth the money at all.",Uptown,Tavern,42.45,6.13,14.4,4,,Female,Caucasian
_YFRLnmfK_00lfI_j8D-bA,Customer_5995,2014-12-20 20:42:02,⭐⭐⭐⭐,"Tavern has a great brunch situation if you are looking to have drinks. 2 for 1 mimosas, bellinis, bloody Mary's and sangria make for a great start to the day. Brunch can get very packed during peak hours so you want to get there early on Saturdays and Sundays.",Uptown,Tavern,37.13,9.3,25.0,2,65+,,Mixed
gQIp6dKzwQniHhb0ryTHdw,Customer_2175,2011-08-26 18:32:42,⭐⭐⭐⭐⭐,"Tavern has Nashville's best burger. I was sad when it was gone. Fantastic.

The staff is friendly, and the service is great. They even brought our group free s'mores. (That's right: They have s'mores.)

I have a new favorite Nashville restaurant.",Uptown,Tavern,24.59,4.96,20.2,1,46-55,Female,Other
zxkTGMwdebvHgkgA-fd-XQ,Customer_5699,2013-03-23 15:11:43,⭐⭐⭐,"I was so disappointed that my 2nd Tavern experience wasn't as flawless as my first one. I'm only giving it 3 stars due to the service we received from the manager and because most of the food was still good. 

I met 3 friends for a late Saturday brunch, 2 of which had never been there before. I was excited to introduce them to Tavern's fabulousness but left feeling a little embarrassed after the service we received. 

For starters, it took about 20 minutes before our server even acknowledged us. I asked about drink specials and as soon as the last word came out of her mouth she walked away leaving me unable to order a drink. About 10 minutes later she finally came back. After ordering drinks it took another 10 minutes to get them. We were ready to order our meals (had been for about 30 minutes) but again, she walked away before we could do so. Instead, she sauntered on over to the bar and proceeded to talk and flirt with some guy at the bar for over 20 minutes. We timed it. At that point we were so disgusted that we stopped another server walking by and asked if we could order with her. She was happy to help us. My 3 friends ordered the Tavern burger and they all liked it. I opted for a ham and brie omelette and it was kind of meh. I remembered I don't like brie (my fault for ordering it) and I had to pick it all out. The omelette was lacking flavor anyway. I should have at least salt and peppered it myself, I guess. The side of white trash hash was very tasty but an extremely small serving. Only about 5 bites. Because of our shitty server we were never offered to order a second round of drinks and it was past happy hour since of course we had been sitting at the table for almost 2 hours at that point. Dirty dishes sat on our table for 30 minutes while we waited for our checks. During our 2 hours at the table our server only came around 3 times. Very disappointing. 

With the exception of the burgers my friends had, the dining experience was pretty terrible. We ended up speaking with Madeline, the manager, about our experience. She was very nice and seemed to sincerely care about what we had to say. She ended up comping our entire meal and gave us some coupons to come back and try brunch again. However, while we were speaking with Madeline the server in question was whispering and giggling with a busboy and staring at our table. Our point of ""complaining"" was truly not to get anything free, but to let these little brats know that people aren't just going to stand by and let them slack on their job while they run around and socialize. We ended up tipping the server who actually took our order. 

I'm hoping this horrible experience was just a fluke because I really like Tavern and want to continue coming back.",Uptown,Tavern,23.78,5.72,24.0,2,26-35,,
JEznrmADZ6HgxUwggBW0Ww,Customer_6141,2018-05-20 13:15:26,⭐⭐⭐,"Let's start off with positives, on a Saturday night around 8pm we didn't have a wait and the restaurant looked very nice an upscale sports bar basically. The service was good and the server was very attentive until the end when we wanted our check.

I ordered the fish tacos. The tacos were extremely small and did not have a lot of fish or anything else. We ordered the buffalo cauliflower which was very good. We also ordered the chicken skewers which tasted average but once again a smaller portion. Somebody else at the table ordered the Tavern burger which looked really good (even though they forgot the bacon), she said it was delicious.",Uptown,Tavern,14.64,3.15,21.5,4,,Prefer not to say,Caucasian
_YFRLnmfK_00lfI_j8D-bA,Customer_2191,2014-12-20 20:42:02,⭐⭐⭐⭐,"Tavern has a great brunch situation if you are looking to have drinks. 2 for 1 mimosas, bellinis, bloody Mary's and sangria make for a great start to the day. Brunch can get very packed during peak hours so you want to get there early on Saturdays and Sundays.",Uptown,Tavern,58.75,12.73,21.7,4,65+,Male,Mixed
QdrmnbVOsEWMnhi46mzl3w,Customer_5385,2015-09-18 04:55:00,⭐⭐⭐⭐⭐,"Not my kind of place but I think if it was it would be fantastic! 
Loud music, sports on big TV s, huge bar, inside or outside seating. Friendly attentive staff, food artsy. Served lightning fast. Very clean and beautifully decorated. Enjoyed my Burger very much. Micheal loved his Junk Salad... Great place for those who like what I described.",Uptown,Tavern,46.41,7.23,15.6,2,56-65,Non-binary,Mixed
M3EPjYaN9PiuclPw9SJeuw,Customer_2496,2015-12-24 20:23:39,⭐⭐⭐⭐,*** BUFFALO CAULIFLOWER *** Need I say more? : ) Friendly staff. Fun atmosphere. Trendy but casual at the same time... ooo and the outdoor patio is a must when the weather is nice.,Uptown,Tavern,68.55,8.16,11.9,1,46-55,,Asian
ymbDu_j2XrNFcYItj4GWfw,Customer_9137,2017-06-17 21:02:18,⭐,"I have never been so insulted and talked down to in my life. Michelle, I think that's her name it's on my receipt but she never introduced herself, was the rudest person I have ever given my money to in my life. When we sat down she was talking about personal issues with the barback loud enough for us to hear and I thought that was odd in and off itself. When she gave us our menus she said a few times ""these menus are good for the next 30 seconds.""  Sorry but either give us brunch or give us dinner menus and explain that the kitchen is in the midst of a shift change, don't make us feel pressured because you dropped menus that have an extremely short time limit. Instead of eating we decided to just get drinks. She let us know that the brunch menu libations were, her words, 2 for 1. We ordered a mimosa off the list and hung out. When we got get drinks they set two wooden tokens down but didn't reference the at all, so we didn't know what they were for.  Eventually ordered some food off the dinner menu to go. She was very non existent the whole time we were sitting at the bar, not attentive at all. When we asked for the bill I saw that both our drinks were on there. I asked about them and let her know about the 2 for 1 statement she said. She then proceeded to tell me it was buy one, get one and that's what the tokens are for. I told her that ""buy one get one"" and ""2 for 1"" are different and if we knew it was BOGO we would have ordered another drink (if she would have even paid attention to us).  After a little back and forth she said she would take care of it and that ""they weren't trying to screw us.""  She talked to us like we were the worst people on earth because she doesn't know how to explain her own restaurants policies. I work in an industry that has me visiting 10-15 bars/restaurants/hotels a day and I have never had a worse hospitality experience in my life. Tavern Management - this employee is losing you revenue left and right.  Not only is she not taking care of customers and grabbing reorders, she is turning people away for good. This treatment was so horrible and off putting that I am going to go out of my way to recommended against going to Tavern due to the disrespect we felt. Hopefully your floor managers recognize how bad she is and theyo do something about it because she is taking money out of your pocket every shift she works.",Uptown,Tavern,42.71,7.2,16.9,5,26-35,Male,
xnzjT7V6LXHVxPCMAfeieA,Customer_3246,2012-09-13 00:17:05,⭐⭐⭐⭐⭐,,Uptown,Tavern,41.92,11.32,27.0,5,26-35,Prefer not to say,African American
ZLJZGHB9bXDXdnIhEN7jgg,Customer_9128,2013-10-15 19:45:03,⭐⭐,"Came in for lunch while in Nashville in business. The waitress sold me on their Bloody Mary, so I ordered that and the lettuce wraps. The bloody was ridiculously watered down. It tasted watered down and looked like the glass was about 85% water/ice. When I commented on the look and taste, the waitress proceeded to tell me that if it looked watered down, there was probably extra vodka in it, which I couldn't taste because it was ""infused"" which cuts down on the vodka taste. What a load of BS. It was one of the most disappointing bloodies I've had. I should have sent it back, but she was adamant that I was wrong. Lettuce wraps had a nice spicy kick, which I liked, but it failed to redeem the dry, canned-tasting chicken. Very. Under-impressed.",Uptown,Tavern,69.14,16.58,24.0,1,65+,Male,African American
9chZYiGTTrkRaHZQxg__FA,Customer_4991,2016-10-02 03:21:25,⭐,"Decided to try this place after our Airbnb host recommended it. Total miss! Way too overpriced for what we got. We ordered guacamole because they were out of cauliflower. The guacamole was too plain, lacking salt and spice. The size was ridiculously small and disproportional to the amount of chips you get with it. We also had chicken skewers, that were described as ""sesame, garlic, ginger..."". It literally tasted like chicken with some super sweet teriyaki sauce. The rice with it was totally plain too. We had kale salad with ahi tuna. Also was lacking taste, and the size of kale and tuna was disproportional. Not worth the money at all.",Uptown,Tavern,21.06,4.25,20.2,4,46-55,,Other
3YsZ4NZsrLIWs2Tp92dCUA,Customer_8436,2011-12-01 00:19:01,⭐⭐⭐⭐⭐,"I really enjoyed this place. Very interesting menu, great drink selection, loved the decor/ambience and our kiwi bartender was great. I will definitely come back next time I am in town.",Uptown,Tavern,36.52,4.31,11.8,2,56-65,,
1HGhLSTFblUVvsEajmaY6w,Customer_4790,2018-09-17 15:22:17,⭐⭐⭐⭐,"Our food was pretty. The resturant is decorated really nice and lots of seating. We got the mussels appetizer which was amazing! I got a wedge salad and my husband got the bbq ribs tacos. I liked talking to the server Zack, he was really nice and a good server. I would go back there just for the mussels!!",Uptown,Tavern,21.23,3.11,14.7,4,56-65,Female,African American
_mszOYlLvQN8_xsk7D7r0w,Customer_1463,2017-09-10 13:58:13,⭐⭐⭐⭐⭐,"This place was AMAZING! I found it on yelp and saw the reviews, knew my dad and I had to check it out. We immediately got a killer spot at the bar and was greeted by the nicest bartender we've come across in Nashville this far. I had some white wine and my dad had beer on tap. We split (demolished) the nachos- I highly recommend adding chicken!! I could have ordered everything else on the menu but the nachos were super filling. Very hip place, highly recommend",Uptown,Tavern,30.45,4.18,13.7,2,36-45,,
L6EpvJIV4WjNQ9CK1OsU5Q,Customer_4886,2013-07-20 16:56:35,⭐⭐⭐⭐,"Tavern is great for brunch, lunch or dinner. The atmosphere is casual, yet classy, with dim lighting as well as some natural light above the bar and in the front room of the restaurant. There are TVs for watching sports as well. In the Midtown area of downtown, this M Street restaurant has a nice bar and cozy half-moon booths. There is also a street-side patio (with very uncomfortable, wrought iron circle tables that do not fit well with the permanent wood bench) and valet parking.

For brunch, the white trash hash is a must with any dish. The cheddar cheese biscuits with chorizo gravy and turkey BLT were great savory dishes, but I have heard amazing things about the red velvet waffles.

For lunch and dinner, don't go with the grilled cheese. The menu has so much more to offer, and it's not the greatest grilled cheese I've ever had. The guacamole was a small serving, but fresh and with great flavor. The sweet potato chips with blue cheese fondue is to die for! I'm not a huge blue cheese fan, but this is the best cheese dip/fondue I've ever had! The chips are served fresh and warm. The mussels are also amazing, with bacon adding a unique taste. 

As for drinks, the strawberry balsamic martini is my favorite drink (on their menu and in the world).  Its sweet, with a small kick from the balsamic. Their whiskey drinks are strong and the berry julep is a good choice.

Overall, this is a great restaurant for any occasion from a business lunch to a hungover Sunday brunch. Be aware, they do NOT take reservations, which can be very frustrating, but the wait is worth it.",Uptown,Tavern,33.14,5.33,16.1,1,26-35,,Native American
TFrU2d0YpTbjicQj5sAGkg,Customer_7262,2014-03-14 09:18:07,⭐⭐⭐⭐⭐,"Only had drinks here, but it was great! They have a two for one happy hour from 2pm until 10pm. The bartender was super friendly and made a great drink!",Uptown,Tavern,59.0,14.43,24.5,3,26-35,Male,Mixed
TNgy0o_Bw8JvyEgvrSsKGg,Customer_6766,2018-08-17 11:15:11,⭐⭐⭐⭐⭐,Everything is wonderful at The Tavern!!!!. The servise is outstanding. The seafood choices are plentiful. The skillet bread is so so good! I love the portion size..just right. The Chocolate chip cookie skillet dessert is super super delicious! We have gone on a Sunday night a few times a it's semi- quiet and it's a delightful Sunday meal.,Uptown,Tavern,30.94,6.28,20.3,2,,Non-binary,
x7ya_jF5VRCGxRdXEDaqqg,Customer_5461,2014-07-30 02:33:41,⭐⭐⭐⭐⭐,,Uptown,Tavern,86.24,34.5,40.0,1,65+,Prefer not to say,Native American
TdRsc-2rEYUY5jKSRzlVGQ,Customer_1019,2016-04-26 00:36:17,⭐,Y'all gave my Asian friend and my white friend some food poisoning from the Caesar salad. Thanks Obama.,Uptown,Tavern,44.36,8.25,18.6,2,56-65,Prefer not to say,Other
LtkOv5ZJcK2WP3ZikfAt-w,Customer_8131,2013-03-20 20:41:47,⭐⭐⭐⭐,"Best place within walking distance from my hotel.  It's a pretty modern and happening place, with a cool feel to it.

I really was looking for a good salad, and was pleasantly surprised with my Junk Salad (romaine, salami, shrimp, olives, pepperoncini, hearts of palm, grape tomato, cucumber, blue cheese, champagne dijon vinaigrette).  This was a super tasty salad.

I came back 4 days later and had the burger and sweet potato ships.  Burger was pretty good, and my only complaint was that the chips were a little on the salty side.  Brush some of the salt off and it was good.",Uptown,Tavern,24.3,5.53,22.8,3,36-45,,
_mszOYlLvQN8_xsk7D7r0w,Customer_2458,2017-09-10 13:58:13,⭐⭐⭐⭐⭐,"This place was AMAZING! I found it on yelp and saw the reviews, knew my dad and I had to check it out. We immediately got a killer spot at the bar and was greeted by the nicest bartender we've come across in Nashville this far. I had some white wine and my dad had beer on tap. We split (demolished) the nachos- I highly recommend adding chicken!! I could have ordered everything else on the menu but the nachos were super filling. Very hip place, highly recommend",Uptown,Tavern,23.08,6.62,28.7,4,26-35,Prefer not to say,Mixed
4IsR7lxY-4gJx-itOP9VEQ,Customer_5209,2014-05-29 21:44:38,⭐⭐⭐⭐,"What I liked:
1. White Trash Hash- With a name like that, what's there not to like?  While I'm sure I could re-create this for about $2 (smashed fried hashbrowns smothered in cheese), it was well worth the extra cost to enjoy at brunch.  YUM!
2. Brunch Menu- There were too many delicious options to choose.  I went with a salad, but everything (especially the burger and french toast) looked and smelled fantastic.
3. Bloody Marys- They served my favorite, Zig-Zag mix and you get 2 for the price they charge.

What I didn't like:
1. This place gets VERY crowded on the weekend during the brunch rush.  We were quoted at hour+ wait shortly after they opened and ended up just snagging a seat at the bar.
2. Service- The bartender was understaffed and a bit slow to respond to requests.  They also forgot about part of our order and had to be reminded.

Overall Verdict: Make a reservation or show-up early and prepare to wait.  Get the white trash hash and enjoy delicious brunch!",Uptown,Tavern,37.49,3.62,9.6,2,18-25,Male,Other
qZll0RzBgnxw2Z4LnBii3w,Customer_4614,2016-05-09 15:54:16,⭐⭐⭐⭐⭐,The Tavern have the best burgers and the service was great. Atmosphere was nice and family friendly. I will definitely be back if I visit Nashville again.,Uptown,Tavern,79.03,16.79,21.2,2,18-25,,Other
OM7GeVeySv-MB1zH8YIq4A,Customer_7989,2011-06-30 15:41:36,⭐⭐⭐,,Uptown,Tavern,27.67,5.54,20.0,5,46-55,Prefer not to say,Hispanic
xe5QQ8zC45aqjUWoHshDlA,Customer_6867,2012-06-01 23:40:31,⭐⭐⭐⭐⭐,"This place is awesome!  We stumbled upon it after checking into our hotel...we wanted to walk around after being in the car for 9 hours and we were starving.  We got a table outside, it was loud, but what do you expect on a Friday night in early summer?
The food was great....I got the Nuevo Israeli bread salad and my husband got the turkey blt (with sweet potato chips (YUMMMM)--both fantastic.  
They have an extensive drink/beer list and the staff is knowledgeable about the beer they serve and didn't steer my husband wrong.  
Would recommend trying this place out if you haven't already.",Uptown,Tavern,92.97,13.3,14.3,1,65+,Prefer not to say,Asian
96YWbWWyWcKY26a8CVm2yQ,Customer_7077,2015-12-06 22:18:31,⭐⭐⭐,"Burger was great. Cooked perfectly, but nothing special. Packed for brunch specials. Seem to have awesome election of cocktails and awesome bartenders. Was there for food, don't really drink. Def would go back. Atmosphere was great too.",Uptown,Tavern,43.59,4.68,10.7,4,65+,Male,African American
QCb9Wgt7bCB0GDTNaght9w,Customer_8580,2014-11-01 01:58:16,⭐⭐⭐,"The kale salad is excellent. The rest of the food was ok. Far too expensive I'd you ask me for the sports bar type atmosphere, mediocre food and almost bad cocktail. The waitress come by and asked us if we liked the food about 14 times in our hour dinner and took our plates away the second we finished it which I thought was way too aggressive.",Uptown,Tavern,66.16,12.07,18.2,2,26-35,Prefer not to say,Native American
C3lyvFsXo9ijb2PovX3h7w,Customer_6144,2015-08-08 21:45:53,⭐⭐⭐⭐,"The atmosphere is very clean, modern, and slightly upscale. They offer a brunch and a large selection of drinks. They are very packed for brunch though. Their brunch runs pretty late. I got there around 2pm and they said brunch was ending soon. Their brunch menu items cost around $10 each. Their normal dinner menu gets a little pricier, but you don't have to spend a lot of money here.",Uptown,Tavern,26.68,4.77,17.9,4,56-65,,Mixed
m3rZ0UhIOrYqLREDtuNOzg,Customer_5615,2015-08-31 04:54:53,⭐⭐⭐,"3 stars for food and a 1/2 star for ambience/drink specials. Went here with a bunch of friends on a Wednesday night. The place was busy! They said our wait was about 30 min so we decided to go to the bar. 2 for 1 drink special!! Excellent! The drinks were pretty big and strong so it was a great deal. I got the tequila drink with blackberry and agave juice (can't remember the name). It was good!! We sat on the outdoor patio with our drinks while we waited for our name...it was perfect! 

The food was mehhh...I had the lamb tacos which were just ok. I felt like they needed to be more exciting...there was barely anything on them. I ordered 3 because I was pretty hungry, and it was the perfect size. My friend who got the burger loved it, so maybe I just had to order something else. Who knows. Overall I was underwhelmed. I have to eat gluten free (Celiac), and they did have a gluten free menu. It wasn't huge but enough options. However, they did have fried things on the gf menu that are NOT GF!! This is a huge pet peeve of mine...why put it on the gluten free menu if it's not?! So annoying. I would go back to this place for drinks only.",Uptown,Tavern,54.91,9.19,16.7,5,46-55,Female,Native American
pAFYZxLn7I91w8Wo0UmD3A,Customer_5288,2015-04-19 19:02:01,⭐⭐⭐⭐⭐,,Uptown,Tavern,45.71,9.81,21.5,3,36-45,Female,Native American
TFrU2d0YpTbjicQj5sAGkg,Customer_2195,2014-03-14 09:18:07,⭐⭐⭐⭐⭐,,Uptown,Tavern,35.99,7.08,19.7,3,36-45,,Hispanic
sENiF8KnKK-v8Jz8ejJVfw,Customer_5007,2012-12-10 03:18:29,⭐⭐⭐⭐,"Had a very pleasant dining experience at Tavern tonight. We arrived at 5 pm and it was pretty dead. It's a big place with a nice outdoor patio and a side patio that can be indoor/outdoor depending on the weather. The vibe seems pretty cool and laid back. Rock music and low lighting get a thumbs up in my book. 

I decided to try a sangria while I browsed over the menu. It did not disappoint. Very fresh and tasty. I decided on The Tavern burger with sweet potato fries. The burger was delicious! It's served on a ""meltaway"" bun which basically is just a really soft and yummy bun. The sweet potato fries were good as well. Not soggy at all which seems to happen a lot with sweet potato fries. The boyfriend really enjoyed his meal as well but I'll let him tell you about that in his own review. :) Because the dinner was so good, I decided to order a dessert, too. I opted for the cinnamon bread pudding with vanilla gelato on top. It was also delish! It was the perfect amount of sweetness and comfort to end my meal. 

Service was quick and friendly, food was good, and the atmosphere was relaxing. We will definitely be back.",Uptown,Tavern,44.94,6.89,15.3,2,26-35,Non-binary,Native American
_bk1_B7DVeOygrUqAEW5ng,Customer_5322,2015-10-18 21:58:29,⭐⭐⭐⭐⭐,"Delicious brunch, fabulous servic! The buy one get one brunch drinks were a plus! It started getting crowded at 11am, so I suggest getting there when they open at 10am!",Uptown,Tavern,35.44,4.39,12.4,2,,,African American
BzmEOiTGKggT-HAfQiLrNg,Customer_9735,2018-03-17 17:58:38,⭐⭐⭐⭐⭐,"This place was very modern and chic! Very cool look and feel of the resturant. We only came in for a quick bite to eat and some drinks to start off the night. For a Saturday night around 7pm, it was pretty busy. Definitely a loud place because of all the people, but they played good music. Ambiance is casual but not too dressed down. I wouldn't wear a hoodie and sweats, but dressy casual. Service was good. We had the buffalo cauliflower and it was delicious! Will def be back when I'm in Nashville again!",Uptown,Tavern,32.22,6.11,19.0,2,56-65,,Native American
qbmgggvL5Wn7e_zE8Jpvrw,Customer_8299,2015-10-25 02:58:33,⭐⭐⭐⭐⭐,"Evan the doorman was as friendly as his beard is burly. Jenna the hostess got us a table wiki wiki even though the place was packed. Amy our server professed her love for us because we ordered 8 items at once and handed her the menus back. Specialty cocktails were fantastic and the fish tacos were off the charts delicious. Well done, Tavern. Well done.",Uptown,Tavern,52.21,6.07,11.6,3,65+,Female,Hispanic
F0QILcuyjSrTAP_PxLlWCg,Customer_1710,2012-07-16 15:44:10,⭐⭐⭐⭐⭐,,Uptown,Tavern,102.35,20.43,20.0,2,36-45,,Mixed
kzs8LjBjfiBV9aW09tr-Ew,Customer_7763,2014-02-11 23:16:39,⭐⭐⭐,I visited tavern for lunch looking to try their burger.  I had been told they have one of the best burgers in Nashville.  I thought it was a pretty good burger but I can think of several burgers better in a 5 mile radius.  I will say as a dining venue it is top notch.  Staff was excellent and the layout is very cool.  The menu has several unique items that might bring me back to try like the fried chicken skins...    A tip would be you will probably need to valet since parking is scarce in the area,Uptown,Tavern,37.18,9.49,25.5,2,46-55,,African American
0IMoUZGJ0pKmvm_li-OYQg,Customer_3058,2015-09-10 02:42:58,⭐⭐,,Uptown,Tavern,81.43,20.93,25.7,2,18-25,Male,Native American
F0QILcuyjSrTAP_PxLlWCg,Customer_5987,2012-07-16 15:44:10,⭐⭐⭐⭐⭐,"Nashville for the weekend--Brunch on Saturday! (July 14, 2012)

First off I LOVE that they have a Saturday brunch.  Avoiding the crowds of Sunday and having yummy brunch food is awesome.  I don't know why we can't have brunch everyday and brunch for dinner menus should exist---but I digress.

DRINKS:
We ordered cocktails (2 for 1!!!!!!): cucumber bloody mary, sangria, and champaign drink.  The sangria was great and I loved the bloody mary---champaign drink was tasty but paled by comparison.  Also--our incredibly awesome server gave the helpful tip that the sangria is the most booze for the buck.  Not really my most important thing to know when ordering a cocktail, but I appreciate that she willingly shared the info.

FOOD: 
Chorizo gravy and cheese biscuits =yummy but very rich!
Singapore stir fry thing =FANTASTIC--watch out for the spice but totally worth the burn
Benedict w/tabasco =don't remember the name.  I am not one for benedicts but my friends both said it was quite good.
Sweet Potato chips with blue cheese dip =super awesome, need to figure out how to make that dip.
White Trash Hash =very yummy

Service was great and we were seated right away.  If I lived in Nashville this place would be in heavy rotation.",Uptown,Tavern,50.34,10.32,20.5,1,18-25,Female,Asian
F44PdlI3I-6QmnOMkUE-Mw,Customer_3317,2016-06-12 18:12:17,⭐⭐⭐⭐⭐,"Great staff, service and food!

I ordered the kale salad (OMGosh - good!), short ribs tacos and the fried cauliflower- a MUST - even if you don't finish it all.",Uptown,Tavern,78.97,7.33,9.3,4,,Non-binary,Hispanic
ehERpSrCfnmQbBplpytufQ,Customer_9663,2014-01-17 01:08:16,⭐⭐⭐⭐,"First time back to Nashville since I was in high school, and can't believe I haven't been back sooner! Here at Vanderbilt for a class, and kept passing by the Tavern on my way to campus each morning... Had an inticing, rustic, downtown Manhattan look to it. So I put it on my list of places to check out. I looked here in Yelp, and saw it had great reviews. I came in for dinner tonight, and immediately noticed the reclaimed wood door, wrought iron, and alternative rock playing. I knew it would be a great place. I sat at the bar, as I was here by myself, and immediately got a menu and was offered a drink. I had the 1920, which was a little stout, but better than weak, am I right? I ordered the lamb tacos, Tennessee tavern fries, and cinnamon roll bread pudding. Tacos were small, but honestly a decent portion considering how much meat was on them. They were hot out of the kitchen, and the roasted peanuts gave it great crunch. Now, the Tennessee tavern fries ... Sweet potato fries with a touch of cinnamon and sugar, with jalapeño ketchup. Shut the front door, these were to die for. Light and airy, arrived in a mini frying basket with abundant portions. The ketchup was amazing, and I definitely asked for more. The cinnamon roll bread pudding was a muffin size portion, with vanilla ice cream, homemade whip, and caramel sauce. Great flavor, not overwhelming. Service was fantastic, and even met some fun people! Highly recommend this place. I'll be coming back for sure.",Uptown,Tavern,21.86,4.69,21.4,1,46-55,Female,Mixed
9tGxCSt6z-ZPeJFxoc_T4A,Customer_8722,2015-12-23 16:23:07,⭐⭐⭐⭐,"I've been here twice now, and the food is always great and the service is decent. The only reason I didn't give 5 stars is because the food takes a while to come out, even when it's not super busy. I've gotten the fish tacos (they are HUGE), burgers, fries (also huge portions), and goat cheese and pistachio guacamole. Like I said, the food is always very good, but if you're coming on a weekend, be prepared for a very long wait. It has a super hip atmosphere and you'll find a lot of twenty-somethings there.",Uptown,Tavern,40.44,16.17,40.0,3,46-55,Male,Asian
x7W6fUbjTpch1oaTACYQbQ,Customer_5277,2014-04-25 18:57:29,⭐⭐⭐⭐⭐,,Uptown,Tavern,73.1,12.54,17.2,2,56-65,Non-binary,Asian
AujPDhPrIDBIbO7lcHkQnQ,Customer_7355,2018-09-25 20:39:34,⭐⭐,Truly not worth the wait. I've tried a couple dishes and nothing has been great- wouldn't really recommend. Almost everything I have tried has either been too dry or too salty. The ambiance is nice but it's pretty slow. The only good food item is their fries.,Uptown,Tavern,66.09,14.87,22.5,4,18-25,Female,Mixed
rEp28myVdzrisZxCjrFwTA,Customer_4121,2011-07-11 17:44:12,⭐⭐⭐⭐⭐,"What a fabulous new place to dine! The staff is extremely friendly, the food is creative and they have the BEST burger in town! Not only is the food great, but their use of social media is as well. I sent a tweet out about how great their burger is and received a nice card and gift certificate for my next dining experience. Nicely done, guys!",Uptown,Tavern,45.86,8.68,18.9,3,26-35,Female,Caucasian
pA3QdqQdKoTpg4sgH6q-mg,Customer_4193,2017-05-27 14:13:29,⭐,,Uptown,Tavern,36.58,8.48,23.2,2,36-45,Female,Native American
OFnAM__m0v2aR_VLfqvPfg,Customer_1306,2015-07-07 21:51:24,⭐⭐⭐,"We went for lunch today. Service was too slow for anyone on a lunch break (it took nearly an hour). There wasn't a lunch menu, so we paid dinner prices for dinner portions. I saw a little section of ""fast plates"". I forget what it was called, but none of those items really jumped out at me. We ordered fish tacos, beef tacos with Korean BBQ and fries. It was all good. This might be a better place for dinner.",Uptown,Tavern,47.15,6.66,14.1,2,65+,Prefer not to say,Other
E0UfPhlljIaU07QUMAcaBw,Customer_7492,2018-06-29 13:49:18,⭐⭐⭐,"Honesty hour, we went out in Nashville after 10pm. Apparently, there are limited options at that time, when it isn't the weekend. We decided to try out this place after walking to a couple of other places that were not like their descriptions. 
This place has a nice ambience, nice staff, and a ton of beers and ciders on tap. The prices weren't bad for the drinks or beer. Between 5-8 for the beer/cider. Around 10-12 for cocktails. Oh, and the kitchen closes at 11. 

Now on to the food, we got the burger and the chimichanga. We were splitting them so we went for something a little different with the chimichanga. We also got the cheesesteak egg rolls. Sounds fantastic, right? Unfortunately, the burger was the only highlight. Everything else got a HUGE FAIL! The chimichanga was super soggy. The rice and beans were ok. The cheesesteak egg rolls were just BAD! No taste at all.  

Now on to our drinks. We first ordered their take on a margarita. They used silver
Tequila so it had a very heavy tequila taste. It was ok.  He wound up with the punch. It was ok. Mind you, we were traveling all day and ate everything. So, it was edible. 

All and all, if you need somewhere to go late, then try it. Just  stick to very regular things. The staff is nice ,so, that is worth a visit based on that alone.",Uptown,Tavern,44.27,8.83,20.0,2,56-65,Male,Caucasian
ii395UGz-QQyvcCNCJCDIg,Customer_6141,2015-03-18 20:14:03,⭐⭐⭐⭐⭐,"Oh hell yeah!!  Came in for a simple burger and fries.  

Great food! Even better service!  

Will definitely be a stop on any trip to Nashville.

Make sure you try the Tuscany fries!",Uptown,Tavern,41.67,11.65,28.0,2,26-35,,Native American
ea73hriHkIawR9OLYQB-Zg,Customer_1821,2013-02-22 17:10:23,⭐⭐⭐⭐,"Good: The food was fantastic. We had a large group (10+) and came here for brunch (and drinks, natch). I had the eggs benedict with short ribs, and loved it. From what I can tell, the rest of the group all enjoyed their dishes as well, from the fried rice breakfast dish to the nachos to the AMAZING peanut butter pancakes. As a starter/side, do not under any circumstances pass up on the ""white trash hash"" - hasbrowns with white cheddar cheese. YUM.

Bad: The wait was ludicrous. Yes, it was a Saturday, and yes, we had a large group, but Christ Almighty. We waited at the bar (standing room only) for over two hours before being seated. Even if we had split into smaller groups, without a reservation, the wait time would've still been close to an hour and a half. Yikes.",Uptown,Tavern,35.84,9.52,26.6,4,,Male,
ea73hriHkIawR9OLYQB-Zg,Customer_8631,2013-02-22 17:10:23,⭐⭐⭐⭐,"Good: The food was fantastic. We had a large group (10+) and came here for brunch (and drinks, natch). I had the eggs benedict with short ribs, and loved it. From what I can tell, the rest of the group all enjoyed their dishes as well, from the fried rice breakfast dish to the nachos to the AMAZING peanut butter pancakes. As a starter/side, do not under any circumstances pass up on the ""white trash hash"" - hasbrowns with white cheddar cheese. YUM. Bad: The wait was ludicrous. Yes, it was a Saturday, and yes, we had a large group, but Christ Almighty. We waited at the bar (standing room only) for over two hours before being seated. Even if we had split into smaller groups, without a reservation, the wait time would've still been close to an hour and a half. Yikes.",Uptown,Tavern,42.86,10.9,25.4,1,18-25,Non-binary,Asian
1pXjRYRCmvsPrGPrFybvPA,Customer_1957,2014-04-21 19:32:01,⭐⭐,,Uptown,Tavern,78.45,11.22,14.3,5,56-65,Non-binary,Caucasian
ULAWZ1osipnDpvQIaZjN2w,Customer_5592,2011-08-03 04:39:32,⭐⭐⭐,"Overall: I've only been for brunch and was happy with it soo... nice place to relax and have a little hangover cure on a Saturday or Sunday morning.

Food/Drinks: There are LOTS of brunch options. The Singapore stir fry was great, though it appeared the eggs had been sitting under a heat light for a little while. Still, it was flavorful and not something I've seen anywhere else. I was less impressed with the red velvet waffles. They were extremely dense, and pretty much just tasted like pink waffles. Not bad, just not like red velvet. Be sure to order them with a side of maple syrup, it helps with the density factor. There are a handful of 2fer drink options on the very top of the menu and while they are expensive ($10.50,) from what I've tasted, they're pretty good (and strong.) Go for the blood orange mimosa.

Service/Atmosphere: Our waitress started out being extremely attentive and knowledgeable but kind of dropped off as the meal progressed. That would be understandable if the restaurant had gotten busier but it hadn't. Anyway, she was still nice so I won't complain anymore. The restaurant is very open but seems smaller than when it was under its old name (Lime.) I do like the big open bar, though.

Price: About $40 for 2 people to eat & get a drink a piece for brunch (not including tip)",Uptown,Tavern,69.34,15.79,22.8,2,36-45,Female,
lHmOJX1TWJeH8_0Sp2h24g,Customer_3612,2011-07-01 00:47:41,⭐⭐⭐,,Uptown,Tavern,68.02,19.33,28.4,4,26-35,,African American
1JOtU5njH8oXZCSpxq_dzw,Customer_3233,2014-12-23 21:35:24,⭐⭐⭐⭐⭐,"Gastropub delight! I have to stop here every time I come to Nashville for business. I haven't had a single thing from the menu that I did not love. The grilled cheese was amazing, the soup tasty, the drinks... Mmmmmmm. Try the one with agave. The truffle fries are perfect, and be sure to top it all off with s'mores you make at the table. I've enjoyed eating outside, inside, at the bar... and have taken food to go when I didn't have time to relax. The decor is rustic and interesting. Depending on the time of day, it can be a quiet spot to relax or it can get really noisy at happy hour. The one drawback is the prices. A bit on the high side, but okay for someone like me who only does this occasionally for a treat. If you were a local, it might set you back if you became a regular.",Uptown,Tavern,27.19,4.46,16.4,4,36-45,Prefer not to say,Hispanic
EqZxe5N6W_JI9RuFXETDzg,Customer_4763,2012-05-08 07:53:04,⭐⭐,"I do not unjustly dole out bad reviews, however, i feel it my moral obligation to society to inform the masses of what lies within at tavern... i want to like this place, which took the spot formerly occupied by Lime, but after 3 visits i am left with the same impression: the best thing about this place is it's location/outdoor bar seating.  terrible mixed drinks ... (drink #1: facial toner, drink #2: salad dressing, drink #3: cough syrup)... definitely stick with beer or wine here. the food was ok. i had the turkey sandwich on pretzel bread and sweet potato fries - both were meh (and cold). food was much better when they first opened. sad when standards drop...   (i also had to valet park. then valet disappeared...  my keys ended up behind the bar. that's apparently where they keep them, incase you're looking. or still waiting for your keys.)",Uptown,Tavern,59.03,2.26,3.8,2,26-35,Non-binary,Other
NUgiGdT9H6-r_kj1hsMtuQ,Customer_8008,2014-01-18 17:38:20,⭐,"Went on a friend's birthday for a birthday dinner and had a very bad experience. A very long wait despite having reservations, and then it took forever just to get a drink from the bar. The food was very, very disappointing--I ordered the lettuce wraps and left hungry. We split a few appetizers, including the crudite/hummus plate--I was just shocked at how overpriced it all was. This is definitely for the yuppie set that doesn't mind spending $ on mediocre food.",Uptown,Tavern,88.79,23.08,26.0,2,36-45,Male,
i4XsL5ShtxUB_BjGxBExZw,Customer_3326,2016-09-30 23:54:44,⭐⭐⭐,,Uptown,Tavern,59.64,15.05,25.2,3,56-65,,Mixed
wp4A8FE8F1cMpNx1sjzskw,Customer_6164,2017-10-27 02:42:29,⭐,,Uptown,Tavern,71.95,6.9,9.6,2,65+,Male,African American
50WMEVZvre_J9sEA9Xj2uQ,Customer_1918,2018-06-10 22:40:13,⭐⭐⭐⭐⭐,From service to taste this restaurant had it all. Their mahi sandwich was cooked and seasoned perfectly. Their drink selection was vast and test,Uptown,Tavern,38.82,8.95,23.1,2,26-35,Female,Native American
orRnnLxzfGs9Ityz0YK-dw,Customer_3795,2015-11-09 04:53:47,⭐⭐⭐⭐,,Uptown,Tavern,44.01,7.06,16.0,2,26-35,Non-binary,African American
NUgiGdT9H6-r_kj1hsMtuQ,Customer_8511,2014-01-18 17:38:20,⭐,"Went on a friend's birthday for a birthday dinner and had a very bad experience. A very long wait despite having reservations, and then it took forever just to get a drink from the bar. The food was very, very disappointing--I ordered the lettuce wraps and left hungry. We split a few appetizers, including the crudite/hummus plate--I was just shocked at how overpriced it all was. This is definitely for the yuppie set that doesn't mind spending $ on mediocre food.",Uptown,Tavern,50.79,9.16,18.0,2,,,Caucasian
z7Q-X5Hq3dFjZY9AI7DQUw,Customer_3677,2015-10-26 04:38:30,⭐⭐,"Meh. I don't see how this place got such high marks. 
We started off with the cauliflower buffalo bites and steak and cheese egg rolls. The cauliflower bites were kind of soggy/a little overdone. The cheese steak egg rolls were nothing to write home about either. They were served up with what tasted like a hunts ketchup dip and a cheese dip straight out of a jar.
I ordered the turkey BLT and asked for an extra side of the avocado aioli. The aioli did not taste like avocado. The turkey BLT should just be called a turkey sandwich because BLTs should contain a decent amount of bacon and lettuce. My sandwich came with a sliver of bacon and even less lettuce. It was stacked with turkey but it needed way more lettuce to help freshen it up. It was served with sweet potato chips that were soaked in oil. 1/4 were edible and the rest were to drenched in oil to even think about eating. I don't know why our food took so long. For sure they weren't back there frying up fresh chips for me.",Uptown,Tavern,21.49,5.36,24.9,4,26-35,Non-binary,Caucasian
xPS_JW---lzeO4Z68IFkTg,Customer_1958,2015-07-05 22:04:46,⭐⭐⭐⭐,,Uptown,Tavern,35.98,3.36,9.3,2,65+,Prefer not to say,Native American
3WEXdxPOxjum_NnUVuzR8g,Customer_2664,2018-01-10 22:16:48,⭐⭐⭐,"Our first evening in Nashville, we decided to try the Tavern restaurant.  It is quaint and dark.  Davis was our server and he was great and very accommodating.  I had the burger which I'm sad to say, wasn't anything to write home about.  The best part of our meal was the great service we received from Davis.",Uptown,Tavern,87.67,20.95,23.9,2,46-55,Prefer not to say,Mixed
NK-Y-Me_PssqgdrnRS7OdQ,Customer_7781,2018-06-09 20:08:21,⭐⭐⭐⭐,,Uptown,Tavern,126.68,14.45,11.4,4,,,African American
zUVTUEH9IQSHoapdn4YWhg,Customer_1819,2018-05-29 02:52:35,⭐⭐⭐⭐⭐,,Uptown,Tavern,45.45,5.72,12.6,4,65+,,Asian
kgnwwMBg1O0Y9Ty951_Lig,Customer_3524,2017-12-16 15:29:13,⭐⭐⭐⭐,"The atmosphere is very nice. I always am leery of ""hipster"" spots but this place is legit. Super friendly and not pretentious staff. Female bartender made one of the best Bulleit neat Old Fashioned's I've had out. Other mixed drinks were also prepared well (well balanced without being boozy). I ordered Korean beef tacos. They were not bad but not one of my favorites either. They were still good. The table over got nachos that looked delicious. I also think if a place has a clean bathroom, their kitchen is usually clean too. This place is spotless. I also was impressed to see the bartenders cleaning bottles and the bar in their down time. Overall, I would definitely visit again when I am in town. I'd actually rate this place a 4.5 stars if I could.",Uptown,Tavern,47.85,6.34,13.2,2,46-55,Female,Mixed
HE-3yMTdwlrXxcw-JJXgRw,Customer_3947,2018-03-18 22:14:11,⭐⭐⭐⭐,"I waited a couple days before rating to try to be fair. This place was recommended and hyped separately to me and my husband in transit and upon arrival to Nashville. We expected a lot. 
The service was great. We sat at the bar, both bartenders and food service were polite and attentive. Drink selection and quality and price seemed good. The food is another story. It is over priced and over hyped by reviewers.
My husband had the OZ pot pie. Even with a healthy dose of the curry sauce, it was dry. And plain, could barely taste the curry. I had korean short rib tacos. Nothing korean about them. I tasted sriracha and soy sauce. Isn't  Korean about gochujang? Meat was dry.  The fries are house cut, plentiful and phenomenal. But the rest of the menu is overpriced ignorance.",Uptown,Tavern,37.93,5.73,15.1,2,56-65,Male,Mixed
3WEXdxPOxjum_NnUVuzR8g,Customer_5616,2018-01-10 22:16:48,⭐⭐⭐,"Our first evening in Nashville, we decided to try the Tavern restaurant.  It is quaint and dark.  Davis was our server and he was great and very accommodating.  I had the burger which I'm sad to say, wasn't anything to write home about.  The best part of our meal was the great service we received from Davis.",Uptown,Tavern,31.11,7.55,24.3,2,56-65,Female,Asian
L3M-tEgYRCOVb-0_NtU7bw,Customer_8395,2013-08-18 06:21:52,⭐⭐,"Well, the concept seems cool....but, not great service.  The waitress forgot our drinks - we has finished our appetizer and they had not arrived, so we cancelled them. We tried to order 1 of the 3 late night dinner entrees they offered, but they were all out.  Umm, bummer. We left and I don't think we will be back.",Uptown,Tavern,35.09,5.38,15.3,2,18-25,Female,Hispanic
OT-156nGBziJ5NNrA-YA4w,Customer_6679,2015-05-27 22:26:15,⭐⭐⭐⭐⭐,"Delicious food in a fun setting. Great helpful and friendly srvice. Two levels of seating near the bar. We had awesome buffalo cauliflower, egg rolls with philly cheese steak and amazing kale salad. highly recomand the Tavern.",Uptown,Tavern,30.81,12.33,40.0,1,46-55,,Caucasian
oFP6-gL1bU4GZD_JZSmOZA,Customer_2211,2015-02-16 22:29:19,⭐⭐⭐,"could get to 4 or 5 stars; maybe it was just a slightly off night.  It might be better next time but not sure if i will make it back; lots of other restaurants to try instead.  just disappointed by the execution for a place that has uses the tagline as a pub for chefs on their website.  

we got a drink at the bar; the bartender was very responsive and helpful, drinks were excellent.

ordered food; waitress didn't mention they were out of items until I tried to order them.  Asked for fried chicken skins, they were out.  tried to upsell me to their cauliflower app as a result.  We placed our order, waitress then has to come back and tell me that they are also out of the catfish i just ordered.  i realize places run out of food at times but they went 0 for 2 with my choices and they didn't tell me upfront.  annoying the waitress didn't say this upfront.  

also, this may have been due to being out of items, the waitress never came back and asked how our food was.  the short rib tacos i ordered were cold, my sister's tacos were also cold.  Even more disappointing is that the tacos i ended up buying and not really enjoying were more money than the catfish.  
Everyone else's food was appropriate temp but yeah the waitress never asked so I only get to tell you here.  everyone else's food was good; nothing spectacular but all around solid.  

also I saw other reviews mention drink specials on Sundays?  I went on a Sunday no mention of drink specials was made.  

The bar service, and overall atmosphere keep me from ranking it lower, like I said maybe I just caught them and the waitress on an off night.",Uptown,Tavern,81.15,22.73,28.0,3,18-25,Prefer not to say,Native American
G_hGOr7cjzHnwHHKPEvtcA,Customer_4695,2013-04-13 05:19:34,⭐⭐⭐⭐,"Tavern was in walking distance from our hotel, and we had read it was a good place to watch a game, so we were there! I really liked the feel of this place. It was really modern and even the waitstaff complements the look with their matching grey v-necks. We were famished after a long day and got down on so many dishes! 

-grilled artichokes. promised with a ""comeback sauce"" which we got to help my friend push ahead past her hangover, it didn't really do that.
-lamb tacos and pork tacos. the lamb tacos were great but nothing could compare to the pork tacos. I have never been more sad to see the end of a taco.
-salad of little gems. hello? little gems describing anything? I'm in! It was a great, little refreshment from my all-meat diet, with cranberries and fresh mozzerella.
-chicken and waffle. The fried chicken was great, but the cheddar and jalepeno waffle was almost too overpowering with the sweey syrup.
-loco moco. too much meat but the rice and egg were just what my friend needed to get back on the drinking horse so props for that!

The drink list was also amazing here, great whiskey cocktails and they make a mean martini as well! I also liked the mix of people here. It was the perfect Friday night crowd. Prices were pretty reasonable, unless, of course, you are posted up watching Michigan beat Kansas in overtime, then the bill might be a bit higher to taste victory ;)",Uptown,Tavern,36.84,5.26,14.3,4,36-45,Male,Native American
IR4sVMnstCD57coNaQ3mEA,Customer_6215,2018-01-09 23:22:15,⭐⭐⭐⭐⭐,"I'm usually a chilaquiles girl, so the Huevos Rancheros sounded sort of tempting with its eggs, tortillas and salsa combination. Now, huevos rancheros in general has never really appealed to me, but Tavern had me changing my tune. I have a feeling that no other restaurant's version of this dish will impress me as much as this one, but if you are in Nashville and you are at Tavern for brunch and you don't get the Huevos Rancheros.... you're making a HUGE mistake. One of the best brunch meals of my life y'all...",Uptown,Tavern,41.49,7.42,17.9,2,,Male,
RUKt-2f0UDKAyhaQubp5NQ,Customer_7353,2017-12-31 03:44:17,⭐⭐⭐⭐,"Unfortunately they don't take reservations. It was a crazy busy weekend and took about an hour to be seated. Sat on porch behind bar, they had propane heaters so it was plenty warm despite 15 degree weather. Service was very attentive and friendly. Food was great. Shasito peppers were perfect. Cauliflower was good and smoking hot spicy. Glad we waited.",Uptown,Tavern,46.33,6.94,15.0,2,26-35,Female,
zxkTGMwdebvHgkgA-fd-XQ,Customer_7266,2013-03-23 15:11:43,⭐⭐⭐,"I was so disappointed that my 2nd Tavern experience wasn't as flawless as my first one. I'm only giving it 3 stars due to the servise we received from the manager and because most of the food was still good. I met 3 friends for a late Saturday brunch, 2 of which had never been there before. I was excited to introduce them to Tavern's fabulousness but left feeling a little embarrassed after the servic we received. For starters, it took about 20 minutes before our server even acknowledged us. I asked about drink specials and as soon as the last word came out of her mouth she walked away leaving me unable to order a drink. About 10 minutes later she finally came back. After ordering drinks it took another 10 minutes to get them. We were ready to order our meals (had been for about 30 minutes) but again, she walked away before we could do so. Instead, she sauntered on over to the bar and proceeded to talk and flirt with some guy at the bar for over 20 minutes. We timed it. At that point we were so disgusted that we stopped another server walking by and asked if we could order with her. She was happy to help us. My 3 friends ordered the Tavern burger and they all liked it. I opted for a ham and brie omelette and it was kind of meh. I remembered I don't like brie (my fault for ordering it) and I had to pick it all out. The omelette was lacking flavor anyway. I should have at least salt and peppered it myself, I guess. The side of white trash hash was very tasty but an extremely small serving. Only about 5 bites. Because of our shitty server we were never offered to order a second round of drinks and it was past happy hour since of course we had been sitting at the table for almost 2 hours at that point. Dirty dishes sat on our table for 30 minutes while we waited for our checks. During our 2 hours at the table our server only came around 3 times. Very disappointing. With the exception of the burgers my friends had, the dining experience was pretty terrible. We ended up speaking with Madeline, the manager, about our experience. She was very nice and seemed to sincerely care about what we had to say. She ended up comping our entire meal and gave us some coupons to come back and try brunch again. However, while we were speaking with Madeline the server in question was whispering and giggling with a busboy and staring at our table. Our point of ""complaining"" was truly not to get anything free, but to let these little brats know that people aren't just going to stand by and let them slack on their job while they run around and socialize. We ended up tipping the server who actually took our order. I'm hoping this horrible experince was just a fluke because I really like Tavern and want to continue coming back.",Uptown,Tavern,145.85,22.23,15.2,4,26-35,Female,Caucasian
S30vbx-7LggV9-KCv5XFDQ,Customer_4315,2014-02-08 20:20:58,⭐⭐⭐⭐,Great food!! Everything we ordered was good. Wait was long for Saturday brunch. My fave were the red velvet waffle and Singapore eggs.,Uptown,Tavern,30.57,10.7,35.0,4,36-45,Prefer not to say,Caucasian
vIfZn-Km8_Mzn3YcnV2oHw,Customer_9177,2017-08-29 20:07:56,⭐,"Went to lunch at Tavern today 8/29/17 with three co-workers who had never been before on my recommendation. It was a huge mistake on my part. Tavern had been ok on previous visits but today a real disappointment. Slow and indifferent service. Hidden costs-charges for extra salsa on already over priced nachos. Ordered extra chicken on the nachos- it was not on the nachos when they arrived-we were still charged for them because Tavern brought us a plate of luke warm chicken to pour on after we'd already finished. We asked about the hidden cost of the chicken and salsa our server rolled her eyes and let us know she does not make the rules. This place is way overrated, over priced and the douche bag factor is off the charts. Fu*k Tavern.",Uptown,Tavern,116.28,10.45,9.0,1,56-65,Non-binary,Caucasian
1L6BIUf532tCKoF4FZODDQ,Customer_3723,2014-04-22 02:07:26,⭐⭐⭐⭐⭐,"If you think you are walking into a typical bar menu .... think again! Wonderful, original recipes. I had a kale salad, guacamole and chicken wings. All awesome with non conventional ingredients (finally chopped kale with parmesan cheese, nuts, lemon). Guacamole with pistachio nuts and goat cheese! Who would have thought!! Really good!",Uptown,Tavern,51.43,11.46,22.3,2,36-45,,Other
3WEXdxPOxjum_NnUVuzR8g,Customer_6723,2018-01-10 22:16:48,⭐⭐⭐,,Uptown,Tavern,54.91,10.88,19.8,5,,Non-binary,Asian
x7W6fUbjTpch1oaTACYQbQ,Customer_8343,2014-04-25 18:57:29,⭐⭐⭐⭐⭐,,Uptown,Tavern,52.8,10.69,20.3,2,56-65,Female,Other
sENiF8KnKK-v8Jz8ejJVfw,Customer_3620,2012-12-10 03:18:29,⭐⭐⭐⭐,"Had a very pleasant dining experience at Tavern tonight. We arrived at 5 pm and it was pretty dead. It's a big place with a nice outdoor patio and a side patio that can be indoor/outdoor depending on the weather. The vibe seems pretty cool and laid back. Rock music and low lighting get a thumbs up in my book. 

I decided to try a sangria while I browsed over the menu. It did not disappoint. Very fresh and tasty. I decided on The Tavern burger with sweet potato fries. The burger was delicious! It's served on a ""meltaway"" bun which basically is just a really soft and yummy bun. The sweet potato fries were good as well. Not soggy at all which seems to happen a lot with sweet potato fries. The boyfriend really enjoyed his meal as well but I'll let him tell you about that in his own review. :) Because the dinner was so good, I decided to order a dessert, too. I opted for the cinnamon bread pudding with vanilla gelato on top. It was also delish! It was the perfect amount of sweetness and comfort to end my meal. 

Service was quick and friendly, food was good, and the atmosphere was relaxing. We will definitely be back.",Uptown,Tavern,39.48,15.79,40.0,3,65+,Non-binary,Other
8hBiPbwlO6aKuGhkpj_20g,Customer_8768,2017-03-18 19:34:46,⭐⭐⭐,"Food was fantastic, service was so bad I wouldn't come back. They are severely understaffed, we finished eating 45 mins before we got the check. The hour and a half wait is completely unnecessary!",Uptown,Tavern,36.22,9.64,26.6,2,26-35,Female,Mixed
-o9WEr96OJrpRBglM9LTAg,Customer_6722,2016-12-05 20:34:23,⭐⭐⭐⭐,I finally got to come and expereince brunch here! Which is easier said than done. I've attempted to come before and the wait was around 1.5-2 hours. On Sunday we came around 1115 for a 45 minute wait which wasn't bad for a group of 5. It's two for ones for Sunday brunch and I tried the sangria and the blood orange mimosa. I preferred the sangria hands down! For food I ordered the huevos rancheros which was pretty good. My gf ordered the Singapore stiryfry and the white trash hash and I liked her stir fry a lot! I will be back for sure because I keep hearing how good the tavern burger is and I won't make the mistake of not ordering it next time! Awesome atmosphere with a brunch of tvs. Can be a little loud though.,Uptown,Tavern,59.76,7.67,12.8,1,26-35,,African American
mc9ziBiR_U7TZ7Mfbumi8g,Customer_3583,2015-12-06 17:27:31,⭐⭐⭐⭐⭐,"Best brunch in Nashville. Amazing lunch. During brunch drinks are 2 for 1 and they are delicious. The wicked Bloody Mary and blood orange mimosa are my favorites. Red velvet waffle, white trash hash, cheddar biscuits and gravy, eggs benedicts, and Singapore stir fry are all so excellent it makes it hard to decide what to order each time. The burger and fries are amazing for lunch, as are the Philly cheesesteak egg rolls, and fried chicken skins with honey Sriracha sauce as apps. They also have a midtown quickie on the menu that changes every day. Tavern never gets old and never disappoints.",Uptown,Tavern,35.97,4.29,11.9,2,36-45,Male,Hispanic
tW-rXzNfiK8yhm1BrfsYfg,Customer_7725,2011-03-26 18:55:07,⭐⭐⭐⭐,"Went to Tavern for the first time last night after hearing many of my friends rave about it. Got there at 6 p.m. for a friend's birthday gathering and it was not crowded then. We had a big group and the staff was accommodating about our taking two of the big booths in the bar and spilling out in the aisle. 

The wine list is very modest but I found something that worked. Service was good. Now, I gotta say, the server didn't seem like she loves her job - she didn't look all that happy about serving us, but she was timely and checked back often, so who am I to complain? 

I didn't order food myself, but grazed off my friends' appetizers. The nachos with 'angry chicken' were really, really good. I've never met a nacho I didn't like, but these rank in the top two or three I've ever had. I was suspicious about the guacamole - who puts goat cheese and pistachios in guac? Why gild the lily? But once I picked off the nuts and cheese, the guac was also superlative: had a really nice garlicky kick. 

There wasn't a whole lot on the menu that didn't look appealing, so I am looking forward to going back soon and having a real meal. On the whole, I like it a lot better than its sister, Whiskey Kitchen.",Uptown,Tavern,22.71,2.83,12.5,6,26-35,,Mixed
ZJ1BaiHZuvuT0WwVDrLZMA,Customer_7590,2015-01-04 14:12:37,⭐⭐⭐⭐⭐,"We wanted to check this place out after seeing the great reviews. 
Arrived on Thursday (New Years Day) around noon and the place was packed with a hour and a half wait. We put our name in and went next door for a drink, 
The restaurant texted us when our table was ready and also had a cool app that you can check your place in line. 
Only had drinks and a few apps. The tuscan fries were good but had a LOT of garlic.
My friend loved her Kale salad. 
If you like a bloody mary, try the cucumber mary made with cucumber vodka. It was unbelievable. 

This was hands down out favorite place in Nashville and this place had the BEST service we got our whole trip. A+ to the staff. We were really really impressed. 
We went back on Friday night around 1am and it was pretty empty. The guy sitting next to us said its really a better brunch or Sunday Funday bar and not busy at night.",Uptown,Tavern,41.86,7.62,18.2,2,26-35,Prefer not to say,African American
pA3QdqQdKoTpg4sgH6q-mg,Customer_5860,2017-05-27 14:13:29,⭐,"We came here because of all the great yelp reviews, I can't believe this is 4-stars.. Good beer selection, good atmosphere, and decent service. The food, however, was bla.. We really wanted to try the fried chicken skins, they came out very hard and very stuck together. The sauce had good flavor but the skins came in a clump that we could hardly break apart. Our food came out about 4 minutes into our attempt to chisel the skins apart. Kaya toast was weird and really lacked anything to bring the dish together. After scraping off the sauce it was basically Texas toast and an egg. The 2 sets of tacos we ordered were both overcooked and VERY dry. Come here for drinks, skip the food!",Uptown,Tavern,37.23,8.03,21.6,1,26-35,Male,Other
to3Ti9YB_OpNG3TX2Ux6xw,Customer_5246,2014-03-17 16:30:24,⭐⭐⭐⭐⭐,"Burger was amazing.  So juicy, cooked to perfection - ordered it medium rare, and it was!  Fries was delicious as well.  thank you!",Uptown,Tavern,60.12,15.07,25.1,3,18-25,,Mixed
yubBhUMup3st_lEG0smAOQ,Customer_2752,2011-04-28 22:07:32,⭐⭐⭐⭐,"I really must admit, I am a fan of some tavern CUISINE. Lets start with the guacamole.... (which is laced with pistachios and goat cheese mind you) i would say...TO DIE FOR. The fish taco's are SIMPLY divine, and could quite possibly be my very favorite in all of Nashville. the Perogies are delish and add a nice touch to the menu... ( i hale from North Eastern Pennsylvania where this particular dish is a standard and i was not disappointed) The Shishito Peppers are perfect.... The Salads are fresh and refreshing... I can not wait to return and sample some more tasty delights.",Uptown,Tavern,24.14,4.98,20.6,2,56-65,Male,Caucasian
GW57CusYWiaPlFtd4V55qQ,Customer_4677,2015-10-12 00:22:56,⭐⭐⭐,Hmmmmm it's decent. Not sure about the 'rave' reviews to be honest. The prices kind of turned me off. They have a brunch item of Kaya Toast which is to out it bluntly ridiculously overpriced. I can get a jar of Kaya from the Asian market for 1/10the price of the dish. Not impressed.,Uptown,Tavern,18.58,3.69,19.8,5,26-35,Male,Hispanic
InBi1x_iWGj7qdGM74FtrQ,Customer_3832,2017-12-16 22:38:40,⭐⭐⭐⭐,"We were staying right down the street from this place and it was recommended by the girl at the front desk of our hotel. We actually went to get a few drinks and bite to eat on a Friday night. The atmosphere is really nice and the bar is really big. Definitely a good bar to watch football game at or any sports game at. My girlfriend and I both had different signature cocktails which were really good. I had the fish tacos which were out of this world! So good I can't even tell you, you'll have to try them for yourself! My girlfriend had the seared tuna which was also great, a little spicy so watch out for that if you don't like spicy. We went back the next morning for brunch. I ordered the Benedict Uno which was eggs benedict with short rib and a tabasco hollandaise sauce. I also ordered a side of the white trash hash. First off all, the white trash hash was out of this world! So different and unique and so good it was amazing. The reason I'm giving this place 4 stars is because of the Benedict. I always order Eggs Benedict and no matter what kind of Hollandaise sauce it comes with I've never thought of ordering it on the side. For this Benedict I should of. It was drenched in the tabasco hollandaise sauce which wasn't bad but just was way way way too much. I couldn't even taste the egg or could see if I was eating egg or just all sauce. It honestly made me sick after we left. I wish there was half the amount they gave me or I should of got it on the side but like I said, I've never had a problem with too much hollandaise sauce. The picture below is deceiving because it doesn't look like a lot of sauce but there really was. Other then that everything was terrific! I just hope they over did my Benedict and don't do that for every Benedict dish they serve.",Uptown,Tavern,57.5,12.52,21.8,1,36-45,Non-binary,Hispanic
cG0zukMXoMYphvr7XIG9cQ,Customer_9819,2013-10-04 01:41:32,⭐,,Uptown,Tavern,44.6,5.85,13.1,2,46-55,,Other
-o9WEr96OJrpRBglM9LTAg,Customer_5881,2016-12-05 20:34:23,⭐⭐⭐⭐,"I finally got to come and experience brunch here! Which is easier said than done. I've attempted to come before and the wait was around 1.5-2 hours. 
On Sunday we came around 1115 for a 45 minute wait which wasn't bad for a group of 5. 
It's two for ones for Sunday brunch and I tried the sangria and the blood orange mimosa. I preferred the sangria hands down!
For food I ordered the huevos rancheros which was pretty good. My gf ordered the Singapore stiryfry and the white trash hash and I liked her stir fry a lot!
I will be back for sure because I keep hearing how good the tavern burger is and I won't make the mistake of not ordering it next time! 
Awesome atmosphere with a brunch of tvs. Can be a little loud though.",Uptown,Tavern,14.47,2.45,17.0,3,18-25,,Hispanic
xddfrSVXSiSuJd_phMlXSA,Customer_9802,2014-12-22 19:41:26,⭐⭐,"Overpriced. That's the best way to describe it. Everything was FINE. Just fine. But when our bar tab is $60 for a few drinks, and I felt like I needed to go over the menu about 8 times to find something exciting to try (I landed on the burger), I felt let down. All of the reviews of this place made me want to come visit. I think these must all be Vandy kids or tourists who don't know where the better quality places are with better prices. I just felt, well... so meh about the whole thing. Again, everything was fine, decent, even. But by the time to pay the bill came, my husband and I thought of at LEAST 5 or 6 different places we could have gone for BETTER drinks with CHEAPER prices and a much better menu. Obviously, this is probably for the hip crowd. So, if you're hip, go for it. If you were once hip, and you know better... be prepared to be underwhelmed.",Uptown,Tavern,40.8,5.22,12.8,2,36-45,Non-binary,African American
Qs-Fy0zfyvVsWVLqqy-iCg,Customer_1015,2012-06-26 14:19:06,⭐⭐⭐⭐,,Uptown,Tavern,72.96,10.67,14.6,1,46-55,Female,
no9ZhPLnxlhx6GKk3s5AHA,Customer_5006,2015-12-22 21:37:23,⭐⭐⭐⭐⭐,"I could eat the blue cheese fondue on almost anything. I bet liver would taste good in that fondue. Fortunately I had some really good buffalo cauliflower to go along with and I hasten to say it was a top 5 all time appetizer ever.People rave about the fries and they were good but not the best I have had. The Tavern burger on the other-hand may be the best burger I have ever had. Made from ground rib-eye and filet makes me believe God made the burger lol The lobster sliders were really good but 22 bucks not that good. The mushroom soup had to be made by Angels it was amazing. Its a little pricey but you definitely get what you pay for, for the most part. As a whole it may be the best lunch ever. I give very few 5 stars on average and this was well earned. The place is nice and cozy and the staff were great. It was a religious experience involving food.",Uptown,Tavern,45.67,9.4,20.6,2,56-65,Non-binary,Other
07_1NYdAGlQrTW9vQZ4EgQ,Customer_2945,2013-04-17 05:02:53,⭐⭐⭐⭐,"Went today with a group for brunch. We had no complaints. Great-cucumber Bloody Mary, coffee, lobster gumbo, grilled artichoke, white trash hash and service. The decor was tasteful and semi modern. I definitely felt like we left Nashville for a couple hours which was great! Will definitely be back!",Uptown,Tavern,33.56,5.73,17.1,8,65+,Female,Asian
EDBroweERbMPsg7LyoaQ1w,Customer_8145,2017-12-17 18:18:01,⭐⭐⭐⭐⭐,"Another brunch gem for Midtown! We went here to try a local place before we headed home and we were not disappointed! We started out with the White Trash Hash- holy smokes. They're basically cheesy potatoes but way better. I had the Pretzel Pancakes for my meal and they were the perfect flavor. They were drizzled with dulce de leche and served with a side of white chocolate mousse and they were so good! I also had a side of Texas toast (hello carb day). Ask for the coconut jam with it... UNREAL. My boyfriend had the biscuits with chorizo gravy and he said they were really good. He also asked for a hot chocolate. Our server (I can't remember what her name was but we were in the room that looks out onto the patio on Sunday 12/17) went to the back to check if they had it and it turns out she made it by heating up milk and melting chocolate.. they didn't have packets so she went above and beyond. Incredible food, incredible service, and definitely one of our new regular spots when we visit!",Uptown,Tavern,47.48,7.79,16.4,2,26-35,Male,Asian
_XMqwgsyC-pzWuFkkRCpLg,Customer_2047,2018-03-06 03:01:34,⭐⭐⭐⭐⭐,"Best brunch! Came here on a busy Saturday with a group of girls. Everyone loved their food and drinks! Waitress was friendly, efficient and knowledgeable about all menu and drink items. Would definitely come here again.",Uptown,Tavern,20.65,6.19,30.0,3,26-35,,Native American
0BDU3JP1pp6kK_nKyJvfVg,Customer_2847,2014-11-14 17:05:22,⭐⭐⭐⭐,"All around nice upper scale bar.  Exactly what you would expect from a place like this.

Tip:  Get the Kale salad, even as a side.  It's amazing.",Uptown,Tavern,63.78,8.81,13.8,2,46-55,,Hispanic
T9notipZzakxsGqZNrR2Fg,Customer_8315,2017-04-30 16:40:19,⭐⭐⭐⭐⭐,"First and foremost, this place is worth the wait. If you are planning to eat here, and didn't come before opening, expect at least a 20-30 minute wait if you're lucky. We got here right when the doors opened and only had to wait 20 minutes to get seated. The food is everything it's hyped up to be, and the service was really great. So, as said earlier, this place is worth the wait.",Uptown,Tavern,22.23,4.41,19.8,4,,Prefer not to say,Native American
VkozyyuG3sn20kHTkvHFQw,Customer_3635,2015-09-24 23:59:11,⭐⭐⭐⭐⭐,"Awesome! Great food, great service! Our waitress Rebecca was wonderful! The Moco Loco was amazing!",Uptown,Tavern,45.66,9.81,21.5,2,26-35,Male,Caucasian
EqZxe5N6W_JI9RuFXETDzg,Customer_7918,2012-05-08 07:53:04,⭐⭐,"I do not unjustly dole out bad reviews, however, i feel it my moral obligation to society to inform the masses of what lies within at tavern... i want to like this place, which took the spot formerly occupied by Lime, but after 3 visits i am left with the same impression: the best thing about this place is it's location/outdoor bar seating.  terrible mixed drinks ... (drink #1: facial toner, drink #2: salad dressing, drink #3: cough syrup)... definitely stick with beer or wine here. the food was ok. i had the turkey sandwich on pretzel bread and sweet potato fries - both were meh (and cold). food was much better when they first opened. sad when standards drop...   (i also had to valet park. then valet disappeared...  my keys ended up behind the bar. that's apparently where they keep them, incase you're looking. or still waiting for your keys.)",Uptown,Tavern,68.8,8.0,11.6,2,65+,Female,Caucasian
S30vbx-7LggV9-KCv5XFDQ,Customer_4222,2014-02-08 20:20:58,⭐⭐⭐⭐,Great food!! Everything we ordered was good. Wait was long for Saturday brunch. My fave were the red velvet waffle and Singapore eggs.,Uptown,Tavern,42.0,8.8,21.0,3,56-65,Non-binary,Asian
8hBiPbwlO6aKuGhkpj_20g,Customer_1760,2017-03-18 19:34:46,⭐⭐⭐,"Food was fantastic, servic was so bad I wouldn't come back. They are severely understaffed, we finished eating 45 mins before we got the check. The hour and a half wait is completely unnecessary!",Uptown,Tavern,183.95,11.12,6.0,2,26-35,Non-binary,Asian
FV1jBl_-mID3BG0ZWkc5Pw,Customer_4849,2016-02-14 15:33:54,⭐⭐⭐⭐⭐,,Uptown,Tavern,19.96,1.09,5.5,3,18-25,Non-binary,African American
IR4sVMnstCD57coNaQ3mEA,Customer_3800,2018-01-09 23:22:15,⭐⭐⭐⭐⭐,,Uptown,Tavern,41.3,8.35,20.2,1,56-65,,Caucasian
YBG_ucuXZkpBqHqZNkDMuQ,Customer_8081,2016-07-16 04:47:45,⭐⭐⭐⭐,"A good place. Kind of on the loud side, but a nice place. Fried chicken skins were superior. Rest of food was good and waitress was fairly attentive and kind of tuned in. Not a place to go if you're in a hurry.",Uptown,Tavern,211.84,35.4,16.7,2,46-55,Prefer not to say,Asian
kVPUow1BON0KfPzndxW57w,Customer_3905,2018-07-09 00:09:28,⭐⭐⭐⭐⭐,,Uptown,Tavern,54.38,11.68,21.5,2,26-35,,Other
zuCUvtipevadPrFg-qwpvg,Customer_4339,2011-02-25 03:10:36,⭐,"I thought this place was called 'Whiskey Tavern""- That is what the sign said. Its so cool they dropped the Whiskey.  hmm, okay, Tavern it is. Then I kept calling it Whiskey Kitchen because well it is just like Whiskey Kitchen. 

The dark woods, dim light bulbs and limited tables all from IKEAS dark collection, snooty staff, high drink prices and 6 tables on reserved at 5:30 on a Saturday seems a bit weird for a ""tavern"" 

I went here with a few friends. We just wanted to grab a drink. Even though there were not seats at the bar I proceeded to tell the security-ish hostess we'd just stand and drink our drinks. Seemed like a strange concept to her. We wedged our way in there and was asked if we were waiting for a table. We weren't. The bartender was shocked we were just getting 'drinks'. You won't find a food review here. 

We ordered our drinks and she held her hand out waiting to pay out. No problem. After paying immediately after ordering, we had to drink the drinks.  Lots of huffin and puffin and stink eyes that we were just going to stand there and drink! 

If you like to be 'seen', enjoy bars with chains on the wall, in this room where Tom Edison light bulbs meets LA-tude this is your jam.",Uptown,Tavern,81.07,15.15,18.7,2,46-55,Prefer not to say,Hispanic
wOPYYm4HSA2xfsDanat8wg,Customer_9885,2015-04-03 18:06:30,⭐⭐⭐⭐⭐,"Amazing food, great service! Melissa was so accommodating! We got seated right away too.",Uptown,Tavern,42.28,14.8,35.0,3,26-35,Prefer not to say,
C3lyvFsXo9ijb2PovX3h7w,Customer_5992,2015-08-08 21:45:53,⭐⭐⭐⭐,"The atmosphere is very clean, modern, and slightly upscale. They offer a brunch and a large selection of drinks. They are very packed for brunch though. Their brunch runs pretty late. I got there around 2pm and they said brunch was ending soon. Their brunch menu items cost around $10 each. Their normal dinner menu gets a little pricier, but you don't have to spend a lot of money here.",Uptown,Tavern,13.98,0.0,0.0,2,18-25,Male,Asian
YtUt2x2ZuHB-nesS9jZNxQ,Customer_3569,2014-08-12 04:36:29,⭐⭐⭐⭐,"Great place. Good food. Good prices, $30 for 2 people.  Good service. Too loud on the inside but perfect for sitting outside. Try the pretzel sandwich with fries.",Uptown,Tavern,52.08,11.13,21.4,3,26-35,,African American
-o9WEr96OJrpRBglM9LTAg,Customer_9324,2016-12-05 20:34:23,⭐⭐⭐⭐,"I finally got to come and experience brunch here! Which is easier said than done. I've attempted to come before and the wait was around 1.5-2 hours. 
On Sunday we came around 1115 for a 45 minute wait which wasn't bad for a group of 5. 
It's two for ones for Sunday brunch and I tried the sangria and the blood orange mimosa. I preferred the sangria hands down!
For food I ordered the huevos rancheros which was pretty good. My gf ordered the Singapore stiryfry and the white trash hash and I liked her stir fry a lot!
I will be back for sure because I keep hearing how good the tavern burger is and I won't make the mistake of not ordering it next time! 
Awesome atmosphere with a brunch of tvs. Can be a little loud though.",Uptown,Tavern,50.21,6.92,13.8,1,26-35,Non-binary,African American
THSSMvs_0sJCVgm2NcLpHQ,Customer_2037,2016-10-02 03:12:29,⭐,"Got to the restaurant and gave the name under our reservation. They don't take reservations and don't know why open table lists them but they get that a lot. Hmm ok. Can you try to do something for us since it isn't our fault you haven't contacted open table? No, 1 hr wait. No problem, we will go next door for drinks. Get text from restaurant that let's you check status through wait for out....opentable. Hmmmm.  Come back in an hr, get seated outside even though there are plenty of spaces inside. Fine. Drink wifey ordered was the best part of the experience.

Can we order the cauliflower - no, we are out of our most popular item. Ok.

Guac appetizer - made from half an avocado and a thousand chips. $12 

Salad with ahi - 1 dimensional salad with 3 pieces of ahi. Ahi was good wish there was more of it. Salad had no diversity anything interesting $23

Chicken kabobs - supposed to be with ginger terriyaki and sesame and garlic. Only thing I could taste
was terriyaki, very heavy handed.
 
Nothing we ordered was beyond marginal...",Uptown,Tavern,46.21,6.42,13.9,2,36-45,Male,Other
yubBhUMup3st_lEG0smAOQ,Customer_8901,2011-04-28 22:07:32,⭐⭐⭐⭐,,Uptown,Tavern,29.94,5.65,18.9,2,18-25,Male,Other
_bk1_B7DVeOygrUqAEW5ng,Customer_7065,2015-10-18 21:58:29,⭐⭐⭐⭐⭐,,Uptown,Tavern,112.59,23.64,21.0,2,26-35,Male,Hispanic
_YFRLnmfK_00lfI_j8D-bA,Customer_5364,2014-12-20 20:42:02,⭐⭐⭐⭐,,Uptown,Tavern,33.39,3.21,9.6,3,18-25,,African American
NLVQbI5tUFqnFNz5ghSUjg,Customer_7713,2015-08-20 12:32:09,⭐⭐⭐⭐⭐,Service and food was excellent!! Personal favorite is the beef short rib tacos washed down with a gluten-free beer.,Uptown,Tavern,18.62,3.62,19.5,1,56-65,Male,Mixed
S30vbx-7LggV9-KCv5XFDQ,Customer_7864,2014-02-08 20:20:58,⭐⭐⭐⭐,,Uptown,Tavern,25.92,5.73,22.1,1,56-65,Female,Native American
S1lv3xiwjmltqRXv0rU51Q,Customer_1272,2012-07-19 13:56:38,⭐⭐⭐⭐,Got the turkey blt. Excellent! Service was a little slow but we weren't in a rush.,Uptown,Tavern,62.99,25.2,40.0,2,26-35,Prefer not to say,Other
r6bGzYOXNhVMAtwSoomGRQ,Customer_7541,2016-01-30 05:37:42,⭐⭐⭐⭐,"One of my favorite spots in town. Burger is amazing, good vibe, nice staff. Go-to gastro pub for sure.",Uptown,Tavern,109.07,12.94,11.9,3,,Female,Mixed
1JOtU5njH8oXZCSpxq_dzw,Customer_6303,2014-12-23 21:35:24,⭐⭐⭐⭐⭐,"Gastropub delight! I have to stop here every time I come to Nashville for business. I haven't had a single thing from the menu that I did not love. The grilled cheese was amazing, the soup tasty, the drinks... Mmmmmmm. Try the one with agave. The truffle fries are perfect, and be sure to top it all off with s'mores you make at the table. I've enjoyed eating outside, inside, at the bar... and have taken food to go when I didn't have time to relax. The decor is rustic and interesting. Depending on the time of day, it can be a quiet spot to relax or it can get really noisy at happy hour. The one drawback is the prices. A bit on the high side, but okay for someone like me who only does this occasionally for a treat. If you were a local, it might set you back if you became a regular.",Uptown,Tavern,33.48,3.59,10.7,2,36-45,,African American
1qLEWsj1MiQlZlGaoSHoIA,Customer_1368,2014-06-30 11:25:54,⭐⭐⭐⭐⭐,"Had brunch here yesterday with my son and his new wife (as of Saturday), and I couldn't have been more impressed! We had a party of 10 and were seated fairly quickly in a nice area with a tv. The two for one drinks were deliciuos and the eggs Benedict were hands down the best I've ever had! The service was absolutely outstanding! We had Nikki as our server not only was she friendly, helpful, and entertaining- she also took the time to comp the drinks for the newlyweds. I will definetly come back to Tavern. One of the best brunches in Nashville! I will be recommending it as much as I can, and if you go- ask for Nikki, best service I've had at a restaurant!",Uptown,Tavern,114.39,24.71,21.6,2,65+,Prefer not to say,African American
bI1cuNWVGabUUF-n0Kb3pw,Customer_7750,2015-05-30 03:18:24,⭐⭐⭐⭐⭐,,Uptown,Tavern,34.26,2.97,8.7,2,36-45,Male,
Dr6doKlArIS1C84lqwM8wg,Customer_1353,2015-08-24 02:27:10,⭐⭐,"A group of 13, including myself, showed up for a late dinner on Saturday night and while we did expect a wait, we did not expect a 1.5-2 hr wait, considering there were two empty tables inside waiting to be cleared. It was not crowded I should add. The drinks were also a little overpriced, especially since that was pretty much the only option you had for a 2 hour wait. The staff would not allow one under 21 person in our group to stay and even be served just for dinner, so naturally we were all forced to leave AFTER we had already ordered a drink. Despite the staff being professional, we felt it was rude to force our entire party to leave since we had already committed to waiting the 1.5-2 hrs that was expected. We took our business across the street. While the food may be amazing here, I suggest not coming with a party of 2 or more unless you want to be tired, hangry, and spend at least $20 on drinks alone prior to even reading a dinner menu.",Uptown,Tavern,55.39,10.64,19.2,2,56-65,,
m3rZ0UhIOrYqLREDtuNOzg,Customer_5176,2015-08-31 04:54:53,⭐⭐⭐,"3 stars for food and a 1/2 star for ambience/drink specials. Went here with a bunch of friends on a Wednesday night. The place was busy! They said our wait was about 30 min so we decided to go to the bar. 2 for 1 drink special!! Excellent! The drinks were pretty big and strong so it was a great deal. I got the tequila drink with blackberry and agave juice (can't remember the name). It was good!! We sat on the outdoor patio with our drinks while we waited for our name...it was perfect! 

The food was mehhh...I had the lamb tacos which were just ok. I felt like they needed to be more exciting...there was barely anything on them. I ordered 3 because I was pretty hungry, and it was the perfect size. My friend who got the burger loved it, so maybe I just had to order something else. Who knows. Overall I was underwhelmed. I have to eat gluten free (Celiac), and they did have a gluten free menu. It wasn't huge but enough options. However, they did have fried things on the gf menu that are NOT GF!! This is a huge pet peeve of mine...why put it on the gluten free menu if it's not?! So annoying. I would go back to this place for drinks only.",Uptown,Tavern,35.57,4.79,13.5,2,65+,,Native American
T3h-qsLvgw6-snTIya8Omw,Customer_9258,2017-02-19 18:55:09,⭐⭐⭐⭐⭐,"You'll definitely have a wait for brunch but grab a drink and buckle in cause it's worth it. Everyone at the table loved what they ordered. We started with the buffalo cauliflower and got the pretzel pancakes, nooner, blueberry waffle and the red velvet waffle and damn if we didn't clean our plates. Also if you don't get the white trash hash you'll regret it for years to come. Service was great and our drinks were perfect.",Uptown,Tavern,98.77,6.8,6.9,1,18-25,Prefer not to say,
OT-156nGBziJ5NNrA-YA4w,Customer_9503,2015-05-27 22:26:15,⭐⭐⭐⭐⭐,"Delicious food in a fun setting.  Great helpful and friendly service.  Two levels of seating near the bar.  We had awesome buffalo cauliflower, egg rolls with philly cheese steak and amazing kale salad.  highly recommend the Tavern.",Uptown,Tavern,34.73,12.16,35.0,2,26-35,Prefer not to say,Hispanic
S1lv3xiwjmltqRXv0rU51Q,Customer_5799,2012-07-19 13:56:38,⭐⭐⭐⭐,,Uptown,Tavern,83.79,20.23,24.1,2,56-65,Male,Native American
75H1aBmdeTCy6TYUKHhg4g,Customer_9433,2018-08-24 20:33:25,⭐⭐,"PSA: Just go for the 2 for 1 drink special at brunch and white trash hash. The atmosphere is trendy. Everything else is not worth the wait! We arrived at 11am on a Friday for brunch, was told the wait was 20 mins. We did not get seated until 11:50a. Food is average. I will say the nachos were good but nothing outstanding. The biscuits came out cold. A ""side"" of bacon is $5 dollars and you get seriously 2 slices. Service was very very slow. Wouldn't recommend unless you have 3.5 hours or more to kill for brunch.",Uptown,Tavern,22.62,3.87,17.1,2,18-25,Non-binary,African American
G_hGOr7cjzHnwHHKPEvtcA,Customer_1514,2013-04-13 05:19:34,⭐⭐⭐⭐,"Tavern was in walking distance from our hotel, and we had read it was a good place to watch a game, so we were there! I really liked the feel of this place. It was really modern and even the waitstaff complements the look with their matching grey v-necks. We were famished after a long day and got down on so many dishes! 

-grilled artichokes. promised with a ""comeback sauce"" which we got to help my friend push ahead past her hangover, it didn't really do that.
-lamb tacos and pork tacos. the lamb tacos were great but nothing could compare to the pork tacos. I have never been more sad to see the end of a taco.
-salad of little gems. hello? little gems describing anything? I'm in! It was a great, little refreshment from my all-meat diet, with cranberries and fresh mozzerella.
-chicken and waffle. The fried chicken was great, but the cheddar and jalepeno waffle was almost too overpowering with the sweey syrup.
-loco moco. too much meat but the rice and egg were just what my friend needed to get back on the drinking horse so props for that!

The drink list was also amazing here, great whiskey cocktails and they make a mean martini as well! I also liked the mix of people here. It was the perfect Friday night crowd. Prices were pretty reasonable, unless, of course, you are posted up watching Michigan beat Kansas in overtime, then the bill might be a bit higher to taste victory ;)",Uptown,Tavern,32.4,4.7,14.5,2,26-35,Prefer not to say,Caucasian
ixQL38jMU5o0l45m13PWSA,Customer_3935,2015-10-17 19:51:53,⭐⭐,"I had high hopes after hearing good things and reading good reviews from numerous sites. A friend and I went for brunch and while we waited 45 minutes for a table, that was expected. After being seated our waitress took our drink orders and came back about 5 minutes later with waters and another 10 with my friend's blood orange mimosa. We ordered and waited over an hour for our food. When the waitress finally checked on us I asked about the toast for my son because I knew he was hungry. She came back 10 minutes later with our meal which, to my dismay, was disappointing. I've had better food at a local diner in town and for half the price. I have no idea how long our food sat under heat lamps but my white trash hash was cold and the eggs on the nooner I ordered were overcooked. My friend ordered the roasted peppers and squashes and said hers was good but she couldn't eat the hash. The service was pretty crummy. We had to ask for our check and then we had to ask the hostess for someone to check us out because our waitress must have forgotten about us. Overall it was a dismal experince and while I was excited to take my husband the next time we are in Nashville, I think we'll be eating elsewhere.",Uptown,Tavern,53.2,7.19,13.5,1,,Non-binary,Mixed
ZLJZGHB9bXDXdnIhEN7jgg,Customer_1008,2013-10-15 19:45:03,⭐⭐,"Came in for lunch while in Nashville in business. The waitress sold me on their Bloody Mary, so I ordered that and the lettuce wraps. The bloody was ridiculously watered down. It tasted watered down and looked like the glass was about 85% water/ice. When I commented on the look and taste, the waitress proceeded to tell me that if it looked watered down, there was probably extra vodka in it, which I couldn't taste because it was ""infused"" which cuts down on the vodka taste. What a load of BS. It was one of the most disappointing bloodies I've had. I should have sent it back, but she was adamant that I was wrong. Lettuce wraps had a nice spicy kick, which I liked, but it failed to redeem the dry, canned-tasting chicken. Very. Under-impressed.",Uptown,Tavern,53.88,7.25,13.4,2,56-65,,Asian
S15HB-F4CfmXT5m0ppL-Sg,Customer_1674,2014-01-02 19:19:41,⭐⭐⭐⭐,,Uptown,Tavern,57.44,15.41,26.8,2,36-45,,Asian
cCNHSQG4rqISbvnfdRjVJw,Customer_5291,2017-09-22 05:54:30,⭐⭐⭐⭐,"First night in Nashville, after a long car ride, ready to get a taste of that night life!!  Great place to start.

Food: Started with the SHISHITO PEPPERS, def glad I did.  These are perfectly charred.  Cooked well, so that they are still a little crisp and not soggy.  Lightly salted.  Greatest part, they give a little pile of sea salt on the side, so you can season to your liking!!  Be careful with these.  Some of the peppers have a super spicy kick.
  
BUFFALO CAULIFLOWER was another starter.  This app was a bit too sour for me.  The tanginess was pretty potent that I could not focus on any other flavors.  Also, the exterior of the cauliflower was not that crispy.  More on the soggier side.  Not a fan.  Pass on this.
  
TURKEY BLT was a good choice.  The pretzel bread was nice and chewy.  Lovely choice of bread for this sammy.  Wonderfully smoked turkey with crispy bacon.  Comes together beautifully with the smooth gruyere cheese, and the creamy avocado aioli.  Great textures and tastes that really comes together in this sammy.  I got it with the Tuscan tavern fries.  Nice and crunchy fries.  Def try.

SMORES on the tabletop.  Even comes with a small campfire.  Classic fix'ns for smores: graham crackers, marshmellows, and chocolate bar.  In addition, some strawberries and reese's peanut butter cups.  Was quite the indoor smores experience.

Service: Drinks were full, food got to the table fresh and hot, server was attentive, and table was cleared away promptly.  All together, I think it was a good experience.

Ambiance: Very casual.  Rustic and slightly romantic.  Nice for a girls gathering, as well as date night. 
  
Dranks: Great selection of beers, wines, and specialty cocktails.  A little something for everyone.  I had wine that night, but def would like to go back and try one of their cocktails.  
 
Overall: A place that I would like to visit again.  Food was good.  Drinks were good.  This is a place that you can go, no pressure, find something to eat, and get your drink on.  Enjoy!!",Uptown,Tavern,29.9,5.86,19.6,2,65+,Male,Mixed
Z_3i08PB4aHIoyJL_HEfHg,Customer_1238,2017-05-02 00:56:49,⭐⭐⭐⭐⭐,"A friend recommended this restaurant to me while on a business trip to Nashville. The food and service were great! It's a really cool atmosphere with lots of fresh air. Unique menu items, and everything that I saw come out looked so good.",Uptown,Tavern,19.7,3.11,15.8,3,46-55,Non-binary,Caucasian
zuCUvtipevadPrFg-qwpvg,Customer_6651,2011-02-25 03:10:36,⭐,"I thought this place was called 'Whiskey Tavern""- That is what the sign said. Its so cool they dropped the Whiskey. hmm, okay, Tavern it is. Then I kept calling it Whiskey Kitchen because well it is just like Whiskey Kitchen. The dark woods, dim light bulbs and limited tables all from IKEAS dark collection, snooty staff, high drink prices and 6 tables on reserved at 5:30 on a Saturday seems a bit weird for a ""tavern"" I went here with a few friends. We just wanted to grab a drink. Even though there were not seats at the bar I proceeded to tell the security-ish hostess we'd just stand and drink our drinks. Seemed like a strange concept to her. We wedged our way in there and was asked if we were waiting for a table. We weren't. The bartender was shocked we were just getting 'drinks'. You won't find a food review here. We ordered our drinks and she held her hand out waiting to pay out. No problem. After paying immediately after ordering, we had to drink the drinks. Lots of huffin and puffin and stink eyes that we were just going to stand there and drink! If you like to be 'seen', enjoy bars with chains on the wall, in this room where Tom Edison light bulbs meets LA-tude this is your jam.",Uptown,Tavern,21.48,5.66,26.4,2,,Prefer not to say,Hispanic
BB5kBkUH3mAmItdC6N073A,Customer_6830,2015-01-06 06:13:05,⭐⭐⭐⭐,"my favorite brunch spot on nashville! 

the drinks are amazing and they have a wide range of items on the menu. my favorite brunch items are probably the benedicts and white trash hash.

my favorite items served all day are the sweet potato fries and tuscan kale salad!

the only complaint I would have is that they usually have a long wait, especially for brunch so come early and be prepared to wait! it's certainly worth it. 

other than that, the atmosphere and food are some
of the best in nashville!",Uptown,Tavern,41.9,4.0,9.6,2,18-25,Non-binary,Other
JtPqmnpOpmT5CLzNITJIpA,Customer_4138,2014-10-14 01:06:23,⭐⭐,"Not my cuppa gin. Probably because of all that basil.

Tavern is big, a bit brash, bro-friendly with all the TVs and reasonably priced for its prime location on Broadway. Drop your name and cell phone number at the host stand and get sexted when your table is ready. So tech.

Reviews sing praises of their prime beef burgers, so wifey and I opted for a pair, each with bacon and cheese. Subbing a side salad for fries comes with a surcharge... the amount will totally surprise you. (Clickbait header fail: It's $3.50.)

With the fixin's and the greens, a $9.50 patty sizzled up to $16. And the lasting impression is nil, save the need for seasoning and a Maillard crust. It's an average burger that should be $8 at any pub, which gives me pause as to why it comes so highly praised. An off-night in the kitchen? Labor Day weekend lethargy? Unclear. The end result just didn't resonate.

Could cocktails save the day? Her berry julep was all pulp and my 1920 (a gin, grapefruit, ginger and basil concoction borrowed from Brinkley's) tasted only of the green leaf. No tartness, no ginger bite, no other herbal subtleties from the spirit. Just basil. All the basil. At least they were cheap-ish!",Uptown,Tavern,40.16,8.66,21.6,2,56-65,Non-binary,Other
JiJnjB3HdoltyMMi2klndQ,Customer_8861,2015-10-21 14:28:20,⭐⭐⭐,Chose Tavern because I wanted to catch a baseball game on their TVs while eating. The wait for a table of four was an hour on a Saturday night. Food was fine but nothing to jump up and down about. Waitress recommended the Tavern burger...it was ok.,Uptown,Tavern,78.02,0.0,0.0,3,65+,Male,
75H1aBmdeTCy6TYUKHhg4g,Customer_1572,2018-08-24 20:33:25,⭐⭐,"PSA: Just go for the 2 for 1 drink special at brunch and white trash hash.  The atmosphere is trendy. Everything else is not worth the wait! We arrived at 11am on a Friday for brunch, was told the wait was 20 mins. We did not get seated until 11:50a. Food is average. I will say the nachos were good but nothing outstanding. The biscuits came out cold. A ""side"" of bacon is $5 dollars and you get seriously 2 slices. Service was very very slow. Wouldn't recommend unless you have 3.5 hours or more  to kill for brunch.",Uptown,Tavern,37.2,3.77,10.1,4,65+,Female,Other
9chZYiGTTrkRaHZQxg__FA,Customer_1779,2016-10-02 03:21:25,⭐,"Decided to try this place after our Airbnb host recommended it. Total miss! Way too overpriced for what we got. We ordered guacamole because they were out of cauliflower. The guacamole was too plain, lacking salt and spice. The size was ridiculously small and disproportional to the amount of chips you get with it. We also had chicken skewers, that were described as ""sesame, garlic, ginger..."". It literally tasted like chicken with some super sweet teriyaki sauce. The rice with it was totally plain too. We had kale salad with ahi tuna. Also was lacking taste, and the size of kale and tuna was disproportional. Not worth the money at all.",Uptown,Tavern,77.28,4.26,5.5,2,36-45,Non-binary,Native American
o_jKYWFuFfuVAs2R3-vPiw,Customer_1708,2016-09-30 22:31:14,⭐,"SUPER DISAPPOINTED...recommended by a friend, came here to have a drink and an appetizer with my boyfriend, sat down at 5 o'clock at the bar and waited 25 minutes before we decided to get up and walk out. The bar was hardly full, 2 seats available as soon as we walked in and the restaurant itself was relatively empty. The bartender walked down and helped another couple but never acknowledged us. Hope others have a better experience because it is a good looking restaurant.",Uptown,Tavern,52.62,9.07,17.2,2,36-45,Non-binary,Other
G_hGOr7cjzHnwHHKPEvtcA,Customer_7131,2013-04-13 05:19:34,⭐⭐⭐⭐,"Tavern was in walking distance from our hotel, and we had read it was a good place to watch a game, so we were there! I really liked the feel of this place. It was really modern and even the waitstaff complements the look with their matching grey v-necks. We were famished after a long day and got down on so many dishes! 

-grilled artichokes. promised with a ""comeback sauce"" which we got to help my friend push ahead past her hangover, it didn't really do that.
-lamb tacos and pork tacos. the lamb tacos were great but nothing could compare to the pork tacos. I have never been more sad to see the end of a taco.
-salad of little gems. hello? little gems describing anything? I'm in! It was a great, little refreshment from my all-meat diet, with cranberries and fresh mozzerella.
-chicken and waffle. The fried chicken was great, but the cheddar and jalepeno waffle was almost too overpowering with the sweey syrup.
-loco moco. too much meat but the rice and egg were just what my friend needed to get back on the drinking horse so props for that!

The drink list was also amazing here, great whiskey cocktails and they make a mean martini as well! I also liked the mix of people here. It was the perfect Friday night crowd. Prices were pretty reasonable, unless, of course, you are posted up watching Michigan beat Kansas in overtime, then the bill might be a bit higher to taste victory ;)",Uptown,Tavern,76.46,13.06,17.1,2,18-25,Prefer not to say,African American
M3EPjYaN9PiuclPw9SJeuw,Customer_3065,2015-12-24 20:23:39,⭐⭐⭐⭐,,Uptown,Tavern,25.99,6.85,26.4,2,36-45,,Other
orRnnLxzfGs9Ityz0YK-dw,Customer_3243,2015-11-09 04:53:47,⭐⭐⭐⭐,,Uptown,Tavern,28.67,5.31,18.5,4,46-55,Female,African American
NUgiGdT9H6-r_kj1hsMtuQ,Customer_3962,2014-01-18 17:38:20,⭐,,Uptown,Tavern,56.91,9.58,16.8,2,18-25,Non-binary,Asian
OTyZuYfiZX7Db0kW9rz-Sg,Customer_5831,2017-03-06 17:57:03,⭐⭐⭐,"Tavern is probably one of the better brunch places in Nashville IF (and only if) you go with friends. This is not the place to go for a brunch date or to go with any person that you actually want to have a conversation with.

Both times that my wife and I have gone (once by ourselves, and the other time with some friends) the music has been extremely loud - like to the point where we have been yelling just to hear each other. Not kidding. Look, I like my music loud... and their playlist was actually on point (late 90's/early 2000's hits)... but going out to eat is a social experience. Part of sharing a meal is enjoying the company of the people you're with. Don't blast music in my face and force me to lean in just to hear what the person next to me is saying. C'mon. 

On to the food! It's GREAT. I highly recommend the Benedict Uno - a short rib benedict topped with tabasco-infused hollandaise. Wow. So much amazing flavor in every bite. I savored it right down to the end. I also recommend the maple fondue if you're with a group. It's a fun dish to share and has assorted fruits and some french toast and sausage... all to be dipped in a delicious warm maple syrup mixture. Can't go wrong. Also, don't sleep on the 2-for-1 libations. The blood orange mimosa and the red sangria are my favorites (although the last time I went, I just doubled up on the sangria... easily my favorite).

This place deserves respect for the quality of food they put out and their decent pricing (average about $12-$15 per entree). The only things that keep this from being a 4-star review are the noise level, the lack of parking (bring cash because you will need to use the valet), and the fact that you will undoubtedly have a wait. When we went with our friends, we got their 10 minutes after they opened and were told there was a 20-30 minute wait. We ended up actually waiting almost an hour. Not really a complaint, since you have to factor in a wait at popular places... but still. Just a warning - you will have a wait.

Give this place a shot if you like good food for brunch, just go in knowing that there are some pitfalls with this place.",Uptown,Tavern,28.79,6.75,23.4,1,18-25,Non-binary,
HKIrimFcdewa5Dxu7E-o_g,Customer_5973,2018-02-15 17:25:39,⭐⭐,"Was in Nashville this past weekend with some friends. Decided to try this place as it was close to where we were staying. 

The place is very quaint on the inside. Dark lighting, the type of spot that could suffice a first date, a work event or a family get together. My friend and I showed up around 3pm and strangely there was a ten minute wait (Which is weird, because it's that awkward time in between lunch and dinner, but whatever.) 

Our server is super friendly and attentive. I order the pan seared tuna with a side of the sweet potato fries with jalapeno ketchup. My friend orders the tavern burger. 

Our food comes. I take a bite of my tuna and it appears raw, almost entirely uncooked. I try again and can't bare it. The waiter has no problem swapping my order for the salmon which is very kind of him. My friend appears to enjoy the burger. The fries are fine-- not seven dollar side worthy fine, but decent enough. The jalapeno ketchup tastes like regular ketchup. The salmon doesn't particularly taste like fish (almost like an overly marinated chicken, which wouldn't be a bad thing if it wasn't brought under the guise of fish) but I run through it because I'm starved. We pay and the meal for me was at its best below average. Especially for the cost. 

Naturally the evening/early morning hits and I've got all types of food poisoning and stomach bug type issues (diarrhea, nauseous, headache, puking.) This was Monday morning/ Sunday evening. It's now Thursday and I'm still ill. Not quite sure how these people are cleaning their meats, but I won't be back anytime soon. Nice, attentive staff and sweet vibe. Food was awful.",Uptown,Tavern,49.97,10.61,21.2,2,65+,Non-binary,Mixed
x7W6fUbjTpch1oaTACYQbQ,Customer_6345,2014-04-25 18:57:29,⭐⭐⭐⭐⭐,Food was great.  Sweet potato chips were amazing.  Great vibe too.  Seating indoors or out and a huge variety of menu options.,Uptown,Tavern,25.98,4.89,18.8,5,,Female,Asian
Sw1F45atmHECRc0hc7BpRQ,Customer_2340,2017-10-14 22:52:04,⭐⭐⭐⭐,"Tavern has a nice variety of healthy options. They have a large section titled ""yolks"" which consists of the many different and funky ways you can serve an egg (we had one with salmon in an omelette and it was delicious). We also had the ""trail mix"" which consisted of bulgur, quinoa, and other healthy perks... a great way to start the morning. 2/1 brunch libations - I would recommend the Cucumber Mary.",Uptown,Tavern,26.45,9.26,35.0,2,36-45,Non-binary,Asian
U2zgD5DQCFzXzj23byTiSw,Customer_1923,2017-05-27 22:50:01,⭐⭐⭐⭐,tavern is above average and the american food is pretty good here. I like the ambiance and the TV in the restaurant. The drinks are good as well. It's in a neat area that is right next to bars and the division places,Uptown,Tavern,74.03,7.35,9.9,5,26-35,Prefer not to say,African American
xPS_JW---lzeO4Z68IFkTg,Customer_2113,2015-07-05 22:04:46,⭐⭐⭐⭐,"This may seem like a standard American burger joint, but they actually have taken pains to create a thoughtful and surprising menu. 

There are options ranging from middle eastern to Mediterranean to Indian to new American and I had a sampling of them all. Everything had a distinct flavor profile, regardless of whether I liked it, and the burger was one of the best I've had in Nashville. Oh, and for dessert you can roast your own marshmallows at the table. 

Service wasn't the greatest, but not terrible as other reviews have noted and overall this is a spot I'd recommend.",Uptown,Tavern,81.22,28.43,35.0,2,26-35,Female,
IYPW6D-FXZeFM0Ri9hoLtw,Customer_5435,2018-01-01 19:25:58,⭐⭐⭐⭐⭐,"Great brunch and cocktails! The Nooner, Roasted Peppers and Squash, and Blueberry Waffles were great. Very good Bloody Mary, red sangria, and signature craft cocktails.",Uptown,Tavern,55.05,11.96,21.7,1,56-65,Female,Mixed
kc6jSWjXzJGbo--F7ce9yw,Customer_6263,2016-06-26 20:18:19,⭐⭐⭐⭐⭐,"Fantastic brunch, bloody Mary's and blood orange mimosas were superb. The Red Velvet waffles, cheddar cheese, chorizo and gravy biscuits were great too and you must try the huevos rancheros, they will not disappoint. The service was also great.",Uptown,Tavern,32.06,5.94,18.5,3,26-35,Female,Native American
orRnnLxzfGs9Ityz0YK-dw,Customer_3292,2015-11-09 04:53:47,⭐⭐⭐⭐,"Nice bar with good music and lively atmosphere. The beef Tacos were so Yummy, and so were the fries. Went if there happy",Uptown,Tavern,14.15,1.95,13.8,3,36-45,Male,Other
8MZmHIPivJvqHyegz4NDuw,Customer_9015,2017-12-30 16:07:30,⭐⭐⭐,"The pork chops were delicious. Yummy burger. Good beer and cocktail selection, nice decor. It was busy when we were there, so a little loud.",Uptown,Tavern,87.16,21.11,24.2,3,18-25,Prefer not to say,Hispanic
75H1aBmdeTCy6TYUKHhg4g,Customer_9668,2018-08-24 20:33:25,⭐⭐,"PSA: Just go for the 2 for 1 drink special at brunch and white trash hash.  The atmosphere is trendy. Everything else is not worth the wait! We arrived at 11am on a Friday for brunch, was told the wait was 20 mins. We did not get seated until 11:50a. Food is average. I will say the nachos were good but nothing outstanding. The biscuits came out cold. A ""side"" of bacon is $5 dollars and you get seriously 2 slices. Service was very very slow. Wouldn't recommend unless you have 3.5 hours or more  to kill for brunch.",Uptown,Tavern,137.33,22.32,16.3,1,18-25,Non-binary,Native American
nqYD4jZI4sI_wBPcI5vu5w,Customer_8726,2015-08-31 22:11:44,⭐⭐⭐⭐⭐,"Place was awesome! Went here for my birthday & I had a large party of 12, they included gratuity with the bill. But the waitress was very nice! Good music & environment. I will definetly be coming to this place again!!!",Uptown,Tavern,40.66,7.32,18.0,4,36-45,Female,Mixed
BzmEOiTGKggT-HAfQiLrNg,Customer_5875,2018-03-17 17:58:38,⭐⭐⭐⭐⭐,,Uptown,Tavern,20.79,4.75,22.9,2,56-65,Non-binary,Hispanic
gFzr7vTZX7t7kRtaKJU_KQ,Customer_8557,2015-09-10 19:52:35,⭐⭐⭐⭐⭐,,Uptown,Tavern,63.11,6.1,9.7,2,56-65,Non-binary,
kLR2GQ3fxHZ2da6bs3gffw,Customer_9754,2017-05-26 02:42:06,⭐⭐⭐,"Another Yelper hit it -- this is a noisy, crowded restaurant with big screen TVs. I wouldn't call it a sports bar. Nothing wrong with the place. Cool location, good beer selection. The food - deliciuos, but eliminates itself as a ""sports bar"". My sons and I wanted to catch some pub grub and the hockey game. Got the game. The grub-- eclectic. Do go here if you want a busy, bustling, energetic, tasty, flavorful, thumping music-beat experince. Don't go here if you want a burger, a beer and a hockey game amidst sports conversation.",Uptown,Tavern,21.31,3.98,18.7,8,26-35,Male,Asian
sdC3uA0KMPDtY20nkpcBOA,Customer_2124,2014-05-26 23:04:47,⭐⭐⭐⭐⭐,"I am now obsessed with Tavern. I'm from out of town and was just in for the weekend, but it was the best meal I have had in awhile (the smoked salmon Benedict w the hash). The hash was unreal! Everyone loved their meals, as well as the great drink specials (buy one get one). The sangria was great on a Saturday morning patio and our server Melissa was so so sweet! Amazing service plus an amazing personality and delicious food. I wish I lived in Nashville so I could eat here weekly. Enjoy it! Cheers!",Uptown,Tavern,32.54,4.69,14.4,4,26-35,,African American
zxkTGMwdebvHgkgA-fd-XQ,Customer_4216,2013-03-23 15:11:43,⭐⭐⭐,"I was so disappointed that my 2nd Tavern experince wasn't as flawless as my first one. I'm only giving it 3 stars due to the service we received from the manager and because most of the food was still good. I met 3 friends for a late Saturday brunch, 2 of which had never been there before. I was excited to introduce them to Tavern's fabulousness but left feeling a little embarrassed after the service we received. For starters, it took about 20 minutes before our server even acknowledged us. I asked about drink specials and as soon as the last word came out of her mouth she walked away leaving me unable to order a drink. About 10 minutes later she finally came back. After ordering drinks it took another 10 minutes to get them. We were ready to order our meals (had been for about 30 minutes) but again, she walked away before we could do so. Instead, she sauntered on over to the bar and proceeded to talk and flirt with some guy at the bar for over 20 minutes. We timed it. At that point we were so disgusted that we stopped another server walking by and asked if we could order with her. She was happy to help us. My 3 friends ordered the Tavern burger and they all liked it. I opted for a ham and brie omelette and it was kind of meh. I remembered I don't like brie (my fault for ordering it) and I had to pick it all out. The omelette was lacking flavor anyway. I should have at least salt and peppered it myself, I guess. The side of white trash hash was very tasty but an extremely small serving. Only about 5 bites. Because of our shitty server we were never offered to order a second round of drinks and it was past happy hour since of course we had been sitting at the table for almost 2 hours at that point. Dirty dishes sat on our table for 30 minutes while we waited for our checks. During our 2 hours at the table our server only came around 3 times. Very disappointing. With the exception of the burgers my friends had, the dining experience was pretty terrible. We ended up speaking with Madeline, the manager, about our experiance. She was very nice and seemed to sincerely care about what we had to say. She ended up comping our entire meal and gave us some coupons to come back and try brunch again. However, while we were speaking with Madeline the server in question was whispering and giggling with a busboy and staring at our table. Our point of ""complaining"" was truly not to get anything free, but to let these little brats know that people aren't just going to stand by and let them slack on their job while they run around and socialize. We ended up tipping the server who actually took our order. I'm hoping this horrible expereince was just a fluke because I really like Tavern and want to continue coming back.",Uptown,Tavern,67.45,13.01,19.3,2,,,Other
kVPUow1BON0KfPzndxW57w,Customer_6135,2018-07-09 00:09:28,⭐⭐⭐⭐⭐,I literally had the best grilled salmon of my life here! This place is amazing. The food is extremely good. My husband had chimichanga and he is also very happy  with his food. The service was great too. I can't recommend this place more!,Uptown,Tavern,47.72,7.53,15.8,3,46-55,Non-binary,Other
SJg1y9tjPwgOarQTgYmvcw,Customer_6364,2018-05-30 12:41:09,⭐⭐⭐⭐,"Good fun place, appetizers are fun, and different! Place is always full of nice people, good energy. Great for large or small groups. Fun times!",Uptown,Tavern,125.66,14.2,11.3,2,46-55,,Caucasian
1L6BIUf532tCKoF4FZODDQ,Customer_2759,2014-04-22 02:07:26,⭐⭐⭐⭐⭐,"If you think you are walking into a typical bar menu .... think again!  Wonderful, original recipes.  I had a kale salad, guacamole and chicken wings.  All awesome with non conventional ingredients (finally chopped kale with parmesan cheese, nuts, lemon).  Guacamole with pistachio nuts and goat cheese!  Who would have thought!!

Really good!",Uptown,Tavern,40.37,10.03,24.8,3,65+,Prefer not to say,Asian
9chZYiGTTrkRaHZQxg__FA,Customer_9135,2016-10-02 03:21:25,⭐,"Decided to try this place after our Airbnb host recommended it. Total miss! Way too overpriced for what we got. We ordered guacamole because they were out of cauliflower. The guacamole was too plain, lacking salt and spice. The size was ridiculously small and disproportional to the amount of chips you get with it. We also had chicken skewers, that were described as ""sesame, garlic, ginger..."". It literally tasted like chicken with some super sweet teriyaki sauce. The rice with it was totally plain too. We had kale salad with ahi tuna. Also was lacking taste, and the size of kale and tuna was disproportional. Not worth the money at all.",Uptown,Tavern,47.92,6.78,14.2,3,46-55,Prefer not to say,Other
NK-Y-Me_PssqgdrnRS7OdQ,Customer_7512,2018-06-09 20:08:21,⭐⭐⭐⭐,,Uptown,Tavern,52.97,12.12,22.9,5,18-25,Non-binary,Asian
phWrYKpwnfgh1P13O9mO0g,Customer_5209,2014-01-21 03:00:33,⭐⭐⭐⭐⭐,Jalepeno margaritas. Grilled artichokes. Mac and cheese. Amazing.,Uptown,Tavern,45.02,7.86,17.5,2,65+,Prefer not to say,Native American
InBi1x_iWGj7qdGM74FtrQ,Customer_6594,2017-12-16 22:38:40,⭐⭐⭐⭐,,Uptown,Tavern,37.25,7.54,20.2,1,56-65,,Caucasian
oY9uiqQGexQ1ZZ7E3ZiD9g,Customer_6576,2018-06-12 04:02:23,⭐,"Horrible service! Restaurant was recommended so we decided to check it out. First time in Nashville so we wanted to see what the downtown experince was, and we were greatly disappointed; mostly due to our unfortunate experiance at tavern. We waited for 20 minutes without any acknowledgement from our waiter. When we finally saw him in our area he greeted a table who had just arrived, skipped our table and went on to another. We ended up leaving the establishment. I repeat...horrible service!!!! I guess I can take that back, it wasn't horrible, there WAS NO SERVICE!",Uptown,Tavern,32.7,6.36,19.5,3,65+,Male,Other
0aPl5G1wRuvHtl29W3r7Dw,Customer_9465,2018-03-23 16:01:31,⭐⭐⭐⭐,"Food is great, drinks are great, deals are great (Brunch with 2-4-1 drinks? Heck yeah!). The menu is extensive and interesting, with unique twists on classic dishes. The srvice is also great, but I am withholding a fifth star due to the management's seating policies. We came for brunch on a Sunday expecting an hour plus wait, so when the hostess informed us it would be 1hr45m we weren't surprised. However, we became frustrated when we noticed there were 4 open tables on the patio that still hadn't been seated after an hour of waiting. It was a beautiful day so we asked the hostess about it and she said that the tables were reserved. When we asked again, she explained that the patio tables were not assigned to a specific server but were instead added on to a server's load inside, so they weren't seating them because they didn't want to overwhelm the servers. Totally understandable to not want to overwork your servers, but why not seat people with the caveat that servic will be slower? Or better yet, why not specifically assign a server to the outdoor section so that wait times will be lower? Having worked in the service industry, our group was confused by this. We ended up just sitting at one of the empty patio tables until the hostess notified us that a table was ready. We ordered the Cheddar Biscuit, the Wood Fire Double Yokes, and a Turkey Feta Omelette from the specials board and all were delicious. The biscuit comes in a trio and though it doesn't look like a lot of food they are VERY filling. Our server surprised us with a side of White Trash Hash on the house because our food was taking longer than expected (we didn't even notice the timing, so it was a very nice gesture). The White Trash Hash is a must, this stuff is addicting! Potatoes, rice, and gooey cheese- who could ask for more. Overall, great place for brunch in Nashville. Expect a long line but food worth the wait. Hopefully management can improve their seating policies to cut down on wait times in the future.",Uptown,Tavern,24.68,4.74,19.2,3,,,
JtPqmnpOpmT5CLzNITJIpA,Customer_7077,2014-10-14 01:06:23,⭐⭐,"Not my cuppa gin. Probably because of all that basil.

Tavern is big, a bit brash, bro-friendly with all the TVs and reasonably priced for its prime location on Broadway. Drop your name and cell phone number at the host stand and get sexted when your table is ready. So tech.

Reviews sing praises of their prime beef burgers, so wifey and I opted for a pair, each with bacon and cheese. Subbing a side salad for fries comes with a surcharge... the amount will totally surprise you. (Clickbait header fail: It's $3.50.)

With the fixin's and the greens, a $9.50 patty sizzled up to $16. And the lasting impression is nil, save the need for seasoning and a Maillard crust. It's an average burger that should be $8 at any pub, which gives me pause as to why it comes so highly praised. An off-night in the kitchen? Labor Day weekend lethargy? Unclear. The end result just didn't resonate.

Could cocktails save the day? Her berry julep was all pulp and my 1920 (a gin, grapefruit, ginger and basil concoction borrowed from Brinkley's) tasted only of the green leaf. No tartness, no ginger bite, no other herbal subtleties from the spirit. Just basil. All the basil. At least they were cheap-ish!",Uptown,Tavern,57.39,10.6,18.5,3,46-55,Non-binary,Mixed
gDzaKzwYqrEN-6PcvF_Eeg,Customer_3071,2018-04-04 00:25:01,⭐⭐⭐⭐⭐,,Uptown,Tavern,26.8,10.72,40.0,2,18-25,,Caucasian
SJg1y9tjPwgOarQTgYmvcw,Customer_8581,2018-05-30 12:41:09,⭐⭐⭐⭐,"Good fun place, appetizers are fun, and different! Place is always full of nice people, good energy. Great for large or small groups. Fun times!",Uptown,Tavern,48.88,13.07,26.7,1,56-65,Male,African American
Dr6doKlArIS1C84lqwM8wg,Customer_8403,2015-08-24 02:27:10,⭐⭐,"A group of 13, including myself, showed up for a late dinner on Saturday night and while we did expect a wait, we did not expect a 1.5-2 hr wait, considering there were two empty tables inside waiting to be cleared. It was not crowded I should add. The drinks were also a little overpriced, especially since that was pretty much the only option you had for a 2 hour wait. The staff would not allow one under 21 person in our group to stay and even be served just for dinner, so naturally we were all forced to leave AFTER we had already ordered a drink. Despite the staff being professional, we felt it was rude to force our entire party to leave since we had already committed to waiting the 1.5-2 hrs that was expected. We took our business across the street. While the food may be amazing here, I suggest not coming with a party of 2 or more unless you want to be tired, hangry, and spend at least $20 on drinks alone prior to even reading a dinner menu.",Uptown,Tavern,55.93,8.97,16.0,3,46-55,Male,Mixed
NixE0NEmzbOF81uRQIUkag,Customer_9669,2015-04-05 03:26:58,⭐⭐⭐⭐⭐,,Uptown,Tavern,71.95,8.55,11.9,2,36-45,Non-binary,Hispanic
14JPuG_IyWeP-DQGrpNdng,Customer_4376,2015-04-18 18:36:57,⭐⭐⭐⭐,,Uptown,Tavern,69.3,13.07,18.9,2,,Female,Other
Ec9Y9N0kzw4FevC1pR8BEA,Customer_2717,2018-08-25 12:24:25,⭐⭐⭐,,Uptown,Tavern,26.95,5.6,20.8,3,65+,Female,Caucasian
IR4sVMnstCD57coNaQ3mEA,Customer_8117,2018-01-09 23:22:15,⭐⭐⭐⭐⭐,"I'm usually a chilaquiles girl, so the Huevos Rancheros sounded sort of tempting with its eggs, tortillas and salsa combination. Now, huevos rancheros in general has never really appealed to me, but Tavern had me changing my tune. I have a feeling that no other restaurant's version of this dish will impress me as much as this one, but if you are in Nashville and you are at Tavern for brunch and you don't get the Huevos Rancheros.... you're making a HUGE mistake. One of the best brunch meals of my life y'all...",Uptown,Tavern,25.78,3.83,14.8,2,18-25,Male,Asian
LxwfF7_VZ2oyUfP2M084VA,Customer_9827,2014-08-14 20:55:34,⭐,"We came here because of all the great yelp reviews, I can't believe this is 4-stars.. Good beer selection, good atmosphere, and decent service.  The food, however, was bla.. We really wanted to try the fried chicken skins, they came out very hard and very stuck together.  The sauce had good flavor but the skins came in a clump that we could hardly break apart. Our food came out about 4 minutes I into our attempt to chisel the skins apart. Kaya toast was weird and really lacked anything to bring the dish together.  After scraping off the sauce it was basically Texas toast and an egg.  The 2 sets of tacos we ordered were both overcooked and VERY dry. Come here for drinks, skip the food!",Uptown,Tavern,21.95,3.32,15.1,2,36-45,,Caucasian
eX9N0rLvcfgrOo34hvDQRQ,Customer_1371,2014-02-12 21:35:12,⭐⭐⭐⭐,,Uptown,Tavern,79.57,10.99,13.8,6,56-65,,African American
L25HtdKcDrv9_qv0WNvF6g,Customer_8295,2018-07-08 18:29:39,⭐⭐⭐⭐⭐,,Uptown,Tavern,77.98,13.3,17.1,3,18-25,Non-binary,Mixed
nRMQ3IWh__Vn_aV864ws2w,Customer_7929,2011-03-28 17:18:11,⭐⭐⭐⭐⭐,"I have seen various reviews on Tavern.  Some very negative.  Others slightly positive.  Most complimented the food but nothing spectacular. 

So, this past Friday night a few friends and I got together for dinner and I wanted to try some place new.  I put out a list of 3 new places (new to me anyway) I'd like to try - based upon the Menu.  I listed Red Pony in Franklin, Burger Up and Tavern.  I sent my friends links to the restaurants and ultimately we agreed that Tavern would be the place.  

We arrived at 7:30 and ended up having to wait an hour for a table and they don't take reservations.  That was fine.  We figured about anywhere we went on a Friday night at this point we would encounter a wait of similar length.  So, we waited and ordered a couple cocktails while we waited.  

This is probably the biggest downside of the restaurant.  They don't have a place for you to really wait.  The bar was jam packed and there was no seating up front.  There was seating outside on the patio - but no one was out there because it was raining and cold.  So, we stood inside near the door for an hour.  

When we were finally seated the server asked us if we needed any more drinks and if we wanted any appetizers.

We decided to go with the 'Bazooka"" Guacamole Appetizer.  I pretty much hate Guacamole and never order it anywhere.  I've tried it several times many different places.  Never liked it.  But, this was supposed to be 'different' with some goat cheese and other stuff in it as well.  The presentation of the appetizer was very cool.  They bring it out in a 2-3"" deep round cake pan lined with parchment or wax paper - I don't really remember.  Inside there is a glass jar with one of those hinged glass lids on top and its filled with this guacamole concoction.  They have a few chips out on the pan, however, there is also a small, brown paper bag with the logo of 'Tavern' on it - and it is filled with chips.  We took the small server spoon and each took a dollop of the guacamole and put it on a chip.  Wow!  Absolutely incredible.  I don't know if it qualifies as guacamole or not (I'm sure some purists would say it doesn't) - but whatever it is or whatever you want to call it - it was incredible.  I couldn't get enough.  We were scraping the bottom of the jar trying to get every last ounce of this wonderful, tasty spread.

Moving onto dinner two of us go the Tavern Burger.  This burger is made with Prime Rib and Filet.  2 excellent cuts of meat - ground up and made into a burger.  I had mine with White Cheddar and bacon and was incredible!  Everything was good.  The meat, the bacon, the cheese - even the bun was tasty.  My friend had his plain and loved it as well.  Both burgers were served with fries.  He had the regular fries - I had mine tossed in Parmesan and garlic.  Either way they were good.  Apparently they serve them several different ways.

Another friend got the 'Mama Sans Fried Chicken'.  He was blown away by how much food he got.  He also was surprised at how well the chicken went with the cold noodles he was served as the side.  He said the cold noodles were a good juxtaposition against the hot chicken. 

My other friend got the ""Salad of Little Gems"".  It looked a bit small to me but he claimed to really enjoy it.  As far as salads go it did look great.

The food was all served rather quickly but the pacing of the meal was on point.  The appetizer was served and finished well ahead of the meal making its way from the kitchen.  Too often I feel rushed and sometimes the appetizers and entree arrive within second of each other.  Sometimes even together!  I think the pacing of the meal was excellent.  Also, our server was great and our glasses were never empty.  She made sure we always had plenty to drink.

4 Cocktails, 4 entree's, 1 appetizer = $94 bucks after tax and everything.  So, around 20 bucks a person for a night out.  

So, to review:

Long wait - no place to really sit.  They DO take your phone number and will call you when your table is ready so you can make your way back to the restaurant.

Service was excellent.  Drinks were never empty.  Pacing of meal was great from the appetizer to the main course.

Price was fine.  We could have eaten for less if we didn't get cocktails, appetizers AND the main course.  If we'd just had water and our meal - we would have spent a lot less.  The cocktails were pricy - but pretty stout.  They didn't skimp on the alcohol for sure.

I think it was wonderful and we are already planning our next trip!  I think you should too.",Uptown,Tavern,57.18,7.83,13.7,2,26-35,Non-binary,Hispanic
Ac_GqtISPI0dQVGOxf2ejA,Customer_9267,2012-11-11 21:48:33,⭐⭐⭐⭐,"Oh, Brunch at Tavern. I'm so sad that it took me so long to visit you. 

I'll keep this brief: The dishes here are superbly crafted. Flavors are lovely and multifaceted, and the plating is gorgeous. My favorite dishes, though, are easy to pinpoint. 

First up is the Sweet Potato Chips, which arrive at your table with a curry salt and blue cheese fondue. This is a perfect start to any meal, and honestly, I could probably be happy just munching on these while sipping a few cocktails (which I'll get to in a moment). As for a main course, though: The Benedict Dos. Poached eggs, smoked salmon, and a creamy hollandaise? Delicious doesn't even begin to cover it. 

I will admit that I find myself rather addicted to their Blood Orange Mimosa, so I haven't actually tried anything else on the menu. However, one of my closest friends loved the Bloody Mary, and their beer selection is impressive and was mat with easy approval from our group a few weeks ago. 

Is it loud? Yes. 
Is it expensive? Sure, although most of the cocktails are two for one. 
But is it worth the insanely long wait? Absolutely.",Uptown,Tavern,66.82,13.05,19.5,2,18-25,Prefer not to say,Caucasian
O7MxXEBpMFEDTxWgxUQmBQ,Customer_6216,2016-07-18 02:41:30,⭐,,Uptown,Tavern,50.98,10.19,20.0,2,65+,Prefer not to say,Caucasian
mvx8moqhiNUL-nxQuEYERA,Customer_2991,2012-09-14 23:35:27,⭐⭐⭐⭐,,Uptown,Tavern,19.86,4.54,22.8,8,26-35,,Hispanic
mvx8moqhiNUL-nxQuEYERA,Customer_9726,2012-09-14 23:35:27,⭐⭐⭐⭐,"We totally blew off all Nashville brunch recommendations just because the menu at Tavern looked so good.  Risky move, bucking the suggestions of former residents and frequent visitors, but I'm happy to report it paid off handsomely.  

I looove the set-up of the restaurant.  There's a covered/open air area, a bar area with some booths and high-top tables, then a cozy area ""upstairs"" overlooking the action so to speak.  It basically has a seating location for whatever your mood.  Very cool.

The brunch menu was almost impossible to choose from.  Our eyes went directly to the red velvet waffle with cream cheese drizzle.  We're not big sweets for breakfast folks but we do love our desserts.  But the inevitable was sure to occur, eat brunch and be too full - rule of thumb - order your sweets at the same time as your meal if you're determined to try something.  So we did....

I opted for the benedict uno which was fantastic.  Tender braised short ribs on an english muffin with perfectly cooked poached eggs and a Tabasco hollandaise.  Soooo incredibly good and the hollandaise was the perfect combination of buttery and spicy.  Excellent.  I will say, if you don't love hollandaise you would be put off - my plate was literally swimming in sauce (arm floaties and all...)  I gobbled it up but it turned my wife off from trying it (note to self, don't bath in hollandaise.)

My wife opted for the The Nooner which is an omelet with bacon, fried oysters and a
spicy sour cream, served with ""white trash hash"" (basically a heavily hashbrown casserole.)   So back to the red velvet wafftle....we didn't finish it....I know...I know....we tried and we did a pretty good job, but we just couldn't.  It was super good although almost not quite done in the middle, but tasty nonetheless.  

Good service, good food, great atmosphere (would love to watch a game here and snack my way through the day.)  Can't wait to return!",Uptown,Tavern,38.39,7.13,18.6,2,56-65,Prefer not to say,Native American
ymbDu_j2XrNFcYItj4GWfw,Customer_6727,2017-06-17 21:02:18,⭐,"I have never been so insulted and talked down to in my life. Michelle, I think that's her name it's on my receipt but she never introduced herself, was the rudest person I have ever given my money to in my life. When we sat down she was talking about personal issues with the barback loud enough for us to hear and I thought that was odd in and off itself. When she gave us our menus she said a few times ""these menus are good for the next 30 seconds.""  Sorry but either give us brunch or give us dinner menus and explain that the kitchen is in the midst of a shift change, don't make us feel pressured because you dropped menus that have an extremely short time limit. Instead of eating we decided to just get drinks. She let us know that the brunch menu libations were, her words, 2 for 1. We ordered a mimosa off the list and hung out. When we got get drinks they set two wooden tokens down but didn't reference the at all, so we didn't know what they were for.  Eventually ordered some food off the dinner menu to go. She was very non existent the whole time we were sitting at the bar, not attentive at all. When we asked for the bill I saw that both our drinks were on there. I asked about them and let her know about the 2 for 1 statement she said. She then proceeded to tell me it was buy one, get one and that's what the tokens are for. I told her that ""buy one get one"" and ""2 for 1"" are different and if we knew it was BOGO we would have ordered another drink (if she would have even paid attention to us).  After a little back and forth she said she would take care of it and that ""they weren't trying to screw us.""  She talked to us like we were the worst people on earth because she doesn't know how to explain her own restaurants policies. I work in an industry that has me visiting 10-15 bars/restaurants/hotels a day and I have never had a worse hospitality experience in my life. Tavern Management - this employee is losing you revenue left and right.  Not only is she not taking care of customers and grabbing reorders, she is turning people away for good. This treatment was so horrible and off putting that I am going to go out of my way to recommended against going to Tavern due to the disrespect we felt. Hopefully your floor managers recognize how bad she is and theyo do something about it because she is taking money out of your pocket every shift she works.",Uptown,Tavern,34.13,6.41,18.8,1,65+,Prefer not to say,Caucasian
WeEwR5kv59drLBgdMIAWvA,Customer_6375,2017-06-30 23:32:16,⭐⭐⭐⭐,"I've never been to an M Street restaurant before, for those of you who are not familiar with M Street they are the zany people who bring us restaurant concepts such as Kayne Prime (on my bucket list,) Virago and Moto (also on my bucket list.) So on Wednesday night we visited Tavern, which is self-described as ""a pub for chefs.""

Valet parking at this location is a must and they were prompt and efficient. There was plenty of porch seating available as well as being used - Nashvillians do love their porches. The inside of the restaurant had a rustic feel and it seemed as though the bar top was inhabited by business class regulars. That having been said I could easily picture the bar at 12 midnight being inhabited by waitrons and people with checkered pants, it would be a great place to have some concept drinks and small plates after a busy restaurant shift.

I ordered the Korean short rib tacos - I definitely got the red pepper forward taste as well as the cool of the cucumber and cilantro. I would order it again. Delivery time was about 13 minutes, a good ticket time.

It's very evident that these people are ""on their game,"" I will be returning to try other items on their menu. And one day I will visit Kayne Prime, I might splurge for that on my father's birthday. Visit Tavern, have fun!",Uptown,Tavern,16.84,2.54,15.1,2,,Male,Hispanic
fwQV8AisKOza40TYkGQS3w,Customer_3222,2015-09-03 00:28:46,⭐⭐⭐⭐⭐,"Just stopped in for drinks.  Staff was great,  never felt rushed. Food passing by smelt and looked awesome. May be coming back tomorrow.",Uptown,Tavern,31.34,4.84,15.4,3,65+,Prefer not to say,Asian
T7PwIqKUeKW4mMlO_-BnGQ,Customer_9698,2017-03-04 16:52:55,⭐⭐⭐⭐⭐,"Just walked into the Tavern Nashville and was served by the brightest smile in the world. Thank you Heather , amazing server.",Uptown,Tavern,22.05,4.05,18.3,2,46-55,Prefer not to say,African American
oY9uiqQGexQ1ZZ7E3ZiD9g,Customer_2292,2018-06-12 04:02:23,⭐,,Uptown,Tavern,31.48,5.91,18.8,1,36-45,,Other
mr3pVSBaVYi17pJViaJS0Q,Customer_6470,2013-07-13 02:08:45,⭐⭐⭐⭐,My family ate here last night and thought the food and srvice were excelent.,Uptown,Tavern,67.81,14.98,22.1,3,,Prefer not to say,Hispanic
F44PdlI3I-6QmnOMkUE-Mw,Customer_8378,2016-06-12 18:12:17,⭐⭐⭐⭐⭐,"Great staff, service and food!

I ordered the kale salad (OMGosh - good!), short ribs tacos and the fried cauliflower- a MUST - even if you don't finish it all.",Uptown,Tavern,39.14,11.06,28.3,3,18-25,Non-binary,Other
Fy8WWMVQlLKrk5sBu_aR9g,Customer_4922,2013-05-11 14:43:31,⭐⭐⭐⭐,,Uptown,Tavern,47.53,7.57,15.9,4,56-65,Female,Mixed
pGi6yIxsOorhHhNmPZyotg,Customer_2659,2018-06-19 22:36:37,⭐⭐⭐⭐⭐,Food and service was great! Try the BLT and the egg rolls! The drinks are so good as well.,Uptown,Tavern,14.68,2.65,18.0,2,26-35,Prefer not to say,Caucasian
96YWbWWyWcKY26a8CVm2yQ,Customer_4931,2015-12-06 22:18:31,⭐⭐⭐,"Burger was great. Cooked perfectly, but nothing special. Packed for brunch specials. Seem to have awesome election of cocktails and awesome bartenders. Was there for food, don't really drink. Def would go back. Atmosphere was great too.",Uptown,Tavern,89.59,20.7,23.1,4,26-35,Prefer not to say,Caucasian
O7MxXEBpMFEDTxWgxUQmBQ,Customer_9924,2016-07-18 02:41:30,⭐,,Uptown,Tavern,81.34,11.83,14.5,3,,Prefer not to say,Other
nU3yXbOMYoOcEipiQSoFOw,Customer_5833,2017-06-18 01:14:59,⭐⭐⭐⭐,Ordered to go through Uber Eats. Great burger and fries. A little pricey but the to go containers made it worth it. 4 stars only bc it was a little cold by time it got to my house. Will order again soon.,Uptown,Tavern,46.71,10.8,23.1,2,18-25,Prefer not to say,Native American
1qLEWsj1MiQlZlGaoSHoIA,Customer_7753,2014-06-30 11:25:54,⭐⭐⭐⭐⭐,"Had brunch here yesterday with my son and his new wife (as of Saturday), and I couldn't have been more impressed! We had a party of 10 and were seated fairly quickly in a nice area with a tv. 
The two for one drinks were delicious and the eggs Benedict were hands down the best I've ever had! 
The service was absolutely outstanding! We had Nikki as our server not only was she friendly, helpful, and entertaining- she also took the time to comp the drinks for the newlyweds. 
I will definitely come back to Tavern. One of the best brunches in Nashville! I will be recommending it as much as I can, and if you go- ask for Nikki, best service I've had at a restaurant!",Uptown,Tavern,97.11,19.81,20.4,6,18-25,,
L25HtdKcDrv9_qv0WNvF6g,Customer_6297,2018-07-08 18:29:39,⭐⭐⭐⭐⭐,,Uptown,Tavern,46.12,9.97,21.6,3,26-35,Non-binary,Native American
JtPqmnpOpmT5CLzNITJIpA,Customer_7116,2014-10-14 01:06:23,⭐⭐,"Not my cuppa gin. Probably because of all that basil. Tavern is big, a bit brash, bro-friendly with all the TVs and reasonably priced for its prime location on Broadway. Drop your name and cell phone number at the host stand and get sexted when your table is ready. So tech. Reviews sing praises of their prime beef burgers, so wifey and I opted for a pair, each with bacon and cheese. Subbing a side salad for fries comes with a surcharge... the amount will totally surprise you. (Clickbait header fail: It's $3.50.) With the fixin's and the greens, a $9.50 patty sizzled up to $16. And the lasting impression is nil, save the need for seasoning and a Maillard crust. It's an average burger that should be $8 at any pub, which gives me pause as to why it comes so highly praised. An off-night in the kitchen? Labor Day weekend lethargy? Unclear. The end result just didn't resonate. Could cocktails save the day? Her berry julep was all pulp and my 1920 (a gin, grapefruit, ginger and basil concoction borrowed from Brinkley's) tasted only of the green leaf. No tartness, no ginger bite, no other herbal subtleties from the spirit. Just basil. All the basil. At least they were cheap-ish!",Uptown,Tavern,28.58,0.0,0.0,4,26-35,,Caucasian
KGWd3WEX07THIBeotOVAVA,Customer_1135,2018-01-28 16:00:01,⭐⭐⭐⭐⭐,"Nice, upscale bar with your no so typical bar food. The grilled cheese was pretty tasty with truffle oil fries. The lettuce wraps were fantastic! The decor was a neat industrial look and was very tastefully done. We'll be back!",Uptown,Tavern,44.12,6.1,13.8,2,46-55,Prefer not to say,Asian
zUVTUEH9IQSHoapdn4YWhg,Customer_9341,2018-05-29 02:52:35,⭐⭐⭐⭐⭐,"I got the bazooka toast, it was amazing! A little bit pricey but totally worth it. So good it inspired me to give my first yelp review :)",Uptown,Tavern,77.89,12.69,16.3,3,36-45,Non-binary,Native American
rwTVjtPHfSAc5411N4aDHg,Customer_4766,2015-07-18 02:01:27,⭐⭐⭐⭐,"Came for brunch on Fathers Day, packed!  We were able to get a spot at the bar right away and ate there. Food was above average and the bartenders were quick and attentive.",Uptown,Tavern,58.79,11.13,18.9,2,,Female,Caucasian
Dr6doKlArIS1C84lqwM8wg,Customer_1735,2015-08-24 02:27:10,⭐⭐,"A group of 13, including myself, showed up for a late dinner on Saturday night and while we did expect a wait, we did not expect a 1.5-2 hr wait, considering there were two empty tables inside waiting to be cleared. It was not crowded I should add. The drinks were also a little overpriced, especially since that was pretty much the only option you had for a 2 hour wait. The staff would not allow one under 21 person in our group to stay and even be served just for dinner, so naturally we were all forced to leave AFTER we had already ordered a drink. Despite the staff being professional, we felt it was rude to force our entire party to leave since we had already committed to waiting the 1.5-2 hrs that was expected. We took our business across the street. While the food may be amazing here, I suggest not coming with a party of 2 or more unless you want to be tired, hangry, and spend at least $20 on drinks alone prior to even reading a dinner menu.",Uptown,Tavern,56.43,7.13,12.6,2,46-55,Non-binary,Caucasian
K2cec8tvhCGCCrAHqF_aSA,Customer_5558,2017-02-13 20:46:42,⭐⭐⭐⭐,This is an awesome place to come for a boozy brunch and a good time! It is a very lively atmosphere with a lot of TVs so also a great place to watch sports while grabbing a few drinks and some delish food. I would highly recommend the chorizo biscuits and gravy - there is a cheesy goodness to this dish that will cure any hangover and leave you with a happy tummy. They also have a great mix of cocktails and beer that makes for great day drinking!,Uptown,Tavern,86.3,34.52,40.0,8,46-55,Non-binary,Mixed
3WEXdxPOxjum_NnUVuzR8g,Customer_6744,2018-01-10 22:16:48,⭐⭐⭐,,Uptown,Tavern,65.11,15.89,24.4,2,65+,Female,Mixed
_YFRLnmfK_00lfI_j8D-bA,Customer_3224,2014-12-20 20:42:02,⭐⭐⭐⭐,"Tavern has a great brunch situation if you are looking to have drinks. 2 for 1 mimosas, bellinis, bloody Mary's and sangria make for a great start to the day. Brunch can get very packed during peak hours so you want to get there early on Saturdays and Sundays.",Uptown,Tavern,97.61,19.13,19.6,2,18-25,Prefer not to say,Native American
qaUWafjUY5EhoLHZCEvZ2g,Customer_1348,2012-04-03 02:30:04,⭐⭐⭐⭐,,Uptown,Tavern,23.53,3.46,14.7,2,46-55,,Hispanic
tW-rXzNfiK8yhm1BrfsYfg,Customer_7287,2011-03-26 18:55:07,⭐⭐⭐⭐,,Uptown,Tavern,51.36,9.14,17.8,3,,Non-binary,Caucasian
4b5YwUYv8RByje54vuaGZg,Customer_9255,2017-01-03 04:33:22,⭐⭐⭐⭐⭐,"I decided I wanted to spend my birthday in Nashville, and I was ultimately excited about finding the perfect spot for brunch. I spent tons of time reading through Yelp reviews trying to find the perfect location and finally narrowed it down to the Tavern.

We arrived a few minutes before they opened on a Sunday and were immediately directed to a table. Our waitress recommended the Tavern Tuscan Fries which were good and the portion was huge for two people. I loved the 2-for-1 drinks, and the Bellini Sparkle was my favorite. I ordered the Singapore Stir Fry which was delicious and was recommended by our waitress. 

Tavern definitely met my expectations, and I can't wait to make another visit for lunch or dinner.",Uptown,Tavern,54.92,10.56,19.2,1,18-25,,
1ZKlc5k-elXZP-t6wGxNRA,Customer_6884,2015-10-11 05:26:05,⭐⭐⭐⭐⭐,Great atmosphere. Amazing burgers. The heart of Nashville in food. Would definitely come again and recommend to friends visiting Nashville.,Uptown,Tavern,41.48,0.0,0.0,5,65+,Female,Asian
eUD5trbjAnxVeJFVQcFP7w,Customer_8364,2015-07-05 00:35:46,⭐⭐⭐⭐⭐,"This place has a great vibe and lots of energy! Being an out towner, we were recommended the tavern by our hotel staff at Hutton hotel. The tavern is in walking distance and has a very friendly wait staff. Their food was great and the wine made our night before walking downtown to enjoy the live music on the strip. And we are back for another round the next day! :)",Uptown,Tavern,29.11,7.64,26.2,1,36-45,Male,Asian
ea73hriHkIawR9OLYQB-Zg,Customer_1204,2013-02-22 17:10:23,⭐⭐⭐⭐,,Uptown,Tavern,160.37,30.73,19.2,5,18-25,Non-binary,Asian
O7MxXEBpMFEDTxWgxUQmBQ,Customer_7867,2016-07-18 02:41:30,⭐,"This joint was recommended by a waiter who served us supper, said the red velvet waffles were to die for....ummm no suicidal thoughts here...totaly not worth the 1hr wait and is extremely loud....forget about conversation. We had the breakfast fondu....where is the fondu pot and skewers? And the $3 coffee was yucky! Service wasn't the best either. I'm getting the feeling that the waiters around here think because they probally won't ever see you again they don't have to give good customer service. You basically have to ask to be waited on.#RoadtripUSA",Uptown,Tavern,31.43,0.0,0.0,2,56-65,Female,Other
K6PCShQxniv8LuDPuEnKxQ,Customer_5292,2017-05-27 04:05:35,⭐⭐,"Drinks were strong! Guacamole and fries were excelent. Beef short rib tacos were like chewing on a tire. Mahi sandwich was overcooked and super fishy. Tried this place a few years ago, never came back but thought we would give it another shot. Probably won't be back, maybe for guacamole and fries. Our server was awesome though.",Uptown,Tavern,33.54,6.42,19.2,3,,Female,Asian
U2zgD5DQCFzXzj23byTiSw,Customer_1570,2017-05-27 22:50:01,⭐⭐⭐⭐,,Uptown,Tavern,58.07,8.34,14.4,2,36-45,Prefer not to say,
qZll0RzBgnxw2Z4LnBii3w,Customer_9105,2016-05-09 15:54:16,⭐⭐⭐⭐⭐,The Tavern have the best burgers and the servise was great. Atmosphere was nice and family friendly. I will defintely be back if I visit Nashville again.,Uptown,Tavern,144.83,19.84,13.7,2,,Non-binary,Hispanic
ehERpSrCfnmQbBplpytufQ,Customer_1974,2014-01-17 01:08:16,⭐⭐⭐⭐,"First time back to Nashville since I was in high school, and can't believe I haven't been back sooner! Here at Vanderbilt for a class, and kept passing by the Tavern on my way to campus each morning... Had an inticing, rustic, downtown Manhattan look to it. So I put it on my list of places to check out. I looked here in Yelp, and saw it had great reviews. I came in for dinner tonight, and immediately noticed the reclaimed wood door, wrought iron, and alternative rock playing. I knew it would be a great place. I sat at the bar, as I was here by myself, and immediately got a menu and was offered a drink. I had the 1920, which was a little stout, but better than weak, am I right? I ordered the lamb tacos, Tennessee tavern fries, and cinnamon roll bread pudding. Tacos were small, but honestly a decent portion considering how much meat was on them. They were hot out of the kitchen, and the roasted peanuts gave it great crunch. Now, the Tennessee tavern fries ... Sweet potato fries with a touch of cinnamon and sugar, with jalapeño ketchup. Shut the front door, these were to die for. Light and airy, arrived in a mini frying basket with abundant portions. The ketchup was amazing, and I definately asked for more. The cinnamon roll bread pudding was a muffin size portion, with vanilla ice cream, homemade whip, and caramel sauce. Great flavor, not overwhelming. Service was fantastic, and even met some fun people! Highly recommend this place. I'll be coming back for sure.",Uptown,Tavern,29.14,6.8,23.3,3,65+,,Native American
Qs-Fy0zfyvVsWVLqqy-iCg,Customer_3366,2012-06-26 14:19:06,⭐⭐⭐⭐,"My husband and I enjoyed a late meal here last night (Monday). It wasn't too crowded, but filled up before we left. 

We sat on the patio and enjoyed the warm Nashville night.

My husband ordered the bucket of mussels and I had the beef short rib tacos.

The tacos are small, so if you're hungry, order three! It was perfect for me, though. The meat was tender and delicious. It had sliced cucumber and a spicy sauce which was to die for. 

The bucket of mussels was a large portion of mussels in a broth, served with a large chunk of french bread for dipping.  My husband enjoyed them to the end. I asked if they had a lot of garlic and he said not at all. He was delighted with the light sauce.

Although our waitress, Jennifer, who might just be the best waitress in the world, suggested many desserts (including s'mores, which involved bringing a little fire pit to the table with hershey's chocolate, strawberries and reeses) we opted for the reverse root beer float: root beer gelato with creme soda over the top. It was delicious! (Had I been out with the girlfriends, we definitely would have tried the s'mores..next time!)

As I said, Jennifer, our waitress was very attentive. She knew in detail about every item on the menu (as we ask a lot of questions!) and took great care of us.

We would definitely recommend this restaurant to any one in the area.",Uptown,Tavern,57.22,7.8,13.6,1,36-45,,
1ZKlc5k-elXZP-t6wGxNRA,Customer_8776,2015-10-11 05:26:05,⭐⭐⭐⭐⭐,Great atmosphere. Amazing burgers. The heart of Nashville in food. Would definitely come again and recommend to friends visiting Nashville.,Uptown,Tavern,20.89,3.29,15.7,3,46-55,Non-binary,Other
zqbyzh0-N96CvEgMOj098Q,Customer_2280,2018-03-26 00:24:56,⭐⭐⭐⭐,"Nice place. More of a sports bar than I expected, lots of TV's. Good ambience, very good server. Food was good quality, sweet potato fries were great but could of stood to be a little hotter. Food came quick and beer on tap was fresh and of good selection.",Uptown,Tavern,59.3,20.76,35.0,4,,Female,African American
jwF-5vDFksWqlzJ9aFFEJQ,Customer_4505,2018-02-24 02:22:51,⭐⭐⭐⭐⭐,"My husband and I are visiting Nashville from Chicago (go cubs). We have been to tavern once before last year and my husband fell in love with the chickenooga drink. So in love that tavern was our first stop back in town. Well, one chickenooga into the night and there was an issue with the keg equipment making this drink unavailable. The manager soon came over with a substitute option replacing the beer. They very well could have just said ""too bad"" but went way above and beyond and made my husband content. Great food too but the service is well above the rest!",Uptown,Tavern,37.89,7.7,20.3,1,18-25,Male,Caucasian
LziEMdQo2jfSxlg0n_hVXQ,Customer_9615,2012-12-05 15:35:01,⭐⭐⭐⭐⭐,"Delicious! I had a burger and my wife got the eggs with short ribs, both of which we loved. For dessert we had an orange float, which we also quite enjoyed. The service was excellent, and the food was really quite cheap. Definitely worth a visit!",Uptown,Tavern,24.3,6.23,25.7,3,65+,Prefer not to say,Asian
78SJbrLLX0TnzZThv9H-Pw,Customer_8350,2018-05-23 12:44:02,⭐⭐⭐,Don't order the fish tacos- they were very disappointing. I didn't even want to eat them. Order the burger. It was very good. Restaurant is a little overpriced for what it is.,Uptown,Tavern,30.5,3.29,10.8,2,26-35,Male,African American
TdRsc-2rEYUY5jKSRzlVGQ,Customer_1520,2016-04-26 00:36:17,⭐,,Uptown,Tavern,68.03,13.27,19.5,2,,Female,Other
phWrYKpwnfgh1P13O9mO0g,Customer_7784,2014-01-21 03:00:33,⭐⭐⭐⭐⭐,,Uptown,Tavern,34.23,4.44,13.0,2,18-25,,Mixed
KGWd3WEX07THIBeotOVAVA,Customer_1510,2018-01-28 16:00:01,⭐⭐⭐⭐⭐,"Nice, upscale bar with your no so typical bar food. The grilled cheese was pretty tasty with truffle oil fries. The lettuce wraps were fantastic! The decor was a neat industrial look and was very tastefully done. We'll be back!",Uptown,Tavern,68.31,16.02,23.4,4,46-55,Prefer not to say,Mixed
4HJRzQemA9xT715cltgJtQ,Customer_4987,2012-09-14 20:15:35,⭐⭐⭐,"The simply-named Tavern offers up some mighty simple comfort food pleasures (White Trash hash, anyone?) and elevated junk food game bites. That said, I'm not sure this is quite the weekend brunch place for me, due to the TVs providing all of the background noise. I'm not a fan of big TVs blaring games -- to me, this is the worst kind of ambiance. BUT... for those of you seeking a place to watch local sports and cheer on with a crowd, Tavern is the spot for you, especially if your tastes are a bit more high brow than your typical nachos. I mean, they have nachos, but Tavern's come with pistachio and goat cheese. Nice! I'd easily return on a non game day (or even to sit on the shaded side patio) for more of that White Trash Hash. Think tater tot casserole. I mean, really. Goodbye hangover. The egg white omelet I had was kinda blah, as the tomatoes made it seem extra watery.The ""Wicked"" Bloody Mary was hardly wicked, more like gentle, despite the vodka being infused with pickled things that you'd hope for on your glass. They don't automatically garnish the way you'd think. Or at least the way a New Orleanian would think. I mean... just a lime? Nu uh. Our very lovely server came out with some olives for us, which was nice. But a Bloody without beaucoup d' garnish is a naked Mary, indeed. Extra props for three bottles of hot sauces on the table, marked X, XX and XXX. Go for the orangey habanero, as it's the tastiest of the bunch (it might be the XX). Don't be fooled by the warnings. They are there for the bland American palate.",Uptown,Tavern,33.82,1.3,3.8,1,,,Caucasian
KGWd3WEX07THIBeotOVAVA,Customer_8560,2018-01-28 16:00:01,⭐⭐⭐⭐⭐,"Nice, upscale bar with your no so typical bar food. The grilled cheese was pretty tasty with truffle oil fries. The lettuce wraps were fantastic! The decor was a neat industrial look and was very tastefully done. We'll be back!",Uptown,Tavern,80.36,14.4,17.9,2,,Male,
cCNHSQG4rqISbvnfdRjVJw,Customer_8743,2017-09-22 05:54:30,⭐⭐⭐⭐,"First night in Nashville, after a long car ride, ready to get a taste of that night life!! Great place to start. Food: Started with the SHISHITO PEPPERS, def glad I did. These are perfectly charred. Cooked well, so that they are still a little crisp and not soggy. Lightly salted. Greatest part, they give a little pile of sea salt on the side, so you can season to your liking!! Be careful with these. Some of the peppers have a super spicy kick. BUFFALO CAULIFLOWER was another starter. This app was a bit too sour for me. The tanginess was pretty potent that I could not focus on any other flavors. Also, the exterior of the cauliflower was not that crispy. More on the soggier side. Not a fan. Pass on this. TURKEY BLT was a good choice. The pretzel bread was nice and chewy. Lovely choice of bread for this sammy. Wonderfully smoked turkey with crispy bacon. Comes together beautifully with the smooth gruyere cheese, and the creamy avocado aioli. Great textures and tastes that really comes together in this sammy. I got it with the Tuscan tavern fries. Nice and crunchy fries. Def try. SMORES on the tabletop. Even comes with a small campfire. Classic fix'ns for smores: graham crackers, marshmellows, and chocolate bar. In addition, some strawberries and reese's peanut butter cups. Was quite the indoor smores expereince. Service: Drinks were full, food got to the table fresh and hot, server was attentive, and table was cleared away promptly. All together, I think it was a good experience. Ambiance: Very casual. Rustic and slightly romantic. Nice for a girls gathering, as well as date night. Dranks: Great selection of beers, wines, and specialty cocktails. A little something for everyone. I had wine that night, but def would like to go back and try one of their cocktails. Overall: A place that I would like to visit again. Food was good. Drinks were good. This is a place that you can go, no pressure, find something to eat, and get your drink on. Enjoy!!",Uptown,Tavern,63.33,15.6,24.6,2,65+,Prefer not to say,
CEfJjrdINSCEzAVHh1iqEw,Customer_5159,2016-10-16 20:32:54,⭐⭐⭐⭐⭐,"Great place to grab drinks with friends! The waitresses were super friendly. Go on Thursday nights for the best drink specials. One con is that the food isn't that great, but this place is fabulous for drinks.",Uptown,Tavern,135.81,37.29,27.5,3,65+,Non-binary,Other
4LJZNEPBT3QiAU0FqIU-2g,Customer_9126,2013-02-22 18:15:55,⭐⭐⭐,,Uptown,Tavern,28.93,4.5,15.6,2,26-35,,Hispanic
MTQAkU8_Rl-1-ygnnIpqyw,Customer_5940,2015-04-03 19:16:22,⭐⭐⭐,"I like Tavern a lot. The food is very good. I went here for lunch with a friend from work. I loved the vibe, the dim-ish lighting, and the music, and would definately like to come back at night time. The fish was very good, fresh, and the batter was light and perfect. I loved the sauces that came with my meal. I shouldn't have gotten the sweet potato fries. Didn't care for them. Next time I'll get regular ones. Also loved the fact that they have all of those hot sauces at the table. Any place with an abundance of hot sauces is awesome to me. I would like to go back and try other food. The only negative thing was it took far too long to eat here on our lunch break. The servise was very slow, but maybe the server was new. We had an hour break and we are late coming back. However, will go back again, definitely.",Uptown,Tavern,33.08,7.15,21.6,2,,Female,African American
8hBiPbwlO6aKuGhkpj_20g,Customer_6608,2017-03-18 19:34:46,⭐⭐⭐,"Food was fantastic, servise was so bad I wouldn't come back. They are severely understaffed, we finished eating 45 mins before we got the check. The hour and a half wait is completely unnecessary!",Uptown,Tavern,56.31,5.96,10.6,2,56-65,Non-binary,Hispanic
Z_3i08PB4aHIoyJL_HEfHg,Customer_1278,2017-05-02 00:56:49,⭐⭐⭐⭐⭐,"A friend recommended this restaurant to me while on a business trip to Nashville. The food and service were great! It's a really cool atmosphere with lots of fresh air. Unique menu items, and everything that I saw come out looked so good.",Uptown,Tavern,37.29,6.98,18.7,2,36-45,Prefer not to say,
78SJbrLLX0TnzZThv9H-Pw,Customer_7157,2018-05-23 12:44:02,⭐⭐⭐,,Uptown,Tavern,69.58,7.95,11.4,3,26-35,Female,Other
kAIukFS_Y89PbmQ7Qh-FTw,Customer_2546,2016-09-30 23:50:10,⭐⭐⭐⭐,"Lots of good options in this area and the tavern is definitely one of them.  I came here for drinks one night and lunch during the day.   A bit of a wait for dinner so make sure you get a reservation if you can.

We got an appetizer - buffalo cauliflower.  It's slightly breaded and engulfed in buffalo sauce.  Good taste, but would've preferred to have it a bit crispier.  

Ordered the burger - cooked medium, lettuce, tomato, American (cheese is extra).  The fries were okay - comes in a little fryer basket.  The burger had a good sear on the outside and properly seasoned with salt.  

Good spot for food and drinks.",Uptown,Tavern,18.55,4.39,23.7,5,26-35,Prefer not to say,Other
5TH0csKR1Rarx0CXTdoFGg,Customer_5916,2017-05-03 13:52:56,⭐⭐,"I used to go to tavern pretty frequently over the past few years and was SHOCKED at the experience last night. A friend and I ordered the bazooka toast - described as ""bazooka guacamole/bread/smoked salmon/fried egg/arugula"" for a hefty $16! When we got our food we were floored... one piece of bread covered in a sort of smoked salmon spread... a far cry from the fresh slices of smoked salmon that one would expect from that description. Really disappointing, it looked and smelled like canned salmon or cat food? Really weird ...it should be described differently on the menu!",Uptown,Tavern,41.67,8.98,21.6,1,18-25,Female,Native American
kc6jSWjXzJGbo--F7ce9yw,Customer_6883,2016-06-26 20:18:19,⭐⭐⭐⭐⭐,,Uptown,Tavern,17.21,2.77,16.1,2,36-45,Male,Other
Xx8RFcIhXCuIYItAUBrrkg,Customer_2489,2018-08-27 01:01:33,⭐⭐⭐⭐,Came here during a recent trip to Nashville. Came here a couple years ago for brunch which was amazing but a super long wait so beware. Didn't realize when I picked this place this time that they also do a 2 for 1 drink special from 2-10pm on Wednesday nights. This is a great deal but makes the night a lot busier. I was with an older group of people so they personally didn't like how much noise was going on in the restaurant. In terms of food I do feel like it's a little overpriced for what you get. But I will say the mahi-mahi tacos were tasty. I would defintely come back on future trips to Nashville. And if they take reservations I will do that instead.,Uptown,Tavern,23.25,6.79,29.2,3,46-55,,Other
FV1jBl_-mID3BG0ZWkc5Pw,Customer_5678,2016-02-14 15:33:54,⭐⭐⭐⭐⭐,,Uptown,Tavern,28.14,6.42,22.8,3,,,Other
xe5QQ8zC45aqjUWoHshDlA,Customer_9416,2012-06-01 23:40:31,⭐⭐⭐⭐⭐,"This place is awesome!  We stumbled upon it after checking into our hotel...we wanted to walk around after being in the car for 9 hours and we were starving.  We got a table outside, it was loud, but what do you expect on a Friday night in early summer?
The food was great....I got the Nuevo Israeli bread salad and my husband got the turkey blt (with sweet potato chips (YUMMMM)--both fantastic.  
They have an extensive drink/beer list and the staff is knowledgeable about the beer they serve and didn't steer my husband wrong.  
Would recommend trying this place out if you haven't already.",Uptown,Tavern,38.63,5.55,14.4,2,26-35,Female,
4LJZNEPBT3QiAU0FqIU-2g,Customer_1158,2013-02-22 18:15:55,⭐⭐⭐,"I've only been to Tavern once and it was for Sunday brunch. My friend and I wanted somewhere close to our church (Midtown 12South) and she suggested Tavern because she said the brunch food was good. I wasn't too sure about the meal I ended up ordering...you know how you have those days where you teeter back and forth between what to order and then end up just blurting out a choice and don't really know if you're ok with what you said? Well...this one of those times, so it might have skewed my verdict. The food was good, but it wasn't my favorite. The 2for1 brunch drinks helped a bit. I might would go back and try some lunch food and see how that is. But for now, it's just A-ok in my book.",Uptown,Tavern,42.77,8.59,20.1,4,36-45,Non-binary,
d8mpKjDavAyepBoEwOHpwg,Customer_4780,2017-01-15 00:19:09,⭐⭐⭐⭐⭐,Short rib tacos ruled! The sweet potato fries were an awesome starter. Our server Lindsay was amazing. Kept our glasses full the whole time and checked up on us constantly! Good vibe and they had the game on which in the playoffs is always a good thing! I'd go back again! Maybe take mom and dad to this joint!,Uptown,Tavern,80.66,10.33,12.8,1,65+,,Hispanic
kLR2GQ3fxHZ2da6bs3gffw,Customer_2794,2017-05-26 02:42:06,⭐⭐⭐,,Uptown,Tavern,44.63,10.45,23.4,4,46-55,Non-binary,African American
1JOtU5njH8oXZCSpxq_dzw,Customer_1824,2014-12-23 21:35:24,⭐⭐⭐⭐⭐,"Gastropub delight! I have to stop here every time I come to Nashville for business. I haven't had a single thing from the menu that I did not love. The grilled cheese was amazing, the soup tasty, the drinks... Mmmmmmm. Try the one with agave. The truffle fries are perfect, and be sure to top it all off with s'mores you make at the table. I've enjoyed eating outside, inside, at the bar... and have taken food to go when I didn't have time to relax. The decor is rustic and interesting. Depending on the time of day, it can be a quiet spot to relax or it can get really noisy at happy hour. 

The one drawback is the prices. A bit on the high side, but okay for someone like me who only does this occasionally for a treat. If you were a local, it might set you back if you became a regular.",Uptown,Tavern,26.27,4.68,17.8,2,65+,,Asian
QCb9Wgt7bCB0GDTNaght9w,Customer_3094,2014-11-01 01:58:16,⭐⭐⭐,"The kale salad is excellent. The rest of the food was ok. Far too expensive I'd you ask me for the sports bar type atmosphere, mediocre food and almost bad cocktail. The waitress come by and asked us if we liked the food about 14 times in our hour dinner and took our plates away the second we finished it which I thought was way too aggressive.",Uptown,Tavern,17.48,1.9,10.8,1,,Non-binary,Asian
LtkOv5ZJcK2WP3ZikfAt-w,Customer_8160,2013-03-20 20:41:47,⭐⭐⭐⭐,"Best place within walking distance from my hotel. It's a pretty modern and happening place, with a cool feel to it. I really was looking for a good salad, and was pleasantly surprised with my Junk Salad (romaine, salami, shrimp, olives, pepperoncini, hearts of palm, grape tomato, cucumber, blue cheese, champagne dijon vinaigrette). This was a super tasty salad. I came back 4 days later and had the burger and sweet potato ships. Burger was pretty good, and my only complaint was that the chips were a little on the salty side. Brush some of the salt off and it was good.",Uptown,Tavern,35.46,3.77,10.6,6,18-25,,African American
HMMVw9xXON6f42jL3mW2vw,Customer_9647,2016-05-19 15:33:05,⭐⭐⭐⭐⭐,"this place was so awesome. we went on sunday so the drinks were 2 for the price of one. they have a great little sitting area outside where you can sit and wait for your table to be ready. I had the Blood & Smoke, im not a huge fan of bloody marys usually but this was amazing. the food was also great, and came out fairly quick after ordering. they also had a DJ playing a variety of music the whole time and I really enjoyed that.  I definitely will visit this place again.",Uptown,Tavern,75.03,11.43,15.2,2,36-45,Prefer not to say,African American
4IsR7lxY-4gJx-itOP9VEQ,Customer_3755,2014-05-29 21:44:38,⭐⭐⭐⭐,"What I liked:
1. White Trash Hash- With a name like that, what's there not to like?  While I'm sure I could re-create this for about $2 (smashed fried hashbrowns smothered in cheese), it was well worth the extra cost to enjoy at brunch.  YUM!
2. Brunch Menu- There were too many delicious options to choose.  I went with a salad, but everything (especially the burger and french toast) looked and smelled fantastic.
3. Bloody Marys- They served my favorite, Zig-Zag mix and you get 2 for the price they charge.

What I didn't like:
1. This place gets VERY crowded on the weekend during the brunch rush.  We were quoted at hour+ wait shortly after they opened and ended up just snagging a seat at the bar.
2. Service- The bartender was understaffed and a bit slow to respond to requests.  They also forgot about part of our order and had to be reminded.

Overall Verdict: Make a reservation or show-up early and prepare to wait.  Get the white trash hash and enjoy delicious brunch!",Uptown,Tavern,26.0,4.79,18.4,2,26-35,Female,
r6bGzYOXNhVMAtwSoomGRQ,Customer_1238,2016-01-30 05:37:42,⭐⭐⭐⭐,"One of my favorite spots in town. Burger is amazing, good vibe, nice staff. Go-to gastro pub for sure.",Uptown,Tavern,73.23,8.93,12.2,3,36-45,Male,Asian
7XFuiaM0hVmdnlhJfV2gHA,Customer_1032,2016-07-25 13:51:42,⭐⭐⭐⭐⭐,,Uptown,Tavern,99.26,28.58,28.8,4,18-25,,Other
no9ZhPLnxlhx6GKk3s5AHA,Customer_2822,2015-12-22 21:37:23,⭐⭐⭐⭐⭐,"I could eat the blue cheese fondue on almost anything. I bet liver would taste good in that fondue. Fortunately I had some really good buffalo cauliflower to go along with and I hasten to say it was a top 5 all time appetizer ever.People rave about the fries and they were good but not the best I have had. The Tavern burger on the other-hand may be the best burger I have ever had. Made from ground rib-eye and filet makes me believe God made the burger lol The lobster sliders were really good but 22 bucks not that good. The mushroom soup had to be made by Angels it was amazing. Its a little pricey but you definitely get what you pay for, for the most part. As a whole it may be the best lunch ever. I give very few 5 stars on average and this was well earned. The place is nice and cozy and the staff were great. It was a religious experiance involving food.",Uptown,Tavern,17.74,2.77,15.6,2,18-25,,Hispanic
c1Qc9UTyo9RUbFzciaDpkQ,Customer_7299,2013-01-03 19:02:51,⭐⭐⭐⭐⭐,"I love Tavern. They have exceptional cocktails, killer food, and an ambiance that can't be beat! I foresee many a dollar of mine being spent here.... It gets VERY busy, and on Sunday when I stopped in with a friend it was no exception. Luckily, there were two seats at the bar, so we snagged them and sat down. After drooling over another customer's plate of mussels, I decided I had to get them. White wine with bacon, leeks, and a piece of ""dippy"" bread? Um score. My friend had the chicken chimichanga, and it was cheesy but still full of flavor and amazing! But let's talk cocktails, something that really gets my engine running and Tavern hit the mark. The red sangria was pre-mixed and topped off with some bubbly. It was a good sangria, but not over the top good. However, my balsamic martini with stoli, strawberry puree, and a splash of balsamic syrup?? Creative and delicious! I will be ordering the drink again and again! The bellini sparkle was not in a tiny champagne flute, it was in a tumbler and was refreshing. My friend couldn't stop ordering the cucumber, apple, and elderflower cocktail. Be warned, it is very strong! I was worried our servise would be poor because they only had 2 bartenders for the entire bar, but it wasn't. They were attentive and sure to check up on us and get our orders in. They also have some incredible outdoor seating areas, and enjoying a cocktail on a nice day here is heaven. Thanks for the good times Tavern, I can't wait to see you again!",Uptown,Tavern,23.44,2.95,12.6,2,65+,Female,Asian
-o9WEr96OJrpRBglM9LTAg,Customer_8483,2016-12-05 20:34:23,⭐⭐⭐⭐,"I finally got to come and experience brunch here! Which is easier said than done. I've attempted to come before and the wait was around 1.5-2 hours. 
On Sunday we came around 1115 for a 45 minute wait which wasn't bad for a group of 5. 
It's two for ones for Sunday brunch and I tried the sangria and the blood orange mimosa. I preferred the sangria hands down!
For food I ordered the huevos rancheros which was pretty good. My gf ordered the Singapore stiryfry and the white trash hash and I liked her stir fry a lot!
I will be back for sure because I keep hearing how good the tavern burger is and I won't make the mistake of not ordering it next time! 
Awesome atmosphere with a brunch of tvs. Can be a little loud though.",Uptown,Tavern,38.53,6.42,16.7,2,56-65,,
z7Q-X5Hq3dFjZY9AI7DQUw,Customer_1732,2015-10-26 04:38:30,⭐⭐,,Uptown,Tavern,89.27,18.15,20.3,2,56-65,Non-binary,Native American
_6cr_2c6GbAT7p9xvHnLtQ,Customer_2346,2015-10-17 02:49:14,⭐⭐⭐⭐⭐,"Meet by a great hostess at the door, Jenna. Her smile was amazing! Drinks at the bar were rather good.  They actually have a loco moco! BOOM!",Uptown,Tavern,66.8,26.72,40.0,2,46-55,Prefer not to say,Native American
LziEMdQo2jfSxlg0n_hVXQ,Customer_4590,2012-12-05 15:35:01,⭐⭐⭐⭐⭐,"Delicious! I had a burger and my wife got the eggs with short ribs, both of which we loved. For dessert we had an orange float, which we also quite enjoyed. The service was excellent, and the food was really quite cheap. Definitely worth a visit!",Uptown,Tavern,49.56,11.31,22.8,2,18-25,Male,Asian
xnzjT7V6LXHVxPCMAfeieA,Customer_2351,2012-09-13 00:17:05,⭐⭐⭐⭐⭐,,Uptown,Tavern,68.12,27.25,40.0,1,18-25,Non-binary,Hispanic
qbmgggvL5Wn7e_zE8Jpvrw,Customer_7051,2015-10-25 02:58:33,⭐⭐⭐⭐⭐,"Evan the doorman was as friendly as his beard is burly. Jenna the hostess got us a table wiki wiki even though the place was packed. Amy our server professed her love for us because we ordered 8 items at once and handed her the menus back. Specialty cocktails were fantastic and the fish tacos were off the charts delicious. Well done, Tavern. Well done.",Uptown,Tavern,32.81,5.16,15.7,2,36-45,,African American
L6EpvJIV4WjNQ9CK1OsU5Q,Customer_6063,2013-07-20 16:56:35,⭐⭐⭐⭐,,Uptown,Tavern,85.53,14.45,16.9,2,18-25,Female,Native American
cmj6O_RNSfB12stpPjzrlw,Customer_1197,2012-12-04 16:30:57,⭐⭐⭐⭐,,Uptown,Tavern,73.06,16.04,22.0,1,26-35,Non-binary,Asian
xe5QQ8zC45aqjUWoHshDlA,Customer_8315,2012-06-01 23:40:31,⭐⭐⭐⭐⭐,"This place is awesome!  We stumbled upon it after checking into our hotel...we wanted to walk around after being in the car for 9 hours and we were starving.  We got a table outside, it was loud, but what do you expect on a Friday night in early summer?
The food was great....I got the Nuevo Israeli bread salad and my husband got the turkey blt (with sweet potato chips (YUMMMM)--both fantastic.  
They have an extensive drink/beer list and the staff is knowledgeable about the beer they serve and didn't steer my husband wrong.  
Would recommend trying this place out if you haven't already.",Uptown,Tavern,25.72,4.35,16.9,3,56-65,,Native American
2-DPy6cNvDLZZD4x-tMvRA,Customer_5478,2017-06-19 02:14:48,⭐⭐⭐⭐⭐,"You find yourself in an unfamiliar city, it's raining, and you need to duck in somewhere. You choose Tavern Midtown. The ambiance is modern rustic. Great music, and knowledgeable, friendly bartenders await. 

Per recommendation, I decided on the Tavern Burger and fries. For more detail, ribeye & filet beef blend with a perfectly toasted bun, two slices of red onion, thick cut tomato,  four evenly cut pickle chips, two slices of bacon, and three roasted green chilis.  Perfectly cooked throughout, it is the perfect dinner to satisfy the palate during this business trip.  The Belgian fries are not too soggy, not overly salted. As good served with roasted garlic aioli as they are with the Louisiana XX hot sauce.

Food: 5/5
Ambiance: 4/5
Staff: 5/5
Come back factor: 6/5

Thank you for a great experience!",Uptown,Tavern,28.14,3.86,13.7,1,46-55,Prefer not to say,African American
qMoYM4m_CMrrXfnDRz9ZGw,Customer_2564,2018-05-31 01:26:53,⭐⭐⭐⭐,,Uptown,Tavern,59.61,8.93,15.0,4,26-35,Non-binary,Caucasian
y0QbAUXI7TYgqkNcqP4wXQ,Customer_9832,2016-05-08 17:45:49,⭐⭐⭐⭐⭐,,Uptown,Tavern,57.72,23.09,40.0,4,56-65,Female,African American
lHmOJX1TWJeH8_0Sp2h24g,Customer_5734,2011-07-01 00:47:41,⭐⭐⭐,"I've been to Tavern three times, and each time this ""happy hour"" (quotes due to the fact that actual happy hour is only on Wednesdays) location was chosen by or because of guy friends. Why do men love this place?? Maybe it's the industrial concrete or the weird chains on the wall? 

Anyway, the food really is good - I recommend the nachos, guac or lobster hushpuppies, just don't be shocked when you get your pricey check at the end of the night. The drinks are only reasonably priced if you go on 2-4-1 Wednesday - unless you follow the lead of the d-bag at our table last night and walk out on your check. 

If you're going with a large group make sure you get there early since they don't take reservations or let you call ahead. They also charge a $15 cake fee if you bring a dessert on a special occasion, even though they have no desserts on the menu. 

It's not a bad place - it's in a good location, has good food and a cool vibe, I just prefer something a little cheaper and more low key.
If you share my preference for a midtown happy hour, allow me to suggest Brewhouse or Corner Pub instead.",Uptown,Tavern,19.29,0.0,0.0,2,46-55,Female,Caucasian
zYavfZkxEPNVcNVhouq5kA,Customer_2147,2015-07-30 00:34:18,⭐⭐⭐⭐,"Stopped by while on a business trip after reading other reviews. I had the salmon and it was really good. Only knock I have is that the portion size was really small (I thought, anyway). Also had the kale salad which was really good. I was trying to be good, but definitely had order envy when I saw the burger and fries. 

Give it a try! I would definitely go back!",Uptown,Tavern,74.44,13.5,18.1,3,65+,Non-binary,African American
iHQNcl5Bo8tv91dmqG8E-Q,Customer_6873,2016-05-21 03:01:29,⭐⭐⭐⭐,Food was great here! I've been here before just for drinks and wanted to come back because I had an amazing pineapple charred mule cocktail. We came back and ate this time. The only thing preventing me from giving Tavern five stars was that the service was slower than it should be and it wasn't an insanely busy night. Our waitress was not the most attentive.,Uptown,Tavern,26.54,4.26,16.1,2,26-35,Prefer not to say,Native American
JtPqmnpOpmT5CLzNITJIpA,Customer_6643,2014-10-14 01:06:23,⭐⭐,"Not my cuppa gin. Probably because of all that basil.

Tavern is big, a bit brash, bro-friendly with all the TVs and reasonably priced for its prime location on Broadway. Drop your name and cell phone number at the host stand and get sexted when your table is ready. So tech.

Reviews sing praises of their prime beef burgers, so wifey and I opted for a pair, each with bacon and cheese. Subbing a side salad for fries comes with a surcharge... the amount will totally surprise you. (Clickbait header fail: It's $3.50.)

With the fixin's and the greens, a $9.50 patty sizzled up to $16. And the lasting impression is nil, save the need for seasoning and a Maillard crust. It's an average burger that should be $8 at any pub, which gives me pause as to why it comes so highly praised. An off-night in the kitchen? Labor Day weekend lethargy? Unclear. The end result just didn't resonate.

Could cocktails save the day? Her berry julep was all pulp and my 1920 (a gin, grapefruit, ginger and basil concoction borrowed from Brinkley's) tasted only of the green leaf. No tartness, no ginger bite, no other herbal subtleties from the spirit. Just basil. All the basil. At least they were cheap-ish!",Uptown,Tavern,14.94,0.0,0.0,3,18-25,Non-binary,Hispanic
pGi6yIxsOorhHhNmPZyotg,Customer_3285,2018-06-19 22:36:37,⭐⭐⭐⭐⭐,Food and service was great! Try the BLT and the egg rolls! The drinks are so good as well.,Uptown,Tavern,27.25,4.45,16.3,3,36-45,Male,Hispanic
TdRsc-2rEYUY5jKSRzlVGQ,Customer_3894,2016-04-26 00:36:17,⭐,Y'all gave my Asian friend and my white friend some food poisoning from the Caesar salad. Thanks Obama.,Uptown,Tavern,51.4,9.61,18.7,2,36-45,Non-binary,Caucasian
pAFYZxLn7I91w8Wo0UmD3A,Customer_7513,2015-04-19 19:02:01,⭐⭐⭐⭐⭐,Sunday Funday !!!! Best place to go on Sunday!!!! Excellent breakfast/brunch! If you got to watch your football/ ice hockey playoffs- any sports! This is the place!,Uptown,Tavern,33.33,6.23,18.7,4,18-25,Male,
WeEwR5kv59drLBgdMIAWvA,Customer_2470,2017-06-30 23:32:16,⭐⭐⭐⭐,"I've never been to an M Street resturant before, for those of you who are not familiar with M Street they are the zany people who bring us restaraunt concepts such as Kayne Prime (on my bucket list,) Virago and Moto (also on my bucket list.) So on Wednesday night we visited Tavern, which is self-described as ""a pub for chefs."" Valet parking at this location is a must and they were prompt and efficient. There was plenty of porch seating available as well as being used - Nashvillians do love their porches. The inside of the restaraunt had a rustic feel and it seemed as though the bar top was inhabited by business class regulars. That having been said I could easily picture the bar at 12 midnight being inhabited by waitrons and people with checkered pants, it would be a great place to have some concept drinks and small plates after a busy restaurant shift. I ordered the Korean short rib tacos - I definately got the red pepper forward taste as well as the cool of the cucumber and cilantro. I would order it again. Delivery time was about 13 minutes, a good ticket time. It's very evident that these people are ""on their game,"" I will be returning to try other items on their menu. And one day I will visit Kayne Prime, I might splurge for that on my father's birthday. Visit Tavern, have fun!",Uptown,Tavern,124.48,24.64,19.8,4,65+,Female,Asian
mr3pVSBaVYi17pJViaJS0Q,Customer_3083,2013-07-13 02:08:45,⭐⭐⭐⭐,,Uptown,Tavern,37.54,8.15,21.7,1,65+,Prefer not to say,Hispanic
3ZrmT7chVxeSq7HUeVCVhA,Customer_5333,2011-08-28 03:27:18,⭐⭐⭐⭐,"Yum! Mussels are excellent---get extra bread for dipping. Order small plates and share to try lots if items. Kale salad is very good but a small is enough for two people to share since the flavors are unique --- good balance among Parmesan, citrus and cranberries. Guacamole is indeed yummy and lobster hush puppies are a great twist on soul food. Jalapeño ketchup has a nice kick. Shortrib tacos are good, dependable food. They won't knock your socks off, but you won't be sorry. Drinks: 1920 is a little more bitter than I anticipated, but still good. Existentialist is very refreshing as a summer drink.",Uptown,Tavern,148.8,59.52,40.0,1,36-45,Male,
2WzD_io0SaFWKZYOuveLqA,Customer_8130,2016-06-23 02:56:16,⭐⭐⭐⭐⭐,,Uptown,Tavern,30.66,6.91,22.6,8,26-35,Non-binary,Native American
w_ZtMqhy58U9uB3jT8ieig,Customer_3364,2012-06-30 04:30:47,⭐⭐⭐⭐,"I've been here several times for lunch and I always get the same thing; Scottish Salmon and the Nuevo Bread Salad. My wife ordered the burger and it is the burger for which we measure all others. Service is good, ambiance and location are good. It is so much better than its sister restaurant, Whiskey Kitchen. I hear it is a trendy and crowded venue at night.",Uptown,Tavern,41.05,14.37,35.0,3,26-35,Non-binary,Other
DjFNqrxYXvcqPVmUQiyLog,Customer_1412,2018-02-26 22:08:11,⭐⭐⭐⭐,,Uptown,Tavern,24.58,4.49,18.3,5,18-25,Non-binary,Asian
4IsR7lxY-4gJx-itOP9VEQ,Customer_4358,2014-05-29 21:44:38,⭐⭐⭐⭐,"What I liked:
1. White Trash Hash- With a name like that, what's there not to like?  While I'm sure I could re-create this for about $2 (smashed fried hashbrowns smothered in cheese), it was well worth the extra cost to enjoy at brunch.  YUM!
2. Brunch Menu- There were too many delicious options to choose.  I went with a salad, but everything (especially the burger and french toast) looked and smelled fantastic.
3. Bloody Marys- They served my favorite, Zig-Zag mix and you get 2 for the price they charge.

What I didn't like:
1. This place gets VERY crowded on the weekend during the brunch rush.  We were quoted at hour+ wait shortly after they opened and ended up just snagging a seat at the bar.
2. Service- The bartender was understaffed and a bit slow to respond to requests.  They also forgot about part of our order and had to be reminded.

Overall Verdict: Make a reservation or show-up early and prepare to wait.  Get the white trash hash and enjoy delicious brunch!",Uptown,Tavern,67.49,23.62,35.0,3,46-55,Female,Native American
vxAklG5OXmvu02ymR7BQFg,Customer_7911,2015-12-09 02:26:42,⭐⭐⭐⭐⭐,"Great vegetarian options (I got the Buffalo cauliflower - amazing), healthy options (chopped kale salad with almonds and dried blueberries with light dressing), as well as favorites like tacos, nachos, fried chicken and burgers.  Lots of tvs but also more secluded tables. Would definitely come back!",Uptown,Tavern,70.6,10.61,15.0,3,46-55,,African American
kLR2GQ3fxHZ2da6bs3gffw,Customer_2663,2017-05-26 02:42:06,⭐⭐⭐,"Another Yelper hit it -- this is a noisy, crowded restaurant with big screen TVs.  I wouldn't call it a sports bar.  Nothing wrong with the place.  Cool location, good beer selection.  The food - delicious, but eliminates itself as a ""sports bar"". My sons and I wanted to catch some pub grub and the hockey game.  Got the game.  The grub-- eclectic.  Do go here if you want a busy, bustling, energetic, tasty, flavorful, thumping music-beat experience.  Don't go here if you want  a burger, a beer and a hockey game amidst sports conversation.",Uptown,Tavern,33.07,5.43,16.4,4,26-35,Prefer not to say,African American
vIfZn-Km8_Mzn3YcnV2oHw,Customer_9345,2017-08-29 20:07:56,⭐,"Went to lunch at Tavern today 8/29/17 with three co-workers who had never been before on my recommendation. It was a huge mistake on my part. Tavern had been ok on previous visits but today a real disappointment. Slow and indifferent service. Hidden costs-charges for extra salsa on already over priced nachos. Ordered extra chicken on the nachos- it was not on the nachos when they arrived-we were still charged for them because Tavern brought us a plate of luke warm chicken to pour on after we'd already finished. We asked about the hidden cost of the chicken and salsa our server rolled her eyes and let us know she does not make the rules. This place is way overrated, over priced and the douche bag factor is off the charts. Fu*k Tavern.",Uptown,Tavern,21.73,3.65,16.8,4,46-55,Prefer not to say,Mixed
fwQV8AisKOza40TYkGQS3w,Customer_7556,2015-09-03 00:28:46,⭐⭐⭐⭐⭐,,Uptown,Tavern,93.7,0.0,0.0,4,36-45,Male,
n0_nlhJ1PPvg6TqSWruC4Q,Customer_7697,2018-03-07 01:46:46,⭐⭐⭐⭐⭐,,Uptown,Tavern,24.81,5.31,21.4,2,46-55,,Native American
wp4A8FE8F1cMpNx1sjzskw,Customer_5807,2017-10-27 02:42:29,⭐,,Uptown,Tavern,31.35,5.1,16.3,2,,Male,African American
r6bGzYOXNhVMAtwSoomGRQ,Customer_6924,2016-01-30 05:37:42,⭐⭐⭐⭐,"One of my favorite spots in town. Burger is amazing, good vibe, nice staff. Go-to gastro pub for sure.",Uptown,Tavern,40.28,4.35,10.8,5,46-55,Male,Native American
9tGxCSt6z-ZPeJFxoc_T4A,Customer_5937,2015-12-23 16:23:07,⭐⭐⭐⭐,"I've been here twice now, and the food is always great and the service is decent. The only reason I didn't give 5 stars is because the food takes a while to come out, even when it's not super busy. I've gotten the fish tacos (they are HUGE), burgers, fries (also huge portions), and goat cheese and pistachio guacamole. Like I said, the food is always very good, but if you're coming on a weekend, be prepared for a very long wait. It has a super hip atmosphere and you'll find a lot of twenty-somethings there.",Uptown,Tavern,52.46,0.0,0.0,3,26-35,Non-binary,Native American
0IMoUZGJ0pKmvm_li-OYQg,Customer_6039,2015-09-10 02:42:58,⭐⭐,,Uptown,Tavern,34.17,2.82,8.3,4,65+,Prefer not to say,Other
J05dVLcWl6e2T_CZS-0KdQ,Customer_3470,2015-08-06 21:59:20,⭐⭐⭐⭐,"Awesome brunch place. I think they must have put crack in their white trash hash. I'm still dreaming about it every now and then. I couldn't remember what I had. The white trash hash blew my mind and it's the only thing I remember. 
They also have 2-1 special drink during brunch. The only 2 things that prevent me from going there all the times, are my student loan and a long wait. We end up sitting at a bar.",Uptown,Tavern,73.4,16.37,22.3,1,,Prefer not to say,Native American
vxAklG5OXmvu02ymR7BQFg,Customer_3680,2015-12-09 02:26:42,⭐⭐⭐⭐⭐,"Great vegetarian options (I got the Buffalo cauliflower - amazing), healthy options (chopped kale salad with almonds and dried blueberries with light dressing), as well as favorites like tacos, nachos, fried chicken and burgers.  Lots of tvs but also more secluded tables. Would definitely come back!",Uptown,Tavern,26.23,4.48,17.1,3,56-65,Female,Caucasian
EDBroweERbMPsg7LyoaQ1w,Customer_5528,2017-12-17 18:18:01,⭐⭐⭐⭐⭐,,Uptown,Tavern,82.49,17.7,21.5,4,65+,Male,Hispanic
7XFuiaM0hVmdnlhJfV2gHA,Customer_9078,2016-07-25 13:51:42,⭐⭐⭐⭐⭐,"My 8 friends and I came here during our visit to Nashville because of good reviews we heard from friends who visited - they did not disappoint.  Tavern was a great brunch spot and they were able to accommodate our large group fairly easily.  The service was awesome, relaxed and friendly staff all around.  The food was phenomenal - We split almost every app on the menu, all very good.  I had the special taco scramble and it was one of the best egg dishes I've had in a while.  The ""white trash hash"" that came with it was delicious and a twist on the classic hashbrowns.  All in all I would come back here and would recommend to anyone visiting.",Uptown,Tavern,26.13,7.74,29.6,2,56-65,,Hispanic
S15HB-F4CfmXT5m0ppL-Sg,Customer_1041,2014-01-02 19:19:41,⭐⭐⭐⭐,"Wow, what an impression! This was my first visit to Nashville and absolutely loved it.  Tavern had a great contemporary vibe and look to it.  The food was incredible.  Our table had the Tavern Burger, Chimichanga, and the Basket of Crispy Little Fish.  Each was to die for.  If you are a carnivore then the burger is the way to go, Prime and Filet made the burger super juicy and tasty! 

The bar area had adequate seating and served every liquor drink you could think of as well of 2oz pour of some really great tequila and whiskey.  Local beer on draft and bolted favorites are also served.  


This place is a must go!",Uptown,Tavern,34.54,6.21,18.0,4,46-55,Female,Native American
xPS_JW---lzeO4Z68IFkTg,Customer_5710,2015-07-05 22:04:46,⭐⭐⭐⭐,"This may seem like a standard American burger joint, but they actually have taken pains to create a thoughtful and surprising menu. 

There are options ranging from middle eastern to Mediterranean to Indian to new American and I had a sampling of them all. Everything had a distinct flavor profile, regardless of whether I liked it, and the burger was one of the best I've had in Nashville. Oh, and for dessert you can roast your own marshmallows at the table. 

Service wasn't the greatest, but not terrible as other reviews have noted and overall this is a spot I'd recommend.",Uptown,Tavern,73.3,11.77,16.1,2,,,African American
4b5YwUYv8RByje54vuaGZg,Customer_9654,2017-01-03 04:33:22,⭐⭐⭐⭐⭐,,Uptown,Tavern,86.46,20.73,24.0,2,56-65,Prefer not to say,Caucasian
xnzjT7V6LXHVxPCMAfeieA,Customer_7638,2012-09-13 00:17:05,⭐⭐⭐⭐⭐,,Uptown,Tavern,37.88,9.46,25.0,2,,Male,Mixed
U2zgD5DQCFzXzj23byTiSw,Customer_2650,2017-05-27 22:50:01,⭐⭐⭐⭐,,Uptown,Tavern,47.57,0.0,0.0,3,18-25,Female,Mixed
_XMqwgsyC-pzWuFkkRCpLg,Customer_5570,2018-03-06 03:01:34,⭐⭐⭐⭐⭐,"Best brunch! Came here on a busy Saturday with a group of girls. Everyone loved their food and drinks! Waitress was friendly, efficient and knowledgeable about all menu and drink items. Would definitely come here again.",Uptown,Tavern,36.05,5.97,16.6,4,65+,Female,Asian
m3rZ0UhIOrYqLREDtuNOzg,Customer_2940,2015-08-31 04:54:53,⭐⭐⭐,,Uptown,Tavern,39.12,6.08,15.5,4,18-25,Non-binary,Other
uoAV36WSfBbVY77wIxX1fw,Customer_9137,2017-04-08 16:52:58,⭐⭐⭐⭐⭐,"Food was so good! Great music, good casual or event atmosphere. Came here for a group birthday dinner. Their white sangria was amazing",Uptown,Tavern,48.24,8.57,17.8,6,65+,,Other
1DH1JZ--V1LOoMDE_OK8ww,Customer_3673,2017-09-10 18:39:19,⭐⭐⭐⭐⭐,"The 45 minute wait was well worth it, especially since you have drinks while you wait! The staff here at Tavern were super attentive and really helpful in giving suggestions on what to order. We got the maple fondue and it was incredible, you got to try a little bit of everything. The red velvet waffles were out of this world, the blueberry cornmeal waffles were a slam dunk, the Frosted Flakes crusted French toast was life changing. The sausages were great, the chicken was very spicy but overall great and the fruit was super fresh and sweet. The eggs benedict were really good but very large. All in all I would come back again in a heartbeat!! WE LOVE TAVERN BRUNCH",Uptown,Tavern,36.26,9.8,27.0,1,65+,Female,Hispanic
8Lpm7yJ4lBZr_kXZMaCZuQ,Customer_1810,2011-04-24 14:08:27,⭐⭐⭐⭐,"Where should I start... Oh yeah, I love this place! Went for the first time this weekend and all the things I've heard about this place are true. Great food, amazing outdoor patios and a great variety of drinks. We started out with the Lobster Hushpuppies and Bazooka Guacamole. The presentation was modern and they most definitely delivered on taste, the only issue I had, was I wanted to order more appetizers! After some self restraint we order our entrees; I took the servers recommendation and had the burger and everybody else had the BLT. Looking back I wish I would have tried something new, don't get me wrong it was good but there are some amazing sounding dishes on the menu. Next time I guess. All in all if you are looking for a trendy spot to have a bite and a few drinks, I definitely recommend this place! Oh yeah, I almost forgot use the hot sauce!",Uptown,Tavern,41.88,7.19,17.2,6,,Non-binary,Caucasian
TFrU2d0YpTbjicQj5sAGkg,Customer_4438,2014-03-14 09:18:07,⭐⭐⭐⭐⭐,,Uptown,Tavern,73.21,15.46,21.1,2,46-55,Male,Asian
07_1NYdAGlQrTW9vQZ4EgQ,Customer_2620,2013-04-17 05:02:53,⭐⭐⭐⭐,"Went today with a group for brunch. We had no complaints. Great-cucumber Bloody Mary, coffee, lobster gumbo, grilled artichoke, white trash hash and service. The decor was tasteful and semi modern. I definitely felt like we left Nashville for a couple hours which was great! Will definitely be back!",Uptown,Tavern,25.08,3.61,14.4,2,46-55,,Other
W-1KsTFiqHEz5DdsnFEbiQ,Customer_7356,2015-01-06 02:19:19,⭐⭐⭐⭐,"Great food, great atmosphere.  I had the mac and cheese, which was a special and it wasn't on the menu, but it was AMAZING.  I also highly recommend the egg rolls.  Not your normal egg rolls.",Uptown,Tavern,127.99,28.3,22.1,2,26-35,Non-binary,Caucasian
Qs-Fy0zfyvVsWVLqqy-iCg,Customer_5233,2012-06-26 14:19:06,⭐⭐⭐⭐,,Uptown,Tavern,15.93,2.68,16.8,2,65+,Non-binary,
Fy8WWMVQlLKrk5sBu_aR9g,Customer_6384,2013-05-11 14:43:31,⭐⭐⭐⭐,,Uptown,Tavern,18.92,5.2,27.5,2,18-25,Male,Hispanic
6lN8DOJi5bzbpUgI8EOF8A,Customer_4661,2018-07-09 06:59:59,⭐⭐⭐,"Looks, from the street, like it would be good, but it was just okay. Our waitress pretty much forgot about us the entire time we were there. Not sure what that was all about. We tried practicing mindfulness to make the time pass while we were waiting for her to come back out and take our order. My nachos were disappointing--basically felt like a slice of cheese was melted over chips with globs of black beans. The kale salad was a warm mound of wilted kale mixed with parm cheese. My son liked his burger, so that was good.",Uptown,Tavern,70.52,16.66,23.6,4,26-35,Male,Caucasian
gQIp6dKzwQniHhb0ryTHdw,Customer_8268,2011-08-26 18:32:42,⭐⭐⭐⭐⭐,"Tavern has Nashville's best burger. I was sad when it was gone. Fantastic. The staff is friendly, and the service is great. They even brought our group free s'mores. (That's right: They have s'mores.) I have a new favorite Nashville restaurant.",Uptown,Tavern,61.49,6.69,10.9,3,18-25,Prefer not to say,African American
QdrmnbVOsEWMnhi46mzl3w,Customer_1921,2015-09-18 04:55:00,⭐⭐⭐⭐⭐,,Uptown,Tavern,39.79,2.58,6.5,2,46-55,Male,Other
O7MxXEBpMFEDTxWgxUQmBQ,Customer_8700,2016-07-18 02:41:30,⭐,"This joint was recommended by a waiter who served us supper, said the red velvet waffles were to die for....ummm no suicidal thoughts here...totaly not worth the 1hr wait and is extremely loud....forget about conversation. We had the breakfast fondu....where is the fondu pot and skewers? And the $3 coffee was yucky! Service wasn't the best either. I'm getting the feeling that the waiters around here think because they probally won't ever see you again they don't have to give good customer srvice. You basically have to ask to be waited on.#RoadtripUSA",Uptown,Tavern,37.44,0.0,0.0,1,26-35,Female,Other
orRnnLxzfGs9Ityz0YK-dw,Customer_2976,2015-11-09 04:53:47,⭐⭐⭐⭐,"Nice bar with good music and lively atmosphere. The beef Tacos were so Yummy, and so were the fries. Went if there happy",Uptown,Tavern,35.75,8.44,23.6,6,46-55,Non-binary,Asian
BB5kBkUH3mAmItdC6N073A,Customer_2737,2015-01-06 06:13:05,⭐⭐⭐⭐,"my favorite brunch spot on nashville! 

the drinks are amazing and they have a wide range of items on the menu. my favorite brunch items are probably the benedicts and white trash hash.

my favorite items served all day are the sweet potato fries and tuscan kale salad!

the only complaint I would have is that they usually have a long wait, especially for brunch so come early and be prepared to wait! it's certainly worth it. 

other than that, the atmosphere and food are some
of the best in nashville!",Uptown,Tavern,85.1,24.25,28.5,6,18-25,Female,Native American
Z_3i08PB4aHIoyJL_HEfHg,Customer_9995,2017-05-02 00:56:49,⭐⭐⭐⭐⭐,"A friend recommended this restaurant to me while on a business trip to Nashville. The food and service were great! It's a really cool atmosphere with lots of fresh air. Unique menu items, and everything that I saw come out looked so good.",Uptown,Tavern,22.51,5.07,22.5,1,36-45,Prefer not to say,Caucasian
sENiF8KnKK-v8Jz8ejJVfw,Customer_5803,2012-12-10 03:18:29,⭐⭐⭐⭐,"Had a very pleasant dining experience at Tavern tonight. We arrived at 5 pm and it was pretty dead. It's a big place with a nice outdoor patio and a side patio that can be indoor/outdoor depending on the weather. The vibe seems pretty cool and laid back. Rock music and low lighting get a thumbs up in my book. 

I decided to try a sangria while I browsed over the menu. It did not disappoint. Very fresh and tasty. I decided on The Tavern burger with sweet potato fries. The burger was delicious! It's served on a ""meltaway"" bun which basically is just a really soft and yummy bun. The sweet potato fries were good as well. Not soggy at all which seems to happen a lot with sweet potato fries. The boyfriend really enjoyed his meal as well but I'll let him tell you about that in his own review. :) Because the dinner was so good, I decided to order a dessert, too. I opted for the cinnamon bread pudding with vanilla gelato on top. It was also delish! It was the perfect amount of sweetness and comfort to end my meal. 

Service was quick and friendly, food was good, and the atmosphere was relaxing. We will definitely be back.",Uptown,Tavern,46.66,7.8,16.7,3,,Female,Asian
FYok0kc1LXUEcOXAIS6lnw,Customer_4051,2015-10-25 18:02:13,⭐⭐⭐⭐,,Uptown,Tavern,23.06,3.56,15.4,4,,Male,Other
F69sWS_z1OVNltCenrBSow,Customer_7298,2014-11-30 02:40:26,⭐⭐⭐⭐,"I really enjoyed my mussels and the atmosphere in Tavern, but this place wasn't the homerun I expected. We had a 20 minute wait on a game day, so I thought that was very reasonable. Tavern has a ton of TVs, so it's great for watching a game. The bartenders were pretty quick to provide drinks as we waited, and the craft brew and cocktail menu is good. There isn't a very expansive selection, but what's available is diverse. The food is pretty stellar as well. My mussels were delicious and our nacho appetizer was great without any meat. Fresh jalapeños, black beans, and the perfect amount of cheese made them a delight. Our server is what missed the mark. She was courteous for sure, but her timing was really off. It took a while for us to order once seated and she altered between smothering us or ignoring the table. I also wasn't impressed with my friends' lamb tacos. The tacos come in an order of two or three, and this place seems to be stingy with the meat filling. I'd definitely recommend a side an order of three. 

All and all, I'd come back. This place is tasty, but it's not the pinnacle of dining.",Uptown,Tavern,42.24,4.93,11.7,2,,Prefer not to say,Mixed
1ToRn-wblsRCTJj3rIFxHg,Customer_5252,2013-10-04 22:56:26,⭐⭐⭐⭐,,Uptown,Tavern,56.04,12.45,22.2,2,46-55,Male,Other
VqICh9JO97h5NTs8W5wjzQ,Customer_6841,2014-07-28 01:49:33,⭐⭐⭐⭐,,Uptown,Tavern,65.64,8.63,13.1,2,56-65,Male,Asian
YtUt2x2ZuHB-nesS9jZNxQ,Customer_6974,2014-08-12 04:36:29,⭐⭐⭐⭐,"Great place. Good food. Good prices, $30 for 2 people.  Good service. Too loud on the inside but perfect for sitting outside. Try the pretzel sandwich with fries.",Uptown,Tavern,106.74,14.4,13.5,2,26-35,Male,Mixed
5FMQAlbrrEwAW_QQy8s56w,Customer_7363,2017-08-08 02:47:59,⭐⭐⭐⭐,"ALERT: A must for brunch spot!!! I have been here several times now. The brunch time is SO busy but SO worth it! I reccomend the Red Velvet Waffles and the Blood Orange Mimosa. Another time I went for dinner I had a phenomenal Mahi sandwich with the white Sangria. Holy amazing. The service is great, just hectic during brunch.",Uptown,Tavern,67.44,5.96,8.8,3,46-55,Male,Asian
cmj6O_RNSfB12stpPjzrlw,Customer_9563,2012-12-04 16:30:57,⭐⭐⭐⭐,"Good drinks, good food and a great atmosphere! What more could you want? The drink menu is very extensive, good selection of scotch and cocktails. The food was very impressive as well. I tried the sweet potato fries with jalapeno mayo after seeing it suggested so much and I must say they delivered! This is a great place to hang out with friends and pass some time. Give it a try!",Uptown,Tavern,51.26,10.07,19.7,2,,Female,Native American
eX9N0rLvcfgrOo34hvDQRQ,Customer_2843,2014-02-12 21:35:12,⭐⭐⭐⭐,,Uptown,Tavern,29.95,6.5,21.7,3,,Female,African American
dbJ4zDy3M05kDwx1LOw_Kg,Customer_9247,2013-03-26 00:11:53,⭐⭐⭐⭐,"Stopped in at lunch for THE Tavern Burger.  While it is the only burger on the menu, they provide many options for it.  While I didn't personally order it, a coworker got a cooked egg on it,  You can get it also with Grilled Onions or Bacon.

The burger is pretty sizable and also includes Belgian fries. I'm not sure exactly what they do to Begian-ize them, butt he were quite good.

We arrived at just a bit after 11 AM so it wasn't very busy yet. Parking could certainly be an issue though.

15 dollars for a burger might also be a bit pricier that a regular Joe or Jane is willing to pay, and it would be hard to argue.  It was however, quite delicious and filling.

I'm not sure what the dinner time crowd looks like, but at least for THE Burger I would be back.",Uptown,Tavern,31.62,5.56,17.6,3,18-25,Male,Native American
fUK6gdpPTE44NUa2kpVXMA,Customer_7964,2016-10-15 18:51:28,⭐⭐⭐,,Uptown,Tavern,52.45,9.04,17.2,6,,Male,Caucasian
THSSMvs_0sJCVgm2NcLpHQ,Customer_6975,2016-10-02 03:12:29,⭐,"Got to the resturant and gave the name under our reservation. They don't take reservations and don't know why open table lists them but they get that a lot. Hmm ok. Can you try to do something for us since it isn't our fault you haven't contacted open table? No, 1 hr wait. No problem, we will go next door for drinks. Get text from restaurant that let's you check status through wait for out....opentable. Hmmmm. Come back in an hr, get seated outside even though there are plenty of spaces inside. Fine. Drink wifey ordered was the best part of the experince. Can we order the cauliflower - no, we are out of our most popular item. Ok. Guac appetizer - made from half an avocado and a thousand chips. $12 Salad with ahi - 1 dimensional salad with 3 pieces of ahi. Ahi was good wish there was more of it. Salad had no diversity anything interesting $23 Chicken kabobs - supposed to be with ginger terriyaki and sesame and garlic. Only thing I could taste was terriyaki, very heavy handed. Nothing we ordered was beyond marginal...",Uptown,Tavern,32.67,2.93,9.0,1,65+,,Other
EqZxe5N6W_JI9RuFXETDzg,Customer_5015,2012-05-08 07:53:04,⭐⭐,"I do not unjustly dole out bad reviews, however, i feel it my moral obligation to society to inform the masses of what lies within at tavern... i want to like this place, which took the spot formerly occupied by Lime, but after 3 visits i am left with the same impression: the best thing about this place is it's location/outdoor bar seating.  terrible mixed drinks ... (drink #1: facial toner, drink #2: salad dressing, drink #3: cough syrup)... definitely stick with beer or wine here. the food was ok. i had the turkey sandwich on pretzel bread and sweet potato fries - both were meh (and cold). food was much better when they first opened. sad when standards drop...   (i also had to valet park. then valet disappeared...  my keys ended up behind the bar. that's apparently where they keep them, incase you're looking. or still waiting for your keys.)",Uptown,Tavern,53.11,12.13,22.8,2,,,Mixed
3YsZ4NZsrLIWs2Tp92dCUA,Customer_2531,2011-12-01 00:19:01,⭐⭐⭐⭐⭐,"I really enjoyed this place. Very interesting menu, great drink selection, loved the decor/ambience and our kiwi bartender was great. I will definitely come back next time I am in town.",Uptown,Tavern,88.71,18.15,20.5,2,18-25,Male,Native American
MTQAkU8_Rl-1-ygnnIpqyw,Customer_7891,2015-04-03 19:16:22,⭐⭐⭐,,Uptown,Tavern,40.13,7.68,19.1,4,26-35,Prefer not to say,Other
Z_3i08PB4aHIoyJL_HEfHg,Customer_3003,2017-05-02 00:56:49,⭐⭐⭐⭐⭐,,Uptown,Tavern,19.73,3.01,15.2,3,26-35,,Mixed
IR4sVMnstCD57coNaQ3mEA,Customer_2821,2018-01-09 23:22:15,⭐⭐⭐⭐⭐,"I'm usually a chilaquiles girl, so the Huevos Rancheros sounded sort of tempting with its eggs, tortillas and salsa combination. Now, huevos rancheros in general has never really appealed to me, but Tavern had me changing my tune. I have a feeling that no other restaurant's version of this dish will impress me as much as this one, but if you are in Nashville and you are at Tavern for brunch and you don't get the Huevos Rancheros.... you're making a HUGE mistake. One of the best brunch meals of my life y'all...",Uptown,Tavern,58.06,6.34,10.9,4,,Male,
zUVTUEH9IQSHoapdn4YWhg,Customer_6398,2018-05-29 02:52:35,⭐⭐⭐⭐⭐,,Uptown,Tavern,19.54,2.9,14.9,2,26-35,Female,Mixed
DjFNqrxYXvcqPVmUQiyLog,Customer_9155,2018-02-26 22:08:11,⭐⭐⭐⭐,,Uptown,Tavern,12.15,1.89,15.5,3,36-45,Non-binary,Native American
m3rZ0UhIOrYqLREDtuNOzg,Customer_1747,2015-08-31 04:54:53,⭐⭐⭐,"3 stars for food and a 1/2 star for ambience/drink specials. Went here with a bunch of friends on a Wednesday night. The place was busy! They said our wait was about 30 min so we decided to go to the bar. 2 for 1 drink special!! Excellent! The drinks were pretty big and strong so it was a great deal. I got the tequila drink with blackberry and agave juice (can't remember the name). It was good!! We sat on the outdoor patio with our drinks while we waited for our name...it was perfect! 

The food was mehhh...I had the lamb tacos which were just ok. I felt like they needed to be more exciting...there was barely anything on them. I ordered 3 because I was pretty hungry, and it was the perfect size. My friend who got the burger loved it, so maybe I just had to order something else. Who knows. Overall I was underwhelmed. I have to eat gluten free (Celiac), and they did have a gluten free menu. It wasn't huge but enough options. However, they did have fried things on the gf menu that are NOT GF!! This is a huge pet peeve of mine...why put it on the gluten free menu if it's not?! So annoying. I would go back to this place for drinks only.",Uptown,Tavern,41.75,4.71,11.3,4,,,
SlRO6VnhpqQFWMKC-ZC3Pw,Customer_1309,2016-03-19 12:20:43,⭐⭐⭐⭐,"5/5 drinks. 
5/5 food. The burger was so delicious, I'm glad I went with our server's direction. The Tuscan fries were an interesting side and the parmesan and red pepper was a great way to make it unique. 
3/5 the wait. You can get drinks at the bar while you wait, which helps soften the wait time, but be prepared to wait multiple hours on a popular night especially if you come at peak times with a group of people. 
5/5 service.",Uptown,Tavern,39.1,6.91,17.7,2,,Non-binary,Other
SJg1y9tjPwgOarQTgYmvcw,Customer_7058,2018-05-30 12:41:09,⭐⭐⭐⭐,,Uptown,Tavern,91.28,10.12,11.1,2,46-55,Prefer not to say,
5XNvrKHIVJxE_ed7DKsC7g,Customer_8234,2015-07-06 13:16:37,⭐⭐⭐⭐⭐,"We walked in without a reservation on Father's Day  Sunday at 11 in the morning. We had a flight to catch at 3, so didn't have time to wait and luckily were able to sit at the bar right away. Looking at the menu didn't see anything that looked intriguing or exciting. I was upset that we may have been stuck with some boring brunch on our last day in Nashville. Oh my, was I wrong or what? I ordered the big daddy omelette and my husband got the Huevos Rancheros. I got a big omelet and I couldn't finish it. My omelette  was flavorful and the white trash hash was out of this world. I got a fried egg on top of my omelette. What else can you ask for? They also had buy one get one mimosa. Not sure if that was a Father's Day promotion or they do that every Sunday. We also ordered the red velvet waffle for dessert which sounded and looked creative but wasn't that impressive. Overall a great experience and definitely recommend it!!!",Uptown,Tavern,70.64,11.16,15.8,5,46-55,Female,Caucasian
oY9uiqQGexQ1ZZ7E3ZiD9g,Customer_8599,2018-06-12 04:02:23,⭐,,Uptown,Tavern,33.41,2.25,6.7,4,46-55,Non-binary,
8MZmHIPivJvqHyegz4NDuw,Customer_4766,2017-12-30 16:07:30,⭐⭐⭐,"The pork chops were delicious. Yummy burger. Good beer and cocktail selection, nice decor. It was busy when we were there, so a little loud.",Uptown,Tavern,53.23,5.23,9.8,2,65+,Male,Asian
07_1NYdAGlQrTW9vQZ4EgQ,Customer_4739,2013-04-17 05:02:53,⭐⭐⭐⭐,"Went today with a group for brunch. We had no complaints. Great-cucumber Bloody Mary, coffee, lobster gumbo, grilled artichoke, white trash hash and service. The decor was tasteful and semi modern. I definitely felt like we left Nashville for a couple hours which was great! Will definitely be back!",Uptown,Tavern,26.75,2.8,10.5,3,,Female,
y0QbAUXI7TYgqkNcqP4wXQ,Customer_8520,2016-05-08 17:45:49,⭐⭐⭐⭐⭐,great amosphere and wonderful food! highly reccomend but expect a long wait. well worth it though.,Uptown,Tavern,27.24,5.74,21.1,1,46-55,Male,African American
Bml_ulSBROQKCHNBatqPHw,Customer_7462,2013-10-25 15:56:18,⭐⭐⭐⭐⭐,"Tavern is a great brunch place with a good vibe.  I love the sangeria because they top it off with Cava, sortof a sparkling sangeria...refreshing.  I like sitting at the bar because there can be a bit of a wait depending on when you get there.  And in my experience you always get better service at the bar.   
Parking can be hard around midtown so I would valet,  its free, just tip the poor guy!",Uptown,Tavern,19.41,3.12,16.1,5,46-55,Female,
Jdvrv1PnYvSKXLQS3KsMzg,Customer_5919,2016-04-02 18:22:23,⭐⭐⭐⭐⭐,"On a girls trip to nashville the gentleman on the plane ride into town suggested this restaurant. We went during Brunch time on Saturday. Reasonable wait, but they text you when the table is ready. Everything was amazing. Highly suggest the stir-fry and tavern burger and obviously you have to try the white trash hash. Highly recommend for visitors and locals alike.",Uptown,Tavern,23.85,8.35,35.0,2,46-55,Prefer not to say,Native American
EqZxe5N6W_JI9RuFXETDzg,Customer_7180,2012-05-08 07:53:04,⭐⭐,"I do not unjustly dole out bad reviews, however, i feel it my moral obligation to society to inform the masses of what lies within at tavern... i want to like this place, which took the spot formerly occupied by Lime, but after 3 visits i am left with the same impression: the best thing about this place is it's location/outdoor bar seating.  terrible mixed drinks ... (drink #1: facial toner, drink #2: salad dressing, drink #3: cough syrup)... definitely stick with beer or wine here. the food was ok. i had the turkey sandwich on pretzel bread and sweet potato fries - both were meh (and cold). food was much better when they first opened. sad when standards drop...   (i also had to valet park. then valet disappeared...  my keys ended up behind the bar. that's apparently where they keep them, incase you're looking. or still waiting for your keys.)",Uptown,Tavern,24.6,5.42,22.0,1,26-35,Prefer not to say,Hispanic
L6EpvJIV4WjNQ9CK1OsU5Q,Customer_4383,2013-07-20 16:56:35,⭐⭐⭐⭐,,Uptown,Tavern,41.7,0.0,0.0,2,65+,,Other
LtkOv5ZJcK2WP3ZikfAt-w,Customer_6867,2013-03-20 20:41:47,⭐⭐⭐⭐,"Best place within walking distance from my hotel.  It's a pretty modern and happening place, with a cool feel to it.

I really was looking for a good salad, and was pleasantly surprised with my Junk Salad (romaine, salami, shrimp, olives, pepperoncini, hearts of palm, grape tomato, cucumber, blue cheese, champagne dijon vinaigrette).  This was a super tasty salad.

I came back 4 days later and had the burger and sweet potato ships.  Burger was pretty good, and my only complaint was that the chips were a little on the salty side.  Brush some of the salt off and it was good.",Uptown,Tavern,37.85,7.82,20.7,1,26-35,,Other
wp4A8FE8F1cMpNx1sjzskw,Customer_8785,2017-10-27 02:42:29,⭐,,Uptown,Tavern,32.3,2.47,7.6,2,46-55,Male,Native American
S1lv3xiwjmltqRXv0rU51Q,Customer_7445,2012-07-19 13:56:38,⭐⭐⭐⭐,Got the turkey blt. Excellent! Service was a little slow but we weren't in a rush.,Uptown,Tavern,73.95,6.55,8.9,2,26-35,Female,Caucasian
YtUt2x2ZuHB-nesS9jZNxQ,Customer_4855,2014-08-12 04:36:29,⭐⭐⭐⭐,"Great place. Good food. Good prices, $30 for 2 people.  Good service. Too loud on the inside but perfect for sitting outside. Try the pretzel sandwich with fries.",Uptown,Tavern,61.23,12.9,21.1,2,36-45,Male,African American
PM2iL0rvQqDuvFjtJzx_WA,Customer_2373,2017-05-01 21:31:55,⭐⭐⭐⭐,"I love the atmosphere of this place. The bar is kind of open to the outside and it's a really unique, modern setup. The service was a bit slow for a half-full restaurant but the bartenders were very nice. I ordered the buffalo cauliflower and mussels. The mussels were delicious but the cauliflower was so spicy and overpowering that the spice hung in your mouth for so long that it kind of took away from the mussels. Overall would  definitely recommend a visit if you're staying in the midtown area, but would recommend trying a different appetizer than cauliflower.",Uptown,Tavern,54.57,19.1,35.0,1,56-65,Prefer not to say,Other
78SJbrLLX0TnzZThv9H-Pw,Customer_1144,2018-05-23 12:44:02,⭐⭐⭐,,Uptown,Tavern,39.04,8.5,21.8,3,65+,Non-binary,Other
POfEzJaN4RLwxPlkWV4rfw,Customer_9195,2012-08-19 23:30:24,⭐⭐⭐⭐,"Went for brunch on Saturday and was extremely pleased to discover 2-for-1 drinks! Our group tried pretty much one of each drink and were extremely happy with each, particularly the Wicked Bloody Mary. The atmosphere was great-- trendy but very relaxed. I had the Singapore Stir fry, which was so flavorful and a wonderful change from the usual breakfast fare. As I dont eat meat or cheese, breakfast can be a little boring and standard, but this was a delicious option that strayed from the ordinary. Others had two different omelet varieties and the eggs benedict uno, all of which made the table very happy and satisfied. Would definitely recommend for brunch.. My only wish would be that they had more vegetarian options. The bloody marys by far made up for that though!",Uptown,Tavern,28.89,4.72,16.3,3,46-55,Prefer not to say,Mixed
anUxMEWoKOnikXFx7ZkWRw,Customer_2261,2011-02-26 02:06:10,⭐⭐⭐,"So my girlfriend and I wanted to have a low key night. We went in around 8pmon a Friday night and the wait to get a table was about an hour. We decided to go to the bar and have a drink while we waited. A spot at the bar came open, so we took that instead. Good thing, because almost 2 hours in, they still wouldn't have called our name? At first I loved the crowd. It was a tad older. It was a nice ""after work"" 30 something crowd. NONE of the local ""socialites"" were there. However as midnight approached, that changed. It turned into the Virago/Whiskey Kitchen crowd. Which I know many people don't go to WK for that very reason. Onto food and drink. I had the Nacho's and my friend had the fried fish. Neither one of us were the least bit impressed with the food. She said her's was very bland and mine was not impressive at all. However she did give props to the spicy ketchup that comes with the fries! As for our drinks. Fancy names and high prices sum it up. I was brave and tried the ""preserves"" drink. I went with Gin and the pinapple and honey preserves .. i think that is what it was. It was very strong. The bartender told me that it would start to taste different with time. Um, no. It tasted like gin with a little jelly. I don't care how ""new york"" and trendy it is suppose to be (that is how it was described to me) it was gross. It was nice. A bigger Whiskey Kitchen is the best way to describe it. I'm sure I'll go back, but I will stick with drinks I know and try to leave before the pretentious crowd arrives. One other note. The manager kept coming over to us numerous times to make sure we were happy. I though that was nice!",Uptown,Tavern,21.98,4.09,18.6,2,,Male,Asian
T7PwIqKUeKW4mMlO_-BnGQ,Customer_9633,2017-03-04 16:52:55,⭐⭐⭐⭐⭐,,Uptown,Tavern,55.03,13.54,24.6,1,,Female,
C3lyvFsXo9ijb2PovX3h7w,Customer_3133,2015-08-08 21:45:53,⭐⭐⭐⭐,"The atmosphere is very clean, modern, and slightly upscale. They offer a brunch and a large selection of drinks. They are very packed for brunch though. Their brunch runs pretty late. I got there around 2pm and they said brunch was ending soon. Their brunch menu items cost around $10 each. Their normal dinner menu gets a little pricier, but you don't have to spend a lot of money here.",Uptown,Tavern,111.84,22.54,20.2,4,26-35,Female,Caucasian
IR4sVMnstCD57coNaQ3mEA,Customer_3874,2018-01-09 23:22:15,⭐⭐⭐⭐⭐,,Uptown,Tavern,26.94,0.0,0.0,3,46-55,Male,Hispanic
M3EPjYaN9PiuclPw9SJeuw,Customer_8615,2015-12-24 20:23:39,⭐⭐⭐⭐,,Uptown,Tavern,54.46,5.05,9.3,3,65+,Prefer not to say,Other
nRMQ3IWh__Vn_aV864ws2w,Customer_2746,2011-03-28 17:18:11,⭐⭐⭐⭐⭐,"I have seen various reviews on Tavern.  Some very negative.  Others slightly positive.  Most complimented the food but nothing spectacular. 

So, this past Friday night a few friends and I got together for dinner and I wanted to try some place new.  I put out a list of 3 new places (new to me anyway) I'd like to try - based upon the Menu.  I listed Red Pony in Franklin, Burger Up and Tavern.  I sent my friends links to the restaurants and ultimately we agreed that Tavern would be the place.  

We arrived at 7:30 and ended up having to wait an hour for a table and they don't take reservations.  That was fine.  We figured about anywhere we went on a Friday night at this point we would encounter a wait of similar length.  So, we waited and ordered a couple cocktails while we waited.  

This is probably the biggest downside of the restaurant.  They don't have a place for you to really wait.  The bar was jam packed and there was no seating up front.  There was seating outside on the patio - but no one was out there because it was raining and cold.  So, we stood inside near the door for an hour.  

When we were finally seated the server asked us if we needed any more drinks and if we wanted any appetizers.

We decided to go with the 'Bazooka"" Guacamole Appetizer.  I pretty much hate Guacamole and never order it anywhere.  I've tried it several times many different places.  Never liked it.  But, this was supposed to be 'different' with some goat cheese and other stuff in it as well.  The presentation of the appetizer was very cool.  They bring it out in a 2-3"" deep round cake pan lined with parchment or wax paper - I don't really remember.  Inside there is a glass jar with one of those hinged glass lids on top and its filled with this guacamole concoction.  They have a few chips out on the pan, however, there is also a small, brown paper bag with the logo of 'Tavern' on it - and it is filled with chips.  We took the small server spoon and each took a dollop of the guacamole and put it on a chip.  Wow!  Absolutely incredible.  I don't know if it qualifies as guacamole or not (I'm sure some purists would say it doesn't) - but whatever it is or whatever you want to call it - it was incredible.  I couldn't get enough.  We were scraping the bottom of the jar trying to get every last ounce of this wonderful, tasty spread.

Moving onto dinner two of us go the Tavern Burger.  This burger is made with Prime Rib and Filet.  2 excellent cuts of meat - ground up and made into a burger.  I had mine with White Cheddar and bacon and was incredible!  Everything was good.  The meat, the bacon, the cheese - even the bun was tasty.  My friend had his plain and loved it as well.  Both burgers were served with fries.  He had the regular fries - I had mine tossed in Parmesan and garlic.  Either way they were good.  Apparently they serve them several different ways.

Another friend got the 'Mama Sans Fried Chicken'.  He was blown away by how much food he got.  He also was surprised at how well the chicken went with the cold noodles he was served as the side.  He said the cold noodles were a good juxtaposition against the hot chicken. 

My other friend got the ""Salad of Little Gems"".  It looked a bit small to me but he claimed to really enjoy it.  As far as salads go it did look great.

The food was all served rather quickly but the pacing of the meal was on point.  The appetizer was served and finished well ahead of the meal making its way from the kitchen.  Too often I feel rushed and sometimes the appetizers and entree arrive within second of each other.  Sometimes even together!  I think the pacing of the meal was excellent.  Also, our server was great and our glasses were never empty.  She made sure we always had plenty to drink.

4 Cocktails, 4 entree's, 1 appetizer = $94 bucks after tax and everything.  So, around 20 bucks a person for a night out.  

So, to review:

Long wait - no place to really sit.  They DO take your phone number and will call you when your table is ready so you can make your way back to the restaurant.

Service was excellent.  Drinks were never empty.  Pacing of meal was great from the appetizer to the main course.

Price was fine.  We could have eaten for less if we didn't get cocktails, appetizers AND the main course.  If we'd just had water and our meal - we would have spent a lot less.  The cocktails were pricy - but pretty stout.  They didn't skimp on the alcohol for sure.

I think it was wonderful and we are already planning our next trip!  I think you should too.",Uptown,Tavern,28.38,5.73,20.2,5,18-25,Non-binary,African American
4b5YwUYv8RByje54vuaGZg,Customer_2868,2017-01-03 04:33:22,⭐⭐⭐⭐⭐,"I decided I wanted to spend my birthday in Nashville, and I was ultimately excited about finding the perfect spot for brunch. I spent tons of time reading through Yelp reviews trying to find the perfect location and finally narrowed it down to the Tavern.

We arrived a few minutes before they opened on a Sunday and were immediately directed to a table. Our waitress recommended the Tavern Tuscan Fries which were good and the portion was huge for two people. I loved the 2-for-1 drinks, and the Bellini Sparkle was my favorite. I ordered the Singapore Stir Fry which was delicious and was recommended by our waitress. 

Tavern definitely met my expectations, and I can't wait to make another visit for lunch or dinner.",Uptown,Tavern,22.68,2.64,11.7,4,,,Other
Xx8RFcIhXCuIYItAUBrrkg,Customer_1128,2018-08-27 01:01:33,⭐⭐⭐⭐,Came here during a recent trip to Nashville. Came here a couple years ago for brunch which was amazing but a super long wait so beware. Didn't realize when I picked this place this time that they also do a 2 for 1 drink special from 2-10pm on Wednesday nights. This is a great deal but makes the night a lot busier. I was with an older group of people so they personally didn't like how much noise was going on in the restaraunt. In terms of food I do feel like it's a little overpriced for what you get. But I will say the mahi-mahi tacos were tasty. I would definitely come back on future trips to Nashville. And if they take reservations I will do that instead.,Uptown,Tavern,109.94,26.76,24.3,1,,Female,African American
8MZmHIPivJvqHyegz4NDuw,Customer_1227,2017-12-30 16:07:30,⭐⭐⭐,"The pork chops were delishous. Yummy burger. Good beer and cocktail selection, nice decor. It was busy when we were there, so a little loud.",Uptown,Tavern,57.53,11.99,20.8,1,36-45,Female,Other
SJg1y9tjPwgOarQTgYmvcw,Customer_1992,2018-05-30 12:41:09,⭐⭐⭐⭐,"Good fun place, appetizers are fun, and different! Place is always full of nice people, good energy. Great for large or small groups. Fun times!",Uptown,Tavern,31.77,3.78,11.9,3,18-25,Male,
tW-rXzNfiK8yhm1BrfsYfg,Customer_1316,2011-03-26 18:55:07,⭐⭐⭐⭐,"Went to Tavern for the first time last night after hearing many of my friends rave about it. Got there at 6 p.m. for a friend's birthday gathering and it was not crowded then. We had a big group and the staff was accommodating about our taking two of the big booths in the bar and spilling out in the aisle. 

The wine list is very modest but I found something that worked. Service was good. Now, I gotta say, the server didn't seem like she loves her job - she didn't look all that happy about serving us, but she was timely and checked back often, so who am I to complain? 

I didn't order food myself, but grazed off my friends' appetizers. The nachos with 'angry chicken' were really, really good. I've never met a nacho I didn't like, but these rank in the top two or three I've ever had. I was suspicious about the guacamole - who puts goat cheese and pistachios in guac? Why gild the lily? But once I picked off the nuts and cheese, the guac was also superlative: had a really nice garlicky kick. 

There wasn't a whole lot on the menu that didn't look appealing, so I am looking forward to going back soon and having a real meal. On the whole, I like it a lot better than its sister, Whiskey Kitchen.",Uptown,Tavern,91.74,0.0,0.0,3,46-55,Female,
wOPYYm4HSA2xfsDanat8wg,Customer_1644,2015-04-03 18:06:30,⭐⭐⭐⭐⭐,,Uptown,Tavern,30.75,5.06,16.5,1,65+,Male,Caucasian
yubBhUMup3st_lEG0smAOQ,Customer_4026,2011-04-28 22:07:32,⭐⭐⭐⭐,"I really must admit, I am a fan of some tavern CUISINE. Lets start with the guacamole.... (which is laced with pistachios and goat cheese mind you) i would say...TO DIE FOR. The fish taco's are SIMPLY divine, and could quite possibly be my very favorite in all of Nashville. the Perogies are delish and add a nice touch to the menu... ( i hale from North Eastern Pennsylvania where this particular dish is a standard and i was not disappointed) The Shishito Peppers are perfect.... The Salads are fresh and refreshing... I can not wait to return and sample some more tasty delights.",Uptown,Tavern,60.44,18.13,30.0,3,46-55,Female,Native American
1qLEWsj1MiQlZlGaoSHoIA,Customer_7172,2014-06-30 11:25:54,⭐⭐⭐⭐⭐,,Uptown,Tavern,11.65,2.29,19.7,2,,Male,
qaUWafjUY5EhoLHZCEvZ2g,Customer_1087,2012-04-03 02:30:04,⭐⭐⭐⭐,My vegan friend had the kale salad and loved it. I had one of the taco options -- pretty good too. Wine list was short but reasonably priced. Service was friendly. Better than many of the other options near campus.,Uptown,Tavern,70.42,6.55,9.3,4,56-65,Male,Other
nqYD4jZI4sI_wBPcI5vu5w,Customer_6326,2015-08-31 22:11:44,⭐⭐⭐⭐⭐,,Uptown,Tavern,37.98,6.76,17.8,1,26-35,Non-binary,Mixed
YBG_ucuXZkpBqHqZNkDMuQ,Customer_4684,2016-07-16 04:47:45,⭐⭐⭐⭐,"A good place. Kind of on the loud side, but a nice place. Fried chicken skins were superior. Rest of food was good and waitress was fairly attentive and kind of tuned in. Not a place to go if you're in a hurry.",Uptown,Tavern,57.81,10.44,18.1,3,65+,Female,
nqYD4jZI4sI_wBPcI5vu5w,Customer_3622,2015-08-31 22:11:44,⭐⭐⭐⭐⭐,"Place was awesome! Went here for my birthday & I had a large party of 12, they included gratuity with the bill. But the waitress was very nice! Good music & environment. I will definitely be coming to this place again!!!",Uptown,Tavern,60.11,12.2,20.3,3,18-25,Prefer not to say,Asian
wexd5fgI5W9-_lt31053Vw,Customer_8032,2014-04-28 12:50:43,⭐⭐⭐⭐,"Dark wood, open warm space and welcoming service. It seems the owners of Tavern have their hand on the pulse of the Vandy area. The patio cushioned banquet seating perfect for people watching. The patio is open and inviting, the interior is spacious and bustling. I had wine, chicken tacos and Yukon truffle chips. I must say the chips were my favorite, perfect for trying all the sauces on the table. They were warm and crispy. The tacos were a bit tough and chewy. I will defiantly be back to conquer that burger! Chow!",Uptown,Tavern,40.26,7.38,18.3,4,,Prefer not to say,Other
8CefMKM_Tj1eDss6s-9d-g,Customer_3812,2017-05-01 17:20:37,⭐⭐⭐⭐⭐,Tavern is a local food hangout with nightly live country music. Our country music singer was from Australia but she has Nashville voice. It shows the love of county music is universal.,Uptown,Tavern,31.94,7.06,22.1,3,26-35,,Native American
8CefMKM_Tj1eDss6s-9d-g,Customer_9015,2017-05-01 17:20:37,⭐⭐⭐⭐⭐,Tavern is a local food hangout with nightly live country music. Our country music singer was from Australia but she has Nashville voice. It shows the love of county music is universal.,Uptown,Tavern,34.54,5.37,15.5,2,65+,,Mixed
6lN8DOJi5bzbpUgI8EOF8A,Customer_9284,2018-07-09 06:59:59,⭐⭐⭐,"Looks, from the street, like it would be good, but it was just okay. Our waitress pretty much forgot about us the entire time we were there. Not sure what that was all about. We tried practicing mindfulness to make the time pass while we were waiting for her to come back out and take our order. My nachos were disappointing--basically felt like a slice of cheese was melted over chips with globs of black beans. The kale salad was a warm mound of wilted kale mixed with parm cheese. My son liked his burger, so that was good.",Uptown,Tavern,51.76,2.4,4.6,2,46-55,Non-binary,Caucasian
1ZKlc5k-elXZP-t6wGxNRA,Customer_6953,2015-10-11 05:26:05,⭐⭐⭐⭐⭐,Great atmosphere. Amazing burgers. The heart of Nashville in food. Would definitely come again and recommend to friends visiting Nashville.,Uptown,Tavern,20.69,5.35,25.8,2,,Male,African American
W-3NiJYQ-vu9ju1Mcqmung,Customer_2692,2016-01-18 20:19:58,⭐⭐⭐⭐⭐,This was our first stop in Nashville. The brunch drinks were 2 for 1 (probably because the average wait time on a sat morning is 2 hours). We waited at the bar and had some of the most delicious brunch cocktails! The white trash hash and red velvet waffle were well worth the 2 hour wait! When in Nashville this is a MUST!,Uptown,Tavern,54.72,11.44,20.9,4,,Female,Caucasian
9tGxCSt6z-ZPeJFxoc_T4A,Customer_7085,2015-12-23 16:23:07,⭐⭐⭐⭐,"I've been here twice now, and the food is always great and the service is decent. The only reason I didn't give 5 stars is because the food takes a while to come out, even when it's not super busy. I've gotten the fish tacos (they are HUGE), burgers, fries (also huge portions), and goat cheese and pistachio guacamole. Like I said, the food is always very good, but if you're coming on a weekend, be prepared for a very long wait. It has a super hip atmosphere and you'll find a lot of twenty-somethings there.",Uptown,Tavern,25.94,4.65,17.9,3,36-45,Female,Caucasian
d8mpKjDavAyepBoEwOHpwg,Customer_1566,2017-01-15 00:19:09,⭐⭐⭐⭐⭐,Short rib tacos ruled! The sweet potato fries were an awesome starter. Our server Lindsay was amazing. Kept our glasses full the whole time and checked up on us constantly! Good vibe and they had the game on which in the playoffs is always a good thing! I'd go back again! Maybe take mom and dad to this joint!,Uptown,Tavern,39.11,4.3,11.0,1,26-35,Female,Mixed
PM2iL0rvQqDuvFjtJzx_WA,Customer_5051,2017-05-01 21:31:55,⭐⭐⭐⭐,,Uptown,Tavern,41.96,7.81,18.6,5,18-25,Female,Asian
nU3yXbOMYoOcEipiQSoFOw,Customer_7131,2017-06-18 01:14:59,⭐⭐⭐⭐,Ordered to go through Uber Eats. Great burger and fries. A little pricey but the to go containers made it worth it. 4 stars only bc it was a little cold by time it got to my house. Will order again soon.,Uptown,Tavern,42.63,14.92,35.0,3,36-45,Male,Hispanic
xe5QQ8zC45aqjUWoHshDlA,Customer_6531,2012-06-01 23:40:31,⭐⭐⭐⭐⭐,"This place is awesome!  We stumbled upon it after checking into our hotel...we wanted to walk around after being in the car for 9 hours and we were starving.  We got a table outside, it was loud, but what do you expect on a Friday night in early summer?
The food was great....I got the Nuevo Israeli bread salad and my husband got the turkey blt (with sweet potato chips (YUMMMM)--both fantastic.  
They have an extensive drink/beer list and the staff is knowledgeable about the beer they serve and didn't steer my husband wrong.  
Would recommend trying this place out if you haven't already.",Uptown,Tavern,78.47,18.9,24.1,2,,Male,Asian
zxkTGMwdebvHgkgA-fd-XQ,Customer_9262,2013-03-23 15:11:43,⭐⭐⭐,,Uptown,Tavern,57.21,9.74,17.0,5,,,Native American
WeEwR5kv59drLBgdMIAWvA,Customer_3166,2017-06-30 23:32:16,⭐⭐⭐⭐,"I've never been to an M Street restaraunt before, for those of you who are not familiar with M Street they are the zany people who bring us restaraunt concepts such as Kayne Prime (on my bucket list,) Virago and Moto (also on my bucket list.) So on Wednesday night we visited Tavern, which is self-described as ""a pub for chefs."" Valet parking at this location is a must and they were prompt and efficient. There was plenty of porch seating available as well as being used - Nashvillians do love their porches. The inside of the restaraunt had a rustic feel and it seemed as though the bar top was inhabited by business class regulars. That having been said I could easily picture the bar at 12 midnight being inhabited by waitrons and people with checkered pants, it would be a great place to have some concept drinks and small plates after a busy restaraunt shift. I ordered the Korean short rib tacos - I definitely got the red pepper forward taste as well as the cool of the cucumber and cilantro. I would order it again. Delivery time was about 13 minutes, a good ticket time. It's very evident that these people are ""on their game,"" I will be returning to try other items on their menu. And one day I will visit Kayne Prime, I might splurge for that on my father's birthday. Visit Tavern, have fun!",Uptown,Tavern,93.92,2.87,3.1,4,56-65,Male,Mixed
fJWUhhqbqbEdnLaKpKoOZg,Customer_4776,2018-03-05 21:20:43,⭐⭐⭐,"Went here for a Saturday morning brunch and it wasn't that bad! 

Cons: the wait is crazy long (over an hour), the lighting is a bit dark, the music and atmosphere is crazy loud so prepare to scream your conversations, the drinks (specifically the mimosa) wasn't that strong and the food was good but average.

Pros: It's a nice trendy spot with fun music that you'll want to sing along to (especially after drinks). The staff was very attentive and friendly! And the prices aren't that bad (for downtown).

All in all it was a nice experience, but don't think I'll be in a hurry to go back.",Uptown,Tavern,26.09,4.98,19.1,2,,Non-binary,Native American
OTyZuYfiZX7Db0kW9rz-Sg,Customer_1942,2017-03-06 17:57:03,⭐⭐⭐,"Tavern is probably one of the better brunch places in Nashville IF (and only if) you go with friends. This is not the place to go for a brunch date or to go with any person that you actually want to have a conversation with.

Both times that my wife and I have gone (once by ourselves, and the other time with some friends) the music has been extremely loud - like to the point where we have been yelling just to hear each other. Not kidding. Look, I like my music loud... and their playlist was actually on point (late 90's/early 2000's hits)... but going out to eat is a social experience. Part of sharing a meal is enjoying the company of the people you're with. Don't blast music in my face and force me to lean in just to hear what the person next to me is saying. C'mon. 

On to the food! It's GREAT. I highly recommend the Benedict Uno - a short rib benedict topped with tabasco-infused hollandaise. Wow. So much amazing flavor in every bite. I savored it right down to the end. I also recommend the maple fondue if you're with a group. It's a fun dish to share and has assorted fruits and some french toast and sausage... all to be dipped in a delicious warm maple syrup mixture. Can't go wrong. Also, don't sleep on the 2-for-1 libations. The blood orange mimosa and the red sangria are my favorites (although the last time I went, I just doubled up on the sangria... easily my favorite).

This place deserves respect for the quality of food they put out and their decent pricing (average about $12-$15 per entree). The only things that keep this from being a 4-star review are the noise level, the lack of parking (bring cash because you will need to use the valet), and the fact that you will undoubtedly have a wait. When we went with our friends, we got their 10 minutes after they opened and were told there was a 20-30 minute wait. We ended up actually waiting almost an hour. Not really a complaint, since you have to factor in a wait at popular places... but still. Just a warning - you will have a wait.

Give this place a shot if you like good food for brunch, just go in knowing that there are some pitfalls with this place.",Uptown,Tavern,85.72,17.59,20.5,4,36-45,,Other
kAIukFS_Y89PbmQ7Qh-FTw,Customer_3193,2016-09-30 23:50:10,⭐⭐⭐⭐,"Lots of good options in this area and the tavern is definitely one of them.  I came here for drinks one night and lunch during the day.   A bit of a wait for dinner so make sure you get a reservation if you can.

We got an appetizer - buffalo cauliflower.  It's slightly breaded and engulfed in buffalo sauce.  Good taste, but would've preferred to have it a bit crispier.  

Ordered the burger - cooked medium, lettuce, tomato, American (cheese is extra).  The fries were okay - comes in a little fryer basket.  The burger had a good sear on the outside and properly seasoned with salt.  

Good spot for food and drinks.",Uptown,Tavern,44.23,0.0,0.0,4,26-35,Female,
FV1jBl_-mID3BG0ZWkc5Pw,Customer_7089,2016-02-14 15:33:54,⭐⭐⭐⭐⭐,"Amazing bloody Mary's! We went there yesterday and their ""brunch"" was between 10-3 and consisted of 2 for 1 bloody Mary's. The place was packed and had to sit outside. Would recomand they actually turn the heat lamps on when it's 35 degrees out! Get here early to get a seat! We didn't try the food but the menu looked great.",Uptown,Tavern,44.22,6.83,15.4,3,18-25,Male,Other
FV1jBl_-mID3BG0ZWkc5Pw,Customer_5394,2016-02-14 15:33:54,⭐⭐⭐⭐⭐,"Amazing bloody Mary's! We went there yesterday and their ""brunch"" was between 10-3 and consisted of 2 for 1 bloody Mary's. The place was packed and had to sit outside. Would recommend they actually turn the heat lamps on when it's 35 degrees out! Get here early to get a seat! We didn't try the food but the menu looked great.",Uptown,Tavern,48.72,11.59,23.8,2,56-65,Female,
AujPDhPrIDBIbO7lcHkQnQ,Customer_2602,2018-09-25 20:39:34,⭐⭐,Truly not worth the wait. I've tried a couple dishes and nothing has been great- wouldn't really recommend. Almost everything I have tried has either been too dry or too salty. The ambiance is nice but it's pretty slow. The only good food item is their fries.,Uptown,Tavern,25.31,3.33,13.2,2,26-35,Prefer not to say,
HKIrimFcdewa5Dxu7E-o_g,Customer_8890,2018-02-15 17:25:39,⭐⭐,"Was in Nashville this past weekend with some friends. Decided to try this place as it was close to where we were staying. The place is very quaint on the inside. Dark lighting, the type of spot that could suffice a first date, a work event or a family get together. My friend and I showed up around 3pm and strangely there was a ten minute wait (Which is weird, because it's that awkward time in between lunch and dinner, but whatever.) Our server is super friendly and attentive. I order the pan seared tuna with a side of the sweet potato fries with jalapeno ketchup. My friend orders the tavern burger. Our food comes. I take a bite of my tuna and it appears raw, almost entirely uncooked. I try again and can't bare it. The waiter has no problem swapping my order for the salmon which is very kind of him. My friend appears to enjoy the burger. The fries are fine-- not seven dollar side worthy fine, but decent enough. The jalapeno ketchup tastes like regular ketchup. The salmon doesn't particularly taste like fish (almost like an overly marinated chicken, which wouldn't be a bad thing if it wasn't brought under the guise of fish) but I run through it because I'm starved. We pay and the meal for me was at its best below average. Especially for the cost. Naturally the evening/early morning hits and I've got all types of food poisoning and stomach bug type issues (diarrhea, nauseous, headache, puking.) This was Monday morning/ Sunday evening. It's now Thursday and I'm still ill. Not quite sure how these people are cleaning their meats, but I won't be back anytime soon. Nice, attentive staff and sweet vibe. Food was awful.",Uptown,Tavern,38.97,7.49,19.2,2,65+,Prefer not to say,African American
F69sWS_z1OVNltCenrBSow,Customer_5490,2014-11-30 02:40:26,⭐⭐⭐⭐,,Uptown,Tavern,75.98,2.84,3.7,4,26-35,,Other
sdC3uA0KMPDtY20nkpcBOA,Customer_7975,2014-05-26 23:04:47,⭐⭐⭐⭐⭐,"I am now obsessed with Tavern. I'm from out of town and was just in for the weekend, but it was the best meal I have had in awhile (the smoked salmon Benedict w the hash). The hash was unreal! Everyone loved their meals, as well as the great drink specials (buy one get one). The sangria was great on a Saturday morning patio and our server Melissa was so so sweet! Amazing service plus an amazing personality and delicious food. I wish I lived in Nashville so I could eat here weekly. Enjoy it! Cheers!",Uptown,Tavern,92.04,15.37,16.7,3,,Female,Caucasian
pdhzV2NxQqbFUb9GCfxZ6Q,Customer_9733,2014-05-27 00:13:47,⭐⭐⭐,"I don't get it. 4 and 5-start reviews abound, and the weekend brunch line is absurd, but I'd have to describe my experience at Tavern as ""just okay.""

I went here on a Sunday morning ambigudate a month ago. We managed to get bar seating after waiting about 10 minutes, which seemed pretty good compared to the lengthy wait for a real table. The place was bustling, but we didn't have to wait too long to get in our drink orders. That said, while I love deals--and 2-for-1 mimosas and the like qualify--I wasn't bowled over. It tasted like a cheap cava and was heavy on the orange juice.

I ordered a burger while my dining companion decided to go with the traditional brunch. My burger was decent but not mouthwateringly amazing, which makes it a far cry from many of the reviews claiming this to be the ""best burger in Nashville."" Similarly, despite the attempts to make the brunch fare a bit fancier, I wasn't bowled over by any of the flavors.

While the prices aren't crazy expensive, they aren't cheap either. Overall I'd describe Tavern as ""fine."" I'd have no qualms about returning, but the foodie within me doesn't get the hype. 

Nashville, just because something is dressed up to look fancy and act fancy doesn't mean it's *actually* fancy.",Uptown,Tavern,16.27,5.7,35.0,3,,Female,Native American
6lN8DOJi5bzbpUgI8EOF8A,Customer_2734,2018-07-09 06:59:59,⭐⭐⭐,"Looks, from the street, like it would be good, but it was just okay. Our waitress pretty much forgot about us the entire time we were there. Not sure what that was all about. We tried practicing mindfulness to make the time pass while we were waiting for her to come back out and take our order. My nachos were disappointing--basically felt like a slice of cheese was melted over chips with globs of black beans. The kale salad was a warm mound of wilted kale mixed with parm cheese. My son liked his burger, so that was good.",Uptown,Tavern,24.18,2.13,8.8,2,65+,Female,Mixed
QCb9Wgt7bCB0GDTNaght9w,Customer_5438,2014-11-01 01:58:16,⭐⭐⭐,"The kale salad is excellent. The rest of the food was ok. Far too expensive I'd you ask me for the sports bar type atmosphere, mediocre food and almost bad cocktail. The waitress come by and asked us if we liked the food about 14 times in our hour dinner and took our plates away the second we finished it which I thought was way too aggressive.",Uptown,Tavern,87.42,17.49,20.0,2,,Female,Hispanic
vxAklG5OXmvu02ymR7BQFg,Customer_9477,2015-12-09 02:26:42,⭐⭐⭐⭐⭐,"Great vegetarian options (I got the Buffalo cauliflower - amazing), healthy options (chopped kale salad with almonds and dried blueberries with light dressing), as well as favorites like tacos, nachos, fried chicken and burgers. Lots of tvs but also more secluded tables. Would definately come back!",Uptown,Tavern,21.77,2.51,11.6,3,46-55,,
no9ZhPLnxlhx6GKk3s5AHA,Customer_5117,2015-12-22 21:37:23,⭐⭐⭐⭐⭐,"I could eat the blue cheese fondue on almost anything. I bet liver would taste good in that fondue. Fortunately I had some really good buffalo cauliflower to go along with and I hasten to say it was a top 5 all time appetizer ever.People rave about the fries and they were good but not the best I have had. The Tavern burger on the other-hand may be the best burger I have ever had. Made from ground rib-eye and filet makes me believe God made the burger lol The lobster sliders were really good but 22 bucks not that good. The mushroom soup had to be made by Angels it was amazing. Its a little pricey but you definitely get what you pay for, for the most part. As a whole it may be the best lunch ever. I give very few 5 stars on average and this was well earned. The place is nice and cozy and the staff were great. It was a religious experince involving food.",Uptown,Tavern,46.33,7.3,15.8,2,26-35,Male,Asian
cmj6O_RNSfB12stpPjzrlw,Customer_5167,2012-12-04 16:30:57,⭐⭐⭐⭐,,Uptown,Tavern,62.34,8.7,14.0,3,65+,Non-binary,Hispanic
c1Qc9UTyo9RUbFzciaDpkQ,Customer_1121,2013-01-03 19:02:51,⭐⭐⭐⭐⭐,"I love Tavern. They have exceptional cocktails, killer food, and an ambiance that can't be beat! I foresee many a dollar of mine being spent here....

It gets VERY busy, and on Sunday when I stopped in with a friend it was no exception. Luckily, there were two seats at the bar, so we snagged them and sat down. After drooling over another customer's plate of mussels, I decided I had to get them. White wine with bacon, leeks, and a piece of ""dippy"" bread? Um score. My friend had the chicken chimichanga, and it was cheesy but still full of flavor and amazing! 

But let's talk cocktails, something that really gets my engine running and Tavern hit the mark.

The red sangria was pre-mixed and topped off with some bubbly. It was a good sangria, but not over the top good. However, my balsamic martini with stoli, strawberry puree, and a splash of balsamic syrup?? Creative and delicious! I will be ordering the drink again and again! The bellini sparkle was not in a tiny champagne flute, it was in a tumbler and was refreshing. My friend couldn't stop ordering the cucumber, apple, and elderflower cocktail. Be warned, it is very strong! 

I was worried our service would be poor because they only had 2 bartenders for the entire bar, but it wasn't. They were attentive and sure to check up on us and get our orders in. They also have some incredible outdoor seating areas, and enjoying a cocktail on a nice day here is heaven. 

Thanks for the good times Tavern, I can't wait to see you again!",Uptown,Tavern,49.43,11.17,22.6,3,56-65,Prefer not to say,
T9notipZzakxsGqZNrR2Fg,Customer_7262,2017-04-30 16:40:19,⭐⭐⭐⭐⭐,"First and foremost, this place is worth the wait. If you are planning to eat here, and didn't come before opening, expect at least a 20-30 minute wait if you're lucky. We got here right when the doors opened and only had to wait 20 minutes to get seated. The food is everything it's hyped up to be, and the service was really great. So, as said earlier, this place is worth the wait.",Uptown,Tavern,63.45,7.53,11.9,4,26-35,Female,Asian
1ToRn-wblsRCTJj3rIFxHg,Customer_8045,2013-10-04 22:56:26,⭐⭐⭐⭐,,Uptown,Tavern,134.96,24.28,18.0,5,36-45,,Caucasian
NLVQbI5tUFqnFNz5ghSUjg,Customer_9894,2015-08-20 12:32:09,⭐⭐⭐⭐⭐,Service and food was excellent!! Personal favorite is the beef short rib tacos washed down with a gluten-free beer.,Uptown,Tavern,60.77,14.25,23.4,2,46-55,Non-binary,Caucasian
clSTQLuLu11UhwSPKEtToA,Customer_6464,2018-05-11 21:48:59,⭐⭐⭐⭐⭐,,Uptown,Tavern,146.84,26.88,18.3,2,,Non-binary,Asian
9tGxCSt6z-ZPeJFxoc_T4A,Customer_9871,2015-12-23 16:23:07,⭐⭐⭐⭐,,Uptown,Tavern,19.99,3.96,19.8,2,,Non-binary,Other
ve34O0LAyheEh4Txtq5VYQ,Customer_8828,2013-10-31 16:35:09,⭐⭐⭐⭐,,Uptown,Tavern,44.13,5.54,12.5,1,,Female,Caucasian
B7oJ823S4CSlHydsgeTdng,Customer_5360,2014-04-21 20:18:30,⭐,,Uptown,Tavern,41.91,8.33,19.9,4,26-35,,African American
14JPuG_IyWeP-DQGrpNdng,Customer_6224,2015-04-18 18:36:57,⭐⭐⭐⭐,Great place to watch sports and try the good food selection. Brunch is great on the weekend and have something special always. Just get ready for the line so my ght as well get a spot on the bar or wait forever.,Uptown,Tavern,93.17,17.85,19.2,2,18-25,,Other
fAZ3e6jOEseEBYJOn8m8zw,Customer_4007,2017-08-10 23:37:18,⭐⭐⭐⭐,Was not too much a fan of some of the food. The Lamb was not lamb have no clue why it was. However the staff is very nice and the drinks were great.,Uptown,Tavern,25.51,4.09,16.0,1,18-25,Male,African American
YtUt2x2ZuHB-nesS9jZNxQ,Customer_7647,2014-08-12 04:36:29,⭐⭐⭐⭐,"Great place. Good food. Good prices, $30 for 2 people.  Good service. Too loud on the inside but perfect for sitting outside. Try the pretzel sandwich with fries.",Uptown,Tavern,30.74,5.11,16.6,3,36-45,Prefer not to say,African American
kc6jSWjXzJGbo--F7ce9yw,Customer_3953,2016-06-26 20:18:19,⭐⭐⭐⭐⭐,"Fantastic brunch, bloody Mary's and blood orange mimosas were superb. The Red Velvet waffles, cheddar cheese, chorizo and gravy biscuits were great too and you must try the huevos rancheros, they will not disappoint. The service was also great.",Uptown,Tavern,37.98,6.08,16.0,3,18-25,Female,African American
8CefMKM_Tj1eDss6s-9d-g,Customer_5709,2017-05-01 17:20:37,⭐⭐⭐⭐⭐,Tavern is a local food hangout with nightly live country music. Our country music singer was from Australia but she has Nashville voice. It shows the love of county music is universal.,Uptown,Tavern,44.08,4.45,10.1,2,26-35,,Caucasian
eX9N0rLvcfgrOo34hvDQRQ,Customer_7840,2014-02-12 21:35:12,⭐⭐⭐⭐,,Uptown,Tavern,33.48,4.39,13.1,2,,Prefer not to say,Caucasian
EFEcTZKyxFLfG6R2w6UIvw,Customer_5297,2012-08-18 03:44:10,⭐⭐⭐⭐,"I've been to Tavern a variety of times since it opened and have had a lot of fun trying their dishes.  Really delish food and great atmosphere.

For brunch, my favorite would be the Singapore Stir Fry - yum!!  I also love their brunch drinks - my two favs are the Bellini Sparkle and the Blood Orange Mimosa

Lunch/Dinner: The Bucket of Mussels, Mahi Sandwich, and the Tuscan Kale & Parmesan Salad

Dessert: hands down the S'mores - had some out of town guests in recently and took them just for s'mores and drinks late night, and it was such a blast - I felt like a kid roasting marshmellows all over again but in a much classier manner :)

Late night weekends is also really fun at Tavern with the music, but definitely hard to hold a conversation with anyone if you are eating during that time.",Uptown,Tavern,110.6,38.71,35.0,3,,Male,Mixed
i4XsL5ShtxUB_BjGxBExZw,Customer_1307,2016-09-30 23:54:44,⭐⭐⭐,"We stumbled onto this resturant after seeing the very long line at Hattie B's. The atmosphere seemed really nice and the wait for a table much more manageable-only 10 minutes. The menu choices were appealing and we put in an order for two burgers, fries, a fish sandwich and trail salad. Then we waited, and waited and waited some more. Fifty minutes later our food still did not arrive with no real explanation (or apology) from our server. The manager was pleasant and after she was alerted our food did arrive. The burgers were tasty as were the Belgian fries. The trail mix salad had too many dried cranberries for my liking making it much too sweet. I think with a different server the experience may have been more positive, but with so many great restaurants in Nashville I won't be going back to find out.",Uptown,Tavern,78.24,14.87,19.0,1,56-65,Male,Caucasian
mr3pVSBaVYi17pJViaJS0Q,Customer_2382,2013-07-13 02:08:45,⭐⭐⭐⭐,,Uptown,Tavern,62.56,14.65,23.4,1,26-35,Non-binary,Asian
1L6BIUf532tCKoF4FZODDQ,Customer_3626,2014-04-22 02:07:26,⭐⭐⭐⭐⭐,"If you think you are walking into a typical bar menu .... think again! Wonderful, original recipes. I had a kale salad, guacamole and chicken wings. All awesome with non conventional ingredients (finally chopped kale with parmesan cheese, nuts, lemon). Guacamole with pistachio nuts and goat cheese! Who would have thought!! Really good!",Uptown,Tavern,34.26,9.28,27.1,5,46-55,Male,Hispanic
D3nia5r9M1UMtQbthNRxVA,Customer_4640,2011-05-30 15:37:35,⭐⭐⭐⭐,,Uptown,Tavern,54.34,7.21,13.3,2,18-25,Male,Other
kgnwwMBg1O0Y9Ty951_Lig,Customer_9665,2017-12-16 15:29:13,⭐⭐⭐⭐,,Uptown,Tavern,42.56,8.3,19.5,6,46-55,Male,Mixed
m3rZ0UhIOrYqLREDtuNOzg,Customer_7848,2015-08-31 04:54:53,⭐⭐⭐,"3 stars for food and a 1/2 star for ambience/drink specials. Went here with a bunch of friends on a Wednesday night. The place was busy! They said our wait was about 30 min so we decided to go to the bar. 2 for 1 drink special!! Excellent! The drinks were pretty big and strong so it was a great deal. I got the tequila drink with blackberry and agave juice (can't remember the name). It was good!! We sat on the outdoor patio with our drinks while we waited for our name...it was perfect! 

The food was mehhh...I had the lamb tacos which were just ok. I felt like they needed to be more exciting...there was barely anything on them. I ordered 3 because I was pretty hungry, and it was the perfect size. My friend who got the burger loved it, so maybe I just had to order something else. Who knows. Overall I was underwhelmed. I have to eat gluten free (Celiac), and they did have a gluten free menu. It wasn't huge but enough options. However, they did have fried things on the gf menu that are NOT GF!! This is a huge pet peeve of mine...why put it on the gluten free menu if it's not?! So annoying. I would go back to this place for drinks only.",Uptown,Tavern,39.18,8.0,20.4,4,18-25,Prefer not to say,Other
T7PwIqKUeKW4mMlO_-BnGQ,Customer_7404,2017-03-04 16:52:55,⭐⭐⭐⭐⭐,,Uptown,Tavern,69.32,3.09,4.5,2,65+,,Mixed
sdC3uA0KMPDtY20nkpcBOA,Customer_4739,2014-05-26 23:04:47,⭐⭐⭐⭐⭐,"I am now obsessed with Tavern. I'm from out of town and was just in for the weekend, but it was the best meal I have had in awhile (the smoked salmon Benedict w the hash). The hash was unreal! Everyone loved their meals, as well as the great drink specials (buy one get one). The sangria was great on a Saturday morning patio and our server Melissa was so so sweet! Amazing service plus an amazing personality and delicious food. I wish I lived in Nashville so I could eat here weekly. Enjoy it! Cheers!",Uptown,Tavern,35.98,3.37,9.4,2,26-35,Non-binary,Other
SlRO6VnhpqQFWMKC-ZC3Pw,Customer_3402,2016-03-19 12:20:43,⭐⭐⭐⭐,"5/5 drinks. 
5/5 food. The burger was so delicious, I'm glad I went with our server's direction. The Tuscan fries were an interesting side and the parmesan and red pepper was a great way to make it unique. 
3/5 the wait. You can get drinks at the bar while you wait, which helps soften the wait time, but be prepared to wait multiple hours on a popular night especially if you come at peak times with a group of people. 
5/5 service.",Uptown,Tavern,54.57,11.74,21.5,1,65+,Male,Asian
F0QILcuyjSrTAP_PxLlWCg,Customer_4247,2012-07-16 15:44:10,⭐⭐⭐⭐⭐,,Uptown,Tavern,86.85,21.21,24.4,6,18-25,Male,Native American
8MZmHIPivJvqHyegz4NDuw,Customer_4277,2017-12-30 16:07:30,⭐⭐⭐,"The pork chops were delicous. Yummy burger. Good beer and cocktail selection, nice decor. It was busy when we were there, so a little loud.",Uptown,Tavern,71.86,15.73,21.9,1,46-55,Non-binary,Native American
vSbBX6vSSB0ozgmfkfO3Hg,Customer_5713,2018-02-02 00:41:35,⭐⭐⭐⭐,,Uptown,Tavern,20.49,3.77,18.4,2,65+,Female,
pGi6yIxsOorhHhNmPZyotg,Customer_7362,2018-06-19 22:36:37,⭐⭐⭐⭐⭐,Food and service was great! Try the BLT and the egg rolls! The drinks are so good as well.,Uptown,Tavern,38.44,7.43,19.3,2,46-55,Prefer not to say,Caucasian
F7J9_AaIhHaf9vYenxuO3g,Customer_5112,2017-12-16 00:36:24,⭐⭐⭐⭐,Great spot to come to if your in Nashville. The have one the best drink deals you can find on thursdays and Saturday's and Sunday's. Food is okay.,Uptown,Tavern,24.08,4.59,19.1,2,26-35,,Caucasian
9chZYiGTTrkRaHZQxg__FA,Customer_8021,2016-10-02 03:21:25,⭐,,Uptown,Tavern,18.71,2.72,14.5,2,46-55,Non-binary,Mixed
MHkuq7PaK-xUYlYNDuwqDA,Customer_1323,2018-03-06 03:45:51,⭐⭐⭐⭐,Tavern is a great place to grab a late night bite. The menu has a lot of variety. I really enjoy the kale salad and all their fries. The s'mores dessert is also really fun and unique! Definitely worth checking out if you're in midtown Nashville.,Uptown,Tavern,66.28,23.2,35.0,2,56-65,,Asian
vY06Ye_udeTHL6rfnSZfCw,Customer_1674,2018-03-16 02:38:20,⭐⭐,"Terrible wait (unnecessary), average service, above average prices, and excruciating wait for food. Find someplace else. There's lots to choose from.",Uptown,Tavern,49.22,10.14,20.6,3,36-45,,Asian
uWTEzKQTi_oI8-D8Fk07PQ,Customer_5379,2018-07-08 05:00:47,⭐⭐,Waited 1.5 hours in the bar next door to eat at this overhyped egg factory. Not worth it what so ever. Go to Hattie bs or princes and skip it.,Uptown,Tavern,26.23,3.26,12.4,2,46-55,Female,Asian
1ZKlc5k-elXZP-t6wGxNRA,Customer_6492,2015-10-11 05:26:05,⭐⭐⭐⭐⭐,Great atmosphere. Amazing burgers. The heart of Nashville in food. Would definitely come again and recommend to friends visiting Nashville.,Uptown,Tavern,80.51,19.29,24.0,2,56-65,Prefer not to say,Native American
d8mpKjDavAyepBoEwOHpwg,Customer_1176,2017-01-15 00:19:09,⭐⭐⭐⭐⭐,Short rib tacos ruled! The sweet potato fries were an awesome starter. Our server Lindsay was amazing. Kept our glasses full the whole time and checked up on us constantly! Good vibe and they had the game on which in the playoffs is always a good thing! I'd go back again! Maybe take mom and dad to this joint!,Uptown,Tavern,41.81,5.1,12.2,2,,Non-binary,Mixed
0BDU3JP1pp6kK_nKyJvfVg,Customer_7201,2014-11-14 17:05:22,⭐⭐⭐⭐,,Uptown,Tavern,39.6,6.31,15.9,2,26-35,Prefer not to say,Caucasian
S1lv3xiwjmltqRXv0rU51Q,Customer_4241,2012-07-19 13:56:38,⭐⭐⭐⭐,Got the turkey blt. Excellent! Service was a little slow but we weren't in a rush.,Uptown,Tavern,45.73,9.8,21.4,3,65+,Non-binary,Hispanic
BTVRwQ4qi-9P83MSOtsMEg,Customer_1052,2017-10-15 11:34:25,⭐⭐⭐⭐,Solid brunch spot! Got there at peak time and the wait was less than what they thought. In the interim we sat on the padded benches outside. The place was packed but they seemed to turn it over and get people in and out quick. The bazooka guacamole was very good but the star of the show was the chorizo gravy on the biscuits. The spicy chicken sausage is aptly named as it packs a punch. I love hot food so it was perfect for me. My fiancé said it was at the limit of her spice scale so normal people may find it too much. She has the pretzel pancakes which are pancakes with pretzels on top covered in syrup. It wasn't what we expected but was good. Something about biting into a pretzel and it not having any crunch doesn't feel right but that may just be us. The girl with us had the pain Perdu and couldn't finish it but said it was good. We will for sure make our way back here as we each tried to decide between 3 different dishes so I look forward to having tried them all.,Uptown,Tavern,76.83,19.34,25.2,2,26-35,,Mixed
kVPUow1BON0KfPzndxW57w,Customer_5389,2018-07-09 00:09:28,⭐⭐⭐⭐⭐,I literally had the best grilled salmon of my life here! This place is amazing. The food is extremely good. My husband had chimichanga and he is also very happy  with his food. The service was great too. I can't recommend this place more!,Uptown,Tavern,51.89,7.18,13.8,4,46-55,Non-binary,Asian
JEznrmADZ6HgxUwggBW0Ww,Customer_1262,2018-05-20 13:15:26,⭐⭐⭐,"Let's start off with positives, on a Saturday night around 8pm we didn't have a wait and the restaurant looked very nice an upscale sports bar basically. The service was good and the server was very attentive until the end when we wanted our check.

I ordered the fish tacos. The tacos were extremely small and did not have a lot of fish or anything else. We ordered the buffalo cauliflower which was very good. We also ordered the chicken skewers which tasted average but once again a smaller portion. Somebody else at the table ordered the Tavern burger which looked really good (even though they forgot the bacon), she said it was delicious.",Uptown,Tavern,36.8,8.55,23.2,3,18-25,,Asian
vdk9BIqgbcQDkWQPwbBoMA,Customer_7726,2015-05-31 20:05:57,⭐⭐⭐,"Cute restaurant and great location. Service was poor. Waitress took 15 minutes to greet us and get our drink orders. Would have been okay, but she had slight attitude the rest of the night and made us seem more like a burden. Food was good. Not great, but good! Also, it was uncomfortably chilly, so bring a jacket.",Uptown,Tavern,43.21,10.01,23.2,3,36-45,Female,
eX9N0rLvcfgrOo34hvDQRQ,Customer_5291,2014-02-12 21:35:12,⭐⭐⭐⭐,The kale salad is life changing. This restaurant is a bit pricey but it's such a good go-to spot that I can't really complain. I haven't had the brunch but I've heard it's delish. The sweet potato fries are good too but share them!,Uptown,Tavern,60.5,11.9,19.7,4,46-55,Male,Other
ixQL38jMU5o0l45m13PWSA,Customer_2349,2015-10-17 19:51:53,⭐⭐,,Uptown,Tavern,12.94,1.44,11.1,1,46-55,Non-binary,Other
ii395UGz-QQyvcCNCJCDIg,Customer_8657,2015-03-18 20:14:03,⭐⭐⭐⭐⭐,"Oh hell yeah!!  Came in for a simple burger and fries.  

Great food! Even better service!  

Will definitely be a stop on any trip to Nashville.

Make sure you try the Tuscany fries!",Uptown,Tavern,20.62,2.63,12.8,2,46-55,Female,Other
ve34O0LAyheEh4Txtq5VYQ,Customer_2100,2013-10-31 16:35:09,⭐⭐⭐⭐,"Went to Tavern for brunch on Saturday morning and fell in love! We got there a few minutes before 10, when they open, and were seated right away. This is definitely the way to do it, because 30 minutes later, there was already a long wait. I ordered the Singapore Stir-Fry ($9.50) and was totally happy with it. Rice stir-fried with bacon and green onion, with a perfectly cooked over-easy egg. My only complaint was that it was a little bit on the salty side, likely due to the stir-fry sauce combined with the bacon. But if you're okay with salty food, I would definitely recommend it! I cannot wait to go back to Tavern and try other brunch menu items because everything on the menu sounded so delicious and creative!",Uptown,Tavern,109.8,17.18,15.7,3,36-45,Male,Mixed
NixE0NEmzbOF81uRQIUkag,Customer_1549,2015-04-05 03:26:58,⭐⭐⭐⭐⭐,,Uptown,Tavern,49.61,0.0,0.0,4,46-55,Prefer not to say,African American
fwQV8AisKOza40TYkGQS3w,Customer_9470,2015-09-03 00:28:46,⭐⭐⭐⭐⭐,"Just stopped in for drinks. Staff was great, never felt rushed. Food passing by smelt and looked awesome. May be coming back tomorrow.",Uptown,Tavern,37.19,7.4,19.9,4,18-25,Prefer not to say,Other
ea73hriHkIawR9OLYQB-Zg,Customer_6952,2013-02-22 17:10:23,⭐⭐⭐⭐,"Good: The food was fantastic. We had a large group (10+) and came here for brunch (and drinks, natch). I had the eggs benedict with short ribs, and loved it. From what I can tell, the rest of the group all enjoyed their dishes as well, from the fried rice breakfast dish to the nachos to the AMAZING peanut butter pancakes. As a starter/side, do not under any circumstances pass up on the ""white trash hash"" - hasbrowns with white cheddar cheese. YUM.

Bad: The wait was ludicrous. Yes, it was a Saturday, and yes, we had a large group, but Christ Almighty. We waited at the bar (standing room only) for over two hours before being seated. Even if we had split into smaller groups, without a reservation, the wait time would've still been close to an hour and a half. Yikes.",Uptown,Tavern,67.53,13.28,19.7,2,46-55,Male,Mixed
G_hGOr7cjzHnwHHKPEvtcA,Customer_4733,2013-04-13 05:19:34,⭐⭐⭐⭐,,Uptown,Tavern,67.96,12.51,18.4,4,46-55,Non-binary,Other
n0_nlhJ1PPvg6TqSWruC4Q,Customer_8209,2018-03-07 01:46:46,⭐⭐⭐⭐⭐,"Absolutely awesome menu, the beer selection was fantastic and most importantly, Emily did a fantastic job taking care of us. I had the pork chop and loved it! Others at the table had the chimichanga, the Son of a Brown Bag and the Loco, all very well reviewed. Highly reccomend this place that's in a great area of town.",Uptown,Tavern,19.13,3.07,16.0,2,18-25,Prefer not to say,
Z_3i08PB4aHIoyJL_HEfHg,Customer_2970,2017-05-02 00:56:49,⭐⭐⭐⭐⭐,,Uptown,Tavern,21.13,2.96,14.0,2,26-35,Female,African American
HE-3yMTdwlrXxcw-JJXgRw,Customer_8788,2018-03-18 22:14:11,⭐⭐⭐⭐,"I waited a couple days before rating to try to be fair. This place was recommended and hyped separately to me and my husband in transit and upon arrival to Nashville. We expected a lot. 
The service was great. We sat at the bar, both bartenders and food service were polite and attentive. Drink selection and quality and price seemed good. The food is another story. It is over priced and over hyped by reviewers.
My husband had the OZ pot pie. Even with a healthy dose of the curry sauce, it was dry. And plain, could barely taste the curry. I had korean short rib tacos. Nothing korean about them. I tasted sriracha and soy sauce. Isn't  Korean about gochujang? Meat was dry.  The fries are house cut, plentiful and phenomenal. But the rest of the menu is overpriced ignorance.",Uptown,Tavern,27.92,11.17,40.0,2,36-45,Male,Caucasian
qoeHxf8mW1wZxAHhOsJmAw,Customer_8407,2015-11-08 20:52:20,⭐⭐⭐⭐,,Uptown,Tavern,58.31,10.23,17.5,4,56-65,Prefer not to say,Mixed
TqBseui1uj8S9CyQ1J55dg,Customer_1764,2015-07-09 15:55:40,⭐⭐⭐⭐⭐,"This place is amazing! In every way! Great location, great ambiance & atmosphere. The people there, especially our bartender Sarah, were super nice and helpful. She was great! But.... the food. Oh wow the food. Best burger I've ever had ever! If they ask you if you want to upgrade your fries to he seasoned ones (for a mere 50¢) say YES YES YES. Those things are sprinkled with crack, I swear. So good. And the garlic aioli is no joke. The beer list is awesome. Lots of local options. And 2-4-1's on Wednesdays of things like Jack Daniels, other liquors, wine, and some mixed drinks (libations). great place! We'll be back every time we're in Nashville.",Uptown,Tavern,41.23,6.88,16.7,2,,Female,Other
--yprFLq4gQcfY87SX9z8A,Customer_3771,2014-05-12 16:03:53,⭐⭐⭐⭐⭐,"We went here for dinner last night with our Yelp Elite spring break friends and the food was great. I ordered a burger medium well with white cheddar, and I substituted for the Tennessee sweet potato fries with the garlic aioli which were fantastic.

My friend got a Jalapeño-infused strawberry margarita, which was yummy, as well as the chimichangas, which were also very good. The chimichangas were soft, rather than deep fried, which was interesting.

I will say that they don't do any happy hour specials here, which was disappointing. I got an angry orchard cider in a can, which I had never seen before because usually I get bottles, and it was $5.50 which is a little expensive.

Food was great though like I said, and food prices were reasonable.",Uptown,Tavern,54.03,12.62,23.4,4,65+,,
kgnwwMBg1O0Y9Ty951_Lig,Customer_1394,2017-12-16 15:29:13,⭐⭐⭐⭐,,Uptown,Tavern,43.13,12.21,28.3,4,36-45,Non-binary,Caucasian
_mszOYlLvQN8_xsk7D7r0w,Customer_5959,2017-09-10 13:58:13,⭐⭐⭐⭐⭐,,Uptown,Tavern,48.7,8.76,18.0,5,26-35,Male,
fAZ3e6jOEseEBYJOn8m8zw,Customer_7923,2017-08-10 23:37:18,⭐⭐⭐⭐,Was not too much a fan of some of the food. The Lamb was not lamb have no clue why it was.  However the staff is very nice and the drinks were great.,Uptown,Tavern,44.74,8.72,19.5,2,,Male,Other
pGi6yIxsOorhHhNmPZyotg,Customer_7670,2018-06-19 22:36:37,⭐⭐⭐⭐⭐,Food and service was great! Try the BLT and the egg rolls! The drinks are so good as well.,Uptown,Tavern,103.57,20.15,19.5,3,26-35,Male,Hispanic
3ZrmT7chVxeSq7HUeVCVhA,Customer_1242,2011-08-28 03:27:18,⭐⭐⭐⭐,"Yum! Mussels are excellent---get extra bread for dipping. Order small plates and share to try lots if items. Kale salad is very good but a small is enough for two people to share since the flavors are unique --- good balance among Parmesan, citrus and cranberries. Guacamole is indeed yummy and lobster hush puppies are a great twist on soul food. Jalapeño ketchup has a nice kick. Shortrib tacos are good, dependable food. They won't knock your socks off, but you won't be sorry. Drinks: 1920 is a little more bitter than I anticipated, but still good. Existentialist is very refreshing as a summer drink.",Uptown,Tavern,15.33,4.03,26.3,4,,,African American
eUD5trbjAnxVeJFVQcFP7w,Customer_9338,2015-07-05 00:35:46,⭐⭐⭐⭐⭐,,Uptown,Tavern,32.85,5.64,17.2,2,18-25,,African American
bVgotkqrJEinltwv__icwA,Customer_7859,2013-08-18 09:32:48,⭐⭐⭐⭐,"Not much to say that hasn't been said.  I had the burger, which I suspect they use truffle oil on, and it was very tasty, along with an order of the philly cheesesteak eggrolls (you only get 2 for 10 bucks).  My only critique of the food was that the eggrolls had this thick, doughy wrapping that reminded me of some of the really cheap egg rolls I used to eat at my high school cafeteria.  Pretty happenin' place, though.",Uptown,Tavern,24.83,3.11,12.5,3,,Female,Asian
EFEcTZKyxFLfG6R2w6UIvw,Customer_1099,2012-08-18 03:44:10,⭐⭐⭐⭐,"I've been to Tavern a variety of times since it opened and have had a lot of fun trying their dishes.  Really delish food and great atmosphere.

For brunch, my favorite would be the Singapore Stir Fry - yum!!  I also love their brunch drinks - my two favs are the Bellini Sparkle and the Blood Orange Mimosa

Lunch/Dinner: The Bucket of Mussels, Mahi Sandwich, and the Tuscan Kale & Parmesan Salad

Dessert: hands down the S'mores - had some out of town guests in recently and took them just for s'mores and drinks late night, and it was such a blast - I felt like a kid roasting marshmellows all over again but in a much classier manner :)

Late night weekends is also really fun at Tavern with the music, but definitely hard to hold a conversation with anyone if you are eating during that time.",Uptown,Tavern,67.88,11.49,16.9,5,,Non-binary,Native American
--yprFLq4gQcfY87SX9z8A,Customer_3584,2014-05-12 16:03:53,⭐⭐⭐⭐⭐,"We went here for dinner last night with our Yelp Elite spring break friends and the food was great. I ordered a burger medium well with white cheddar, and I substituted for the Tennessee sweet potato fries with the garlic aioli which were fantastic.

My friend got a Jalapeño-infused strawberry margarita, which was yummy, as well as the chimichangas, which were also very good. The chimichangas were soft, rather than deep fried, which was interesting.

I will say that they don't do any happy hour specials here, which was disappointing. I got an angry orchard cider in a can, which I had never seen before because usually I get bottles, and it was $5.50 which is a little expensive.

Food was great though like I said, and food prices were reasonable.",Uptown,Tavern,73.93,17.75,24.0,1,65+,,Asian
elqRpX9T3YwL07uLNtN3Bg,Customer_2427,2015-02-02 04:29:13,⭐⭐,,Uptown,Tavern,45.2,4.69,10.4,4,26-35,Non-binary,Native American
5U_B-wFhZiZ9SDqTglPFbQ,Customer_1315,2018-03-18 14:31:17,⭐⭐⭐⭐⭐,"We stopped here for lunch/dinner and wasn't disappointed.   We was seated and served drinks promptly. Had a difficult time deciding what to order cause everything looked delicious.  I ordered the brown bag meal.  Which is a thick cut grilled bologna and over-easy egg sandwich with homemade potato hips, with truffle oil.",Uptown,Tavern,64.31,14.72,22.9,3,36-45,,Other
phWrYKpwnfgh1P13O9mO0g,Customer_3943,2014-01-21 03:00:33,⭐⭐⭐⭐⭐,Jalepeno margaritas. Grilled artichokes. Mac and cheese. Amazing.,Uptown,Tavern,25.55,2.53,9.9,4,36-45,,
Sw1F45atmHECRc0hc7BpRQ,Customer_9691,2017-10-14 22:52:04,⭐⭐⭐⭐,"Tavern has a nice variety of healthy options. They have a large section titled ""yolks"" which consists of the many different and funky ways you can serve an egg (we had one with salmon in an omelette and it was delicious). We also had the ""trail mix"" which consisted of bulgur, quinoa, and other healthy perks... a great way to start the morning. 2/1 brunch libations - I would recommend the Cucumber Mary.",Uptown,Tavern,31.75,5.4,17.0,3,36-45,Female,Native American
D3nia5r9M1UMtQbthNRxVA,Customer_2234,2011-05-30 15:37:35,⭐⭐⭐⭐,"Tavern (used to be Lime, which has moved) is great! It is an M Street restaraunt, along with Whiskey Kitchen, Virago and (their ""crown jewel"") Kanye Prime steakhouse. First of all, I love the location. It's right on Broadway - near Patterson, 12th South, Red Door, etc. Second, it's trendy enough without feeling overly pretentious. I dig the layout - there are two outdoor seating area options (which we didn't do because of the cicadas), and the inside is very well done. There are TV's all over the place, the bar is stocked, and there is a decent amount of tables. Third, the service (for us) was very good. Granted, we went on the Sunday before Memorial Day - so it was relatively empty, but still. Our server was attentive, but not overly so where you feel like you couldn't enjoy your meal in peace. And forth, the cuisine. I would describe their menu as all over the place goodness. :) It's so varied, but it all sounds great. APPS: We've heard many good things about the guacamole, so we tried it: The Bazooka Guacamole - with avocado, goat cheese and pistachio. I liked the creaminess of the guac, but wanted more spice / flavor. Luckily for me there were three different hot sauces available labeled as X, XX, and XXX. Yum. (PS - there is also homemade BBQ sauce.) A lot of other app options sounded great, too. We'll probably try something else next time like the Lobster Hushpuppies or the Eggrolls. ENTREES: I was so overwhelmed with the variety on their menu, that last minute I went for the Tavern Burger with White Cheddar - and I switched the Belgian Fries for the Tennessee Fries (sweet potato with jalapeno ketchup.) . The fries were great, and the burger was one of the best burgers in N'ville. My husband was deciding between three completely difference options as well: The Basket of Fish, the Nachos with Pork or one of the Taco options. Like me, he ordered last minute and got the Pork Nachos. I doubt he would have if he had thought about it for even a second since we already ordered the guac which came with a bag of chips...but c'est la vie. They were delish. LIBATIONS: Some of their drinks were pricey, some were reasonable. Just be cautious when you order because your bill could add up quickly if you get the specialty cocktails... I got a $7 glass of wine, and my husband got a beer for $4.75. Comparing Tavern to similar places, it seemed okay to me. :) LATE NIGHT: From 11PM to 1AM they have a late night menu. WEDNESDAYS: 2-4-1's. I'll be returning to Tavern for sure.",Uptown,Tavern,90.58,21.6,23.8,2,56-65,Male,Other
LziEMdQo2jfSxlg0n_hVXQ,Customer_1091,2012-12-05 15:35:01,⭐⭐⭐⭐⭐,"Delicious! I had a burger and my wife got the eggs with short ribs, both of which we loved. For dessert we had an orange float, which we also quite enjoyed. The service was excellent, and the food was really quite cheap. Definitely worth a visit!",Uptown,Tavern,54.21,7.19,13.3,2,46-55,Non-binary,Asian
bI1cuNWVGabUUF-n0Kb3pw,Customer_9645,2015-05-30 03:18:24,⭐⭐⭐⭐⭐,The girls and I always go to Tavern for Sunday night dinners. Our favorite waitress Sarah Michelle delivers the best service. She knows our drinks and never steers us wrong on what to try to eat next. The buffalo cauliflower is so yummy but nothing compares to the S'mores for dessert.,Uptown,Tavern,28.59,2.18,7.6,1,,Male,Hispanic
kAIukFS_Y89PbmQ7Qh-FTw,Customer_3325,2016-09-30 23:50:10,⭐⭐⭐⭐,"Lots of good options in this area and the tavern is definitely one of them.  I came here for drinks one night and lunch during the day.   A bit of a wait for dinner so make sure you get a reservation if you can.

We got an appetizer - buffalo cauliflower.  It's slightly breaded and engulfed in buffalo sauce.  Good taste, but would've preferred to have it a bit crispier.  

Ordered the burger - cooked medium, lettuce, tomato, American (cheese is extra).  The fries were okay - comes in a little fryer basket.  The burger had a good sear on the outside and properly seasoned with salt.  

Good spot for food and drinks.",Uptown,Tavern,18.65,7.46,40.0,3,56-65,Male,Mixed
AujPDhPrIDBIbO7lcHkQnQ,Customer_1759,2018-09-25 20:39:34,⭐⭐,Truly not worth the wait. I've tried a couple dishes and nothing has been great- wouldn't really recommend. Almost everything I have tried has either been too dry or too salty. The ambiance is nice but it's pretty slow. The only good food item is their fries.,Uptown,Tavern,33.01,4.97,15.1,2,18-25,,African American
N0VzM4PsaMp9HLY2u9dBPw,Customer_4335,2014-04-21 03:51:31,⭐⭐⭐⭐⭐,"Gluten free menu!!!! Staff is kind and knowledgable. Food is DELICIOUS. Selection of wine is large, but not overwhelming. From the start to finish the Tavern was enjoyable. Tricia behind the bar was wonderful and a huge shout out to the server that's gluten free (I didn't catch her name!) and helped me with my food- you're the best! So so happy I came here. You made my night.",Uptown,Tavern,56.12,6.08,10.8,2,65+,,Caucasian
T7PwIqKUeKW4mMlO_-BnGQ,Customer_2074,2017-03-04 16:52:55,⭐⭐⭐⭐⭐,"Just walked into the Tavern Nashville and was served by the brightest smile in the world. Thank you Heather , amazing server.",Uptown,Tavern,104.88,6.68,6.4,2,46-55,Female,African American
OTyZuYfiZX7Db0kW9rz-Sg,Customer_3848,2017-03-06 17:57:03,⭐⭐⭐,"Tavern is probably one of the better brunch places in Nashville IF (and only if) you go with friends. This is not the place to go for a brunch date or to go with any person that you actually want to have a conversation with.

Both times that my wife and I have gone (once by ourselves, and the other time with some friends) the music has been extremely loud - like to the point where we have been yelling just to hear each other. Not kidding. Look, I like my music loud... and their playlist was actually on point (late 90's/early 2000's hits)... but going out to eat is a social experience. Part of sharing a meal is enjoying the company of the people you're with. Don't blast music in my face and force me to lean in just to hear what the person next to me is saying. C'mon. 

On to the food! It's GREAT. I highly recommend the Benedict Uno - a short rib benedict topped with tabasco-infused hollandaise. Wow. So much amazing flavor in every bite. I savored it right down to the end. I also recommend the maple fondue if you're with a group. It's a fun dish to share and has assorted fruits and some french toast and sausage... all to be dipped in a delicious warm maple syrup mixture. Can't go wrong. Also, don't sleep on the 2-for-1 libations. The blood orange mimosa and the red sangria are my favorites (although the last time I went, I just doubled up on the sangria... easily my favorite).

This place deserves respect for the quality of food they put out and their decent pricing (average about $12-$15 per entree). The only things that keep this from being a 4-star review are the noise level, the lack of parking (bring cash because you will need to use the valet), and the fact that you will undoubtedly have a wait. When we went with our friends, we got their 10 minutes after they opened and were told there was a 20-30 minute wait. We ended up actually waiting almost an hour. Not really a complaint, since you have to factor in a wait at popular places... but still. Just a warning - you will have a wait.

Give this place a shot if you like good food for brunch, just go in knowing that there are some pitfalls with this place.",Uptown,Tavern,16.85,1.79,10.6,1,,Non-binary,Native American
vIfZn-Km8_Mzn3YcnV2oHw,Customer_6345,2017-08-29 20:07:56,⭐,,Uptown,Tavern,199.57,34.81,17.4,3,18-25,Male,
y0QbAUXI7TYgqkNcqP4wXQ,Customer_6552,2016-05-08 17:45:49,⭐⭐⭐⭐⭐,great amosphere and wonderful food! highly recommend but expect a long wait. well worth it though.,Uptown,Tavern,29.16,0.0,0.0,2,65+,Prefer not to say,Native American
TqBseui1uj8S9CyQ1J55dg,Customer_1035,2015-07-09 15:55:40,⭐⭐⭐⭐⭐,"This place is amazing! In every way! Great location, great ambiance & atmosphere. The people there, especially our bartender Sarah, were super nice and helpful. She was great! But.... the food. Oh wow the food. Best burger I've ever had ever! If they ask you if you want to upgrade your fries to he seasoned ones (for a mere 50¢) say YES YES YES. Those things are sprinkled with crack, I swear. So good. And the garlic aioli is no joke. The beer list is awesome. Lots of local options. And 2-4-1's on Wednesdays of things like Jack Daniels, other liquors, wine, and some mixed drinks (libations). great place! We'll be back every time we're in Nashville.",Uptown,Tavern,59.46,10.68,18.0,2,56-65,Male,Other
nYVGowsSH6UM6oIuZ1x1rw,Customer_3809,2015-02-03 17:57:27,⭐⭐⭐⭐⭐,,Uptown,Tavern,25.62,4.39,17.1,1,46-55,Prefer not to say,African American
ZLJZGHB9bXDXdnIhEN7jgg,Customer_3186,2013-10-15 19:45:03,⭐⭐,"Came in for lunch while in Nashville in business. The waitress sold me on their Bloody Mary, so I ordered that and the lettuce wraps. The bloody was ridiculously watered down. It tasted watered down and looked like the glass was about 85% water/ice. When I commented on the look and taste, the waitress proceeded to tell me that if it looked watered down, there was probably extra vodka in it, which I couldn't taste because it was ""infused"" which cuts down on the vodka taste. What a load of BS. It was one of the most disappointing bloodies I've had. I should have sent it back, but she was adamant that I was wrong. Lettuce wraps had a nice spicy kick, which I liked, but it failed to redeem the dry, canned-tasting chicken. Very. Under-impressed.",Uptown,Tavern,36.19,7.04,19.5,1,26-35,,Hispanic
3WEXdxPOxjum_NnUVuzR8g,Customer_3870,2018-01-10 22:16:48,⭐⭐⭐,"Our first evening in Nashville, we decided to try the Tavern restaurant.  It is quaint and dark.  Davis was our server and he was great and very accommodating.  I had the burger which I'm sad to say, wasn't anything to write home about.  The best part of our meal was the great service we received from Davis.",Uptown,Tavern,112.13,39.25,35.0,1,26-35,Non-binary,Native American
PM2iL0rvQqDuvFjtJzx_WA,Customer_7250,2017-05-01 21:31:55,⭐⭐⭐⭐,"I love the atmosphere of this place. The bar is kind of open to the outside and it's a really unique, modern setup. The service was a bit slow for a half-full restaurant but the bartenders were very nice. I ordered the buffalo cauliflower and mussels. The mussels were delicious but the cauliflower was so spicy and overpowering that the spice hung in your mouth for so long that it kind of took away from the mussels. Overall would  definitely recommend a visit if you're staying in the midtown area, but would recommend trying a different appetizer than cauliflower.",Uptown,Tavern,35.31,7.17,20.3,3,26-35,Non-binary,Mixed
1ZKlc5k-elXZP-t6wGxNRA,Customer_8938,2015-10-11 05:26:05,⭐⭐⭐⭐⭐,,Uptown,Tavern,71.57,6.55,9.1,2,18-25,Female,Caucasian
u1wLsg-BqrPBsyo75_w57A,Customer_5837,2015-05-15 23:29:04,⭐⭐⭐⭐⭐,,Uptown,Tavern,43.22,7.52,17.4,2,65+,Female,Native American
HMMVw9xXON6f42jL3mW2vw,Customer_4521,2016-05-19 15:33:05,⭐⭐⭐⭐⭐,"this place was so awesome. we went on sunday so the drinks were 2 for the price of one. they have a great little sitting area outside where you can sit and wait for your table to be ready. I had the Blood & Smoke, im not a huge fan of bloody marys usually but this was amazing. the food was also great, and came out fairly quick after ordering. they also had a DJ playing a variety of music the whole time and I really enjoyed that.  I definitely will visit this place again.",Uptown,Tavern,114.69,15.76,13.7,2,18-25,,Hispanic
QCb9Wgt7bCB0GDTNaght9w,Customer_3559,2014-11-01 01:58:16,⭐⭐⭐,,Uptown,Tavern,45.27,15.84,35.0,3,36-45,Female,Caucasian
9chZYiGTTrkRaHZQxg__FA,Customer_8394,2016-10-02 03:21:25,⭐,"Decided to try this place after our Airbnb host recommended it. Total miss! Way too overpriced for what we got. We ordered guacamole because they were out of cauliflower. The guacamole was too plain, lacking salt and spice. The size was ridiculously small and disproportional to the amount of chips you get with it. We also had chicken skewers, that were described as ""sesame, garlic, ginger..."". It literally tasted like chicken with some super sweet teriyaki sauce. The rice with it was totally plain too. We had kale salad with ahi tuna. Also was lacking taste, and the size of kale and tuna was disproportional. Not worth the money at all.",Uptown,Tavern,38.59,7.12,18.5,2,,Male,Asian
x7ya_jF5VRCGxRdXEDaqqg,Customer_8354,2014-07-30 02:33:41,⭐⭐⭐⭐⭐,"Awesome atmosphere and great food. You have to go here if your in Nashville!  Make sure you try the Buffalo Cauliflower, Beef short rib tacos and the Horseshoe. We tried the fried chicken skins.....not a fan.",Uptown,Tavern,57.1,12.39,21.7,4,,Non-binary,Asian
96YWbWWyWcKY26a8CVm2yQ,Customer_6051,2015-12-06 22:18:31,⭐⭐⭐,"Burger was great. Cooked perfectly, but nothing special. Packed for brunch specials. Seem to have awesome election of cocktails and awesome bartenders. Was there for food, don't really drink. Def would go back. Atmosphere was great too.",Uptown,Tavern,47.95,5.95,12.4,2,36-45,Female,Other
Cy9RvBBa-7zC9fOnVDmkmw,Customer_9729,2017-01-29 05:37:39,⭐⭐⭐,"We came here based off a recommendation from our hotel.  The food was fine but nothing impressive.  It was basic bar food.  The music was way too loud.  Impossible to have a conversation and we were there at 5:30 on a Saturday.  If you're in from out of town, try another place for dinner.",Uptown,Tavern,30.85,8.17,26.5,2,,Non-binary,Native American
89tIlGxzZ4q6l0Qb51lXdw,Customer_7555,2012-10-13 16:39:17,⭐⭐⭐⭐⭐,"Great food!  The menu is full of interesting, and unique items.  I tried the smoked salmon eggs benedict, and it was phenomenal.  The interior is very well decorated, and the servers were helpful and prompt.  Though it was a little on the expensive side, it was well worth the cost for such a great experience.",Uptown,Tavern,45.7,8.57,18.8,4,36-45,,African American
0BDU3JP1pp6kK_nKyJvfVg,Customer_8401,2014-11-14 17:05:22,⭐⭐⭐⭐,"All around nice upper scale bar.  Exactly what you would expect from a place like this.

Tip:  Get the Kale salad, even as a side.  It's amazing.",Uptown,Tavern,38.87,0.0,0.0,2,56-65,Non-binary,Native American
_XMqwgsyC-pzWuFkkRCpLg,Customer_7554,2018-03-06 03:01:34,⭐⭐⭐⭐⭐,,Uptown,Tavern,29.78,8.11,27.2,4,26-35,Female,Asian
0aPl5G1wRuvHtl29W3r7Dw,Customer_8595,2018-03-23 16:01:31,⭐⭐⭐⭐,"Food is great, drinks are great, deals are great (Brunch with 2-4-1 drinks? Heck yeah!). The menu is extensive and interesting, with unique twists on classic dishes. The service is also great, but I am withholding a fifth star due to the management's seating policies.

We came for brunch on a Sunday expecting an hour plus wait, so when the hostess informed us it would be 1hr45m we weren't surprised. However, we became frustrated when we noticed there were 4 open tables on the patio that still hadn't been seated after an hour of waiting. It was a beautiful day so we asked the hostess about it and she said that the tables were reserved. When we asked again, she explained that the patio tables were not assigned to a specific server but were instead added on to a server's load inside, so they weren't seating them because they didn't want to overwhelm the servers. Totally understandable to not want to overwork your servers, but why not seat people with the caveat that service will be slower? Or better yet, why not specifically assign a server to the outdoor section so that wait times will be lower? Having worked in the service industry, our group was confused by this. We ended up just sitting at one of the empty patio tables until the hostess notified us that a table was ready. 

We ordered the Cheddar Biscuit, the Wood Fire Double Yokes, and a Turkey Feta Omelette from the specials board and all were delicious. The biscuit comes in a trio and though it doesn't look like a lot of food they are VERY filling. Our server surprised us with a side of White Trash Hash on the house because our food was taking longer than expected (we didn't even notice the timing, so it was a very nice gesture). The White Trash Hash is a must, this stuff is addicting! Potatoes, rice, and gooey cheese- who could ask for more.

Overall, great place for brunch in Nashville. Expect a long line but food worth the wait. Hopefully management can improve their seating policies to cut down on wait times in the future.",Uptown,Tavern,47.05,11.31,24.0,3,56-65,,Other
1pXjRYRCmvsPrGPrFybvPA,Customer_7108,2014-04-21 19:32:01,⭐⭐,"We were scouting for a place to rent out for a company retreat dinner. Unfortunately, they don't allow dogs on the patio, and I has my 2 small dogs. I'd understand this if you couldn't access the patio, but theirs is easily accessible from the front door and the street. I don't know what moron made the no dogs on the open air patio rule, but they should reconsider. That said, I did not eat here, went up the street to eat. The two stars were earned by the hostess, who was lovely and apologetic. I wish her the best and hope she finds employment at a better run establishment. We will be spending our decently sized budget elsewhere. Gracias por nada Tavern.",Uptown,Tavern,44.74,10.36,23.2,2,56-65,Prefer not to say,African American
Yi9ZgTeO6Q51f4Kh_e70-Q,Customer_9592,2018-04-07 15:28:13,⭐⭐⭐⭐⭐,"Tavern is THE Nashville brunch spot. {starters} I have tried a good portion of the starter selections - but the buffalo cauliflower, brussels and tavern fries stand out above the rest. The mussels are also a great option for dinner or happy hour. {entrees} I'm a huge fan of benedicts, and Tavern kills it with each of their 3 options - aptly named uno, dos, and (for some reason) three. Uno is my favorite, with braised short rib and Tobasco hollandaise. It is absolutely delishous. Other great options are the Nooner - which is a bacon scramble with fried oysters and spicy sour cream - and the Singapore Stir-fry, with wok-style rice, a sunny-side-up egg, and bacon. You really can't go wrong with any of the Tavern's fantastic brunch selections, but these stand out for sure. {libations} Possibly the reason that Tavern is so popular among Nashville brunch-goers, is the 2-for-1 deal they offer during brunch all weekend. The selection is fairly standard, with mimosas, a bellini, two bloody mary renditions, and a very sweet sangria. My favorite is the blood orange mimosa, but each drink has its merits. Overall, Tavern is a wonderful place for any brunch occasion and I will continue to dine here often as long as I am in Nashville. The wait is brutal so make sure you arrive early to start off with a beverage in the sun on their outdoor waiting area. Enjoy!",Uptown,Tavern,30.4,6.55,21.6,2,26-35,Prefer not to say,African American
Ac_GqtISPI0dQVGOxf2ejA,Customer_2190,2012-11-11 21:48:33,⭐⭐⭐⭐,"Oh, Brunch at Tavern. I'm so sad that it took me so long to visit you. 

I'll keep this brief: The dishes here are superbly crafted. Flavors are lovely and multifaceted, and the plating is gorgeous. My favorite dishes, though, are easy to pinpoint. 

First up is the Sweet Potato Chips, which arrive at your table with a curry salt and blue cheese fondue. This is a perfect start to any meal, and honestly, I could probably be happy just munching on these while sipping a few cocktails (which I'll get to in a moment). As for a main course, though: The Benedict Dos. Poached eggs, smoked salmon, and a creamy hollandaise? Delicious doesn't even begin to cover it. 

I will admit that I find myself rather addicted to their Blood Orange Mimosa, so I haven't actually tried anything else on the menu. However, one of my closest friends loved the Bloody Mary, and their beer selection is impressive and was mat with easy approval from our group a few weeks ago. 

Is it loud? Yes. 
Is it expensive? Sure, although most of the cocktails are two for one. 
But is it worth the insanely long wait? Absolutely.",Uptown,Tavern,55.21,22.09,40.0,2,56-65,Prefer not to say,African American
W-3NiJYQ-vu9ju1Mcqmung,Customer_3528,2016-01-18 20:19:58,⭐⭐⭐⭐⭐,This was our first stop in Nashville. The brunch drinks were 2 for 1 (probably because the average wait time on a sat morning is 2 hours). We waited at the bar and had some of the most delicious brunch cocktails! The white trash hash and red velvet waffle were well worth the 2 hour wait! When in Nashville this is a MUST!,Uptown,Tavern,62.8,9.41,15.0,2,65+,,Asian
5FMQAlbrrEwAW_QQy8s56w,Customer_8822,2017-08-08 02:47:59,⭐⭐⭐⭐,"ALERT: A must for brunch spot!!! I have been here several times now. The brunch time is SO busy but SO worth it! I recommend the Red Velvet Waffles and the Blood Orange Mimosa. Another time I went for dinner I had a phenomenal Mahi sandwich with the white Sangria. Holy amazing. The service is great, just hectic during brunch.",Uptown,Tavern,24.76,5.14,20.8,2,46-55,,
1pXjRYRCmvsPrGPrFybvPA,Customer_8388,2014-04-21 19:32:01,⭐⭐,,Uptown,Tavern,31.18,2.19,7.0,8,36-45,Prefer not to say,Caucasian
h0a6z9rNCfvJq9RZvglPHw,Customer_5047,2016-07-07 23:39:55,⭐⭐⭐⭐⭐,"I liked this place a lot, a more refined food/beverage option among a sea of walkable college dive bars. Modern well-designed multi-level interior filled with natural light by day, soft mood lighting at night. Nice looking and well-dressed mixed-age crowd both times I was here. Excellent 2-for-1 Thursday Happy Hour 2-10 PM with a solid selection of pours. This neighborhood likes its drink . . Food reasonably priced and a good mix of options, not perfect, but for essentially up-scale "" bar food"", it's good. I bet brunch on weekends here would be fun. My ""Ham-Jam-Bread & Butter"" was deliciuos. Awesome lettuce wraps, at $14.50. Lobster Sliders at twice the price were a letdown, but as in life: Shit happens. Hard working friendly bartenders. I recommend it if you're near Vanderbilt. Walking distance to many hotels (Courtyard, Hampton Inn, A-Loft, Hilton Garden, The Hutton). A little loud inside, but you're still able to hold a conversation, and the up-tempo music adds to the vibe.",Uptown,Tavern,28.94,4.16,14.4,1,26-35,,Asian
cG0zukMXoMYphvr7XIG9cQ,Customer_2386,2013-10-04 01:41:32,⭐,,Uptown,Tavern,40.94,10.83,26.5,2,26-35,Prefer not to say,Caucasian
0BDU3JP1pp6kK_nKyJvfVg,Customer_5744,2014-11-14 17:05:22,⭐⭐⭐⭐,"All around nice upper scale bar.  Exactly what you would expect from a place like this.

Tip:  Get the Kale salad, even as a side.  It's amazing.",Uptown,Tavern,97.44,14.45,14.8,2,65+,Prefer not to say,Other
_XMqwgsyC-pzWuFkkRCpLg,Customer_2103,2018-03-06 03:01:34,⭐⭐⭐⭐⭐,"Best brunch! Came here on a busy Saturday with a group of girls. Everyone loved their food and drinks! Waitress was friendly, efficient and knowledgeable about all menu and drink items. Would definitely come here again.",Uptown,Tavern,42.87,15.01,35.0,2,65+,Female,Caucasian
4b5YwUYv8RByje54vuaGZg,Customer_2158,2017-01-03 04:33:22,⭐⭐⭐⭐⭐,,Uptown,Tavern,24.15,4.89,20.2,2,18-25,Male,Asian
rwTVjtPHfSAc5411N4aDHg,Customer_6265,2015-07-18 02:01:27,⭐⭐⭐⭐,"Came for brunch on Fathers Day, packed!  We were able to get a spot at the bar right away and ate there. Food was above average and the bartenders were quick and attentive.",Uptown,Tavern,36.63,7.59,20.7,2,65+,,
E6DAugRjP24LItD7BGW7zw,Customer_9849,2013-03-21 18:27:15,⭐⭐⭐⭐⭐,"My favorite place to eat and/or drink in Nashville.  

It's in midtown, which is local and away from the honky tonks.  The ambiance, food, drinks, and service is great.  And if anything, there is always good people watching.  I come to Tavern after church for brunch, out with my girlfriends for drinks, or out to a nice fun dinner with my boyfriend. 

My birthday was on a Wednesday last year, which is 2-for-1's night. I came with my girlfriends and had my favorite dessert, their S'mores!  So much fun!

When asked where do I want to go for brunch? Lunch? Dinner? or just a night out...I always pick Tavern.",Uptown,Tavern,44.08,4.68,10.6,1,36-45,Prefer not to say,Native American
W-3NiJYQ-vu9ju1Mcqmung,Customer_3218,2016-01-18 20:19:58,⭐⭐⭐⭐⭐,This was our first stop in Nashville. The brunch drinks were 2 for 1 (probably because the average wait time on a sat morning is 2 hours). We waited at the bar and had some of the most delicious brunch cocktails! The white trash hash and red velvet waffle were well worth the 2 hour wait! When in Nashville this is a MUST!,Uptown,Tavern,51.66,14.57,28.2,4,18-25,Non-binary,African American
n0_nlhJ1PPvg6TqSWruC4Q,Customer_1507,2018-03-07 01:46:46,⭐⭐⭐⭐⭐,"Absolutely awesome menu, the beer selection was fantastic and most importantly, Emily did a fantastic job taking care of us. I had the pork chop and loved it! Others at the table had the chimichanga, the Son of a Brown Bag and the Loco, all very well reviewed. Highly recomend this place that's in a great area of town.",Uptown,Tavern,55.58,8.71,15.7,4,46-55,Prefer not to say,Other
4IsR7lxY-4gJx-itOP9VEQ,Customer_5276,2014-05-29 21:44:38,⭐⭐⭐⭐,"What I liked:
1. White Trash Hash- With a name like that, what's there not to like?  While I'm sure I could re-create this for about $2 (smashed fried hashbrowns smothered in cheese), it was well worth the extra cost to enjoy at brunch.  YUM!
2. Brunch Menu- There were too many delicious options to choose.  I went with a salad, but everything (especially the burger and french toast) looked and smelled fantastic.
3. Bloody Marys- They served my favorite, Zig-Zag mix and you get 2 for the price they charge.

What I didn't like:
1. This place gets VERY crowded on the weekend during the brunch rush.  We were quoted at hour+ wait shortly after they opened and ended up just snagging a seat at the bar.
2. Service- The bartender was understaffed and a bit slow to respond to requests.  They also forgot about part of our order and had to be reminded.

Overall Verdict: Make a reservation or show-up early and prepare to wait.  Get the white trash hash and enjoy delicious brunch!",Uptown,Tavern,39.38,5.16,13.1,2,56-65,Prefer not to say,African American
5FMQAlbrrEwAW_QQy8s56w,Customer_9932,2017-08-08 02:47:59,⭐⭐⭐⭐,,Uptown,Tavern,29.28,0.0,0.0,3,65+,Non-binary,Other
4HJRzQemA9xT715cltgJtQ,Customer_2395,2012-09-14 20:15:35,⭐⭐⭐,"The simply-named Tavern offers up some mighty simple comfort food pleasures (White Trash hash, anyone?) and elevated junk food game bites. 

That said, I'm not sure this is quite the weekend brunch place for me, due to the TVs providing all of the background noise. I'm not a fan of big TVs blaring games -- to me, this is the worst kind of ambiance. BUT... for those of you seeking a place to watch local sports and cheer on with a crowd, Tavern is the spot for you, especially if your tastes are a bit more high brow than your typical nachos. I mean, they have nachos, but Tavern's come with pistachio and goat cheese. Nice! 

I'd easily return on a non game day (or even to sit on the shaded side patio) for more of that White Trash Hash. Think tater tot casserole. I mean, really. Goodbye hangover. The egg white omelet I had was kinda blah, as the tomatoes made it seem extra watery.The ""Wicked"" Bloody Mary was hardly wicked, more like gentle, despite the vodka being infused with pickled things that you'd hope for on your glass. They don't automatically garnish the way you'd think. Or at least the way a New Orleanian would think. I mean... just a lime? Nu uh. Our very lovely server came out with some olives for us, which was nice. But a Bloody without beaucoup d' garnish is a naked Mary, indeed.

Extra props for three bottles of hot sauces on the table, marked X, XX and XXX. Go for the orangey habanero, as it's the tastiest of the bunch (it might be the XX). Don't be fooled by the warnings. They are there for the bland American palate.",Uptown,Tavern,28.83,6.04,21.0,1,36-45,Female,Caucasian
J05dVLcWl6e2T_CZS-0KdQ,Customer_2646,2015-08-06 21:59:20,⭐⭐⭐⭐,"Awesome brunch place. I think they must have put crack in their white trash hash. I'm still dreaming about it every now and then. I couldn't remember what I had. The white trash hash blew my mind and it's the only thing I remember. 
They also have 2-1 special drink during brunch. The only 2 things that prevent me from going there all the times, are my student loan and a long wait. We end up sitting at a bar.",Uptown,Tavern,42.44,14.85,35.0,6,56-65,Non-binary,
eUD5trbjAnxVeJFVQcFP7w,Customer_5757,2015-07-05 00:35:46,⭐⭐⭐⭐⭐,"This place has a great vibe and lots of energy! Being an out towner, we were recommended the tavern by our hotel staff at Hutton hotel. The tavern is in walking distance and has a very friendly wait staff. Their food was great and the wine made our night before walking downtown to enjoy the live music on the strip. And we are back for another round the next day! :)",Uptown,Tavern,64.93,9.34,14.4,2,18-25,Non-binary,Asian
50WMEVZvre_J9sEA9Xj2uQ,Customer_6035,2018-06-10 22:40:13,⭐⭐⭐⭐⭐,,Uptown,Tavern,76.79,8.88,11.6,3,18-25,Female,Mixed
HMMVw9xXON6f42jL3mW2vw,Customer_6173,2016-05-19 15:33:05,⭐⭐⭐⭐⭐,"this place was so awesome. we went on sunday so the drinks were 2 for the price of one. they have a great little sitting area outside where you can sit and wait for your table to be ready. I had the Blood & Smoke, im not a huge fan of bloody marys usually but this was amazing. the food was also great, and came out fairly quick after ordering. they also had a DJ playing a variety of music the whole time and I really enjoyed that. I defintely will visit this place again.",Uptown,Tavern,35.13,0.44,1.3,3,18-25,Male,Caucasian
ZJ1BaiHZuvuT0WwVDrLZMA,Customer_3778,2015-01-04 14:12:37,⭐⭐⭐⭐⭐,"We wanted to check this place out after seeing the great reviews. 
Arrived on Thursday (New Years Day) around noon and the place was packed with a hour and a half wait. We put our name in and went next door for a drink, 
The restaurant texted us when our table was ready and also had a cool app that you can check your place in line. 
Only had drinks and a few apps. The tuscan fries were good but had a LOT of garlic.
My friend loved her Kale salad. 
If you like a bloody mary, try the cucumber mary made with cucumber vodka. It was unbelievable. 

This was hands down out favorite place in Nashville and this place had the BEST service we got our whole trip. A+ to the staff. We were really really impressed. 
We went back on Friday night around 1am and it was pretty empty. The guy sitting next to us said its really a better brunch or Sunday Funday bar and not busy at night.",Uptown,Tavern,51.18,7.6,14.8,4,36-45,Male,Asian
LxwfF7_VZ2oyUfP2M084VA,Customer_3938,2014-08-14 20:55:34,⭐,"We came here because of all the great yelp reviews, I can't believe this is 4-stars.. Good beer selection, good atmosphere, and decent service.  The food, however, was bla.. We really wanted to try the fried chicken skins, they came out very hard and very stuck together.  The sauce had good flavor but the skins came in a clump that we could hardly break apart. Our food came out about 4 minutes I into our attempt to chisel the skins apart. Kaya toast was weird and really lacked anything to bring the dish together.  After scraping off the sauce it was basically Texas toast and an egg.  The 2 sets of tacos we ordered were both overcooked and VERY dry. Come here for drinks, skip the food!",Uptown,Tavern,35.11,0.0,0.0,2,65+,Non-binary,Hispanic
HE-3yMTdwlrXxcw-JJXgRw,Customer_4168,2018-03-18 22:14:11,⭐⭐⭐⭐,"I waited a couple days before rating to try to be fair. This place was recommended and hyped separately to me and my husband in transit and upon arrival to Nashville. We expected a lot. 
The service was great. We sat at the bar, both bartenders and food service were polite and attentive. Drink selection and quality and price seemed good. The food is another story. It is over priced and over hyped by reviewers.
My husband had the OZ pot pie. Even with a healthy dose of the curry sauce, it was dry. And plain, could barely taste the curry. I had korean short rib tacos. Nothing korean about them. I tasted sriracha and soy sauce. Isn't  Korean about gochujang? Meat was dry.  The fries are house cut, plentiful and phenomenal. But the rest of the menu is overpriced ignorance.",Uptown,Tavern,106.03,19.2,18.1,1,18-25,Female,Native American
gFzr7vTZX7t7kRtaKJU_KQ,Customer_5815,2015-09-10 19:52:35,⭐⭐⭐⭐⭐,,Uptown,Tavern,25.56,6.63,25.9,2,36-45,Non-binary,
phWrYKpwnfgh1P13O9mO0g,Customer_5438,2014-01-21 03:00:33,⭐⭐⭐⭐⭐,Jalepeno margaritas. Grilled artichokes. Mac and cheese. Amazing.,Uptown,Tavern,41.94,8.07,19.2,3,18-25,Prefer not to say,Other
nqYD4jZI4sI_wBPcI5vu5w,Customer_4694,2015-08-31 22:11:44,⭐⭐⭐⭐⭐,,Uptown,Tavern,44.78,7.42,16.6,4,18-25,Male,
cmj6O_RNSfB12stpPjzrlw,Customer_2168,2012-12-04 16:30:57,⭐⭐⭐⭐,"Good drinks, good food and a great atmosphere! What more could you want? The drink menu is very extensive, good selection of scotch and cocktails. The food was very impressive as well. I tried the sweet potato fries with jalapeno mayo after seeing it suggested so much and I must say they delivered! This is a great place to hang out with friends and pass some time. Give it a try!",Uptown,Tavern,79.99,12.68,15.9,4,65+,Male,Mixed
zuCUvtipevadPrFg-qwpvg,Customer_3727,2011-02-25 03:10:36,⭐,"I thought this place was called 'Whiskey Tavern""- That is what the sign said. Its so cool they dropped the Whiskey.  hmm, okay, Tavern it is. Then I kept calling it Whiskey Kitchen because well it is just like Whiskey Kitchen. 

The dark woods, dim light bulbs and limited tables all from IKEAS dark collection, snooty staff, high drink prices and 6 tables on reserved at 5:30 on a Saturday seems a bit weird for a ""tavern"" 

I went here with a few friends. We just wanted to grab a drink. Even though there were not seats at the bar I proceeded to tell the security-ish hostess we'd just stand and drink our drinks. Seemed like a strange concept to her. We wedged our way in there and was asked if we were waiting for a table. We weren't. The bartender was shocked we were just getting 'drinks'. You won't find a food review here. 

We ordered our drinks and she held her hand out waiting to pay out. No problem. After paying immediately after ordering, we had to drink the drinks.  Lots of huffin and puffin and stink eyes that we were just going to stand there and drink! 

If you like to be 'seen', enjoy bars with chains on the wall, in this room where Tom Edison light bulbs meets LA-tude this is your jam.",Uptown,Tavern,23.48,5.74,24.5,3,56-65,Non-binary,Hispanic
w_ZtMqhy58U9uB3jT8ieig,Customer_5190,2012-06-30 04:30:47,⭐⭐⭐⭐,"I've been here several times for lunch and I always get the same thing; Scottish Salmon and the Nuevo Bread Salad.  My wife ordered the burger and it is the burger for which we measure all others. Service is good, ambiance and location are good.  It is so much better than its sister restaurant, Whiskey Kitchen.  I hear it is a trendy and crowded venue at night.",Uptown,Tavern,23.67,2.14,9.0,3,,Male,Mixed
nU3yXbOMYoOcEipiQSoFOw,Customer_9922,2017-06-18 01:14:59,⭐⭐⭐⭐,Ordered to go through Uber Eats. Great burger and fries. A little pricey but the to go containers made it worth it. 4 stars only bc it was a little cold by time it got to my house. Will order again soon.,Uptown,Tavern,77.34,11.45,14.8,8,65+,Male,Mixed
_bk1_B7DVeOygrUqAEW5ng,Customer_8403,2015-10-18 21:58:29,⭐⭐⭐⭐⭐,,Uptown,Tavern,39.87,6.44,16.2,3,65+,,Other
B7oJ823S4CSlHydsgeTdng,Customer_1768,2014-04-21 20:18:30,⭐,"We normally love the tavern and eat here often. Cooks really are responsible for the customer experience as much as front of the house. When something is improperly cooked, the kitchen's job is to fix it. When I asked for my raw dish to be cooked a bit more, I received it incredibly overcooked. A translucent egg is raw. That is not sunny side up. A cool red center is not medium. That is medium rate. There are so many wonderful choices on Nashville, that kind of kitchen attitude is certainly bad for business. At the very least, the waitress could have sent a manager over at my obvious displeasure. Perhaps customer service is not important with the ""midtown"" crowd.",Uptown,Tavern,63.94,8.25,12.9,2,,Prefer not to say,Caucasian
Qa07cliS19dExGiWvp3EoA,Customer_6225,2014-01-19 00:37:58,⭐⭐⭐⭐⭐,"Chose the Tavern based on an article I read on the internet that many chefs in the area head to here for brunch and now I know why. My my my.... Perfect brunch on a gorgeous day.... Mimosas on the patio, pretzel pancakes that were scrumptious. Tehren was spot on with the servise we received. Highly recommend this place to anyone in Nashville or traveling through. Will certainly be back!",Uptown,Tavern,20.17,2.62,13.0,3,18-25,,Native American
IR4sVMnstCD57coNaQ3mEA,Customer_5073,2018-01-09 23:22:15,⭐⭐⭐⭐⭐,,Uptown,Tavern,18.72,4.02,21.5,1,,,African American
gFzr7vTZX7t7kRtaKJU_KQ,Customer_1395,2015-09-10 19:52:35,⭐⭐⭐⭐⭐,"Oldie but goodie. Still my favorite place for brunch. With an extensive menu of delicious food & 2-for-1s, a table is well worth the wait. Grab a drink @ the bar or stroll around Midtown; one of their gracious hostesses will send you a text when they are ready to seat you! My go-tos: tavern nachos w/ angry chicken, sweet potato fries & kale salad.",Uptown,Tavern,45.41,13.62,30.0,5,56-65,Prefer not to say,Other
NK-Y-Me_PssqgdrnRS7OdQ,Customer_1653,2018-06-09 20:08:21,⭐⭐⭐⭐,,Uptown,Tavern,47.24,8.73,18.5,4,36-45,,Other
0BDU3JP1pp6kK_nKyJvfVg,Customer_1344,2014-11-14 17:05:22,⭐⭐⭐⭐,"All around nice upper scale bar. Exactly what you would expect from a place like this. Tip: Get the Kale salad, even as a side. It's amazing.",Uptown,Tavern,33.45,6.85,20.5,1,56-65,,Caucasian
zd8u_QhxNXBoggQ6Mrz_ag,Customer_6536,2016-05-07 20:29:16,⭐⭐⭐⭐,Good stuff for brunch if you are drinking. Recommend getting there early as it was packed when we got there around 11 and there was a ton of people waiting when we left.,Uptown,Tavern,37.92,7.26,19.2,3,46-55,Non-binary,Other
Sw1F45atmHECRc0hc7BpRQ,Customer_4385,2017-10-14 22:52:04,⭐⭐⭐⭐,,Uptown,Tavern,47.87,7.23,15.1,5,65+,Female,Mixed
BTVRwQ4qi-9P83MSOtsMEg,Customer_3165,2017-10-15 11:34:25,⭐⭐⭐⭐,,Uptown,Tavern,43.29,6.75,15.6,3,26-35,,
fJWUhhqbqbEdnLaKpKoOZg,Customer_9243,2018-03-05 21:20:43,⭐⭐⭐,"Went here for a Saturday morning brunch and it wasn't that bad! 

Cons: the wait is crazy long (over an hour), the lighting is a bit dark, the music and atmosphere is crazy loud so prepare to scream your conversations, the drinks (specifically the mimosa) wasn't that strong and the food was good but average.

Pros: It's a nice trendy spot with fun music that you'll want to sing along to (especially after drinks). The staff was very attentive and friendly! And the prices aren't that bad (for downtown).

All in all it was a nice experience, but don't think I'll be in a hurry to go back.",Uptown,Tavern,44.32,0.0,0.0,2,,Prefer not to say,
qMoYM4m_CMrrXfnDRz9ZGw,Customer_8912,2018-05-31 01:26:53,⭐⭐⭐⭐,"We waited an hour and a half to eat at this restaurant for a party of 3. We sat at the bar where they offered 2 for 1 drinks. 2 drinks for the price of 1!! What could be better? Towards the end of our hour and a half wait we began to get to hungry so we ordered some fries. They were very yummy!! Since eating the fries, by the time we got our table and ordered a meal, I wasn't very hungry. So I didn't  eat much of the omelette I ordered. So I don't have much feedback for that.",Uptown,Tavern,38.91,0.0,0.0,1,56-65,Female,Caucasian
S15HB-F4CfmXT5m0ppL-Sg,Customer_2924,2014-01-02 19:19:41,⭐⭐⭐⭐,,Uptown,Tavern,37.17,10.24,27.6,2,56-65,Male,Native American
r6bGzYOXNhVMAtwSoomGRQ,Customer_2292,2016-01-30 05:37:42,⭐⭐⭐⭐,,Uptown,Tavern,80.54,15.7,19.5,3,65+,Female,Other
KNtUqjW0kPMDzq178KadfQ,Customer_9800,2016-05-07 15:24:13,⭐⭐⭐⭐⭐,So cute! A must stop on your Nashville adventure!!! Cutest drinks and brunch spot. I got the red sangria and an egg white and fruit brunch. My friends for mimosas. We are all so happy!,Uptown,Tavern,51.33,13.24,25.8,3,36-45,,Caucasian
u1wLsg-BqrPBsyo75_w57A,Customer_4948,2015-05-15 23:29:04,⭐⭐⭐⭐⭐,"Had a wonderful dinner at the tavern I had the chicken skewers, they we're delicious, wish they had more veggies in them however. But still they were great! My girlfriend got the Mahi sandwich and said it was perfectly blackened a Cajun tater that paired well with a creamy cucumber garnish, it was all really delicious! I got the house made cocktail ""Amerboire"".  So good I got 2!! Natalie was our server and she was so helpful and great! Made us feel right at home in Nashville! Can't wait  to come back",Uptown,Tavern,16.96,3.61,21.3,1,18-25,Male,Other
Jdvrv1PnYvSKXLQS3KsMzg,Customer_3603,2016-04-02 18:22:23,⭐⭐⭐⭐⭐,"On a girls trip to nashville the gentleman on the plane ride into town suggested this restaurant. We went during Brunch time on Saturday. Reasonable wait, but they text you when the table is ready. Everything was amazing. Highly suggest the stir-fry and tavern burger and obviously you have to try the white trash hash. Highly recommend for visitors and locals alike.",Uptown,Tavern,40.02,6.65,16.6,2,36-45,Female,
qMoYM4m_CMrrXfnDRz9ZGw,Customer_5466,2018-05-31 01:26:53,⭐⭐⭐⭐,"We waited an hour and a half to eat at this restaurant for a party of 3. We sat at the bar where they offered 2 for 1 drinks. 2 drinks for the price of 1!! What could be better? Towards the end of our hour and a half wait we began to get to hungry so we ordered some fries. They were very yummy!! Since eating the fries, by the time we got our table and ordered a meal, I wasn't very hungry. So I didn't  eat much of the omelette I ordered. So I don't have much feedback for that.",Uptown,Tavern,32.16,6.45,20.1,2,36-45,Non-binary,
NLVQbI5tUFqnFNz5ghSUjg,Customer_1929,2015-08-20 12:32:09,⭐⭐⭐⭐⭐,,Uptown,Tavern,22.59,4.04,17.9,4,65+,Female,Asian
ULAWZ1osipnDpvQIaZjN2w,Customer_5739,2011-08-03 04:39:32,⭐⭐⭐,"Overall: I've only been for brunch and was happy with it soo... nice place to relax and have a little hangover cure on a Saturday or Sunday morning.

Food/Drinks: There are LOTS of brunch options. The Singapore stir fry was great, though it appeared the eggs had been sitting under a heat light for a little while. Still, it was flavorful and not something I've seen anywhere else. I was less impressed with the red velvet waffles. They were extremely dense, and pretty much just tasted like pink waffles. Not bad, just not like red velvet. Be sure to order them with a side of maple syrup, it helps with the density factor. There are a handful of 2fer drink options on the very top of the menu and while they are expensive ($10.50,) from what I've tasted, they're pretty good (and strong.) Go for the blood orange mimosa.

Service/Atmosphere: Our waitress started out being extremely attentive and knowledgeable but kind of dropped off as the meal progressed. That would be understandable if the restaurant had gotten busier but it hadn't. Anyway, she was still nice so I won't complain anymore. The restaurant is very open but seems smaller than when it was under its old name (Lime.) I do like the big open bar, though.

Price: About $40 for 2 people to eat & get a drink a piece for brunch (not including tip)",Uptown,Tavern,43.71,10.3,23.6,3,18-25,,Mixed
N0VzM4PsaMp9HLY2u9dBPw,Customer_5461,2014-04-21 03:51:31,⭐⭐⭐⭐⭐,,Uptown,Tavern,71.97,10.68,14.8,2,,Prefer not to say,Other
LZ17wL4ZtBdoTfkmj9pKiQ,Customer_3167,2015-07-31 17:07:59,⭐⭐⭐⭐,,Uptown,Tavern,38.77,6.44,16.6,1,26-35,Female,Mixed
KGWd3WEX07THIBeotOVAVA,Customer_7159,2018-01-28 16:00:01,⭐⭐⭐⭐⭐,,Uptown,Tavern,44.92,15.72,35.0,2,26-35,Male,African American
SlRO6VnhpqQFWMKC-ZC3Pw,Customer_2207,2016-03-19 12:20:43,⭐⭐⭐⭐,,Uptown,Tavern,30.91,5.78,18.7,5,36-45,Male,African American
sENiF8KnKK-v8Jz8ejJVfw,Customer_8346,2012-12-10 03:18:29,⭐⭐⭐⭐,"Had a very pleasant dining experience at Tavern tonight. We arrived at 5 pm and it was pretty dead. It's a big place with a nice outdoor patio and a side patio that can be indoor/outdoor depending on the weather. The vibe seems pretty cool and laid back. Rock music and low lighting get a thumbs up in my book. 

I decided to try a sangria while I browsed over the menu. It did not disappoint. Very fresh and tasty. I decided on The Tavern burger with sweet potato fries. The burger was delicious! It's served on a ""meltaway"" bun which basically is just a really soft and yummy bun. The sweet potato fries were good as well. Not soggy at all which seems to happen a lot with sweet potato fries. The boyfriend really enjoyed his meal as well but I'll let him tell you about that in his own review. :) Because the dinner was so good, I decided to order a dessert, too. I opted for the cinnamon bread pudding with vanilla gelato on top. It was also delish! It was the perfect amount of sweetness and comfort to end my meal. 

Service was quick and friendly, food was good, and the atmosphere was relaxing. We will definitely be back.",Uptown,Tavern,64.33,10.83,16.8,4,46-55,,Other
L3M-tEgYRCOVb-0_NtU7bw,Customer_1849,2013-08-18 06:21:52,⭐⭐,"Well, the concept seems cool....but, not great service.  The waitress forgot our drinks - we has finished our appetizer and they had not arrived, so we cancelled them. We tried to order 1 of the 3 late night dinner entrees they offered, but they were all out.  Umm, bummer. We left and I don't think we will be back.",Uptown,Tavern,60.53,15.19,25.1,3,18-25,Prefer not to say,Other
wOPYYm4HSA2xfsDanat8wg,Customer_7077,2015-04-03 18:06:30,⭐⭐⭐⭐⭐,"Amazing food, great service! Melissa was so accommodating! We got seated right away too.",Uptown,Tavern,88.23,22.25,25.2,3,65+,,Hispanic
zUVTUEH9IQSHoapdn4YWhg,Customer_1131,2018-05-29 02:52:35,⭐⭐⭐⭐⭐,"I got the bazooka toast, it was amazing! A little bit pricey but totally worth it. So good it inspired me to give my first yelp review :)",Uptown,Tavern,56.01,10.99,19.6,2,56-65,Male,Caucasian
8Lpm7yJ4lBZr_kXZMaCZuQ,Customer_1717,2011-04-24 14:08:27,⭐⭐⭐⭐,,Uptown,Tavern,44.22,6.07,13.7,2,26-35,Male,Asian
RUKt-2f0UDKAyhaQubp5NQ,Customer_5297,2017-12-31 03:44:17,⭐⭐⭐⭐,"Unfortunately they don't take reservations. It was a crazy busy weekend and took about an hour to be seated. Sat on porch behind bar, they had propane heaters so it was plenty warm despite 15 degree weather. Service was very attentive and friendly. Food was great. Shasito peppers were perfect. Cauliflower was good and smoking hot spicy. Glad we waited.",Uptown,Tavern,40.44,9.81,24.3,3,65+,Female,
S30vbx-7LggV9-KCv5XFDQ,Customer_8659,2014-02-08 20:20:58,⭐⭐⭐⭐,,Uptown,Tavern,34.07,6.19,18.2,3,36-45,Female,Hispanic
Sw1F45atmHECRc0hc7BpRQ,Customer_7429,2017-10-14 22:52:04,⭐⭐⭐⭐,"Tavern has a nice variety of healthy options. They have a large section titled ""yolks"" which consists of the many different and funky ways you can serve an egg (we had one with salmon in an omelette and it was delicious). We also had the ""trail mix"" which consisted of bulgur, quinoa, and other healthy perks... a great way to start the morning. 2/1 brunch libations - I would recommend the Cucumber Mary.",Uptown,Tavern,38.12,7.47,19.6,3,56-65,,Other
kc6jSWjXzJGbo--F7ce9yw,Customer_8593,2016-06-26 20:18:19,⭐⭐⭐⭐⭐,"Fantastic brunch, bloody Mary's and blood orange mimosas were superb. The Red Velvet waffles, cheddar cheese, chorizo and gravy biscuits were great too and you must try the huevos rancheros, they will not disappoint. The service was also great.",Uptown,Tavern,25.23,4.95,19.6,1,,Prefer not to say,Native American
S1lv3xiwjmltqRXv0rU51Q,Customer_3245,2012-07-19 13:56:38,⭐⭐⭐⭐,Got the turkey blt. Excellent! Service was a little slow but we weren't in a rush.,Uptown,Tavern,43.76,8.43,19.3,2,36-45,,Native American
vSbBX6vSSB0ozgmfkfO3Hg,Customer_4688,2018-02-02 00:41:35,⭐⭐⭐⭐,"So... it took me a while to write this review but my visits have been so spread out in time. Bottom line is any way I love it!!!

My favorite server is Jaclyn and even though I got nothing but good service here I would say she's a superstar. So very helpful and friendly

Food wise I don't think you can go wrong. I have been all over the menu and had all good experience. Some of my favorites are the Parmesan fries, the buffalo cauliflower and the kale salad. The lettuce wraps are perfect if your not super hungry or just looking for something healthier, the black bean falafel is so yummy and their chimichanga is even better than Chuy's! 

The only bad thing is you can't book a table and it's usually a long wait in line, which I just hate.... bartenders are super hood working both the seated and people waiting behind so you can always get a drink at watch TV while waiting for your table. 
Watch out for the Saturday and Sunday brunches if you don't like a crowd, I love it though. The energy and the 2 for 1 mimosas, selected wines and spirits are a perfect start for your weekend morning. 

This is the perfect neighborhood restaurant that is neat, clean, romantic if you like or cool and full of sports if that",Uptown,Tavern,57.81,7.57,13.1,3,18-25,,Caucasian
_lO9NaG1VJlgjwzvESaT8g,Customer_9978,2017-07-19 01:43:49,⭐⭐,"Food tastes good but not worth the price. Drinks are overpriced as well. $11.50 for a small Moscow mule with stolii vodka. I got the grilled cheese and the grilled chicken skewers. Both tasted fine but nothing to write home about. The chicken came with rice but everything was very plain, nothing that would warrant the price I paid. My tab totaled $61 after tip for grilled cheese, chicken skewers, a beer, and a Moscow mule. For this reason I would not go back.",Uptown,Tavern,31.75,6.1,19.2,4,36-45,Non-binary,Asian
8hBiPbwlO6aKuGhkpj_20g,Customer_5636,2017-03-18 19:34:46,⭐⭐⭐,"Food was fantastic, service was so bad I wouldn't come back. They are severely understaffed, we finished eating 45 mins before we got the check. The hour and a half wait is completely unnecessary!",Uptown,Tavern,20.51,2.74,13.3,2,46-55,Prefer not to say,African American
EFEcTZKyxFLfG6R2w6UIvw,Customer_7078,2012-08-18 03:44:10,⭐⭐⭐⭐,,Uptown,Tavern,74.33,12.25,16.5,5,46-55,,
nU3yXbOMYoOcEipiQSoFOw,Customer_7224,2017-06-18 01:14:59,⭐⭐⭐⭐,Ordered to go through Uber Eats. Great burger and fries. A little pricey but the to go containers made it worth it. 4 stars only bc it was a little cold by time it got to my house. Will order again soon.,Uptown,Tavern,66.01,10.52,15.9,4,,Prefer not to say,Hispanic
1HGhLSTFblUVvsEajmaY6w,Customer_3286,2018-09-17 15:22:17,⭐⭐⭐⭐,,Uptown,Tavern,19.92,4.14,20.8,4,46-55,Male,
L6EpvJIV4WjNQ9CK1OsU5Q,Customer_3527,2013-07-20 16:56:35,⭐⭐⭐⭐,"Tavern is great for brunch, lunch or dinner. The atmosphere is casual, yet classy, with dim lighting as well as some natural light above the bar and in the front room of the restaurant. There are TVs for watching sports as well. In the Midtown area of downtown, this M Street restaurant has a nice bar and cozy half-moon booths. There is also a street-side patio (with very uncomfortable, wrought iron circle tables that do not fit well with the permanent wood bench) and valet parking.

For brunch, the white trash hash is a must with any dish. The cheddar cheese biscuits with chorizo gravy and turkey BLT were great savory dishes, but I have heard amazing things about the red velvet waffles.

For lunch and dinner, don't go with the grilled cheese. The menu has so much more to offer, and it's not the greatest grilled cheese I've ever had. The guacamole was a small serving, but fresh and with great flavor. The sweet potato chips with blue cheese fondue is to die for! I'm not a huge blue cheese fan, but this is the best cheese dip/fondue I've ever had! The chips are served fresh and warm. The mussels are also amazing, with bacon adding a unique taste. 

As for drinks, the strawberry balsamic martini is my favorite drink (on their menu and in the world).  Its sweet, with a small kick from the balsamic. Their whiskey drinks are strong and the berry julep is a good choice.

Overall, this is a great restaurant for any occasion from a business lunch to a hungover Sunday brunch. Be aware, they do NOT take reservations, which can be very frustrating, but the wait is worth it.",Uptown,Tavern,45.27,7.94,17.5,2,46-55,Male,African American
YtUt2x2ZuHB-nesS9jZNxQ,Customer_2030,2014-08-12 04:36:29,⭐⭐⭐⭐,"Great place. Good food. Good prices, $30 for 2 people.  Good service. Too loud on the inside but perfect for sitting outside. Try the pretzel sandwich with fries.",Uptown,Tavern,78.72,8.78,11.2,4,36-45,Male,Hispanic
L25HtdKcDrv9_qv0WNvF6g,Customer_2477,2018-07-08 18:29:39,⭐⭐⭐⭐⭐,I came here for my birthday brunch and was pleasantly surprised! Our server was wonderful and she talked a lot with us and made the expereince even better! Every single dish ordered from our table was delishous! Definitely one of he best brunch places in Nashville!,Uptown,Tavern,76.07,14.93,19.6,2,,Male,Mixed
B7oJ823S4CSlHydsgeTdng,Customer_8209,2014-04-21 20:18:30,⭐,"We normally love the tavern and eat here often. Cooks really are responsible for the customer experience as much as front of the house. When something is improperly cooked, the kitchen's job is to fix it. When I asked for my raw dish to be cooked a bit more, I received it incredibly overcooked. A translucent egg is raw. That is not sunny side up. A cool red center is not medium. That is medium rate. There are so many wonderful choices on Nashville, that kind of kitchen attitude is certainly bad for business.   At the very least, the waitress could have sent a manager over at my obvious displeasure. Perhaps customer service is not important with the ""midtown"" crowd.",Uptown,Tavern,11.18,2.63,23.5,1,36-45,Female,African American
hMwxC0Nfkh7Tu2rLgEgMBg,Customer_6039,2017-04-09 14:43:38,⭐⭐,Maybe they gave a great brunch? I had their burger for dinner it was not very good dry with little flavor. Fries were greasy. The servic was nice. Valet parking.,Uptown,Tavern,119.49,25.61,21.4,3,36-45,Male,Other
HKIrimFcdewa5Dxu7E-o_g,Customer_6986,2018-02-15 17:25:39,⭐⭐,,Uptown,Tavern,57.37,14.94,26.0,1,65+,Non-binary,
E6DAugRjP24LItD7BGW7zw,Customer_8540,2013-03-21 18:27:15,⭐⭐⭐⭐⭐,"My favorite place to eat and/or drink in Nashville.  

It's in midtown, which is local and away from the honky tonks.  The ambiance, food, drinks, and service is great.  And if anything, there is always good people watching.  I come to Tavern after church for brunch, out with my girlfriends for drinks, or out to a nice fun dinner with my boyfriend. 

My birthday was on a Wednesday last year, which is 2-for-1's night. I came with my girlfriends and had my favorite dessert, their S'mores!  So much fun!

When asked where do I want to go for brunch? Lunch? Dinner? or just a night out...I always pick Tavern.",Uptown,Tavern,50.64,6.74,13.3,2,65+,Male,Other
Cy9RvBBa-7zC9fOnVDmkmw,Customer_5920,2017-01-29 05:37:39,⭐⭐⭐,"We came here based off a recommendation from our hotel.  The food was fine but nothing impressive.  It was basic bar food.  The music was way too loud.  Impossible to have a conversation and we were there at 5:30 on a Saturday.  If you're in from out of town, try another place for dinner.",Uptown,Tavern,42.13,5.92,14.1,3,46-55,,Asian
vdk9BIqgbcQDkWQPwbBoMA,Customer_3016,2015-05-31 20:05:57,⭐⭐⭐,"Cute restaurant and great location. Service was poor. Waitress took 15 minutes to greet us and get our drink orders. Would have been okay, but she had slight attitude the rest of the night and made us seem more like a burden. Food was good. Not great, but good! Also, it was uncomfortably chilly, so bring a jacket.",Uptown,Tavern,82.23,10.95,13.3,3,26-35,Non-binary,
_mszOYlLvQN8_xsk7D7r0w,Customer_8536,2017-09-10 13:58:13,⭐⭐⭐⭐⭐,"This place was AMAZING! I found it on yelp and saw the reviews, knew my dad and I had to check it out. We immediately got a killer spot at the bar and was greeted by the nicest bartender we've come across in Nashville this far. I had some white wine and my dad had beer on tap. We split (demolished) the nachos- I highly recommend adding chicken!! I could have ordered everything else on the menu but the nachos were super filling. Very hip place, highly recommend",Uptown,Tavern,81.04,11.46,14.1,3,18-25,Non-binary,
Cy9RvBBa-7zC9fOnVDmkmw,Customer_4979,2017-01-29 05:37:39,⭐⭐⭐,"We came here based off a recommendation from our hotel. The food was fine but nothing impressive. It was basic bar food. The music was way too loud. Impossible to have a conversation and we were there at 5:30 on a Saturday. If you're in from out of town, try another place for dinner.",Uptown,Tavern,67.16,26.86,40.0,1,46-55,Prefer not to say,Hispanic
rwTVjtPHfSAc5411N4aDHg,Customer_1097,2015-07-18 02:01:27,⭐⭐⭐⭐,"Came for brunch on Fathers Day, packed! We were able to get a spot at the bar right away and ate there. Food was above average and the bartenders were quick and attentive.",Uptown,Tavern,126.04,16.8,13.3,5,18-25,,African American
VHq8eppUvd0LnGvgmQV1Bg,Customer_8085,2016-06-24 02:19:45,⭐⭐⭐⭐⭐,Oh wow. Yummiest!  Sweet potato chips with warm blue cheese sauce. Awesome. Two for one drink special til 10 pm. Perfect. Philly cheese steak egg rolls that were to die for. Great night out. Probably too cool of a place for this old gal.  I wish I was hungrier.,Uptown,Tavern,94.36,18.6,19.7,2,26-35,Female,African American
IYPW6D-FXZeFM0Ri9hoLtw,Customer_8848,2018-01-01 19:25:58,⭐⭐⭐⭐⭐,"Great brunch and cocktails! The Nooner, Roasted Peppers and Squash, and Blueberry Waffles were great. Very good Bloody Mary, red sangria, and signature craft cocktails.",Uptown,Tavern,83.8,12.58,15.0,2,65+,Female,Asian
T9notipZzakxsGqZNrR2Fg,Customer_5736,2017-04-30 16:40:19,⭐⭐⭐⭐⭐,"First and foremost, this place is worth the wait. If you are planning to eat here, and didn't come before opening, expect at least a 20-30 minute wait if you're lucky. We got here right when the doors opened and only had to wait 20 minutes to get seated. The food is everything it's hyped up to be, and the service was really great. So, as said earlier, this place is worth the wait.",Uptown,Tavern,25.86,4.83,18.7,2,26-35,,African American
o_jKYWFuFfuVAs2R3-vPiw,Customer_7468,2016-09-30 22:31:14,⭐,"SUPER DISAPPOINTED...recommended by a friend, came here to have a drink and an appetizer with my boyfriend, sat down at 5 o'clock at the bar and waited 25 minutes before we decided to get up and walk out. The bar was hardly full, 2 seats available as soon as we walked in and the restaurant itself was relatively empty. The bartender walked down and helped another couple but never acknowledged us. Hope others have a better experience because it is a good looking restaurant.",Uptown,Tavern,17.52,6.13,35.0,6,46-55,,African American
_YFRLnmfK_00lfI_j8D-bA,Customer_4879,2014-12-20 20:42:02,⭐⭐⭐⭐,"Tavern has a great brunch situation if you are looking to have drinks. 2 for 1 mimosas, bellinis, bloody Mary's and sangria make for a great start to the day. Brunch can get very packed during peak hours so you want to get there early on Saturdays and Sundays.",Uptown,Tavern,46.21,10.32,22.3,3,65+,Female,Asian
OM7GeVeySv-MB1zH8YIq4A,Customer_6540,2011-06-30 15:41:36,⭐⭐⭐,,Uptown,Tavern,122.16,15.99,13.1,2,18-25,Female,Asian
vdk9BIqgbcQDkWQPwbBoMA,Customer_2069,2015-05-31 20:05:57,⭐⭐⭐,"Cute restraunt and great location. Service was poor. Waitress took 15 minutes to greet us and get our drink orders. Would have been okay, but she had slight attitude the rest of the night and made us seem more like a burden. Food was good. Not great, but good! Also, it was uncomfortably chilly, so bring a jacket.",Uptown,Tavern,63.07,5.94,9.4,2,26-35,Female,African American
wOPYYm4HSA2xfsDanat8wg,Customer_9104,2015-04-03 18:06:30,⭐⭐⭐⭐⭐,"Amazing food, great servic! Melissa was so accommodating! We got seated right away too.",Uptown,Tavern,19.6,4.14,21.1,2,56-65,,African American
BzmEOiTGKggT-HAfQiLrNg,Customer_1148,2018-03-17 17:58:38,⭐⭐⭐⭐⭐,,Uptown,Tavern,40.31,7.0,17.4,1,46-55,Non-binary,Mixed
xe5QQ8zC45aqjUWoHshDlA,Customer_6378,2012-06-01 23:40:31,⭐⭐⭐⭐⭐,,Uptown,Tavern,23.99,5.37,22.4,4,65+,Non-binary,African American
sENiF8KnKK-v8Jz8ejJVfw,Customer_1943,2012-12-10 03:18:29,⭐⭐⭐⭐,,Uptown,Tavern,17.1,5.99,35.0,2,36-45,Prefer not to say,Hispanic
EFEcTZKyxFLfG6R2w6UIvw,Customer_3036,2012-08-18 03:44:10,⭐⭐⭐⭐,"I've been to Tavern a variety of times since it opened and have had a lot of fun trying their dishes.  Really delish food and great atmosphere.

For brunch, my favorite would be the Singapore Stir Fry - yum!!  I also love their brunch drinks - my two favs are the Bellini Sparkle and the Blood Orange Mimosa

Lunch/Dinner: The Bucket of Mussels, Mahi Sandwich, and the Tuscan Kale & Parmesan Salad

Dessert: hands down the S'mores - had some out of town guests in recently and took them just for s'mores and drinks late night, and it was such a blast - I felt like a kid roasting marshmellows all over again but in a much classier manner :)

Late night weekends is also really fun at Tavern with the music, but definitely hard to hold a conversation with anyone if you are eating during that time.",Uptown,Tavern,41.76,9.81,23.5,1,65+,Prefer not to say,Native American
vSbBX6vSSB0ozgmfkfO3Hg,Customer_4497,2018-02-02 00:41:35,⭐⭐⭐⭐,,Uptown,Tavern,16.45,4.04,24.6,2,26-35,Prefer not to say,African American
Qa07cliS19dExGiWvp3EoA,Customer_9073,2014-01-19 00:37:58,⭐⭐⭐⭐⭐,,Uptown,Tavern,28.0,4.8,17.1,3,46-55,Female,Asian
w_ZtMqhy58U9uB3jT8ieig,Customer_7785,2012-06-30 04:30:47,⭐⭐⭐⭐,,Uptown,Tavern,83.96,11.58,13.8,1,56-65,Male,Other
LZ17wL4ZtBdoTfkmj9pKiQ,Customer_1056,2015-07-31 17:07:59,⭐⭐⭐⭐,"The food here is outstanding. I generally get the Tavern Burger, which is legitimately one of the best in town. The desserts are great as well; for instance, they let you make s'mores at your table. Furthermore, the beer selection is fairly robust, usually with several local breweries on tap. The downside here is the servic. First, it's usually quite slow, even when the dining room is not too busy. It's taken over an hour to get my lunch before, and not during peak hours. However, the pace does not bother me as much as some of the staff's snooty demeanor. The hostesses in particular are generally a bit condescending, which is off-putting. The wait staff themselves are usually a bit better; you can tell they work for tips, whereas the hostesses quite clearly do not. All in all a good spot for lunch or supper, though.",Uptown,Tavern,63.45,10.48,16.5,1,36-45,Male,Asian
rEp28myVdzrisZxCjrFwTA,Customer_3776,2011-07-11 17:44:12,⭐⭐⭐⭐⭐,"What a fabulous new place to dine! The staff is extremely friendly, the food is creative and they have the BEST burger in town! Not only is the food great, but their use of social media is as well. I sent a tweet out about how great their burger is and received a nice card and gift certificate for my next dining experience. Nicely done, guys!",Uptown,Tavern,19.7,4.87,24.7,6,,Non-binary,African American
LZ17wL4ZtBdoTfkmj9pKiQ,Customer_8748,2015-07-31 17:07:59,⭐⭐⭐⭐,"The food here is outstanding. I generally get the Tavern Burger, which is legitimately one of the best in town. The desserts are great as well; for instance, they let you make s'mores at your table. Furthermore, the beer selection is fairly robust, usually with several local breweries on tap. The downside here is the service. First, it's usually quite slow, even when the dining room is not too busy. It's taken over an hour to get my lunch before, and not during peak hours. However, the pace does not bother me as much as some of the staff's snooty demeanor. The hostesses in particular are generally a bit condescending, which is off-putting. The wait staff themselves are usually a bit better; you can tell they work for tips, whereas the hostesses quite clearly do not. All in all a good spot for lunch or supper, though.",Uptown,Tavern,17.11,4.22,24.7,2,36-45,Male,African American
Qa07cliS19dExGiWvp3EoA,Customer_5427,2014-01-19 00:37:58,⭐⭐⭐⭐⭐,,Uptown,Tavern,46.6,8.22,17.6,3,65+,Prefer not to say,
mr3pVSBaVYi17pJViaJS0Q,Customer_7010,2013-07-13 02:08:45,⭐⭐⭐⭐,,Uptown,Tavern,41.03,5.92,14.4,2,46-55,Prefer not to say,Other
0IMoUZGJ0pKmvm_li-OYQg,Customer_1039,2015-09-10 02:42:58,⭐⭐,"Food was just about ok. Service very average and slow. Also, charging extra for something as simple as soy sauce is a bit strange when their other condiments were complimentary. Bar staff was good though.",Uptown,Tavern,31.8,4.89,15.4,2,46-55,Female,Caucasian
K6PCShQxniv8LuDPuEnKxQ,Customer_5015,2017-05-27 04:05:35,⭐⭐,,Uptown,Tavern,88.52,8.62,9.7,2,26-35,,Mixed
SlRO6VnhpqQFWMKC-ZC3Pw,Customer_7611,2016-03-19 12:20:43,⭐⭐⭐⭐,"5/5 drinks. 
5/5 food. The burger was so delicious, I'm glad I went with our server's direction. The Tuscan fries were an interesting side and the parmesan and red pepper was a great way to make it unique. 
3/5 the wait. You can get drinks at the bar while you wait, which helps soften the wait time, but be prepared to wait multiple hours on a popular night especially if you come at peak times with a group of people. 
5/5 service.",Uptown,Tavern,39.93,7.81,19.5,2,,Non-binary,Other
zYavfZkxEPNVcNVhouq5kA,Customer_5632,2015-07-30 00:34:18,⭐⭐⭐⭐,,Uptown,Tavern,57.08,3.73,6.5,3,36-45,Non-binary,
2-DPy6cNvDLZZD4x-tMvRA,Customer_4564,2017-06-19 02:14:48,⭐⭐⭐⭐⭐,"You find yourself in an unfamiliar city, it's raining, and you need to duck in somewhere. You choose Tavern Midtown. The ambiance is modern rustic. Great music, and knowledgeable, friendly bartenders await. Per recommendation, I decided on the Tavern Burger and fries. For more detail, ribeye & filet beef blend with a perfectly toasted bun, two slices of red onion, thick cut tomato, four evenly cut pickle chips, two slices of bacon, and three roasted green chilis. Perfectly cooked throughout, it is the perfect dinner to satisfy the palate during this business trip. The Belgian fries are not too soggy, not overly salted. As good served with roasted garlic aioli as they are with the Louisiana XX hot sauce. Food: 5/5 Ambiance: 4/5 Staff: 5/5 Come back factor: 6/5 Thank you for a great experience!",Uptown,Tavern,52.35,20.94,40.0,4,,,
fJWUhhqbqbEdnLaKpKoOZg,Customer_9874,2018-03-05 21:20:43,⭐⭐⭐,,Uptown,Tavern,66.71,15.11,22.7,2,,,Hispanic
N0VzM4PsaMp9HLY2u9dBPw,Customer_9291,2014-04-21 03:51:31,⭐⭐⭐⭐⭐,"Gluten free menu!!!! Staff is kind and knowledgable. Food is DELICIOUS. Selection of wine is large, but not overwhelming. From the start to finish the Tavern was enjoyable. Tricia behind the bar was wonderful and a huge shout out to the server that's gluten free (I didn't catch her name!) and helped me with my food- you're the best! So so happy I came here. You made my night.",Uptown,Tavern,37.11,2.84,7.6,2,56-65,,Mixed
uWTEzKQTi_oI8-D8Fk07PQ,Customer_1232,2018-07-08 05:00:47,⭐⭐,,Uptown,Tavern,30.51,7.26,23.8,1,56-65,Female,African American
hMwxC0Nfkh7Tu2rLgEgMBg,Customer_8151,2017-04-09 14:43:38,⭐⭐,,Uptown,Tavern,51.56,9.13,17.7,2,26-35,Female,Asian
BTVRwQ4qi-9P83MSOtsMEg,Customer_5214,2017-10-15 11:34:25,⭐⭐⭐⭐,,Uptown,Tavern,24.84,6.94,27.9,1,18-25,Female,Hispanic
2-DPy6cNvDLZZD4x-tMvRA,Customer_9743,2017-06-19 02:14:48,⭐⭐⭐⭐⭐,"You find yourself in an unfamiliar city, it's raining, and you need to duck in somewhere. You choose Tavern Midtown. The ambiance is modern rustic. Great music, and knowledgeable, friendly bartenders await. 

Per recommendation, I decided on the Tavern Burger and fries. For more detail, ribeye & filet beef blend with a perfectly toasted bun, two slices of red onion, thick cut tomato,  four evenly cut pickle chips, two slices of bacon, and three roasted green chilis.  Perfectly cooked throughout, it is the perfect dinner to satisfy the palate during this business trip.  The Belgian fries are not too soggy, not overly salted. As good served with roasted garlic aioli as they are with the Louisiana XX hot sauce.

Food: 5/5
Ambiance: 4/5
Staff: 5/5
Come back factor: 6/5

Thank you for a great experience!",Uptown,Tavern,116.23,20.26,17.4,2,18-25,Male,Mixed
e9xv13-dhqgqTPBJuW1F9w,Customer_6561,2016-04-01 12:50:36,⭐⭐⭐⭐,"After a failed attempt at a much busier and more popular restaurant nearby, we found the Tavern to be the perfect spot to start off our Nashville trip. 

There was no wait on a Friday night around 11pm. We were starving and impatient for something satisfyingly unhealthy and delicious. 

The two of us definitely over-ordered. After we received our beer and cider orders, we placed our gargantuan order for two: the Tuscan style Tavern fries, which was HUGE, the chips and guacamole and the fish and chips. Obviously, the healthy factor was not an issue.

Everything was tasty, just in huge portions. The Tavern fries were easy to munch on, although there was way too much. We probably could have ordered this alone. But I guess if an order of fries cost $6.50, I wouldn't expect just a small tin.

The guacamole was interesting. The goat cheese gave it a different flavor - but I liked it. There were so many chips but at the same time, there was a lot of guac. 

The fish and chips wasn't bad, not mind blowing either. It was so greasy I could only take several bites before calling it quits. I love when my fried fish is super tender and juicy, but this was a bit much. When each bite you take the grease seems to flow out into your mouth, it may be too much.

Overall, a delicious late night meal for ones who were unable to wait 45 minutes for a table at 9:30pm elsewhere... I'd definitely come back here for a couple beers and an order of their Tavern fries.",Uptown,Tavern,37.03,7.94,21.4,1,18-25,Male,Hispanic
o_jKYWFuFfuVAs2R3-vPiw,Customer_3676,2016-09-30 22:31:14,⭐,"SUPER DISAPPOINTED...recommended by a friend, came here to have a drink and an appetizer with my boyfriend, sat down at 5 o'clock at the bar and waited 25 minutes before we decided to get up and walk out. The bar was hardly full, 2 seats available as soon as we walked in and the restaurant itself was relatively empty. The bartender walked down and helped another couple but never acknowledged us. Hope others have a better experience because it is a good looking restaurant.",Uptown,Tavern,41.37,8.69,21.0,3,26-35,,Native American
3ZrmT7chVxeSq7HUeVCVhA,Customer_5918,2011-08-28 03:27:18,⭐⭐⭐⭐,,Uptown,Tavern,32.7,7.62,23.3,3,65+,Female,Mixed
qoeHxf8mW1wZxAHhOsJmAw,Customer_9257,2015-11-08 20:52:20,⭐⭐⭐⭐,Go for the buffalo cauliflower! What better combination could you ask for?! The drinks also are delicious. The space is large and draws a mix after work - a great place for happy hour.,Uptown,Tavern,36.57,5.26,14.4,1,18-25,,African American
Fy8WWMVQlLKrk5sBu_aR9g,Customer_3109,2013-05-11 14:43:31,⭐⭐⭐⭐,,Uptown,Tavern,33.89,7.18,21.2,3,56-65,,
D3nia5r9M1UMtQbthNRxVA,Customer_5753,2011-05-30 15:37:35,⭐⭐⭐⭐,"Tavern (used to be Lime, which has moved) is great!  It is an M Street restaurant, along with Whiskey Kitchen, Virago and (their ""crown jewel"") Kanye Prime steakhouse.    

First of all, I love the location.  It's right on Broadway - near Patterson, 12th South, Red Door, etc.  

Second, it's trendy enough without feeling overly pretentious.  I dig the layout - there are two outdoor seating area options (which we didn't do because of the cicadas), and the inside is very well done.  There are TV's all over the place, the bar is stocked, and there is a decent amount of tables.         

Third, the service (for us) was very good.  Granted, we went on the Sunday before Memorial Day - so it was relatively empty, but still.  Our server was attentive, but not overly so where you feel like you couldn't enjoy your meal in peace.    

And forth, the cuisine.  I would describe their menu as all over the place goodness.  :)  It's so varied, but it all sounds great.  
APPS:  
We've heard many good things about the guacamole, so we tried it:  The Bazooka Guacamole - with avocado, goat cheese and pistachio.  I liked the creaminess of the guac, but wanted more spice / flavor.  Luckily for me there were three different hot sauces available labeled as X, XX, and XXX.  Yum.  (PS - there is also homemade BBQ sauce.)  A lot of other app options sounded great, too.  We'll probably try something else next time like the Lobster Hushpuppies or the Eggrolls. 
ENTREES:
I was so overwhelmed with the variety on their menu, that last minute I went for the Tavern Burger with White Cheddar - and I switched the Belgian Fries for the Tennessee Fries (sweet potato with jalapeno ketchup.)  .  The fries were great, and the burger was one of the best burgers in N'ville.  My husband was deciding between three completely difference options as well:  The Basket of Fish, the Nachos with Pork or one of the Taco options.   Like me, he ordered last minute and got the Pork Nachos.  I doubt he would have if he had thought about it for even a second since we already ordered the guac which came with a bag of chips...but c'est la vie.  They were delish.  
LIBATIONS:
Some of their drinks were pricey, some were reasonable.  Just be cautious when you order because your bill could add up quickly if you get the specialty cocktails... I got a $7 glass of wine, and my husband got a beer for $4.75.  Comparing Tavern to similar places, it seemed okay to me.  :)  
LATE NIGHT: 
From 11PM to 1AM they have a late night menu.
WEDNESDAYS:
2-4-1's.

I'll be returning to Tavern for sure.",Uptown,Tavern,45.98,9.86,21.4,2,56-65,Male,Other
AujPDhPrIDBIbO7lcHkQnQ,Customer_4275,2018-09-25 20:39:34,⭐⭐,Truly not worth the wait. I've tried a couple dishes and nothing has been great- wouldn't really recommend. Almost everything I have tried has either been too dry or too salty. The ambiance is nice but it's pretty slow. The only good food item is their fries.,Uptown,Tavern,16.71,2.64,15.8,2,36-45,,Mixed
0aPl5G1wRuvHtl29W3r7Dw,Customer_9789,2018-03-23 16:01:31,⭐⭐⭐⭐,"Food is great, drinks are great, deals are great (Brunch with 2-4-1 drinks? Heck yeah!). The menu is extensive and interesting, with unique twists on classic dishes. The service is also great, but I am withholding a fifth star due to the management's seating policies.

We came for brunch on a Sunday expecting an hour plus wait, so when the hostess informed us it would be 1hr45m we weren't surprised. However, we became frustrated when we noticed there were 4 open tables on the patio that still hadn't been seated after an hour of waiting. It was a beautiful day so we asked the hostess about it and she said that the tables were reserved. When we asked again, she explained that the patio tables were not assigned to a specific server but were instead added on to a server's load inside, so they weren't seating them because they didn't want to overwhelm the servers. Totally understandable to not want to overwork your servers, but why not seat people with the caveat that service will be slower? Or better yet, why not specifically assign a server to the outdoor section so that wait times will be lower? Having worked in the service industry, our group was confused by this. We ended up just sitting at one of the empty patio tables until the hostess notified us that a table was ready. 

We ordered the Cheddar Biscuit, the Wood Fire Double Yokes, and a Turkey Feta Omelette from the specials board and all were delicious. The biscuit comes in a trio and though it doesn't look like a lot of food they are VERY filling. Our server surprised us with a side of White Trash Hash on the house because our food was taking longer than expected (we didn't even notice the timing, so it was a very nice gesture). The White Trash Hash is a must, this stuff is addicting! Potatoes, rice, and gooey cheese- who could ask for more.

Overall, great place for brunch in Nashville. Expect a long line but food worth the wait. Hopefully management can improve their seating policies to cut down on wait times in the future.",Uptown,Tavern,48.7,17.05,35.0,5,46-55,Male,Mixed
NixE0NEmzbOF81uRQIUkag,Customer_5412,2015-04-05 03:26:58,⭐⭐⭐⭐⭐,"Seriously, the best place I've been to in Nashville (so far). The food was excellent, and there is plenty of variety to make everyone happy. Definitely eating here again soon.",Uptown,Tavern,45.76,13.01,28.4,4,,Prefer not to say,Asian
fJWUhhqbqbEdnLaKpKoOZg,Customer_9873,2018-03-05 21:20:43,⭐⭐⭐,,Uptown,Tavern,36.36,7.36,20.3,2,18-25,,
1JOtU5njH8oXZCSpxq_dzw,Customer_2955,2014-12-23 21:35:24,⭐⭐⭐⭐⭐,"Gastropub delight! I have to stop here every time I come to Nashville for business. I haven't had a single thing from the menu that I did not love. The grilled cheese was amazing, the soup tasty, the drinks... Mmmmmmm. Try the one with agave. The truffle fries are perfect, and be sure to top it all off with s'mores you make at the table. I've enjoyed eating outside, inside, at the bar... and have taken food to go when I didn't have time to relax. The decor is rustic and interesting. Depending on the time of day, it can be a quiet spot to relax or it can get really noisy at happy hour. 

The one drawback is the prices. A bit on the high side, but okay for someone like me who only does this occasionally for a treat. If you were a local, it might set you back if you became a regular.",Uptown,Tavern,42.71,11.05,25.9,6,56-65,Male,African American
78SJbrLLX0TnzZThv9H-Pw,Customer_3169,2018-05-23 12:44:02,⭐⭐⭐,Don't order the fish tacos- they were very disappointing. I didn't even want to eat them. Order the burger. It was very good. Restaurant is a little overpriced for what it is.,Uptown,Tavern,65.76,14.51,22.1,2,46-55,Non-binary,Mixed
EqZxe5N6W_JI9RuFXETDzg,Customer_8366,2012-05-08 07:53:04,⭐⭐,,Uptown,Tavern,29.51,6.61,22.4,3,46-55,Non-binary,Mixed
to3Ti9YB_OpNG3TX2Ux6xw,Customer_7530,2014-03-17 16:30:24,⭐⭐⭐⭐⭐,"Burger was amazing.  So juicy, cooked to perfection - ordered it medium rare, and it was!  Fries was delicious as well.  thank you!",Uptown,Tavern,31.18,3.63,11.6,2,,Non-binary,
bI1cuNWVGabUUF-n0Kb3pw,Customer_3820,2015-05-30 03:18:24,⭐⭐⭐⭐⭐,The girls and I always go to Tavern for Sunday night dinners. Our favorite waitress Sarah Michelle delivers the best service. She knows our drinks and never steers us wrong on what to try to eat next. The buffalo cauliflower is so yummy but nothing compares to the S'mores for dessert.,Uptown,Tavern,80.16,8.91,11.1,2,46-55,Non-binary,Caucasian
NixE0NEmzbOF81uRQIUkag,Customer_8313,2015-04-05 03:26:58,⭐⭐⭐⭐⭐,"Seriously, the best place I've been to in Nashville (so far). The food was excellent, and there is plenty of variety to make everyone happy. Definitely eating here again soon.",Uptown,Tavern,105.29,19.03,18.1,3,,Prefer not to say,African American
OQYYoKzjkdcKQoTdzO2ZZg,Customer_2745,2017-02-13 02:57:05,⭐⭐⭐,"I went to Tavern on a Saturday night and waited about 20 minutes for our table for 2, which really is pretty good! We ordered a few plates to share- egg rolls, fish tacos and Tuscan fries. The egg rolls were served with queso and salsa... for a Chinese food... that was weird. When I've had garlic Parmesan fries in the past, they're usually served with a dipping sauce of some kind, but these were not. We were given a heaping serving of them that 2 of us couldn't finish though. The fish tacos were by far the best dish we had- HIGHLY reccomend them! Our waitress was very nice, though it took her quite a few minutes to actually come over to us initially to take drink orders. Other than that she was wonderful. We each ordered a cocktail and they were strong for sure- I was just unimpressed with both. The julep was decent. The second drink was a grapefruit/lemon lime/ vodka drink that tasted like I drank straight grapefruit juice instead of a mixed drink... to be fair, the waitress did ask if I wanted it remade. The ambiance was great, and it was definetly crowded. They had a DJ playing music and it was a younger crowd.",Uptown,Tavern,59.65,5.46,9.1,2,36-45,Non-binary,Native American
kAIukFS_Y89PbmQ7Qh-FTw,Customer_8738,2016-09-30 23:50:10,⭐⭐⭐⭐,"Lots of good options in this area and the tavern is definitely one of them.  I came here for drinks one night and lunch during the day.   A bit of a wait for dinner so make sure you get a reservation if you can.

We got an appetizer - buffalo cauliflower.  It's slightly breaded and engulfed in buffalo sauce.  Good taste, but would've preferred to have it a bit crispier.  

Ordered the burger - cooked medium, lettuce, tomato, American (cheese is extra).  The fries were okay - comes in a little fryer basket.  The burger had a good sear on the outside and properly seasoned with salt.  

Good spot for food and drinks.",Uptown,Tavern,26.13,0.0,0.0,2,26-35,Female,Asian
SJg1y9tjPwgOarQTgYmvcw,Customer_7976,2018-05-30 12:41:09,⭐⭐⭐⭐,"Good fun place, appetizers are fun, and different! Place is always full of nice people, good energy. Great for large or small groups. Fun times!",Uptown,Tavern,123.97,35.08,28.3,2,,Female,Mixed
oY9uiqQGexQ1ZZ7E3ZiD9g,Customer_1686,2018-06-12 04:02:23,⭐,,Uptown,Tavern,44.73,5.54,12.4,2,46-55,Male,Asian
D3nia5r9M1UMtQbthNRxVA,Customer_5387,2011-05-30 15:37:35,⭐⭐⭐⭐,"Tavern (used to be Lime, which has moved) is great! It is an M Street restaurant, along with Whiskey Kitchen, Virago and (their ""crown jewel"") Kanye Prime steakhouse. First of all, I love the location. It's right on Broadway - near Patterson, 12th South, Red Door, etc. Second, it's trendy enough without feeling overly pretentious. I dig the layout - there are two outdoor seating area options (which we didn't do because of the cicadas), and the inside is very well done. There are TV's all over the place, the bar is stocked, and there is a decent amount of tables. Third, the service (for us) was very good. Granted, we went on the Sunday before Memorial Day - so it was relatively empty, but still. Our server was attentive, but not overly so where you feel like you couldn't enjoy your meal in peace. And forth, the cuisine. I would describe their menu as all over the place goodness. :) It's so varied, but it all sounds great. APPS: We've heard many good things about the guacamole, so we tried it: The Bazooka Guacamole - with avocado, goat cheese and pistachio. I liked the creaminess of the guac, but wanted more spice / flavor. Luckily for me there were three different hot sauces available labeled as X, XX, and XXX. Yum. (PS - there is also homemade BBQ sauce.) A lot of other app options sounded great, too. We'll probably try something else next time like the Lobster Hushpuppies or the Eggrolls. ENTREES: I was so overwhelmed with the variety on their menu, that last minute I went for the Tavern Burger with White Cheddar - and I switched the Belgian Fries for the Tennessee Fries (sweet potato with jalapeno ketchup.) . The fries were great, and the burger was one of the best burgers in N'ville. My husband was deciding between three completely difference options as well: The Basket of Fish, the Nachos with Pork or one of the Taco options. Like me, he ordered last minute and got the Pork Nachos. I doubt he would have if he had thought about it for even a second since we already ordered the guac which came with a bag of chips...but c'est la vie. They were delish. LIBATIONS: Some of their drinks were pricey, some were reasonable. Just be cautious when you order because your bill could add up quickly if you get the specialty cocktails... I got a $7 glass of wine, and my husband got a beer for $4.75. Comparing Tavern to similar places, it seemed okay to me. :) LATE NIGHT: From 11PM to 1AM they have a late night menu. WEDNESDAYS: 2-4-1's. I'll be returning to Tavern for sure.",Uptown,Tavern,102.14,23.89,23.4,2,26-35,,Other
uWTEzKQTi_oI8-D8Fk07PQ,Customer_6452,2018-07-08 05:00:47,⭐⭐,Waited 1.5 hours in the bar next door to eat at this overhyped egg factory. Not worth it what so ever. Go to Hattie bs or princes and skip it.,Uptown,Tavern,50.87,11.0,21.6,4,56-65,,Asian
ve34O0LAyheEh4Txtq5VYQ,Customer_5554,2013-10-31 16:35:09,⭐⭐⭐⭐,"Went to Tavern for brunch on Saturday morning and fell in love! We got there a few minutes before 10, when they open, and were seated right away. This is definitely the way to do it, because 30 minutes later, there was already a long wait. I ordered the Singapore Stir-Fry ($9.50) and was totally happy with it. Rice stir-fried with bacon and green onion, with a perfectly cooked over-easy egg. My only complaint was that it was a little bit on the salty side, likely due to the stir-fry sauce combined with the bacon. But if you're okay with salty food, I would definitely recommend it! I cannot wait to go back to Tavern and try other brunch menu items because everything on the menu sounded so delicious and creative!",Uptown,Tavern,55.07,9.59,17.4,4,26-35,Non-binary,Caucasian
4b5YwUYv8RByje54vuaGZg,Customer_2084,2017-01-03 04:33:22,⭐⭐⭐⭐⭐,"I decided I wanted to spend my birthday in Nashville, and I was ultimately excited about finding the perfect spot for brunch. I spent tons of time reading through Yelp reviews trying to find the perfect location and finally narrowed it down to the Tavern.

We arrived a few minutes before they opened on a Sunday and were immediately directed to a table. Our waitress recommended the Tavern Tuscan Fries which were good and the portion was huge for two people. I loved the 2-for-1 drinks, and the Bellini Sparkle was my favorite. I ordered the Singapore Stir Fry which was delicious and was recommended by our waitress. 

Tavern definitely met my expectations, and I can't wait to make another visit for lunch or dinner.",Uptown,Tavern,39.57,7.67,19.4,2,46-55,,
ixQL38jMU5o0l45m13PWSA,Customer_8978,2015-10-17 19:51:53,⭐⭐,,Uptown,Tavern,27.34,3.65,13.3,4,36-45,Non-binary,African American
kAIukFS_Y89PbmQ7Qh-FTw,Customer_5428,2016-09-30 23:50:10,⭐⭐⭐⭐,"Lots of good options in this area and the tavern is defintely one of them. I came here for drinks one night and lunch during the day. A bit of a wait for dinner so make sure you get a reservation if you can. We got an appetizer - buffalo cauliflower. It's slightly breaded and engulfed in buffalo sauce. Good taste, but would've preferred to have it a bit crispier. Ordered the burger - cooked medium, lettuce, tomato, American (cheese is extra). The fries were okay - comes in a little fryer basket. The burger had a good sear on the outside and properly seasoned with salt. Good spot for food and drinks.",Uptown,Tavern,29.36,4.34,14.8,2,36-45,Non-binary,Caucasian
h0a6z9rNCfvJq9RZvglPHw,Customer_7187,2016-07-07 23:39:55,⭐⭐⭐⭐⭐,"I liked this place a lot, a more refined food/beverage option among a sea of walkable college dive bars. Modern well-designed multi-level interior filled with natural light by day, soft mood lighting at night. Nice looking and well-dressed mixed-age crowd both times I was here. Excellent 2-for-1 Thursday Happy Hour 2-10 PM with a solid selection of pours. This neighborhood likes its drink . . Food reasonably priced and a good mix of options, not perfect, but for essentially up-scale "" bar food"", it's good.  I bet brunch on weekends here would be fun. My ""Ham-Jam-Bread & Butter"" was delicious.  Awesome lettuce wraps, at $14.50. Lobster Sliders at twice the price were a letdown, but as in life: Shit happens. Hard working friendly bartenders. I recommend it if you're near Vanderbilt.  Walking distance to many hotels (Courtyard, Hampton Inn, A-Loft, Hilton Garden, The Hutton). A little loud inside, but you're still able to hold a conversation, and the up-tempo music adds to the vibe.",Uptown,Tavern,52.07,12.96,24.9,1,46-55,Non-binary,Caucasian
ZJ1BaiHZuvuT0WwVDrLZMA,Customer_4649,2015-01-04 14:12:37,⭐⭐⭐⭐⭐,"We wanted to check this place out after seeing the great reviews. 
Arrived on Thursday (New Years Day) around noon and the place was packed with a hour and a half wait. We put our name in and went next door for a drink, 
The restaurant texted us when our table was ready and also had a cool app that you can check your place in line. 
Only had drinks and a few apps. The tuscan fries were good but had a LOT of garlic.
My friend loved her Kale salad. 
If you like a bloody mary, try the cucumber mary made with cucumber vodka. It was unbelievable. 

This was hands down out favorite place in Nashville and this place had the BEST service we got our whole trip. A+ to the staff. We were really really impressed. 
We went back on Friday night around 1am and it was pretty empty. The guy sitting next to us said its really a better brunch or Sunday Funday bar and not busy at night.",Uptown,Tavern,17.25,1.84,10.6,1,65+,Male,Mixed
2WzD_io0SaFWKZYOuveLqA,Customer_9986,2016-06-23 02:56:16,⭐⭐⭐⭐⭐,Great burgers!  Still full in the morning with a meat hangover.  Fries were excellent too.  Service was good.  Busy night but felt taken care of.  Highly recommend.,Uptown,Tavern,81.6,18.92,23.2,3,65+,Prefer not to say,Caucasian
LziEMdQo2jfSxlg0n_hVXQ,Customer_5428,2012-12-05 15:35:01,⭐⭐⭐⭐⭐,"Delicious! I had a burger and my wife got the eggs with short ribs, both of which we loved. For dessert we had an orange float, which we also quite enjoyed. The service was excellent, and the food was really quite cheap. Definitely worth a visit!",Uptown,Tavern,64.47,17.47,27.1,5,,Male,Asian
E0UfPhlljIaU07QUMAcaBw,Customer_6796,2018-06-29 13:49:18,⭐⭐⭐,,Uptown,Tavern,128.93,51.57,40.0,2,,Female,Mixed
ehERpSrCfnmQbBplpytufQ,Customer_1287,2014-01-17 01:08:16,⭐⭐⭐⭐,"First time back to Nashville since I was in high school, and can't believe I haven't been back sooner! Here at Vanderbilt for a class, and kept passing by the Tavern on my way to campus each morning... Had an inticing, rustic, downtown Manhattan look to it. So I put it on my list of places to check out. I looked here in Yelp, and saw it had great reviews. 

I came in for dinner tonight, and immediately noticed the reclaimed wood door, wrought iron, and alternative rock playing. I knew it would be a great place. I sat at the bar, as I was here by myself, and immediately got a menu and was offered a drink. I had the 1920, which was a little stout, but better than weak, am I right? I ordered the lamb tacos, Tennessee tavern fries, and cinnamon roll bread pudding. Tacos were small, but honestly a decent portion considering how much meat was on them. They were hot out of the kitchen, and the roasted peanuts gave it great crunch. Now, the Tennessee tavern fries ... Sweet potato fries with a touch of cinnamon and sugar, with jalapeño ketchup. Shut the front door, these were to die for. Light and airy, arrived in a mini frying basket with abundant portions. The ketchup was amazing, and I definitely asked for more. The cinnamon roll bread  pudding was a muffin size portion, with vanilla ice cream, homemade whip, and caramel sauce. Great flavor, not overwhelming. 

Service was fantastic, and even met some fun people! Highly recommend this place. I'll be coming back for sure.",Uptown,Tavern,24.58,6.86,27.9,4,,Non-binary,African American
gQIp6dKzwQniHhb0ryTHdw,Customer_8719,2011-08-26 18:32:42,⭐⭐⭐⭐⭐,"Tavern has Nashville's best burger. I was sad when it was gone. Fantastic. The staff is friendly, and the service is great. They even brought our group free s'mores. (That's right: They have s'mores.) I have a new favorite Nashville restaurant.",Uptown,Tavern,45.27,10.04,22.2,5,46-55,Prefer not to say,Mixed
8hBiPbwlO6aKuGhkpj_20g,Customer_2862,2017-03-18 19:34:46,⭐⭐⭐,"Food was fantastic, service was so bad I wouldn't come back. They are severely understaffed, we finished eating 45 mins before we got the check. The hour and a half wait is completely unnecessary!",Uptown,Tavern,48.97,8.45,17.3,1,18-25,,Other
L3M-tEgYRCOVb-0_NtU7bw,Customer_9563,2013-08-18 06:21:52,⭐⭐,,Uptown,Tavern,32.41,6.54,20.2,5,26-35,Male,African American
NLVQbI5tUFqnFNz5ghSUjg,Customer_6242,2015-08-20 12:32:09,⭐⭐⭐⭐⭐,,Uptown,Tavern,16.51,3.12,18.9,2,56-65,Prefer not to say,Native American
ixQL38jMU5o0l45m13PWSA,Customer_5009,2015-10-17 19:51:53,⭐⭐,"I had high hopes after hearing good things and reading good reviews from numerous sites. A friend and I went for brunch and while we waited 45 minutes for a table, that was expected. After being seated our waitress took our drink orders and came back about 5 minutes later with waters and another 10 with my friend's blood orange mimosa. We ordered and waited over an hour for our food. When the waitress finally checked on us I asked about the toast for my son because I knew he was hungry. She came back 10 minutes later with our meal which, to my dismay, was disappointing. I've had better food at a local diner in town and for half the price. I have no idea how long our food sat under heat lamps but my white trash hash was cold and the eggs on the  nooner I ordered were overcooked. My friend ordered the roasted peppers and squashes and said hers was good but she couldn't eat the hash. The service was pretty crummy. We had to ask for our check and then we had to ask the hostess for someone to check us out because our waitress must have forgotten about us. Overall it was a dismal experience and while I was excited to take my husband the next time we are in Nashville, I think we'll be eating elsewhere.",Uptown,Tavern,29.65,6.05,20.4,5,26-35,Female,Other
kzs8LjBjfiBV9aW09tr-Ew,Customer_9988,2014-02-11 23:16:39,⭐⭐⭐,I visited tavern for lunch looking to try their burger.  I had been told they have one of the best burgers in Nashville.  I thought it was a pretty good burger but I can think of several burgers better in a 5 mile radius.  I will say as a dining venue it is top notch.  Staff was excellent and the layout is very cool.  The menu has several unique items that might bring me back to try like the fried chicken skins...    A tip would be you will probably need to valet since parking is scarce in the area,Uptown,Tavern,39.1,8.81,22.5,2,56-65,Non-binary,African American
W-1KsTFiqHEz5DdsnFEbiQ,Customer_5792,2015-01-06 02:19:19,⭐⭐⭐⭐,"Great food, great atmosphere.  I had the mac and cheese, which was a special and it wasn't on the menu, but it was AMAZING.  I also highly recommend the egg rolls.  Not your normal egg rolls.",Uptown,Tavern,40.2,0.0,0.0,3,18-25,Prefer not to say,Asian
iHQNcl5Bo8tv91dmqG8E-Q,Customer_3978,2016-05-21 03:01:29,⭐⭐⭐⭐,Food was great here! I've been here before just for drinks and wanted to come back because I had an amazing pineapple charred mule cocktail. We came back and ate this time. The only thing preventing me from giving Tavern five stars was that the service was slower than it should be and it wasn't an insanely busy night. Our waitress was not the most attentive.,Uptown,Tavern,26.56,4.69,17.7,5,26-35,Male,Mixed
o_jKYWFuFfuVAs2R3-vPiw,Customer_2479,2016-09-30 22:31:14,⭐,"SUPER DISAPPOINTED...recommended by a friend, came here to have a drink and an appetizer with my boyfriend, sat down at 5 o'clock at the bar and waited 25 minutes before we decided to get up and walk out. The bar was hardly full, 2 seats available as soon as we walked in and the restaurant itself was relatively empty. The bartender walked down and helped another couple but never acknowledged us. Hope others have a better experience because it is a good looking restaurant.",Uptown,Tavern,104.58,17.1,16.3,2,56-65,Female,Native American
d8mpKjDavAyepBoEwOHpwg,Customer_7250,2017-01-15 00:19:09,⭐⭐⭐⭐⭐,,Uptown,Tavern,120.32,21.42,17.8,2,,Non-binary,Native American
OQYYoKzjkdcKQoTdzO2ZZg,Customer_1383,2017-02-13 02:57:05,⭐⭐⭐,"I went to Tavern on a Saturday night and waited about 20 minutes for our table for 2, which really is pretty good! We ordered a few plates to share- egg rolls, fish tacos and Tuscan fries. The egg rolls were served with queso and salsa... for a Chinese food... that was weird. When I've had garlic Parmesan fries in the past, they're usually served with a dipping sauce of some kind,  but these were not. We were given a heaping serving of them that 2 of us couldn't finish though. The fish tacos were by far the best dish we had- HIGHLY recommend them! Our waitress was very nice, though it took her quite a few minutes to actually come over to us initially to take drink orders. Other than that she was wonderful. We each ordered a cocktail and they were strong for sure- I was just unimpressed with both. The julep was decent. The second drink was a grapefruit/lemon lime/ vodka drink that tasted like I drank straight grapefruit juice instead of a mixed drink... to be fair, the waitress did ask if I wanted it remade. The ambiance was great, and it was definitely crowded. They had a DJ playing music and it was a younger crowd.",Uptown,Tavern,77.6,0.0,0.0,3,26-35,Female,
fwQV8AisKOza40TYkGQS3w,Customer_4605,2015-09-03 00:28:46,⭐⭐⭐⭐⭐,,Uptown,Tavern,76.93,17.17,22.3,2,18-25,Prefer not to say,Caucasian
vIfZn-Km8_Mzn3YcnV2oHw,Customer_3805,2017-08-29 20:07:56,⭐,,Uptown,Tavern,44.65,4.94,11.1,2,65+,,Caucasian
wexd5fgI5W9-_lt31053Vw,Customer_8019,2014-04-28 12:50:43,⭐⭐⭐⭐,"Dark wood, open warm space and welcoming service.  It seems the owners of Tavern have their hand on the pulse of the Vandy area.  The patio cushioned banquet seating perfect for people watching.  The patio is open and inviting, the interior is spacious and bustling.  I had wine, chicken tacos and Yukon truffle chips.  I must say the chips were my favorite, perfect for trying all the sauces on the table.  They were warm and crispy.  The tacos were a bit tough and chewy.  I will defiantly be back to conquer that burger!  Chow!",Uptown,Tavern,40.12,7.47,18.6,2,36-45,,
pAFYZxLn7I91w8Wo0UmD3A,Customer_5596,2015-04-19 19:02:01,⭐⭐⭐⭐⭐,Sunday Funday !!!! Best place to go on Sunday!!!! Excellent breakfast/brunch! If you got to watch your football/ ice hockey playoffs- any sports! This is the place!,Uptown,Tavern,36.5,8.45,23.1,2,46-55,,Mixed
Bml_ulSBROQKCHNBatqPHw,Customer_2156,2013-10-25 15:56:18,⭐⭐⭐⭐⭐,,Uptown,Tavern,31.02,4.56,14.7,4,46-55,Prefer not to say,
1DH1JZ--V1LOoMDE_OK8ww,Customer_9598,2017-09-10 18:39:19,⭐⭐⭐⭐⭐,"The 45 minute wait was well worth it, especially since you have drinks while you wait! The staff here at Tavern were super attentive and really helpful in giving suggestions on what to order. We got the maple fondue and it was incredible, you got to try a little bit of everything. The red velvet waffles were out of this world, the blueberry cornmeal waffles were a slam dunk, the Frosted Flakes crusted French toast was life changing. The sausages were great, the chicken was very spicy but overall great and the fruit was super fresh and sweet. The eggs benedict were really good but very large. All in all I would come back again in a heartbeat!! WE LOVE TAVERN BRUNCH",Uptown,Tavern,34.79,6.03,17.3,2,,,Caucasian
LziEMdQo2jfSxlg0n_hVXQ,Customer_4442,2012-12-05 15:35:01,⭐⭐⭐⭐⭐,,Uptown,Tavern,26.31,6.08,23.1,4,18-25,Non-binary,Hispanic
3YsZ4NZsrLIWs2Tp92dCUA,Customer_5956,2011-12-01 00:19:01,⭐⭐⭐⭐⭐,"I really enjoyed this place. Very interesting menu, great drink selection, loved the decor/ambience and our kiwi bartender was great. I will definitely come back next time I am in town.",Uptown,Tavern,92.28,16.42,17.8,2,56-65,Prefer not to say,African American
6lN8DOJi5bzbpUgI8EOF8A,Customer_9282,2018-07-09 06:59:59,⭐⭐⭐,"Looks, from the street, like it would be good, but it was just okay. Our waitress pretty much forgot about us the entire time we were there. Not sure what that was all about. We tried practicing mindfulness to make the time pass while we were waiting for her to come back out and take our order. My nachos were disappointing--basically felt like a slice of cheese was melted over chips with globs of black beans. The kale salad was a warm mound of wilted kale mixed with parm cheese. My son liked his burger, so that was good.",Uptown,Tavern,42.94,6.76,15.7,2,56-65,Prefer not to say,Other
BTVRwQ4qi-9P83MSOtsMEg,Customer_3548,2017-10-15 11:34:25,⭐⭐⭐⭐,Solid brunch spot! Got there at peak time and the wait was less than what they thought. In the interim we sat on the padded benches outside. The place was packed but they seemed to turn it over and get people in and out quick. The bazooka guacamole was very good but the star of the show was the chorizo gravy on the biscuits. The spicy chicken sausage is aptly named as it packs a punch. I love hot food so it was perfect for me. My fiancé said it was at the limit of her spice scale so normal people may find it too much. She has the pretzel pancakes which are pancakes with pretzels on top covered in syrup. It wasn't what we expected but was good. Something about biting into a pretzel and it not having any crunch doesn't feel right but that may just be us. The girl with us had the pain Perdu and couldn't finish it but said it was good. We will for sure make our way back here as we each tried to decide between 3 different dishes so I look forward to having tried them all.,Uptown,Tavern,30.84,12.33,40.0,2,46-55,Prefer not to say,Hispanic
5U_B-wFhZiZ9SDqTglPFbQ,Customer_2782,2018-03-18 14:31:17,⭐⭐⭐⭐⭐,"We stopped here for lunch/dinner and wasn't disappointed.   We was seated and served drinks promptly. Had a difficult time deciding what to order cause everything looked delicious.  I ordered the brown bag meal.  Which is a thick cut grilled bologna and over-easy egg sandwich with homemade potato hips, with truffle oil.",Uptown,Tavern,25.73,6.61,25.7,3,65+,,Caucasian
T3h-qsLvgw6-snTIya8Omw,Customer_2445,2017-02-19 18:55:09,⭐⭐⭐⭐⭐,"You'll definitely have a wait for brunch but grab a drink and buckle in cause it's worth it. Everyone at the table loved what they ordered. We started with the buffalo cauliflower and got the pretzel pancakes, nooner, blueberry waffle and the red velvet waffle and damn if we didn't clean our plates. Also if you don't get the white trash hash you'll regret it for years to come. Service was great and our drinks were perfect.",Uptown,Tavern,24.07,3.16,13.1,2,,,Hispanic
BzmEOiTGKggT-HAfQiLrNg,Customer_9847,2018-03-17 17:58:38,⭐⭐⭐⭐⭐,"This place was very modern and chic! Very cool look and feel of the restaurant. We only came in for a quick bite to eat and some drinks to start off the night. For a Saturday night around 7pm, it was pretty busy. Definitely a loud place because of all the people, but they played good music. Ambiance is casual but not too dressed down. I wouldn't wear a hoodie and sweats, but dressy casual. Service was good. We had the buffalo cauliflower and it was delicious! Will def be back when I'm in Nashville again!",Uptown,Tavern,61.83,10.76,17.4,3,46-55,Male,African American
w_ZtMqhy58U9uB3jT8ieig,Customer_1435,2012-06-30 04:30:47,⭐⭐⭐⭐,,Uptown,Tavern,63.93,16.21,25.4,4,46-55,Male,Other
O7MxXEBpMFEDTxWgxUQmBQ,Customer_1600,2016-07-18 02:41:30,⭐,"This joint was recommended by a waiter who served us supper, said the red velvet waffles were to die for....ummm no suicidal thoughts here...totaly not worth the 1hr wait and is extremely loud....forget about conversation. We had the breakfast fondu....where is the fondu pot and skewers? And the $3 coffee was yucky! Service wasn't the best either. I'm getting the feeling that the waiters around here think because they probally won't ever see you again they don't have to give good customer service. You basically have to ask to be waited on.#RoadtripUSA",Uptown,Tavern,22.62,3.54,15.6,2,18-25,Prefer not to say,African American
u1wLsg-BqrPBsyo75_w57A,Customer_3358,2015-05-15 23:29:04,⭐⭐⭐⭐⭐,"Had a wonderful dinner at the tavern I had the chicken skewers, they we're delicious, wish they had more veggies in them however. But still they were great! My girlfriend got the Mahi sandwich and said it was perfectly blackened a Cajun tater that paired well with a creamy cucumber garnish, it was all really delicious! I got the house made cocktail ""Amerboire"".  So good I got 2!! Natalie was our server and she was so helpful and great! Made us feel right at home in Nashville! Can't wait  to come back",Uptown,Tavern,109.76,32.23,29.4,3,56-65,Female,Asian
nYVGowsSH6UM6oIuZ1x1rw,Customer_8154,2015-02-03 17:57:27,⭐⭐⭐⭐⭐,"My friend and I were visiting Nashville and found this place through a quick google search. We were staying downtown, so it was a quick and cheap cab ride away (5 minutes/$7 ride). We went on a Saturday night, so there was about an hour wait. We decided to grab a drink at the bar (no wait there) and stood around chatting/playing a charades game on our phone...which helped pass the time! The drinks were avg. $10/piece. Not cheap, but normal for this kind of restaurant. 

Once we were seated, we knew we wanted to try their french fries (we had previously scoped out the menu) and quickly ordered the sweet potato ones. She ordered the mahi sandwich and I went with the chicken tikka masala, Both were very good.

Would recommend and return!",Uptown,Tavern,50.78,9.91,19.5,5,56-65,Prefer not to say,Caucasian
Yi9ZgTeO6Q51f4Kh_e70-Q,Customer_7893,2018-04-07 15:28:13,⭐⭐⭐⭐⭐,"Tavern is THE Nashville brunch spot.

{starters}
I have tried a good portion of the starter selections - but the buffalo cauliflower, brussels and tavern fries stand out above the rest. The mussels are also a great option for dinner or happy hour. 

{entrees}
I'm a huge fan of benedicts, and Tavern kills it with each of their 3 options - aptly named uno, dos, and (for some reason) three. Uno is my favorite, with braised short rib and Tobasco hollandaise. It is absolutely delicious. Other great options are the Nooner - which is a bacon scramble with fried oysters and spicy sour cream - and the Singapore Stir-fry, with wok-style rice, a sunny-side-up egg, and bacon. You really can't go wrong with any of the Tavern's fantastic brunch selections, but these stand out for sure.

{libations}
Possibly the reason that Tavern is so popular among Nashville brunch-goers, is the 2-for-1 deal they offer during brunch all weekend. The selection is fairly standard, with mimosas, a bellini, two bloody mary renditions, and a very sweet sangria. My favorite is the blood orange mimosa, but each drink has its merits.

Overall, Tavern is a wonderful place for any brunch occasion and I will continue to dine here often as long as I am in Nashville. The wait is brutal so make sure you arrive early to start off with a beverage in the sun on their outdoor waiting area. Enjoy!",Uptown,Tavern,39.29,6.16,15.7,2,46-55,,Other
THSSMvs_0sJCVgm2NcLpHQ,Customer_4691,2016-10-02 03:12:29,⭐,,Uptown,Tavern,45.41,0.0,0.0,3,36-45,Non-binary,
PQlo8P3OjrJlE4UUmo38fQ,Customer_4868,2013-05-10 15:46:40,⭐⭐⭐⭐,"Brunch only review. Tavern has delicious brunch that belies its rather generic name. There are some really creative dishes, both sweet and savory. The Shanghai Stirfry is savory breakfast genius: bacon fried rice with an egg on top. So good. My group shared the red velvet pancakes and the cheddar cheese biscuits (with chorizo gravy). Both were pretty good, though I think the red velvet pancakes were a bit sweet. Everyone was happy with their food, and you can't really complain about a 2 for 1 Bloody Mary/Mimosa on a Sunday morning.",Uptown,Tavern,82.43,13.14,15.9,3,,Female,Asian
ve34O0LAyheEh4Txtq5VYQ,Customer_1699,2013-10-31 16:35:09,⭐⭐⭐⭐,"Went to Tavern for brunch on Saturday morning and fell in love! We got there a few minutes before 10, when they open, and were seated right away. This is definitely the way to do it, because 30 minutes later, there was already a long wait. I ordered the Singapore Stir-Fry ($9.50) and was totally happy with it. Rice stir-fried with bacon and green onion, with a perfectly cooked over-easy egg. My only complaint was that it was a little bit on the salty side, likely due to the stir-fry sauce combined with the bacon. But if you're okay with salty food, I would definitely recommend it! I cannot wait to go back to Tavern and try other brunch menu items because everything on the menu sounded so delicious and creative!",Uptown,Tavern,33.32,5.24,15.7,2,,Non-binary,
oY9uiqQGexQ1ZZ7E3ZiD9g,Customer_5590,2018-06-12 04:02:23,⭐,"Horrible servise! Restaurant was recommended so we decided to check it out. First time in Nashville so we wanted to see what the downtown experience was, and we were greatly disappointed; mostly due to our unfortunate experience at tavern. We waited for 20 minutes without any acknowledgement from our waiter. When we finally saw him in our area he greeted a table who had just arrived, skipped our table and went on to another. We ended up leaving the establishment. I repeat...horrible service!!!! I guess I can take that back, it wasn't horrible, there WAS NO SERVICE!",Uptown,Tavern,27.05,6.66,24.6,2,36-45,Non-binary,Asian
to3Ti9YB_OpNG3TX2Ux6xw,Customer_1842,2014-03-17 16:30:24,⭐⭐⭐⭐⭐,"Burger was amazing. So juicy, cooked to perfection - ordered it medium rare, and it was! Fries was deliciuos as well. thank you!",Uptown,Tavern,27.92,3.75,13.4,4,65+,Male,African American
zqbyzh0-N96CvEgMOj098Q,Customer_6287,2018-03-26 00:24:56,⭐⭐⭐⭐,,Uptown,Tavern,47.94,12.1,25.3,3,26-35,Prefer not to say,
--yprFLq4gQcfY87SX9z8A,Customer_7447,2014-05-12 16:03:53,⭐⭐⭐⭐⭐,"We went here for dinner last night with our Yelp Elite spring break friends and the food was great. I ordered a burger medium well with white cheddar, and I substituted for the Tennessee sweet potato fries with the garlic aioli which were fantastic.

My friend got a Jalapeño-infused strawberry margarita, which was yummy, as well as the chimichangas, which were also very good. The chimichangas were soft, rather than deep fried, which was interesting.

I will say that they don't do any happy hour specials here, which was disappointing. I got an angry orchard cider in a can, which I had never seen before because usually I get bottles, and it was $5.50 which is a little expensive.

Food was great though like I said, and food prices were reasonable.",Uptown,Tavern,23.84,4.66,19.5,3,,,Hispanic
W-3NiJYQ-vu9ju1Mcqmung,Customer_8174,2016-01-18 20:19:58,⭐⭐⭐⭐⭐,,Uptown,Tavern,40.09,4.65,11.6,5,46-55,,
ymbDu_j2XrNFcYItj4GWfw,Customer_3328,2017-06-17 21:02:18,⭐,"I have never been so insulted and talked down to in my life. Michelle, I think that's her name it's on my receipt but she never introduced herself, was the rudest person I have ever given my money to in my life. When we sat down she was talking about personal issues with the barback loud enough for us to hear and I thought that was odd in and off itself. When she gave us our menus she said a few times ""these menus are good for the next 30 seconds.""  Sorry but either give us brunch or give us dinner menus and explain that the kitchen is in the midst of a shift change, don't make us feel pressured because you dropped menus that have an extremely short time limit. Instead of eating we decided to just get drinks. She let us know that the brunch menu libations were, her words, 2 for 1. We ordered a mimosa off the list and hung out. When we got get drinks they set two wooden tokens down but didn't reference the at all, so we didn't know what they were for.  Eventually ordered some food off the dinner menu to go. She was very non existent the whole time we were sitting at the bar, not attentive at all. When we asked for the bill I saw that both our drinks were on there. I asked about them and let her know about the 2 for 1 statement she said. She then proceeded to tell me it was buy one, get one and that's what the tokens are for. I told her that ""buy one get one"" and ""2 for 1"" are different and if we knew it was BOGO we would have ordered another drink (if she would have even paid attention to us).  After a little back and forth she said she would take care of it and that ""they weren't trying to screw us.""  She talked to us like we were the worst people on earth because she doesn't know how to explain her own restaurants policies. I work in an industry that has me visiting 10-15 bars/restaurants/hotels a day and I have never had a worse hospitality experience in my life. Tavern Management - this employee is losing you revenue left and right.  Not only is she not taking care of customers and grabbing reorders, she is turning people away for good. This treatment was so horrible and off putting that I am going to go out of my way to recommended against going to Tavern due to the disrespect we felt. Hopefully your floor managers recognize how bad she is and theyo do something about it because she is taking money out of your pocket every shift she works.",Uptown,Tavern,38.99,5.54,14.2,2,36-45,Non-binary,Mixed
K6PCShQxniv8LuDPuEnKxQ,Customer_5807,2017-05-27 04:05:35,⭐⭐,"Drinks were strong! Guacamole and fries were excellant. Beef short rib tacos were like chewing on a tire. Mahi sandwich was overcooked and super fishy. Tried this place a few years ago, never came back but thought we would give it another shot. Probably won't be back, maybe for guacamole and fries. Our server was awesome though.",Uptown,Tavern,62.71,13.16,21.0,4,,Female,Other
8MZmHIPivJvqHyegz4NDuw,Customer_8000,2017-12-30 16:07:30,⭐⭐⭐,,Uptown,Tavern,72.11,0.0,0.0,2,18-25,Prefer not to say,Asian
5U_B-wFhZiZ9SDqTglPFbQ,Customer_6231,2018-03-18 14:31:17,⭐⭐⭐⭐⭐,,Uptown,Tavern,30.38,7.74,25.5,2,,Prefer not to say,Asian
J05dVLcWl6e2T_CZS-0KdQ,Customer_6817,2015-08-06 21:59:20,⭐⭐⭐⭐,,Uptown,Tavern,49.95,9.14,18.3,2,46-55,Non-binary,
m3rZ0UhIOrYqLREDtuNOzg,Customer_3624,2015-08-31 04:54:53,⭐⭐⭐,,Uptown,Tavern,121.2,19.12,15.8,2,65+,Female,
qZll0RzBgnxw2Z4LnBii3w,Customer_4414,2016-05-09 15:54:16,⭐⭐⭐⭐⭐,The Tavern have the best burgers and the service was great. Atmosphere was nice and family friendly. I will definitely be back if I visit Nashville again.,Uptown,Tavern,56.76,11.95,21.0,1,26-35,,Hispanic
Jdvrv1PnYvSKXLQS3KsMzg,Customer_5985,2016-04-02 18:22:23,⭐⭐⭐⭐⭐,"On a girls trip to nashville the gentleman on the plane ride into town suggested this restaurant. We went during Brunch time on Saturday. Reasonable wait, but they text you when the table is ready. Everything was amazing. Highly suggest the stir-fry and tavern burger and obviously you have to try the white trash hash. Highly recommend for visitors and locals alike.",Uptown,Tavern,54.27,12.21,22.5,4,,Female,Asian
iHQNcl5Bo8tv91dmqG8E-Q,Customer_7108,2016-05-21 03:01:29,⭐⭐⭐⭐,Food was great here! I've been here before just for drinks and wanted to come back because I had an amazing pineapple charred mule cocktail. We came back and ate this time. The only thing preventing me from giving Tavern five stars was that the service was slower than it should be and it wasn't an insanely busy night. Our waitress was not the most attentive.,Uptown,Tavern,38.49,5.4,14.0,4,36-45,Non-binary,Asian
wexd5fgI5W9-_lt31053Vw,Customer_1392,2014-04-28 12:50:43,⭐⭐⭐⭐,"Dark wood, open warm space and welcoming service.  It seems the owners of Tavern have their hand on the pulse of the Vandy area.  The patio cushioned banquet seating perfect for people watching.  The patio is open and inviting, the interior is spacious and bustling.  I had wine, chicken tacos and Yukon truffle chips.  I must say the chips were my favorite, perfect for trying all the sauces on the table.  They were warm and crispy.  The tacos were a bit tough and chewy.  I will defiantly be back to conquer that burger!  Chow!",Uptown,Tavern,58.7,0.0,0.0,2,36-45,Non-binary,Other
LtkOv5ZJcK2WP3ZikfAt-w,Customer_5171,2013-03-20 20:41:47,⭐⭐⭐⭐,,Uptown,Tavern,56.54,11.42,20.2,2,65+,Male,Mixed
bVgotkqrJEinltwv__icwA,Customer_6844,2013-08-18 09:32:48,⭐⭐⭐⭐,,Uptown,Tavern,68.26,11.28,16.5,2,65+,Male,
cmj6O_RNSfB12stpPjzrlw,Customer_2882,2012-12-04 16:30:57,⭐⭐⭐⭐,"Good drinks, good food and a great atmosphere! What more could you want? The drink menu is very extensive, good selection of scotch and cocktails. The food was very impressive as well. I tried the sweet potato fries with jalapeno mayo after seeing it suggested so much and I must say they delivered! This is a great place to hang out with friends and pass some time. Give it a try!",Uptown,Tavern,82.27,14.99,18.2,2,46-55,Male,Mixed
RUKt-2f0UDKAyhaQubp5NQ,Customer_2540,2017-12-31 03:44:17,⭐⭐⭐⭐,"Unfortunately they don't take reservations. It was a crazy busy weekend and took about an hour to be seated. Sat on porch behind bar, they had propane heaters so it was plenty warm despite 15 degree weather. Service was very attentive and friendly. Food was great. Shasito peppers were perfect. Cauliflower was good and smoking hot spicy. Glad we waited.",Uptown,Tavern,17.97,3.74,20.8,3,56-65,Male,Native American
nqYD4jZI4sI_wBPcI5vu5w,Customer_2620,2015-08-31 22:11:44,⭐⭐⭐⭐⭐,,Uptown,Tavern,60.6,9.0,14.8,1,,Non-binary,Native American
nRMQ3IWh__Vn_aV864ws2w,Customer_1959,2011-03-28 17:18:11,⭐⭐⭐⭐⭐,"I have seen various reviews on Tavern.  Some very negative.  Others slightly positive.  Most complimented the food but nothing spectacular. 

So, this past Friday night a few friends and I got together for dinner and I wanted to try some place new.  I put out a list of 3 new places (new to me anyway) I'd like to try - based upon the Menu.  I listed Red Pony in Franklin, Burger Up and Tavern.  I sent my friends links to the restaurants and ultimately we agreed that Tavern would be the place.  

We arrived at 7:30 and ended up having to wait an hour for a table and they don't take reservations.  That was fine.  We figured about anywhere we went on a Friday night at this point we would encounter a wait of similar length.  So, we waited and ordered a couple cocktails while we waited.  

This is probably the biggest downside of the restaurant.  They don't have a place for you to really wait.  The bar was jam packed and there was no seating up front.  There was seating outside on the patio - but no one was out there because it was raining and cold.  So, we stood inside near the door for an hour.  

When we were finally seated the server asked us if we needed any more drinks and if we wanted any appetizers.

We decided to go with the 'Bazooka"" Guacamole Appetizer.  I pretty much hate Guacamole and never order it anywhere.  I've tried it several times many different places.  Never liked it.  But, this was supposed to be 'different' with some goat cheese and other stuff in it as well.  The presentation of the appetizer was very cool.  They bring it out in a 2-3"" deep round cake pan lined with parchment or wax paper - I don't really remember.  Inside there is a glass jar with one of those hinged glass lids on top and its filled with this guacamole concoction.  They have a few chips out on the pan, however, there is also a small, brown paper bag with the logo of 'Tavern' on it - and it is filled with chips.  We took the small server spoon and each took a dollop of the guacamole and put it on a chip.  Wow!  Absolutely incredible.  I don't know if it qualifies as guacamole or not (I'm sure some purists would say it doesn't) - but whatever it is or whatever you want to call it - it was incredible.  I couldn't get enough.  We were scraping the bottom of the jar trying to get every last ounce of this wonderful, tasty spread.

Moving onto dinner two of us go the Tavern Burger.  This burger is made with Prime Rib and Filet.  2 excellent cuts of meat - ground up and made into a burger.  I had mine with White Cheddar and bacon and was incredible!  Everything was good.  The meat, the bacon, the cheese - even the bun was tasty.  My friend had his plain and loved it as well.  Both burgers were served with fries.  He had the regular fries - I had mine tossed in Parmesan and garlic.  Either way they were good.  Apparently they serve them several different ways.

Another friend got the 'Mama Sans Fried Chicken'.  He was blown away by how much food he got.  He also was surprised at how well the chicken went with the cold noodles he was served as the side.  He said the cold noodles were a good juxtaposition against the hot chicken. 

My other friend got the ""Salad of Little Gems"".  It looked a bit small to me but he claimed to really enjoy it.  As far as salads go it did look great.

The food was all served rather quickly but the pacing of the meal was on point.  The appetizer was served and finished well ahead of the meal making its way from the kitchen.  Too often I feel rushed and sometimes the appetizers and entree arrive within second of each other.  Sometimes even together!  I think the pacing of the meal was excellent.  Also, our server was great and our glasses were never empty.  She made sure we always had plenty to drink.

4 Cocktails, 4 entree's, 1 appetizer = $94 bucks after tax and everything.  So, around 20 bucks a person for a night out.  

So, to review:

Long wait - no place to really sit.  They DO take your phone number and will call you when your table is ready so you can make your way back to the restaurant.

Service was excellent.  Drinks were never empty.  Pacing of meal was great from the appetizer to the main course.

Price was fine.  We could have eaten for less if we didn't get cocktails, appetizers AND the main course.  If we'd just had water and our meal - we would have spent a lot less.  The cocktails were pricy - but pretty stout.  They didn't skimp on the alcohol for sure.

I think it was wonderful and we are already planning our next trip!  I think you should too.",Uptown,Tavern,59.96,13.24,22.1,2,36-45,,Asian
_lO9NaG1VJlgjwzvESaT8g,Customer_5715,2017-07-19 01:43:49,⭐⭐,"Food tastes good but not worth the price. Drinks are overpriced as well. $11.50 for a small Moscow mule with stolii vodka. 

I got the grilled cheese and the grilled chicken skewers. Both tasted fine but nothing to write home about. The chicken came with rice but everything was very plain, nothing that would warrant the price I paid. My tab totaled $61 after tip for grilled cheese, chicken skewers, a beer, and a Moscow mule. 

For this reason I would not go back.",Uptown,Tavern,26.51,4.27,16.1,1,26-35,,African American
Jdvrv1PnYvSKXLQS3KsMzg,Customer_1469,2016-04-02 18:22:23,⭐⭐⭐⭐⭐,"On a girls trip to nashville the gentleman on the plane ride into town suggested this restaurant. We went during Brunch time on Saturday. Reasonable wait, but they text you when the table is ready. Everything was amazing. Highly suggest the stir-fry and tavern burger and obviously you have to try the white trash hash. Highly recomend for visitors and locals alike.",Uptown,Tavern,63.84,13.64,21.4,2,46-55,Non-binary,Caucasian
HE-3yMTdwlrXxcw-JJXgRw,Customer_7299,2018-03-18 22:14:11,⭐⭐⭐⭐,"I waited a couple days before rating to try to be fair. This place was recommended and hyped separately to me and my husband in transit and upon arrival to Nashville. We expected a lot. 
The service was great. We sat at the bar, both bartenders and food service were polite and attentive. Drink selection and quality and price seemed good. The food is another story. It is over priced and over hyped by reviewers.
My husband had the OZ pot pie. Even with a healthy dose of the curry sauce, it was dry. And plain, could barely taste the curry. I had korean short rib tacos. Nothing korean about them. I tasted sriracha and soy sauce. Isn't  Korean about gochujang? Meat was dry.  The fries are house cut, plentiful and phenomenal. But the rest of the menu is overpriced ignorance.",Uptown,Tavern,19.09,4.44,23.3,5,26-35,Male,Asian
N0VzM4PsaMp9HLY2u9dBPw,Customer_3017,2014-04-21 03:51:31,⭐⭐⭐⭐⭐,"Gluten free menu!!!! Staff is kind and knowledgable. Food is DELICIOUS. Selection of wine is large, but not overwhelming. From the start to finish the Tavern was enjoyable. Tricia behind the bar was wonderful and a huge shout out to the server that's gluten free (I didn't catch her name!) and helped me with my food- you're the best! So so happy I came here. You made my night.",Uptown,Tavern,47.25,7.85,16.6,2,46-55,Prefer not to say,Other
n0_nlhJ1PPvg6TqSWruC4Q,Customer_7457,2018-03-07 01:46:46,⭐⭐⭐⭐⭐,"Absolutely awesome menu, the beer selection was fantastic and most importantly, Emily did a fantastic job taking care of us. I had the pork chop and loved it! Others at the table had the chimichanga, the Son of a Brown Bag and the Loco, all very well reviewed. Highly reccomend this place that's in a great area of town.",Uptown,Tavern,19.18,6.71,35.0,5,26-35,Male,African American
1qLEWsj1MiQlZlGaoSHoIA,Customer_3097,2014-06-30 11:25:54,⭐⭐⭐⭐⭐,,Uptown,Tavern,30.61,7.7,25.2,1,65+,Female,Native American
E0UfPhlljIaU07QUMAcaBw,Customer_2185,2018-06-29 13:49:18,⭐⭐⭐,"Honesty hour, we went out in Nashville after 10pm. Apparently, there are limited options at that time, when it isn't the weekend. We decided to try out this place after walking to a couple of other places that were not like their descriptions. 
This place has a nice ambience, nice staff, and a ton of beers and ciders on tap. The prices weren't bad for the drinks or beer. Between 5-8 for the beer/cider. Around 10-12 for cocktails. Oh, and the kitchen closes at 11. 

Now on to the food, we got the burger and the chimichanga. We were splitting them so we went for something a little different with the chimichanga. We also got the cheesesteak egg rolls. Sounds fantastic, right? Unfortunately, the burger was the only highlight. Everything else got a HUGE FAIL! The chimichanga was super soggy. The rice and beans were ok. The cheesesteak egg rolls were just BAD! No taste at all.  

Now on to our drinks. We first ordered their take on a margarita. They used silver
Tequila so it had a very heavy tequila taste. It was ok.  He wound up with the punch. It was ok. Mind you, we were traveling all day and ate everything. So, it was edible. 

All and all, if you need somewhere to go late, then try it. Just  stick to very regular things. The staff is nice ,so, that is worth a visit based on that alone.",Uptown,Tavern,44.55,7.47,16.8,2,26-35,Prefer not to say,Other
InBi1x_iWGj7qdGM74FtrQ,Customer_8999,2017-12-16 22:38:40,⭐⭐⭐⭐,"We were staying right down the street from this place and it was recommended by the girl at the front desk of our hotel. We actually went to get a few drinks and bite to eat on a Friday night. The atmosphere is really nice and the bar is really big. Definitely a good bar to watch football game at or any sports game at. My girlfriend and I both had different signature cocktails which were really good. I had the fish tacos which were out of this world! So good I can't even tell you, you'll have to try them for yourself! My girlfriend had the seared tuna which was also great, a little spicy so watch out for that if you don't like spicy. 

We went back the next morning for brunch. I ordered the Benedict Uno which was eggs benedict with short rib and a tabasco hollandaise sauce. I also ordered a side of the white trash hash. First off all, the white trash hash was out of this world! So different and unique and so good it was amazing. The reason I'm giving this place 4 stars is because of the Benedict. I always order Eggs Benedict and no matter what kind of Hollandaise sauce it comes with I've never thought of ordering it on the side. For this Benedict I should of. It was drenched in the tabasco hollandaise sauce which wasn't bad but just was way way way too much. I couldn't even taste the egg or could see if I was eating egg or just all sauce. It honestly made me sick after we left. I wish there was half the amount they gave me or I should of got it on the side but like I said, I've never had a problem with too much hollandaise sauce. The picture below is deceiving because it doesn't look like a lot of sauce but there really was. Other then that everything was terrific! I just hope they over did my Benedict and don't do that for every Benedict dish they serve.",Uptown,Tavern,58.18,5.33,9.2,2,65+,Male,Hispanic
YBG_ucuXZkpBqHqZNkDMuQ,Customer_2182,2016-07-16 04:47:45,⭐⭐⭐⭐,"A good place. Kind of on the loud side, but a nice place. Fried chicken skins were superior. Rest of food was good and waitress was fairly attentive and kind of tuned in. Not a place to go if you're in a hurry.",Uptown,Tavern,38.22,4.64,12.1,2,65+,Non-binary,Native American
F0QILcuyjSrTAP_PxLlWCg,Customer_2970,2012-07-16 15:44:10,⭐⭐⭐⭐⭐,,Uptown,Tavern,22.29,4.19,18.8,2,18-25,,African American
1HGhLSTFblUVvsEajmaY6w,Customer_6741,2018-09-17 15:22:17,⭐⭐⭐⭐,"Our food was pretty. The restaurant is decorated really nice and lots of seating. We got the mussels appetizer which was amazing! I got a wedge salad and my husband got the bbq ribs tacos. I liked talking to the server Zack, he was really nice and a good server. I would go back there just for the mussels!!",Uptown,Tavern,56.67,7.58,13.4,4,36-45,Prefer not to say,Mixed
J05dVLcWl6e2T_CZS-0KdQ,Customer_7175,2015-08-06 21:59:20,⭐⭐⭐⭐,"Awesome brunch place. I think they must have put crack in their white trash hash. I'm still dreaming about it every now and then. I couldn't remember what I had. The white trash hash blew my mind and it's the only thing I remember. 
They also have 2-1 special drink during brunch. The only 2 things that prevent me from going there all the times, are my student loan and a long wait. We end up sitting at a bar.",Uptown,Tavern,43.2,5.64,13.1,1,18-25,,Other
BzmEOiTGKggT-HAfQiLrNg,Customer_7219,2018-03-17 17:58:38,⭐⭐⭐⭐⭐,"This place was very modern and chic! Very cool look and feel of the restaurant. We only came in for a quick bite to eat and some drinks to start off the night. For a Saturday night around 7pm, it was pretty busy. Definitely a loud place because of all the people, but they played good music. Ambiance is casual but not too dressed down. I wouldn't wear a hoodie and sweats, but dressy casual. Service was good. We had the buffalo cauliflower and it was delicious! Will def be back when I'm in Nashville again!",Uptown,Tavern,21.11,4.47,21.2,2,56-65,,Mixed
EDBroweERbMPsg7LyoaQ1w,Customer_7248,2017-12-17 18:18:01,⭐⭐⭐⭐⭐,,Uptown,Tavern,67.38,12.24,18.2,2,65+,Non-binary,Mixed
Qs-Fy0zfyvVsWVLqqy-iCg,Customer_6480,2012-06-26 14:19:06,⭐⭐⭐⭐,"My husband and I enjoyed a late meal here last night (Monday). It wasn't too crowded, but filled up before we left. We sat on the patio and enjoyed the warm Nashville night. My husband ordered the bucket of mussels and I had the beef short rib tacos. The tacos are small, so if you're hungry, order three! It was perfect for me, though. The meat was tender and delishous. It had sliced cucumber and a spicy sauce which was to die for. The bucket of mussels was a large portion of mussels in a broth, served with a large chunk of french bread for dipping. My husband enjoyed them to the end. I asked if they had a lot of garlic and he said not at all. He was delighted with the light sauce. Although our waitress, Jennifer, who might just be the best waitress in the world, suggested many desserts (including s'mores, which involved bringing a little fire pit to the table with hershey's chocolate, strawberries and reeses) we opted for the reverse root beer float: root beer gelato with creme soda over the top. It was deliciuos! (Had I been out with the girlfriends, we definitely would have tried the s'mores..next time!) As I said, Jennifer, our waitress was very attentive. She knew in detail about every item on the menu (as we ask a lot of questions!) and took great care of us. We would definately recomand this restaraunt to any one in the area.",Uptown,Tavern,18.47,4.71,25.5,5,65+,Female,Native American
Dzv84h7Cv3xSkoT4qHFtAQ,Customer_5191,2013-12-12 21:39:55,⭐⭐⭐⭐,,Uptown,Tavern,31.25,7.1,22.7,4,46-55,Prefer not to say,African American
5U_B-wFhZiZ9SDqTglPFbQ,Customer_4746,2018-03-18 14:31:17,⭐⭐⭐⭐⭐,"We stopped here for lunch/dinner and wasn't disappointed.   We was seated and served drinks promptly. Had a difficult time deciding what to order cause everything looked delicious.  I ordered the brown bag meal.  Which is a thick cut grilled bologna and over-easy egg sandwich with homemade potato hips, with truffle oil.",Uptown,Tavern,83.53,13.97,16.7,4,36-45,Prefer not to say,Asian
OyJjHoig95FCaRDg1V1l-Q,Customer_2083,2014-03-17 22:55:35,⭐⭐⭐⭐⭐,,Uptown,Tavern,60.58,8.12,13.4,2,36-45,Non-binary,Other
mr3pVSBaVYi17pJViaJS0Q,Customer_2371,2013-07-13 02:08:45,⭐⭐⭐⭐,,Uptown,Tavern,26.54,3.38,12.7,3,46-55,Non-binary,Asian
J05dVLcWl6e2T_CZS-0KdQ,Customer_5271,2015-08-06 21:59:20,⭐⭐⭐⭐,"Awesome brunch place. I think they must have put crack in their white trash hash. I'm still dreaming about it every now and then. I couldn't remember what I had. The white trash hash blew my mind and it's the only thing I remember. They also have 2-1 special drink during brunch. The only 2 things that prevent me from going there all the times, are my student loan and a long wait. We end up sitting at a bar.",Uptown,Tavern,29.85,6.17,20.7,1,56-65,Prefer not to say,
F7J9_AaIhHaf9vYenxuO3g,Customer_2040,2017-12-16 00:36:24,⭐⭐⭐⭐,Great spot to come to if your in Nashville. The have one the best drink deals you can find on thursdays and Saturday's and Sunday's. Food is okay.,Uptown,Tavern,33.06,3.72,11.3,2,65+,Male,Native American
VkozyyuG3sn20kHTkvHFQw,Customer_4995,2015-09-24 23:59:11,⭐⭐⭐⭐⭐,"Awesome! Great food, great service! Our waitress Rebecca was wonderful! The Moco Loco was amazing!",Uptown,Tavern,27.75,6.63,23.9,2,65+,Prefer not to say,Other
HKIrimFcdewa5Dxu7E-o_g,Customer_9656,2018-02-15 17:25:39,⭐⭐,"Was in Nashville this past weekend with some friends. Decided to try this place as it was close to where we were staying. The place is very quaint on the inside. Dark lighting, the type of spot that could suffice a first date, a work event or a family get together. My friend and I showed up around 3pm and strangely there was a ten minute wait (Which is weird, because it's that awkward time in between lunch and dinner, but whatever.) Our server is super friendly and attentive. I order the pan seared tuna with a side of the sweet potato fries with jalapeno ketchup. My friend orders the tavern burger. Our food comes. I take a bite of my tuna and it appears raw, almost entirely uncooked. I try again and can't bare it. The waiter has no problem swapping my order for the salmon which is very kind of him. My friend appears to enjoy the burger. The fries are fine-- not seven dollar side worthy fine, but decent enough. The jalapeno ketchup tastes like regular ketchup. The salmon doesn't particularly taste like fish (almost like an overly marinated chicken, which wouldn't be a bad thing if it wasn't brought under the guise of fish) but I run through it because I'm starved. We pay and the meal for me was at its best below average. Especially for the cost. Naturally the evening/early morning hits and I've got all types of food poisoning and stomach bug type issues (diarrhea, nauseous, headache, puking.) This was Monday morning/ Sunday evening. It's now Thursday and I'm still ill. Not quite sure how these people are cleaning their meats, but I won't be back anytime soon. Nice, attentive staff and sweet vibe. Food was awful.",Uptown,Tavern,129.32,17.71,13.7,1,56-65,Male,Caucasian
9tGxCSt6z-ZPeJFxoc_T4A,Customer_8871,2015-12-23 16:23:07,⭐⭐⭐⭐,"I've been here twice now, and the food is always great and the service is decent. The only reason I didn't give 5 stars is because the food takes a while to come out, even when it's not super busy. I've gotten the fish tacos (they are HUGE), burgers, fries (also huge portions), and goat cheese and pistachio guacamole. Like I said, the food is always very good, but if you're coming on a weekend, be prepared for a very long wait. It has a super hip atmosphere and you'll find a lot of twenty-somethings there.",Uptown,Tavern,53.34,0.0,0.0,2,36-45,Female,Hispanic
F7J9_AaIhHaf9vYenxuO3g,Customer_5098,2017-12-16 00:36:24,⭐⭐⭐⭐,Great spot to come to if your in Nashville. The have one the best drink deals you can find on thursdays and Saturday's and Sunday's. Food is okay.,Uptown,Tavern,38.84,8.83,22.7,3,46-55,,Other
1JOtU5njH8oXZCSpxq_dzw,Customer_1242,2014-12-23 21:35:24,⭐⭐⭐⭐⭐,"Gastropub delight! I have to stop here every time I come to Nashville for business. I haven't had a single thing from the menu that I did not love. The grilled cheese was amazing, the soup tasty, the drinks... Mmmmmmm. Try the one with agave. The truffle fries are perfect, and be sure to top it all off with s'mores you make at the table. I've enjoyed eating outside, inside, at the bar... and have taken food to go when I didn't have time to relax. The decor is rustic and interesting. Depending on the time of day, it can be a quiet spot to relax or it can get really noisy at happy hour. The one drawback is the prices. A bit on the high side, but okay for someone like me who only does this occasionally for a treat. If you were a local, it might set you back if you became a regular.",Uptown,Tavern,38.62,9.44,24.4,1,56-65,Male,
3YsZ4NZsrLIWs2Tp92dCUA,Customer_7641,2011-12-01 00:19:01,⭐⭐⭐⭐⭐,"I really enjoyed this place. Very interesting menu, great drink selection, loved the decor/ambience and our kiwi bartender was great. I will definitely come back next time I am in town.",Uptown,Tavern,25.83,4.53,17.5,4,36-45,Prefer not to say,Native American
mvx8moqhiNUL-nxQuEYERA,Customer_1866,2012-09-14 23:35:27,⭐⭐⭐⭐,"We totally blew off all Nashville brunch recommendations just because the menu at Tavern looked so good.  Risky move, bucking the suggestions of former residents and frequent visitors, but I'm happy to report it paid off handsomely.  

I looove the set-up of the restaurant.  There's a covered/open air area, a bar area with some booths and high-top tables, then a cozy area ""upstairs"" overlooking the action so to speak.  It basically has a seating location for whatever your mood.  Very cool.

The brunch menu was almost impossible to choose from.  Our eyes went directly to the red velvet waffle with cream cheese drizzle.  We're not big sweets for breakfast folks but we do love our desserts.  But the inevitable was sure to occur, eat brunch and be too full - rule of thumb - order your sweets at the same time as your meal if you're determined to try something.  So we did....

I opted for the benedict uno which was fantastic.  Tender braised short ribs on an english muffin with perfectly cooked poached eggs and a Tabasco hollandaise.  Soooo incredibly good and the hollandaise was the perfect combination of buttery and spicy.  Excellent.  I will say, if you don't love hollandaise you would be put off - my plate was literally swimming in sauce (arm floaties and all...)  I gobbled it up but it turned my wife off from trying it (note to self, don't bath in hollandaise.)

My wife opted for the The Nooner which is an omelet with bacon, fried oysters and a
spicy sour cream, served with ""white trash hash"" (basically a heavily hashbrown casserole.)   So back to the red velvet wafftle....we didn't finish it....I know...I know....we tried and we did a pretty good job, but we just couldn't.  It was super good although almost not quite done in the middle, but tasty nonetheless.  

Good service, good food, great atmosphere (would love to watch a game here and snack my way through the day.)  Can't wait to return!",Uptown,Tavern,106.89,19.38,18.1,2,56-65,Male,African American
1DH1JZ--V1LOoMDE_OK8ww,Customer_4242,2017-09-10 18:39:19,⭐⭐⭐⭐⭐,,Uptown,Tavern,70.35,19.41,27.6,4,,Male,Mixed
4IsR7lxY-4gJx-itOP9VEQ,Customer_3936,2014-05-29 21:44:38,⭐⭐⭐⭐,,Uptown,Tavern,37.71,6.11,16.2,1,26-35,Male,Other
5U_B-wFhZiZ9SDqTglPFbQ,Customer_8073,2018-03-18 14:31:17,⭐⭐⭐⭐⭐,"We stopped here for lunch/dinner and wasn't disappointed. We was seated and served drinks promptly. Had a difficult time deciding what to order cause everything looked delishous. I ordered the brown bag meal. Which is a thick cut grilled bologna and over-easy egg sandwich with homemade potato hips, with truffle oil.",Uptown,Tavern,61.43,10.02,16.3,3,65+,Non-binary,Caucasian
DjFNqrxYXvcqPVmUQiyLog,Customer_3262,2018-02-26 22:08:11,⭐⭐⭐⭐,I was visiting my kids in Nashville on Saturday and we decided to go to the Tavern for brunch. This was the first time for all of us. We sat outside. It was a beautiful sunny day. The atmosphere was wonderful. The service was fantastic. The food was great! We look forward to coming back when we visit our kids again.,Uptown,Tavern,32.88,5.96,18.1,1,65+,Male,Hispanic
rEp28myVdzrisZxCjrFwTA,Customer_1600,2011-07-11 17:44:12,⭐⭐⭐⭐⭐,"What a fabulous new place to dine! The staff is extremely friendly, the food is creative and they have the BEST burger in town! Not only is the food great, but their use of social media is as well. I sent a tweet out about how great their burger is and received a nice card and gift certificate for my next dining expereince. Nicely done, guys!",Uptown,Tavern,14.41,1.83,12.7,3,18-25,Non-binary,Mixed
xPS_JW---lzeO4Z68IFkTg,Customer_3321,2015-07-05 22:04:46,⭐⭐⭐⭐,,Uptown,Tavern,35.04,5.57,15.9,2,,Prefer not to say,Other
rwTVjtPHfSAc5411N4aDHg,Customer_4371,2015-07-18 02:01:27,⭐⭐⭐⭐,,Uptown,Tavern,9.01,2.4,26.6,3,56-65,Female,African American
EDBroweERbMPsg7LyoaQ1w,Customer_3137,2017-12-17 18:18:01,⭐⭐⭐⭐⭐,"Another brunch gem for Midtown! We went here to try a local place before we headed home and we were not disappointed! We started out with the White Trash Hash- holy smokes. They're basically cheesy potatoes but way better. I had the Pretzel Pancakes for my meal and they were the perfect flavor. They were drizzled with dulce de leche and served with a side of white chocolate mousse and they were so good! I also had a side of Texas toast (hello carb day). Ask for the coconut jam with it... UNREAL. My boyfriend had the biscuits with chorizo gravy and he said they were really good. He also asked for a hot chocolate. Our server (I can't remember what her name was but we were in the room that looks out onto the patio on Sunday 12/17) went to the back to check if they had it and it turns out she made it by heating up milk and melting chocolate.. they didn't have packets so she went above and beyond. Incredible food, incredible servic, and defintely one of our new regular spots when we visit!",Uptown,Tavern,47.83,8.17,17.1,2,26-35,Male,Mixed
Yi9ZgTeO6Q51f4Kh_e70-Q,Customer_2566,2018-04-07 15:28:13,⭐⭐⭐⭐⭐,"Tavern is THE Nashville brunch spot.

{starters}
I have tried a good portion of the starter selections - but the buffalo cauliflower, brussels and tavern fries stand out above the rest. The mussels are also a great option for dinner or happy hour. 

{entrees}
I'm a huge fan of benedicts, and Tavern kills it with each of their 3 options - aptly named uno, dos, and (for some reason) three. Uno is my favorite, with braised short rib and Tobasco hollandaise. It is absolutely delicious. Other great options are the Nooner - which is a bacon scramble with fried oysters and spicy sour cream - and the Singapore Stir-fry, with wok-style rice, a sunny-side-up egg, and bacon. You really can't go wrong with any of the Tavern's fantastic brunch selections, but these stand out for sure.

{libations}
Possibly the reason that Tavern is so popular among Nashville brunch-goers, is the 2-for-1 deal they offer during brunch all weekend. The selection is fairly standard, with mimosas, a bellini, two bloody mary renditions, and a very sweet sangria. My favorite is the blood orange mimosa, but each drink has its merits.

Overall, Tavern is a wonderful place for any brunch occasion and I will continue to dine here often as long as I am in Nashville. The wait is brutal so make sure you arrive early to start off with a beverage in the sun on their outdoor waiting area. Enjoy!",Uptown,Tavern,62.28,24.91,40.0,1,56-65,Male,Hispanic
MHkuq7PaK-xUYlYNDuwqDA,Customer_4425,2018-03-06 03:45:51,⭐⭐⭐⭐,Tavern is a great place to grab a late night bite. The menu has a lot of variety. I really enjoy the kale salad and all their fries. The s'mores dessert is also really fun and unique! Definitely worth checking out if you're in midtown Nashville.,Uptown,Tavern,20.93,4.59,21.9,2,18-25,Female,Asian
2-DPy6cNvDLZZD4x-tMvRA,Customer_9470,2017-06-19 02:14:48,⭐⭐⭐⭐⭐,"You find yourself in an unfamiliar city, it's raining, and you need to duck in somewhere. You choose Tavern Midtown. The ambiance is modern rustic. Great music, and knowledgeable, friendly bartenders await. 

Per recommendation, I decided on the Tavern Burger and fries. For more detail, ribeye & filet beef blend with a perfectly toasted bun, two slices of red onion, thick cut tomato,  four evenly cut pickle chips, two slices of bacon, and three roasted green chilis.  Perfectly cooked throughout, it is the perfect dinner to satisfy the palate during this business trip.  The Belgian fries are not too soggy, not overly salted. As good served with roasted garlic aioli as they are with the Louisiana XX hot sauce.

Food: 5/5
Ambiance: 4/5
Staff: 5/5
Come back factor: 6/5

Thank you for a great experience!",Uptown,Tavern,107.67,32.3,30.0,1,18-25,Female,African American
HKIrimFcdewa5Dxu7E-o_g,Customer_6497,2018-02-15 17:25:39,⭐⭐,"Was in Nashville this past weekend with some friends. Decided to try this place as it was close to where we were staying. 

The place is very quaint on the inside. Dark lighting, the type of spot that could suffice a first date, a work event or a family get together. My friend and I showed up around 3pm and strangely there was a ten minute wait (Which is weird, because it's that awkward time in between lunch and dinner, but whatever.) 

Our server is super friendly and attentive. I order the pan seared tuna with a side of the sweet potato fries with jalapeno ketchup. My friend orders the tavern burger. 

Our food comes. I take a bite of my tuna and it appears raw, almost entirely uncooked. I try again and can't bare it. The waiter has no problem swapping my order for the salmon which is very kind of him. My friend appears to enjoy the burger. The fries are fine-- not seven dollar side worthy fine, but decent enough. The jalapeno ketchup tastes like regular ketchup. The salmon doesn't particularly taste like fish (almost like an overly marinated chicken, which wouldn't be a bad thing if it wasn't brought under the guise of fish) but I run through it because I'm starved. We pay and the meal for me was at its best below average. Especially for the cost. 

Naturally the evening/early morning hits and I've got all types of food poisoning and stomach bug type issues (diarrhea, nauseous, headache, puking.) This was Monday morning/ Sunday evening. It's now Thursday and I'm still ill. Not quite sure how these people are cleaning their meats, but I won't be back anytime soon. Nice, attentive staff and sweet vibe. Food was awful.",Uptown,Tavern,71.42,18.14,25.4,2,46-55,Non-binary,Mixed
qbmgggvL5Wn7e_zE8Jpvrw,Customer_9201,2015-10-25 02:58:33,⭐⭐⭐⭐⭐,"Evan the doorman was as friendly as his beard is burly. Jenna the hostess got us a table wiki wiki even though the place was packed. Amy our server professed her love for us because we ordered 8 items at once and handed her the menus back. Specialty cocktails were fantastic and the fish tacos were off the charts delicious. Well done, Tavern. Well done.",Uptown,Tavern,109.74,18.4,16.8,2,,Non-binary,
APoR2wmmIoDDRicB_VINqw,Customer_5384,2013-04-14 04:21:22,⭐⭐⭐⭐,"The environment is great! It's a multi-level facility that puts a modern spin on the old ""tavern"" concept. I was impressed with the food I ordered as well as the cocktails. The waitstaff was quite personable and made the experince even more enjoyable. My only critique was the homemade ice cream I tried for dessert. It simply wasn't good. Of course, nobody's perfect. I would definately go back to Tavern again. :-)",Uptown,Tavern,19.99,2.64,13.2,3,18-25,,Mixed
uoAV36WSfBbVY77wIxX1fw,Customer_8758,2017-04-08 16:52:58,⭐⭐⭐⭐⭐,"Food was so good! Great music, good casual or event atmosphere. Came here for a group birthday dinner. Their white sangria was amazing",Uptown,Tavern,49.15,9.96,20.3,1,,Female,Native American
4HJRzQemA9xT715cltgJtQ,Customer_6906,2012-09-14 20:15:35,⭐⭐⭐,"The simply-named Tavern offers up some mighty simple comfort food pleasures (White Trash hash, anyone?) and elevated junk food game bites. 

That said, I'm not sure this is quite the weekend brunch place for me, due to the TVs providing all of the background noise. I'm not a fan of big TVs blaring games -- to me, this is the worst kind of ambiance. BUT... for those of you seeking a place to watch local sports and cheer on with a crowd, Tavern is the spot for you, especially if your tastes are a bit more high brow than your typical nachos. I mean, they have nachos, but Tavern's come with pistachio and goat cheese. Nice! 

I'd easily return on a non game day (or even to sit on the shaded side patio) for more of that White Trash Hash. Think tater tot casserole. I mean, really. Goodbye hangover. The egg white omelet I had was kinda blah, as the tomatoes made it seem extra watery.The ""Wicked"" Bloody Mary was hardly wicked, more like gentle, despite the vodka being infused with pickled things that you'd hope for on your glass. They don't automatically garnish the way you'd think. Or at least the way a New Orleanian would think. I mean... just a lime? Nu uh. Our very lovely server came out with some olives for us, which was nice. But a Bloody without beaucoup d' garnish is a naked Mary, indeed.

Extra props for three bottles of hot sauces on the table, marked X, XX and XXX. Go for the orangey habanero, as it's the tastiest of the bunch (it might be the XX). Don't be fooled by the warnings. They are there for the bland American palate.",Uptown,Tavern,73.36,12.84,17.5,1,46-55,Female,Mixed
GW57CusYWiaPlFtd4V55qQ,Customer_6482,2015-10-12 00:22:56,⭐⭐⭐,Hmmmmm it's decent. Not sure about the 'rave' reviews to be honest. The prices kind of turned me off. They have a brunch item of Kaya Toast which is to out it bluntly ridiculously overpriced. I can get a jar of Kaya from the Asian market for 1/10the price of the dish. Not impressed.,Uptown,Tavern,74.79,11.95,16.0,2,46-55,Prefer not to say,Mixed
xnzjT7V6LXHVxPCMAfeieA,Customer_2086,2012-09-13 00:17:05,⭐⭐⭐⭐⭐,,Uptown,Tavern,123.97,16.78,13.5,4,,Prefer not to say,African American
YtUt2x2ZuHB-nesS9jZNxQ,Customer_1992,2014-08-12 04:36:29,⭐⭐⭐⭐,"Great place. Good food. Good prices, $30 for 2 people. Good service. Too loud on the inside but perfect for sitting outside. Try the pretzel sandwich with fries.",Uptown,Tavern,47.02,7.43,15.8,2,46-55,Prefer not to say,Native American
3ZrmT7chVxeSq7HUeVCVhA,Customer_7053,2011-08-28 03:27:18,⭐⭐⭐⭐,"Yum! Mussels are excellent---get extra bread for dipping. Order small plates and share to try lots if items. Kale salad is very good but a small is enough for two people to share since the flavors are unique --- good balance among Parmesan, citrus and cranberries. Guacamole is indeed yummy and lobster hush puppies are a great twist on soul food. Jalapeño ketchup has a nice kick. Shortrib tacos are good, dependable food. They won't knock your socks off, but you won't be sorry. Drinks: 1920 is a little more bitter than I anticipated, but still good. Existentialist is very refreshing as a summer drink.",Uptown,Tavern,23.66,2.72,11.5,2,46-55,,Mixed
vY06Ye_udeTHL6rfnSZfCw,Customer_5436,2018-03-16 02:38:20,⭐⭐,"Terrible wait (unnecessary), average service, above average prices, and excruciating wait for food. Find someplace else. There's lots to choose from.",Uptown,Tavern,31.14,10.9,35.0,1,46-55,Non-binary,Asian
U2zgD5DQCFzXzj23byTiSw,Customer_7680,2017-05-27 22:50:01,⭐⭐⭐⭐,tavern is above average and the american food is pretty good here. I like the ambiance and the TV in the restaurant. The drinks are good as well. It's in a neat area that is right next to bars and the division places,Uptown,Tavern,38.52,6.87,17.8,6,65+,,Mixed
NK-Y-Me_PssqgdrnRS7OdQ,Customer_3524,2018-06-09 20:08:21,⭐⭐⭐⭐,,Uptown,Tavern,34.74,7.63,22.0,3,65+,Prefer not to say,
Yi9ZgTeO6Q51f4Kh_e70-Q,Customer_3469,2018-04-07 15:28:13,⭐⭐⭐⭐⭐,,Uptown,Tavern,88.34,24.42,27.6,3,36-45,Prefer not to say,Hispanic
phWrYKpwnfgh1P13O9mO0g,Customer_7854,2014-01-21 03:00:33,⭐⭐⭐⭐⭐,Jalepeno margaritas. Grilled artichokes. Mac and cheese. Amazing.,Uptown,Tavern,46.06,18.42,40.0,4,65+,,Asian
gQIp6dKzwQniHhb0ryTHdw,Customer_9195,2011-08-26 18:32:42,⭐⭐⭐⭐⭐,"Tavern has Nashville's best burger. I was sad when it was gone. Fantastic. The staff is friendly, and the service is great. They even brought our group free s'mores. (That's right: They have s'mores.) I have a new favorite Nashville resturant.",Uptown,Tavern,49.94,7.82,15.7,2,26-35,,Caucasian
POfEzJaN4RLwxPlkWV4rfw,Customer_4872,2012-08-19 23:30:24,⭐⭐⭐⭐,"Went for brunch on Saturday and was extremely pleased to discover 2-for-1 drinks! Our group tried pretty much one of each drink and were extremely happy with each, particularly the Wicked Bloody Mary. The atmosphere was great-- trendy but very relaxed. I had the Singapore Stir fry, which was so flavorful and a wonderful change from the usual breakfast fare. As I dont eat meat or cheese, breakfast can be a little boring and standard, but this was a delicious option that strayed from the ordinary. Others had two different omelet varieties and the eggs benedict uno, all of which made the table very happy and satisfied. Would defintely recomand for brunch.. My only wish would be that they had more vegetarian options. The bloody marys by far made up for that though!",Uptown,Tavern,20.99,2.57,12.2,3,,,Hispanic
anUxMEWoKOnikXFx7ZkWRw,Customer_4679,2011-02-26 02:06:10,⭐⭐⭐,"So my girlfriend and I wanted to have a low key night. We went in around 8pmon a Friday night and the wait to get a table was about an hour. 

We decided to go to the bar and have a drink while we waited. 
A spot at the bar came open, so we took that instead.  Good thing, because almost 2 hours in,  they still wouldn't have called our name?

At first I loved the crowd.  It was a tad older.  It was a nice ""after work"" 30 something crowd. NONE of the local ""socialites"" were there.  However as midnight approached, that changed. It turned into the Virago/Whiskey Kitchen crowd.  Which I know many people don't go to WK for that very reason.  

Onto food and drink.  I had the Nacho's and my friend had the fried fish.  Neither one of us were the least bit impressed with the food. She said her's was very bland and mine was not impressive at all. However she did give props to the spicy ketchup that comes with the fries!   

As for our drinks.  Fancy names and high prices sum it up. I was brave and tried the ""preserves"" drink.  I went with Gin and the pinapple and honey preserves .. i think that is what it was.  
It was very strong.  The bartender told me that it would start to taste different with time. Um, no.   It tasted like gin with a little jelly.  I don't care how ""new york"" and trendy it is suppose to be (that is how it was described to me) it was gross. 

It was nice. A bigger Whiskey Kitchen is the best way to describe it. 
I'm sure I'll go back, but I will stick with drinks I know and try to leave before the pretentious crowd arrives. 

One other note.  The manager kept coming over to us numerous times to make sure we were happy.  I though that was nice!",Uptown,Tavern,44.78,10.28,23.0,4,56-65,Male,Hispanic
LxwfF7_VZ2oyUfP2M084VA,Customer_4223,2014-08-14 20:55:34,⭐,"We came here because of all the great yelp reviews, I can't believe this is 4-stars.. Good beer selection, good atmosphere, and decent service.  The food, however, was bla.. We really wanted to try the fried chicken skins, they came out very hard and very stuck together.  The sauce had good flavor but the skins came in a clump that we could hardly break apart. Our food came out about 4 minutes I into our attempt to chisel the skins apart. Kaya toast was weird and really lacked anything to bring the dish together.  After scraping off the sauce it was basically Texas toast and an egg.  The 2 sets of tacos we ordered were both overcooked and VERY dry. Come here for drinks, skip the food!",Uptown,Tavern,29.16,4.94,16.9,1,18-25,Male,Asian
4IsR7lxY-4gJx-itOP9VEQ,Customer_8765,2014-05-29 21:44:38,⭐⭐⭐⭐,"What I liked:
1. White Trash Hash- With a name like that, what's there not to like?  While I'm sure I could re-create this for about $2 (smashed fried hashbrowns smothered in cheese), it was well worth the extra cost to enjoy at brunch.  YUM!
2. Brunch Menu- There were too many delicious options to choose.  I went with a salad, but everything (especially the burger and french toast) looked and smelled fantastic.
3. Bloody Marys- They served my favorite, Zig-Zag mix and you get 2 for the price they charge.

What I didn't like:
1. This place gets VERY crowded on the weekend during the brunch rush.  We were quoted at hour+ wait shortly after they opened and ended up just snagging a seat at the bar.
2. Service- The bartender was understaffed and a bit slow to respond to requests.  They also forgot about part of our order and had to be reminded.

Overall Verdict: Make a reservation or show-up early and prepare to wait.  Get the white trash hash and enjoy delicious brunch!",Uptown,Tavern,41.95,6.45,15.4,2,18-25,Prefer not to say,African American
Ac_GqtISPI0dQVGOxf2ejA,Customer_1066,2012-11-11 21:48:33,⭐⭐⭐⭐,,Uptown,Tavern,73.18,25.61,35.0,1,56-65,,Other
1ToRn-wblsRCTJj3rIFxHg,Customer_1312,2013-10-04 22:56:26,⭐⭐⭐⭐,,Uptown,Tavern,69.62,10.01,14.4,2,26-35,Prefer not to say,Native American
BB5kBkUH3mAmItdC6N073A,Customer_3006,2015-01-06 06:13:05,⭐⭐⭐⭐,"my favorite brunch spot on nashville! the drinks are amazing and they have a wide range of items on the menu. my favorite brunch items are probably the benedicts and white trash hash. my favorite items served all day are the sweet potato fries and tuscan kale salad! the only complaint I would have is that they usually have a long wait, especially for brunch so come early and be prepared to wait! it's certainly worth it. other than that, the atmosphere and food are some of the best in nashville!",Uptown,Tavern,28.76,10.07,35.0,1,,Female,Native American
oFP6-gL1bU4GZD_JZSmOZA,Customer_8242,2015-02-16 22:29:19,⭐⭐⭐,,Uptown,Tavern,34.82,7.12,20.4,2,36-45,Non-binary,African American
Qs-Fy0zfyvVsWVLqqy-iCg,Customer_3694,2012-06-26 14:19:06,⭐⭐⭐⭐,,Uptown,Tavern,81.04,12.22,15.1,2,65+,Non-binary,Mixed
kVPUow1BON0KfPzndxW57w,Customer_4360,2018-07-09 00:09:28,⭐⭐⭐⭐⭐,,Uptown,Tavern,54.38,0.0,0.0,2,56-65,Male,
VqICh9JO97h5NTs8W5wjzQ,Customer_5924,2014-07-28 01:49:33,⭐⭐⭐⭐,"Service was ok, but the food was excellent.  Nothing against our sweet server, but she was alone on a 20 person table - really? I completely blame that one on management! 

Buffalo cauliflower was awesome and the chicken skewers were so so good!  Everyone had a wonderful time! 

Ambiance was so fun!",Uptown,Tavern,33.51,4.8,14.3,2,46-55,,Native American
F69sWS_z1OVNltCenrBSow,Customer_2799,2014-11-30 02:40:26,⭐⭐⭐⭐,"I really enjoyed my mussels and the atmosphere in Tavern, but this place wasn't the homerun I expected. We had a 20 minute wait on a game day, so I thought that was very reasonable. Tavern has a ton of TVs, so it's great for watching a game. The bartenders were pretty quick to provide drinks as we waited, and the craft brew and cocktail menu is good. There isn't a very expansive selection, but what's available is diverse. The food is pretty stellar as well. My mussels were delicious and our nacho appetizer was great without any meat. Fresh jalapeños, black beans, and the perfect amount of cheese made them a delight. Our server is what missed the mark. She was courteous for sure, but her timing was really off. It took a while for us to order once seated and she altered between smothering us or ignoring the table. I also wasn't impressed with my friends' lamb tacos. The tacos come in an order of two or three, and this place seems to be stingy with the meat filling. I'd definitely recommend a side an order of three. 

All and all, I'd come back. This place is tasty, but it's not the pinnacle of dining.",Uptown,Tavern,22.35,2.67,11.9,2,46-55,Prefer not to say,Native American
JEznrmADZ6HgxUwggBW0Ww,Customer_4673,2018-05-20 13:15:26,⭐⭐⭐,"Let's start off with positives, on a Saturday night around 8pm we didn't have a wait and the restraunt looked very nice an upscale sports bar basically. The srvice was good and the server was very attentive until the end when we wanted our check. I ordered the fish tacos. The tacos were extremely small and did not have a lot of fish or anything else. We ordered the buffalo cauliflower which was very good. We also ordered the chicken skewers which tasted average but once again a smaller portion. Somebody else at the table ordered the Tavern burger which looked really good (even though they forgot the bacon), she said it was delicious.",Uptown,Tavern,31.12,7.45,23.9,4,26-35,,Hispanic
5XNvrKHIVJxE_ed7DKsC7g,Customer_2760,2015-07-06 13:16:37,⭐⭐⭐⭐⭐,"We walked in without a reservation on Father's Day  Sunday at 11 in the morning. We had a flight to catch at 3, so didn't have time to wait and luckily were able to sit at the bar right away. Looking at the menu didn't see anything that looked intriguing or exciting. I was upset that we may have been stuck with some boring brunch on our last day in Nashville. Oh my, was I wrong or what? I ordered the big daddy omelette and my husband got the Huevos Rancheros. I got a big omelet and I couldn't finish it. My omelette  was flavorful and the white trash hash was out of this world. I got a fried egg on top of my omelette. What else can you ask for? They also had buy one get one mimosa. Not sure if that was a Father's Day promotion or they do that every Sunday. We also ordered the red velvet waffle for dessert which sounded and looked creative but wasn't that impressive. Overall a great experience and definitely recommend it!!!",Uptown,Tavern,62.82,6.74,10.7,3,,,Caucasian
_mszOYlLvQN8_xsk7D7r0w,Customer_5045,2017-09-10 13:58:13,⭐⭐⭐⭐⭐,"This place was AMAZING! I found it on yelp and saw the reviews, knew my dad and I had to check it out. We immediately got a killer spot at the bar and was greeted by the nicest bartender we've come across in Nashville this far. I had some white wine and my dad had beer on tap. We split (demolished) the nachos- I highly recommend adding chicken!! I could have ordered everything else on the menu but the nachos were super filling. Very hip place, highly recommend",Uptown,Tavern,44.29,5.67,12.8,5,36-45,,Caucasian
Xx8RFcIhXCuIYItAUBrrkg,Customer_2332,2018-08-27 01:01:33,⭐⭐⭐⭐,,Uptown,Tavern,67.74,13.62,20.1,5,26-35,Non-binary,Native American
78SJbrLLX0TnzZThv9H-Pw,Customer_7869,2018-05-23 12:44:02,⭐⭐⭐,Don't order the fish tacos- they were very disappointing. I didn't even want to eat them. Order the burger. It was very good. Restaurant is a little overpriced for what it is.,Uptown,Tavern,67.39,9.28,13.8,2,65+,Female,Native American
ymbDu_j2XrNFcYItj4GWfw,Customer_9937,2017-06-17 21:02:18,⭐,"I have never been so insulted and talked down to in my life. Michelle, I think that's her name it's on my receipt but she never introduced herself, was the rudest person I have ever given my money to in my life. When we sat down she was talking about personal issues with the barback loud enough for us to hear and I thought that was odd in and off itself. When she gave us our menus she said a few times ""these menus are good for the next 30 seconds."" Sorry but either give us brunch or give us dinner menus and explain that the kitchen is in the midst of a shift change, don't make us feel pressured because you dropped menus that have an extremely short time limit. Instead of eating we decided to just get drinks. She let us know that the brunch menu libations were, her words, 2 for 1. We ordered a mimosa off the list and hung out. When we got get drinks they set two wooden tokens down but didn't reference the at all, so we didn't know what they were for. Eventually ordered some food off the dinner menu to go. She was very non existent the whole time we were sitting at the bar, not attentive at all. When we asked for the bill I saw that both our drinks were on there. I asked about them and let her know about the 2 for 1 statement she said. She then proceeded to tell me it was buy one, get one and that's what the tokens are for. I told her that ""buy one get one"" and ""2 for 1"" are different and if we knew it was BOGO we would have ordered another drink (if she would have even paid attention to us). After a little back and forth she said she would take care of it and that ""they weren't trying to screw us."" She talked to us like we were the worst people on earth because she doesn't know how to explain her own restaurants policies. I work in an industry that has me visiting 10-15 bars/restaurants/hotels a day and I have never had a worse hospitality experince in my life. Tavern Management - this employee is losing you revenue left and right. Not only is she not taking care of customers and grabbing reorders, she is turning people away for good. This treatment was so horrible and off putting that I am going to go out of my way to recommended against going to Tavern due to the disrespect we felt. Hopefully your floor managers recognize how bad she is and theyo do something about it because she is taking money out of your pocket every shift she works.",Uptown,Tavern,60.99,10.45,17.1,3,36-45,Male,Caucasian
fAZ3e6jOEseEBYJOn8m8zw,Customer_8113,2017-08-10 23:37:18,⭐⭐⭐⭐,,Uptown,Tavern,32.08,3.25,10.1,3,26-35,Male,Hispanic
vdk9BIqgbcQDkWQPwbBoMA,Customer_9919,2015-05-31 20:05:57,⭐⭐⭐,,Uptown,Tavern,26.59,3.34,12.6,3,46-55,Male,Native American
NK-Y-Me_PssqgdrnRS7OdQ,Customer_2360,2018-06-09 20:08:21,⭐⭐⭐⭐,"The next day we had burgers at Tavern. We really enjoyed the house cheese burger, cooked medium rare just as ordered, flavor filled and juicy. The fish tacos were good, but lacking somewhat in flavor. We has a draft Blackstone Fancy Boy and a draft Muchaco. Good service also.",Uptown,Tavern,37.52,7.33,19.5,2,18-25,Non-binary,African American
InBi1x_iWGj7qdGM74FtrQ,Customer_1633,2017-12-16 22:38:40,⭐⭐⭐⭐,,Uptown,Tavern,31.22,5.55,17.8,1,56-65,Prefer not to say,Other
OT-156nGBziJ5NNrA-YA4w,Customer_7622,2015-05-27 22:26:15,⭐⭐⭐⭐⭐,,Uptown,Tavern,37.96,0.0,0.0,2,65+,Male,Caucasian
x7W6fUbjTpch1oaTACYQbQ,Customer_4286,2014-04-25 18:57:29,⭐⭐⭐⭐⭐,Food was great. Sweet potato chips were amazing. Great vibe too. Seating indoors or out and a huge variety of menu options.,Uptown,Tavern,16.3,2.94,18.1,1,65+,Non-binary,Native American
r6bGzYOXNhVMAtwSoomGRQ,Customer_1981,2016-01-30 05:37:42,⭐⭐⭐⭐,"One of my favorite spots in town. Burger is amazing, good vibe, nice staff. Go-to gastro pub for sure.",Uptown,Tavern,95.51,12.03,12.6,4,26-35,Male,Other
L25HtdKcDrv9_qv0WNvF6g,Customer_2575,2018-07-08 18:29:39,⭐⭐⭐⭐⭐,I came here for my birthday brunch and was pleasantly surprised! Our server was wonderful and she talked a lot with us and made the experience even better! Every single dish ordered from our table was delicious! Definitely one of he best brunch places in Nashville!,Uptown,Tavern,152.34,33.78,22.2,2,56-65,Male,Asian
fUK6gdpPTE44NUa2kpVXMA,Customer_7261,2016-10-15 18:51:28,⭐⭐⭐,,Uptown,Tavern,30.13,4.66,15.5,2,36-45,Prefer not to say,Hispanic
Jdvrv1PnYvSKXLQS3KsMzg,Customer_2415,2016-04-02 18:22:23,⭐⭐⭐⭐⭐,,Uptown,Tavern,47.52,4.9,10.3,3,18-25,Female,African American
14JPuG_IyWeP-DQGrpNdng,Customer_2601,2015-04-18 18:36:57,⭐⭐⭐⭐,,Uptown,Tavern,78.06,15.97,20.5,3,36-45,Male,African American
L6EpvJIV4WjNQ9CK1OsU5Q,Customer_1070,2013-07-20 16:56:35,⭐⭐⭐⭐,"Tavern is great for brunch, lunch or dinner. The atmosphere is casual, yet classy, with dim lighting as well as some natural light above the bar and in the front room of the restaurant. There are TVs for watching sports as well. In the Midtown area of downtown, this M Street restaurant has a nice bar and cozy half-moon booths. There is also a street-side patio (with very uncomfortable, wrought iron circle tables that do not fit well with the permanent wood bench) and valet parking.

For brunch, the white trash hash is a must with any dish. The cheddar cheese biscuits with chorizo gravy and turkey BLT were great savory dishes, but I have heard amazing things about the red velvet waffles.

For lunch and dinner, don't go with the grilled cheese. The menu has so much more to offer, and it's not the greatest grilled cheese I've ever had. The guacamole was a small serving, but fresh and with great flavor. The sweet potato chips with blue cheese fondue is to die for! I'm not a huge blue cheese fan, but this is the best cheese dip/fondue I've ever had! The chips are served fresh and warm. The mussels are also amazing, with bacon adding a unique taste. 

As for drinks, the strawberry balsamic martini is my favorite drink (on their menu and in the world).  Its sweet, with a small kick from the balsamic. Their whiskey drinks are strong and the berry julep is a good choice.

Overall, this is a great restaurant for any occasion from a business lunch to a hungover Sunday brunch. Be aware, they do NOT take reservations, which can be very frustrating, but the wait is worth it.",Uptown,Tavern,29.27,3.97,13.6,1,56-65,,Hispanic
K2cec8tvhCGCCrAHqF_aSA,Customer_8526,2017-02-13 20:46:42,⭐⭐⭐⭐,This is an awesome place to come for a boozy brunch and a good time! It is a very lively atmosphere with a lot of TVs so also a great place to watch sports while grabbing a few drinks and some delish food. I would highly recommend the chorizo biscuits and gravy - there is a cheesy goodness to this dish that will cure any hangover and leave you with a happy tummy. They also have a great mix of cocktails and beer that makes for great day drinking!,Uptown,Tavern,76.95,10.57,13.7,1,36-45,Non-binary,African American
WeEwR5kv59drLBgdMIAWvA,Customer_2230,2017-06-30 23:32:16,⭐⭐⭐⭐,,Uptown,Tavern,64.24,8.45,13.2,4,56-65,Female,Other
89tIlGxzZ4q6l0Qb51lXdw,Customer_9042,2012-10-13 16:39:17,⭐⭐⭐⭐⭐,"Great food!  The menu is full of interesting, and unique items.  I tried the smoked salmon eggs benedict, and it was phenomenal.  The interior is very well decorated, and the servers were helpful and prompt.  Though it was a little on the expensive side, it was well worth the cost for such a great experience.",Uptown,Tavern,113.6,18.07,15.9,2,,Prefer not to say,Asian
OQYYoKzjkdcKQoTdzO2ZZg,Customer_9180,2017-02-13 02:57:05,⭐⭐⭐,"I went to Tavern on a Saturday night and waited about 20 minutes for our table for 2, which really is pretty good! We ordered a few plates to share- egg rolls, fish tacos and Tuscan fries. The egg rolls were served with queso and salsa... for a Chinese food... that was weird. When I've had garlic Parmesan fries in the past, they're usually served with a dipping sauce of some kind, but these were not. We were given a heaping serving of them that 2 of us couldn't finish though. The fish tacos were by far the best dish we had- HIGHLY recommend them! Our waitress was very nice, though it took her quite a few minutes to actually come over to us initially to take drink orders. Other than that she was wonderful. We each ordered a cocktail and they were strong for sure- I was just unimpressed with both. The julep was decent. The second drink was a grapefruit/lemon lime/ vodka drink that tasted like I drank straight grapefruit juice instead of a mixed drink... to be fair, the waitress did ask if I wanted it remade. The ambiance was great, and it was defintely crowded. They had a DJ playing music and it was a younger crowd.",Uptown,Tavern,38.05,4.72,12.4,3,18-25,Prefer not to say,Hispanic
dbJ4zDy3M05kDwx1LOw_Kg,Customer_5690,2013-03-26 00:11:53,⭐⭐⭐⭐,,Uptown,Tavern,16.0,2.95,18.4,2,65+,Female,Hispanic
qMoYM4m_CMrrXfnDRz9ZGw,Customer_2247,2018-05-31 01:26:53,⭐⭐⭐⭐,"We waited an hour and a half to eat at this restaurant for a party of 3. We sat at the bar where they offered 2 for 1 drinks. 2 drinks for the price of 1!! What could be better? Towards the end of our hour and a half wait we began to get to hungry so we ordered some fries. They were very yummy!! Since eating the fries, by the time we got our table and ordered a meal, I wasn't very hungry. So I didn't  eat much of the omelette I ordered. So I don't have much feedback for that.",Uptown,Tavern,50.2,12.29,24.5,2,18-25,Non-binary,Asian
clSTQLuLu11UhwSPKEtToA,Customer_8099,2018-05-11 21:48:59,⭐⭐⭐⭐⭐,"Excellent service, has air conditioning which is great in the south, my favorite was the chicken chicharrón ""chicharrón"" good location in the block is the best one!",Uptown,Tavern,27.33,0.0,0.0,2,46-55,Male,Other
uWTEzKQTi_oI8-D8Fk07PQ,Customer_6523,2018-07-08 05:00:47,⭐⭐,Waited 1.5 hours in the bar next door to eat at this overhyped egg factory. Not worth it what so ever. Go to Hattie bs or princes and skip it.,Uptown,Tavern,26.5,2.05,7.7,4,36-45,Female,
cCNHSQG4rqISbvnfdRjVJw,Customer_2229,2017-09-22 05:54:30,⭐⭐⭐⭐,,Uptown,Tavern,24.93,6.38,25.6,2,65+,Non-binary,Native American
OQYYoKzjkdcKQoTdzO2ZZg,Customer_8643,2017-02-13 02:57:05,⭐⭐⭐,"I went to Tavern on a Saturday night and waited about 20 minutes for our table for 2, which really is pretty good! We ordered a few plates to share- egg rolls, fish tacos and Tuscan fries. The egg rolls were served with queso and salsa... for a Chinese food... that was weird. When I've had garlic Parmesan fries in the past, they're usually served with a dipping sauce of some kind,  but these were not. We were given a heaping serving of them that 2 of us couldn't finish though. The fish tacos were by far the best dish we had- HIGHLY recommend them! Our waitress was very nice, though it took her quite a few minutes to actually come over to us initially to take drink orders. Other than that she was wonderful. We each ordered a cocktail and they were strong for sure- I was just unimpressed with both. The julep was decent. The second drink was a grapefruit/lemon lime/ vodka drink that tasted like I drank straight grapefruit juice instead of a mixed drink... to be fair, the waitress did ask if I wanted it remade. The ambiance was great, and it was definitely crowded. They had a DJ playing music and it was a younger crowd.",Uptown,Tavern,15.47,2.95,19.1,4,56-65,,Native American
T9notipZzakxsGqZNrR2Fg,Customer_6880,2017-04-30 16:40:19,⭐⭐⭐⭐⭐,"First and foremost, this place is worth the wait. If you are planning to eat here, and didn't come before opening, expect at least a 20-30 minute wait if you're lucky. We got here right when the doors opened and only had to wait 20 minutes to get seated. The food is everything it's hyped up to be, and the service was really great. So, as said earlier, this place is worth the wait.",Uptown,Tavern,103.82,15.19,14.6,3,56-65,Non-binary,Asian
kgnwwMBg1O0Y9Ty951_Lig,Customer_1501,2017-12-16 15:29:13,⭐⭐⭐⭐,,Uptown,Tavern,62.68,9.49,15.1,2,56-65,Non-binary,Other
50WMEVZvre_J9sEA9Xj2uQ,Customer_7584,2018-06-10 22:40:13,⭐⭐⭐⭐⭐,From service to taste this restaurant had it all. Their mahi sandwich was cooked and seasoned perfectly. Their drink selection was vast and test,Uptown,Tavern,78.66,14.14,18.0,2,36-45,,Native American
JEznrmADZ6HgxUwggBW0Ww,Customer_4018,2018-05-20 13:15:26,⭐⭐⭐,,Uptown,Tavern,44.08,5.0,11.3,4,65+,Male,
qaUWafjUY5EhoLHZCEvZ2g,Customer_6924,2012-04-03 02:30:04,⭐⭐⭐⭐,My vegan friend had the kale salad and loved it. I had one of the taco options -- pretty good too. Wine list was short but reasonably priced. Service was friendly. Better than many of the other options near campus.,Uptown,Tavern,50.59,6.99,13.8,2,18-25,Non-binary,Other
xPS_JW---lzeO4Z68IFkTg,Customer_8805,2015-07-05 22:04:46,⭐⭐⭐⭐,,Uptown,Tavern,31.04,3.26,10.5,2,18-25,Male,Native American
wp4A8FE8F1cMpNx1sjzskw,Customer_5496,2017-10-27 02:42:29,⭐,,Uptown,Tavern,44.86,9.27,20.7,4,26-35,Male,Other
VqICh9JO97h5NTs8W5wjzQ,Customer_7897,2014-07-28 01:49:33,⭐⭐⭐⭐,"Service was ok, but the food was excellent.  Nothing against our sweet server, but she was alone on a 20 person table - really? I completely blame that one on management! 

Buffalo cauliflower was awesome and the chicken skewers were so so good!  Everyone had a wonderful time! 

Ambiance was so fun!",Uptown,Tavern,30.08,8.12,27.0,3,36-45,Male,
TNgy0o_Bw8JvyEgvrSsKGg,Customer_2681,2018-08-17 11:15:11,⭐⭐⭐⭐⭐,,Uptown,Tavern,38.42,5.95,15.5,2,18-25,Prefer not to say,Other
z7Q-X5Hq3dFjZY9AI7DQUw,Customer_5455,2015-10-26 04:38:30,⭐⭐,Meh. I don't see how this place got such high marks. We started off with the cauliflower buffalo bites and steak and cheese egg rolls. The cauliflower bites were kind of soggy/a little overdone. The cheese steak egg rolls were nothing to write home about either. They were served up with what tasted like a hunts ketchup dip and a cheese dip straight out of a jar. I ordered the turkey BLT and asked for an extra side of the avocado aioli. The aioli did not taste like avocado. The turkey BLT should just be called a turkey sandwich because BLTs should contain a decent amount of bacon and lettuce. My sandwich came with a sliver of bacon and even less lettuce. It was stacked with turkey but it needed way more lettuce to help freshen it up. It was served with sweet potato chips that were soaked in oil. 1/4 were edible and the rest were to drenched in oil to even think about eating. I don't know why our food took so long. For sure they weren't back there frying up fresh chips for me.,Uptown,Tavern,59.04,0.0,0.0,1,46-55,Female,African American
6lN8DOJi5bzbpUgI8EOF8A,Customer_4148,2018-07-09 06:59:59,⭐⭐⭐,"Looks, from the street, like it would be good, but it was just okay. Our waitress pretty much forgot about us the entire time we were there. Not sure what that was all about. We tried practicing mindfulness to make the time pass while we were waiting for her to come back out and take our order. My nachos were disappointing--basically felt like a slice of cheese was melted over chips with globs of black beans. The kale salad was a warm mound of wilted kale mixed with parm cheese. My son liked his burger, so that was good.",Uptown,Tavern,55.23,8.29,15.0,2,18-25,Male,Mixed
no9ZhPLnxlhx6GKk3s5AHA,Customer_3643,2015-12-22 21:37:23,⭐⭐⭐⭐⭐,,Uptown,Tavern,63.98,14.1,22.0,3,26-35,,African American
DjFNqrxYXvcqPVmUQiyLog,Customer_5651,2018-02-26 22:08:11,⭐⭐⭐⭐,I was visiting my kids in Nashville on Saturday and we decided to go to the Tavern for brunch. This was the first time for all of us. We sat outside. It was a beautiful sunny day. The atmosphere was wonderful. The service was fantastic. The food was great! We look forward to coming back when we visit our kids again.,Uptown,Tavern,75.38,8.26,11.0,1,36-45,Prefer not to say,Mixed
TFrU2d0YpTbjicQj5sAGkg,Customer_9618,2014-03-14 09:18:07,⭐⭐⭐⭐⭐,,Uptown,Tavern,25.56,5.73,22.4,3,56-65,,Native American
qaUWafjUY5EhoLHZCEvZ2g,Customer_5390,2012-04-03 02:30:04,⭐⭐⭐⭐,My vegan friend had the kale salad and loved it. I had one of the taco options -- pretty good too. Wine list was short but reasonably priced. Service was friendly. Better than many of the other options near campus.,Uptown,Tavern,32.4,7.44,23.0,1,,Male,Asian
bVgotkqrJEinltwv__icwA,Customer_2891,2013-08-18 09:32:48,⭐⭐⭐⭐,"Not much to say that hasn't been said.  I had the burger, which I suspect they use truffle oil on, and it was very tasty, along with an order of the philly cheesesteak eggrolls (you only get 2 for 10 bucks).  My only critique of the food was that the eggrolls had this thick, doughy wrapping that reminded me of some of the really cheap egg rolls I used to eat at my high school cafeteria.  Pretty happenin' place, though.",Uptown,Tavern,40.81,14.28,35.0,1,65+,Male,Mixed
W-1KsTFiqHEz5DdsnFEbiQ,Customer_8258,2015-01-06 02:19:19,⭐⭐⭐⭐,"Great food, great atmosphere.  I had the mac and cheese, which was a special and it wasn't on the menu, but it was AMAZING.  I also highly recommend the egg rolls.  Not your normal egg rolls.",Uptown,Tavern,59.14,0.0,0.0,2,,,African American
cG0zukMXoMYphvr7XIG9cQ,Customer_1125,2013-10-04 01:41:32,⭐,,Uptown,Tavern,31.24,6.72,21.5,2,46-55,Non-binary,Hispanic
h0a6z9rNCfvJq9RZvglPHw,Customer_6888,2016-07-07 23:39:55,⭐⭐⭐⭐⭐,"I liked this place a lot, a more refined food/beverage option among a sea of walkable college dive bars. Modern well-designed multi-level interior filled with natural light by day, soft mood lighting at night. Nice looking and well-dressed mixed-age crowd both times I was here. Excellent 2-for-1 Thursday Happy Hour 2-10 PM with a solid selection of pours. This neighborhood likes its drink . . Food reasonably priced and a good mix of options, not perfect, but for essentially up-scale "" bar food"", it's good.  I bet brunch on weekends here would be fun. My ""Ham-Jam-Bread & Butter"" was delicious.  Awesome lettuce wraps, at $14.50. Lobster Sliders at twice the price were a letdown, but as in life: Shit happens. Hard working friendly bartenders. I recommend it if you're near Vanderbilt.  Walking distance to many hotels (Courtyard, Hampton Inn, A-Loft, Hilton Garden, The Hutton). A little loud inside, but you're still able to hold a conversation, and the up-tempo music adds to the vibe.",Uptown,Tavern,53.14,21.26,40.0,5,18-25,,
vxAklG5OXmvu02ymR7BQFg,Customer_1281,2015-12-09 02:26:42,⭐⭐⭐⭐⭐,"Great vegetarian options (I got the Buffalo cauliflower - amazing), healthy options (chopped kale salad with almonds and dried blueberries with light dressing), as well as favorites like tacos, nachos, fried chicken and burgers. Lots of tvs but also more secluded tables. Would definitely come back!",Uptown,Tavern,23.11,4.83,20.9,4,18-25,Non-binary,Hispanic
jwF-5vDFksWqlzJ9aFFEJQ,Customer_6397,2018-02-24 02:22:51,⭐⭐⭐⭐⭐,"My husband and I are visiting Nashville from Chicago (go cubs). We have been to tavern once before last year and my husband fell in love with the  chickenooga drink. So in love that tavern was our first stop back in town. Well, one chickenooga into the night and there was an issue with the keg equipment making this drink unavailable. The manager soon came over with a substitute option replacing the beer. They very well could have just said ""too bad"" but went way above and beyond and made my husband content. Great food too but the service is well above the rest!",Uptown,Tavern,24.34,3.51,14.4,2,18-25,,Mixed
Fy8WWMVQlLKrk5sBu_aR9g,Customer_3068,2013-05-11 14:43:31,⭐⭐⭐⭐,,Uptown,Tavern,81.12,20.12,24.8,2,56-65,Male,Native American
ii395UGz-QQyvcCNCJCDIg,Customer_8440,2015-03-18 20:14:03,⭐⭐⭐⭐⭐,"Oh hell yeah!!  Came in for a simple burger and fries.  

Great food! Even better service!  

Will definitely be a stop on any trip to Nashville.

Make sure you try the Tuscany fries!",Uptown,Tavern,37.5,7.06,18.8,2,65+,Female,Caucasian
1ToRn-wblsRCTJj3rIFxHg,Customer_4658,2013-10-04 22:56:26,⭐⭐⭐⭐,"Very nice place for a white collar after work drink and dinner. I was in town for a football game and looking for a bit of a different atmosphere, but this is a nice spot that I would frequent otherwise. They have a nice whiskey selection at the bar too.",Uptown,Tavern,45.28,4.65,10.3,2,26-35,Non-binary,
1C9yM6ugjgB6m_qVs7Oddw,Customer_1408,2015-05-02 03:15:02,⭐⭐⭐⭐⭐,,Uptown,Tavern,87.25,17.33,19.9,2,26-35,Prefer not to say,Hispanic
zd8u_QhxNXBoggQ6Mrz_ag,Customer_8284,2016-05-07 20:29:16,⭐⭐⭐⭐,Good stuff for brunch if you are drinking. Recommend getting there early as it was packed when we got there around 11 and there was a ton of people waiting when we left.,Uptown,Tavern,48.91,8.24,16.9,2,26-35,Prefer not to say,Caucasian
ZJ1BaiHZuvuT0WwVDrLZMA,Customer_6294,2015-01-04 14:12:37,⭐⭐⭐⭐⭐,"We wanted to check this place out after seeing the great reviews. 
Arrived on Thursday (New Years Day) around noon and the place was packed with a hour and a half wait. We put our name in and went next door for a drink, 
The restaurant texted us when our table was ready and also had a cool app that you can check your place in line. 
Only had drinks and a few apps. The tuscan fries were good but had a LOT of garlic.
My friend loved her Kale salad. 
If you like a bloody mary, try the cucumber mary made with cucumber vodka. It was unbelievable. 

This was hands down out favorite place in Nashville and this place had the BEST service we got our whole trip. A+ to the staff. We were really really impressed. 
We went back on Friday night around 1am and it was pretty empty. The guy sitting next to us said its really a better brunch or Sunday Funday bar and not busy at night.",Uptown,Tavern,48.5,16.98,35.0,2,,Non-binary,Native American
phWrYKpwnfgh1P13O9mO0g,Customer_5558,2014-01-21 03:00:33,⭐⭐⭐⭐⭐,Jalepeno margaritas. Grilled artichokes. Mac and cheese. Amazing.,Uptown,Tavern,37.88,6.84,18.1,2,65+,Male,Other
xddfrSVXSiSuJd_phMlXSA,Customer_1800,2014-12-22 19:41:26,⭐⭐,"Overpriced.  

That's the best way to describe it.  Everything was FINE.  Just fine.  But when our bar tab is $60 for a few drinks, and I felt like I needed to go over the menu about 8 times to find something exciting to try (I landed on the burger), I felt let down.  

All of the reviews of this place made me want to come visit.  I think these must all be Vandy kids or tourists who don't know where the better quality places are with better prices.  

I just felt, well... so meh about the whole thing.  

Again, everything was fine, decent, even.  But by the time to pay the bill came, my husband and I thought of at LEAST 5 or 6 different places we could have gone for BETTER drinks with CHEAPER prices and a much better menu.  

Obviously, this is probably for the hip crowd.  So, if you're hip, go for it.  If you were once hip, and you know better... be prepared to be underwhelmed.",Uptown,Tavern,174.48,35.94,20.6,5,36-45,Female,Other
_YFRLnmfK_00lfI_j8D-bA,Customer_1794,2014-12-20 20:42:02,⭐⭐⭐⭐,"Tavern has a great brunch situation if you are looking to have drinks. 2 for 1 mimosas, bellinis, bloody Mary's and sangria make for a great start to the day. Brunch can get very packed during peak hours so you want to get there early on Saturdays and Sundays.",Uptown,Tavern,26.55,7.17,27.0,5,46-55,Prefer not to say,Asian
zd8u_QhxNXBoggQ6Mrz_ag,Customer_7082,2016-05-07 20:29:16,⭐⭐⭐⭐,Good stuff for brunch if you are drinking. Recommend getting there early as it was packed when we got there around 11 and there was a ton of people waiting when we left.,Uptown,Tavern,32.82,6.89,21.0,1,18-25,Male,Other
Yi9ZgTeO6Q51f4Kh_e70-Q,Customer_2527,2018-04-07 15:28:13,⭐⭐⭐⭐⭐,"Tavern is THE Nashville brunch spot.

{starters}
I have tried a good portion of the starter selections - but the buffalo cauliflower, brussels and tavern fries stand out above the rest. The mussels are also a great option for dinner or happy hour. 

{entrees}
I'm a huge fan of benedicts, and Tavern kills it with each of their 3 options - aptly named uno, dos, and (for some reason) three. Uno is my favorite, with braised short rib and Tobasco hollandaise. It is absolutely delicious. Other great options are the Nooner - which is a bacon scramble with fried oysters and spicy sour cream - and the Singapore Stir-fry, with wok-style rice, a sunny-side-up egg, and bacon. You really can't go wrong with any of the Tavern's fantastic brunch selections, but these stand out for sure.

{libations}
Possibly the reason that Tavern is so popular among Nashville brunch-goers, is the 2-for-1 deal they offer during brunch all weekend. The selection is fairly standard, with mimosas, a bellini, two bloody mary renditions, and a very sweet sangria. My favorite is the blood orange mimosa, but each drink has its merits.

Overall, Tavern is a wonderful place for any brunch occasion and I will continue to dine here often as long as I am in Nashville. The wait is brutal so make sure you arrive early to start off with a beverage in the sun on their outdoor waiting area. Enjoy!",Uptown,Tavern,62.02,21.71,35.0,4,65+,,Hispanic
clSTQLuLu11UhwSPKEtToA,Customer_1959,2018-05-11 21:48:59,⭐⭐⭐⭐⭐,"Excellent service, has air conditioning which is great in the south, my favorite was the chicken chicharrón ""chicharrón"" good location in the block is the best one!",Uptown,Tavern,115.43,24.99,21.6,8,26-35,Male,Native American
RUKt-2f0UDKAyhaQubp5NQ,Customer_3633,2017-12-31 03:44:17,⭐⭐⭐⭐,"Unfortunately they don't take reservations.  It was a crazy busy weekend and took about an hour to be seated.
Sat on porch behind bar, they had propane heaters so it was plenty warm despite 15 degree weather.
Service was very attentive and friendly.  Food was great. Shasito peppers were perfect. Cauliflower was good and smoking hot spicy.
Glad we waited.",Uptown,Tavern,90.25,11.73,13.0,4,,Prefer not to say,Native American
ZJ1BaiHZuvuT0WwVDrLZMA,Customer_9173,2015-01-04 14:12:37,⭐⭐⭐⭐⭐,"We wanted to check this place out after seeing the great reviews. 
Arrived on Thursday (New Years Day) around noon and the place was packed with a hour and a half wait. We put our name in and went next door for a drink, 
The restaurant texted us when our table was ready and also had a cool app that you can check your place in line. 
Only had drinks and a few apps. The tuscan fries were good but had a LOT of garlic.
My friend loved her Kale salad. 
If you like a bloody mary, try the cucumber mary made with cucumber vodka. It was unbelievable. 

This was hands down out favorite place in Nashville and this place had the BEST service we got our whole trip. A+ to the staff. We were really really impressed. 
We went back on Friday night around 1am and it was pretty empty. The guy sitting next to us said its really a better brunch or Sunday Funday bar and not busy at night.",Uptown,Tavern,47.0,10.36,22.1,6,26-35,Non-binary,Caucasian
TFrU2d0YpTbjicQj5sAGkg,Customer_4938,2014-03-14 09:18:07,⭐⭐⭐⭐⭐,"Only had drinks here, but it was great! They have a two for one happy hour from 2pm until 10pm. The bartender was super friendly and made a great drink!",Uptown,Tavern,31.32,6.89,22.0,2,36-45,Female,Asian
--yprFLq4gQcfY87SX9z8A,Customer_1522,2014-05-12 16:03:53,⭐⭐⭐⭐⭐,"We went here for dinner last night with our Yelp Elite spring break friends and the food was great. I ordered a burger medium well with white cheddar, and I substituted for the Tennessee sweet potato fries with the garlic aioli which were fantastic. My friend got a Jalapeño-infused strawberry margarita, which was yummy, as well as the chimichangas, which were also very good. The chimichangas were soft, rather than deep fried, which was interesting. I will say that they don't do any happy hour specials here, which was disappointing. I got an angry orchard cider in a can, which I had never seen before because usually I get bottles, and it was $5.50 which is a little expensive. Food was great though like I said, and food prices were reasonable.",Uptown,Tavern,101.83,11.16,11.0,3,46-55,Female,Native American
G_hGOr7cjzHnwHHKPEvtcA,Customer_5040,2013-04-13 05:19:34,⭐⭐⭐⭐,"Tavern was in walking distance from our hotel, and we had read it was a good place to watch a game, so we were there! I really liked the feel of this place. It was really modern and even the waitstaff complements the look with their matching grey v-necks. We were famished after a long day and got down on so many dishes! 

-grilled artichokes. promised with a ""comeback sauce"" which we got to help my friend push ahead past her hangover, it didn't really do that.
-lamb tacos and pork tacos. the lamb tacos were great but nothing could compare to the pork tacos. I have never been more sad to see the end of a taco.
-salad of little gems. hello? little gems describing anything? I'm in! It was a great, little refreshment from my all-meat diet, with cranberries and fresh mozzerella.
-chicken and waffle. The fried chicken was great, but the cheddar and jalepeno waffle was almost too overpowering with the sweey syrup.
-loco moco. too much meat but the rice and egg were just what my friend needed to get back on the drinking horse so props for that!

The drink list was also amazing here, great whiskey cocktails and they make a mean martini as well! I also liked the mix of people here. It was the perfect Friday night crowd. Prices were pretty reasonable, unless, of course, you are posted up watching Michigan beat Kansas in overtime, then the bill might be a bit higher to taste victory ;)",Uptown,Tavern,23.51,8.23,35.0,4,56-65,Male,Mixed
clSTQLuLu11UhwSPKEtToA,Customer_5616,2018-05-11 21:48:59,⭐⭐⭐⭐⭐,"Excellent service, has air conditioning which is great in the south, my favorite was the chicken chicharrón ""chicharrón"" good location in the block is the best one!",Uptown,Tavern,26.94,5.67,21.0,2,56-65,Male,Other
VkozyyuG3sn20kHTkvHFQw,Customer_7206,2015-09-24 23:59:11,⭐⭐⭐⭐⭐,"Awesome! Great food, great service! Our waitress Rebecca was wonderful! The Moco Loco was amazing!",Uptown,Tavern,42.35,10.71,25.3,2,36-45,Female,Mixed
FYok0kc1LXUEcOXAIS6lnw,Customer_4631,2015-10-25 18:02:13,⭐⭐⭐⭐,Nice little cozy spot. Atmosphere is casual and classy. I had the chicken skewers with rice. It was very tasty and light. Also had a margarita that was fantastic! I only like fresh margaritas and this one passed the test. Recommend checking it out.,Uptown,Tavern,63.66,15.17,23.8,2,56-65,Non-binary,Native American
M3EPjYaN9PiuclPw9SJeuw,Customer_2352,2015-12-24 20:23:39,⭐⭐⭐⭐,"*** BUFFALO CAULIFLOWER ***

Need I say more? : )

Friendly staff. Fun atmosphere. Trendy but casual at the same time... ooo and the outdoor patio is a must when the weather is nice.",Uptown,Tavern,67.84,9.12,13.4,4,56-65,Female,Other
O7MxXEBpMFEDTxWgxUQmBQ,Customer_7427,2016-07-18 02:41:30,⭐,"This joint was recommended by a waiter who served us supper, said the red velvet waffles were to die for....ummm no suicidal thoughts here...totaly not worth the 1hr wait and is extremely loud....forget about conversation. We had the breakfast fondu....where is the fondu pot and skewers? And the $3 coffee was yucky! Service wasn't the best either. I'm getting the feeling that the waiters around here think because they probally won't ever see you again they don't have to give good customer servic. You basically have to ask to be waited on.#RoadtripUSA",Uptown,Tavern,75.69,9.77,12.9,1,65+,,Hispanic
E6DAugRjP24LItD7BGW7zw,Customer_3274,2013-03-21 18:27:15,⭐⭐⭐⭐⭐,"My favorite place to eat and/or drink in Nashville. It's in midtown, which is local and away from the honky tonks. The ambiance, food, drinks, and servise is great. And if anything, there is always good people watching. I come to Tavern after church for brunch, out with my girlfriends for drinks, or out to a nice fun dinner with my boyfriend. My birthday was on a Wednesday last year, which is 2-for-1's night. I came with my girlfriends and had my favorite dessert, their S'mores! So much fun! When asked where do I want to go for brunch? Lunch? Dinner? or just a night out...I always pick Tavern.",Uptown,Tavern,78.24,12.92,16.5,2,18-25,Non-binary,Hispanic
75H1aBmdeTCy6TYUKHhg4g,Customer_3897,2018-08-24 20:33:25,⭐⭐,"PSA: Just go for the 2 for 1 drink special at brunch and white trash hash.  The atmosphere is trendy. Everything else is not worth the wait! We arrived at 11am on a Friday for brunch, was told the wait was 20 mins. We did not get seated until 11:50a. Food is average. I will say the nachos were good but nothing outstanding. The biscuits came out cold. A ""side"" of bacon is $5 dollars and you get seriously 2 slices. Service was very very slow. Wouldn't recommend unless you have 3.5 hours or more  to kill for brunch.",Uptown,Tavern,47.5,16.62,35.0,3,65+,Female,African American
kVPUow1BON0KfPzndxW57w,Customer_7266,2018-07-09 00:09:28,⭐⭐⭐⭐⭐,,Uptown,Tavern,165.69,38.71,23.4,2,46-55,Male,Other
pA3QdqQdKoTpg4sgH6q-mg,Customer_4529,2017-05-27 14:13:29,⭐,"We came here because of all the great yelp reviews, I can't believe this is 4-stars.. Good beer selection, good atmosphere, and decent servise. The food, however, was bla.. We really wanted to try the fried chicken skins, they came out very hard and very stuck together. The sauce had good flavor but the skins came in a clump that we could hardly break apart. Our food came out about 4 minutes into our attempt to chisel the skins apart. Kaya toast was weird and really lacked anything to bring the dish together. After scraping off the sauce it was basically Texas toast and an egg. The 2 sets of tacos we ordered were both overcooked and VERY dry. Come here for drinks, skip the food!",Uptown,Tavern,50.2,9.32,18.6,2,26-35,,African American
ZJ1BaiHZuvuT0WwVDrLZMA,Customer_6870,2015-01-04 14:12:37,⭐⭐⭐⭐⭐,"We wanted to check this place out after seeing the great reviews. 
Arrived on Thursday (New Years Day) around noon and the place was packed with a hour and a half wait. We put our name in and went next door for a drink, 
The restaurant texted us when our table was ready and also had a cool app that you can check your place in line. 
Only had drinks and a few apps. The tuscan fries were good but had a LOT of garlic.
My friend loved her Kale salad. 
If you like a bloody mary, try the cucumber mary made with cucumber vodka. It was unbelievable. 

This was hands down out favorite place in Nashville and this place had the BEST service we got our whole trip. A+ to the staff. We were really really impressed. 
We went back on Friday night around 1am and it was pretty empty. The guy sitting next to us said its really a better brunch or Sunday Funday bar and not busy at night.",Uptown,Tavern,30.26,5.74,19.0,2,26-35,Male,Other
7XFuiaM0hVmdnlhJfV2gHA,Customer_2740,2016-07-25 13:51:42,⭐⭐⭐⭐⭐,"My 8 friends and I came here during our visit to Nashville because of good reviews we heard from friends who visited - they did not disappoint.  Tavern was a great brunch spot and they were able to accommodate our large group fairly easily.  The service was awesome, relaxed and friendly staff all around.  The food was phenomenal - We split almost every app on the menu, all very good.  I had the special taco scramble and it was one of the best egg dishes I've had in a while.  The ""white trash hash"" that came with it was delicious and a twist on the classic hashbrowns.  All in all I would come back here and would recommend to anyone visiting.",Uptown,Tavern,40.89,4.62,11.3,5,65+,Female,Asian
mr3pVSBaVYi17pJViaJS0Q,Customer_1033,2013-07-13 02:08:45,⭐⭐⭐⭐,My family ate here last night and thought the food and service were excelent.,Uptown,Tavern,38.35,5.85,15.3,2,18-25,Female,Mixed
EDBroweERbMPsg7LyoaQ1w,Customer_4018,2017-12-17 18:18:01,⭐⭐⭐⭐⭐,"Another brunch gem for Midtown! We went here to try a local place before we headed home and we were not disappointed! We started out with the White Trash Hash- holy smokes. They're basically cheesy potatoes but way better. I had the Pretzel Pancakes for my meal and they were the perfect flavor. They were drizzled with dulce de leche and served with a side of white chocolate mousse and they were so good! I also had a side of Texas toast (hello carb day). Ask for the coconut jam with it... UNREAL. My boyfriend had the biscuits with chorizo gravy and he said they were really good. He also asked for a hot chocolate. Our server (I can't remember what her name was but we were in the room that looks out onto the patio on Sunday 12/17) went to the back to check if they had it and it turns out she made it by heating up milk and melting chocolate.. they didn't have packets so she went above and beyond. Incredible food, incredible service, and definitely one of our new regular spots when we visit!",Uptown,Tavern,29.64,4.1,13.8,3,46-55,Non-binary,
i4XsL5ShtxUB_BjGxBExZw,Customer_6798,2016-09-30 23:54:44,⭐⭐⭐,"We stumbled onto this restaurant after seeing the very long line at Hattie B's. The atmosphere seemed really nice and the wait for a table much more manageable-only 10 minutes. The menu choices were appealing and we put in an order for two burgers, fries, a fish sandwich and trail salad.  Then we waited, and waited and waited some more.  Fifty minutes later our food still did not arrive with no real explanation (or apology) from our server.  The manager was pleasant and after she was alerted our food did arrive. The burgers were tasty as were the Belgian fries. The trail mix salad had too many dried cranberries for my liking making it much too sweet.  I think with a different server the experience may have been more positive, but with so many great restaurants in Nashville I won't be going back to find out.",Uptown,Tavern,32.03,11.21,35.0,1,18-25,Prefer not to say,African American
ii395UGz-QQyvcCNCJCDIg,Customer_4558,2015-03-18 20:14:03,⭐⭐⭐⭐⭐,Oh hell yeah!! Came in for a simple burger and fries. Great food! Even better service! Will definitely be a stop on any trip to Nashville. Make sure you try the Tuscany fries!,Uptown,Tavern,41.53,6.32,15.2,3,26-35,Male,Other
TFrU2d0YpTbjicQj5sAGkg,Customer_9756,2014-03-14 09:18:07,⭐⭐⭐⭐⭐,"Only had drinks here, but it was great! They have a two for one happy hour from 2pm until 10pm. The bartender was super friendly and made a great drink!",Uptown,Tavern,15.72,4.0,25.5,3,36-45,Non-binary,Other
EDBroweERbMPsg7LyoaQ1w,Customer_5015,2017-12-17 18:18:01,⭐⭐⭐⭐⭐,"Another brunch gem for Midtown! We went here to try a local place before we headed home and we were not disappointed! We started out with the White Trash Hash- holy smokes. They're basically cheesy potatoes but way better. I had the Pretzel Pancakes for my meal and they were the perfect flavor. They were drizzled with dulce de leche and served with a side of white chocolate mousse and they were so good! I also had a side of Texas toast (hello carb day). Ask for the coconut jam with it... UNREAL. My boyfriend had the biscuits with chorizo gravy and he said they were really good. He also asked for a hot chocolate. Our server (I can't remember what her name was but we were in the room that looks out onto the patio on Sunday 12/17) went to the back to check if they had it and it turns out she made it by heating up milk and melting chocolate.. they didn't have packets so she went above and beyond. Incredible food, incredible service, and definitely one of our new regular spots when we visit!",Uptown,Tavern,60.05,10.27,17.1,1,,Male,Native American
4b5YwUYv8RByje54vuaGZg,Customer_6779,2017-01-03 04:33:22,⭐⭐⭐⭐⭐,,Uptown,Tavern,64.54,12.65,19.6,4,56-65,Male,Hispanic
Jdvrv1PnYvSKXLQS3KsMzg,Customer_8010,2016-04-02 18:22:23,⭐⭐⭐⭐⭐,"On a girls trip to nashville the gentleman on the plane ride into town suggested this restaurant. We went during Brunch time on Saturday. Reasonable wait, but they text you when the table is ready. Everything was amazing. Highly suggest the stir-fry and tavern burger and obviously you have to try the white trash hash. Highly recommend for visitors and locals alike.",Uptown,Tavern,33.69,13.48,40.0,3,46-55,Non-binary,Caucasian
4LJZNEPBT3QiAU0FqIU-2g,Customer_7849,2013-02-22 18:15:55,⭐⭐⭐,"I've only been to Tavern once and it was for Sunday brunch. 
My friend and I wanted somewhere close to our church (Midtown 12South) and she suggested Tavern because she said the brunch food was good. I wasn't too sure about the meal I ended up ordering...you know how you have those days where you teeter back and forth between what to order and then end up just blurting out a choice and don't really know if you're ok with what you said? Well...this one of those times, so it might have skewed my verdict. The food was good, but it wasn't my favorite. The 2for1 brunch drinks helped a bit. 

I might would go back and try some lunch food and see how that is. But for now, it's just A-ok in my book.",Uptown,Tavern,28.75,6.58,22.9,1,18-25,,African American
TqBseui1uj8S9CyQ1J55dg,Customer_6261,2015-07-09 15:55:40,⭐⭐⭐⭐⭐,"This place is amazing! In every way! Great location, great ambiance & atmosphere. The people there, especially our bartender Sarah, were super nice and helpful. She was great! But.... the food. Oh wow the food. Best burger I've ever had ever! If they ask you if you want to upgrade your fries to he seasoned ones (for a mere 50¢) say YES YES YES. Those things are sprinkled with crack, I swear. So good. And the garlic aioli is no joke. The beer list is awesome. Lots of local options. And 2-4-1's on Wednesdays of things like Jack Daniels, other liquors, wine, and some mixed drinks (libations). great place! We'll be back every time we're in Nashville.",Uptown,Tavern,71.67,16.35,22.8,4,18-25,Prefer not to say,Hispanic
K6PCShQxniv8LuDPuEnKxQ,Customer_1980,2017-05-27 04:05:35,⭐⭐,,Uptown,Tavern,80.6,10.41,12.9,3,26-35,Male,Hispanic
1DH1JZ--V1LOoMDE_OK8ww,Customer_8238,2017-09-10 18:39:19,⭐⭐⭐⭐⭐,"The 45 minute wait was well worth it, especially since you have drinks while you wait! The staff here at Tavern were super attentive and really helpful in giving suggestions on what to order. We got the maple fondue and it was incredible, you got to try a little bit of everything. The red velvet waffles were out of this world, the blueberry cornmeal waffles were a slam dunk, the Frosted Flakes crusted French toast was life changing. The sausages were great, the chicken was very spicy but overall great and the fruit was super fresh and sweet. The eggs benedict were really good but very large. All in all I would come back again in a heartbeat!!

WE LOVE TAVERN BRUNCH",Uptown,Tavern,37.45,6.38,17.0,4,65+,Prefer not to say,Other
TNgy0o_Bw8JvyEgvrSsKGg,Customer_6828,2018-08-17 11:15:11,⭐⭐⭐⭐⭐,Everything is wonderful at The Tavern!!!!. The srvice is outstanding. The seafood choices are plentiful. The skillet bread is so so good! I love the portion size..just right. The Chocolate chip cookie skillet dessert is super super delishous! We have gone on a Sunday night a few times a it's semi- quiet and it's a delightful Sunday meal.,Uptown,Tavern,65.3,8.49,13.0,5,18-25,Female,Other
L3M-tEgYRCOVb-0_NtU7bw,Customer_9467,2013-08-18 06:21:52,⭐⭐,,Uptown,Tavern,134.76,22.4,16.6,1,65+,,Mixed
M3EPjYaN9PiuclPw9SJeuw,Customer_2372,2015-12-24 20:23:39,⭐⭐⭐⭐,"*** BUFFALO CAULIFLOWER ***

Need I say more? : )

Friendly staff. Fun atmosphere. Trendy but casual at the same time... ooo and the outdoor patio is a must when the weather is nice.",Uptown,Tavern,37.55,3.6,9.6,4,,Female,Native American
bI1cuNWVGabUUF-n0Kb3pw,Customer_5011,2015-05-30 03:18:24,⭐⭐⭐⭐⭐,The girls and I always go to Tavern for Sunday night dinners. Our favorite waitress Sarah Michelle delivers the best service. She knows our drinks and never steers us wrong on what to try to eat next. The buffalo cauliflower is so yummy but nothing compares to the S'mores for dessert.,Uptown,Tavern,35.05,9.1,26.0,2,36-45,Female,African American
5FMQAlbrrEwAW_QQy8s56w,Customer_2198,2017-08-08 02:47:59,⭐⭐⭐⭐,,Uptown,Tavern,93.62,16.3,17.4,8,36-45,Prefer not to say,Mixed
LxwfF7_VZ2oyUfP2M084VA,Customer_7227,2014-08-14 20:55:34,⭐,"We came here because of all the great yelp reviews, I can't believe this is 4-stars.. Good beer selection, good atmosphere, and decent service.  The food, however, was bla.. We really wanted to try the fried chicken skins, they came out very hard and very stuck together.  The sauce had good flavor but the skins came in a clump that we could hardly break apart. Our food came out about 4 minutes I into our attempt to chisel the skins apart. Kaya toast was weird and really lacked anything to bring the dish together.  After scraping off the sauce it was basically Texas toast and an egg.  The 2 sets of tacos we ordered were both overcooked and VERY dry. Come here for drinks, skip the food!",Uptown,Tavern,29.08,4.29,14.7,2,26-35,Female,
lHmOJX1TWJeH8_0Sp2h24g,Customer_9771,2011-07-01 00:47:41,⭐⭐⭐,,Uptown,Tavern,38.22,8.38,21.9,3,18-25,Prefer not to say,Asian
NixE0NEmzbOF81uRQIUkag,Customer_9141,2015-04-05 03:26:58,⭐⭐⭐⭐⭐,,Uptown,Tavern,54.17,7.04,13.0,2,56-65,Male,Mixed
fJWUhhqbqbEdnLaKpKoOZg,Customer_9581,2018-03-05 21:20:43,⭐⭐⭐,,Uptown,Tavern,29.34,5.41,18.4,2,18-25,Male,Native American
3ZrmT7chVxeSq7HUeVCVhA,Customer_7354,2011-08-28 03:27:18,⭐⭐⭐⭐,"Yum! Mussels are excellent---get extra bread for dipping. Order small plates and share to try lots if items. Kale salad is very good but a small is enough for two people to share since the flavors are unique --- good balance among Parmesan, citrus and cranberries. Guacamole is indeed yummy and lobster hush puppies are a great twist on soul food. Jalapeño ketchup has a nice kick. Shortrib tacos are good, dependable food. They won't knock your socks off, but you won't be sorry. Drinks: 1920 is a little more bitter than I anticipated, but still good. Existentialist is very refreshing as a summer drink.",Uptown,Tavern,18.69,5.28,28.3,2,26-35,Prefer not to say,Other
F0QILcuyjSrTAP_PxLlWCg,Customer_4609,2012-07-16 15:44:10,⭐⭐⭐⭐⭐,"Nashville for the weekend--Brunch on Saturday! (July 14, 2012)

First off I LOVE that they have a Saturday brunch.  Avoiding the crowds of Sunday and having yummy brunch food is awesome.  I don't know why we can't have brunch everyday and brunch for dinner menus should exist---but I digress.

DRINKS:
We ordered cocktails (2 for 1!!!!!!): cucumber bloody mary, sangria, and champaign drink.  The sangria was great and I loved the bloody mary---champaign drink was tasty but paled by comparison.  Also--our incredibly awesome server gave the helpful tip that the sangria is the most booze for the buck.  Not really my most important thing to know when ordering a cocktail, but I appreciate that she willingly shared the info.

FOOD: 
Chorizo gravy and cheese biscuits =yummy but very rich!
Singapore stir fry thing =FANTASTIC--watch out for the spice but totally worth the burn
Benedict w/tabasco =don't remember the name.  I am not one for benedicts but my friends both said it was quite good.
Sweet Potato chips with blue cheese dip =super awesome, need to figure out how to make that dip.
White Trash Hash =very yummy

Service was great and we were seated right away.  If I lived in Nashville this place would be in heavy rotation.",Uptown,Tavern,48.45,7.06,14.6,2,36-45,Male,African American
14JPuG_IyWeP-DQGrpNdng,Customer_6176,2015-04-18 18:36:57,⭐⭐⭐⭐,Great place to watch sports and try the good food selection. Brunch is great on the weekend and have something special always. Just get ready for the line so my ght as well get a spot on the bar or wait forever.,Uptown,Tavern,34.84,0.0,0.0,3,,Female,
PQlo8P3OjrJlE4UUmo38fQ,Customer_6987,2013-05-10 15:46:40,⭐⭐⭐⭐,,Uptown,Tavern,65.92,15.73,23.9,2,36-45,Prefer not to say,
8Lpm7yJ4lBZr_kXZMaCZuQ,Customer_5262,2011-04-24 14:08:27,⭐⭐⭐⭐,,Uptown,Tavern,96.55,26.56,27.5,2,56-65,Non-binary,Other
pdhzV2NxQqbFUb9GCfxZ6Q,Customer_5718,2014-05-27 00:13:47,⭐⭐⭐,"I don't get it. 4 and 5-start reviews abound, and the weekend brunch line is absurd, but I'd have to describe my experience at Tavern as ""just okay."" I went here on a Sunday morning ambigudate a month ago. We managed to get bar seating after waiting about 10 minutes, which seemed pretty good compared to the lengthy wait for a real table. The place was bustling, but we didn't have to wait too long to get in our drink orders. That said, while I love deals--and 2-for-1 mimosas and the like qualify--I wasn't bowled over. It tasted like a cheap cava and was heavy on the orange juice. I ordered a burger while my dining companion decided to go with the traditional brunch. My burger was decent but not mouthwateringly amazing, which makes it a far cry from many of the reviews claiming this to be the ""best burger in Nashville."" Similarly, despite the attempts to make the brunch fare a bit fancier, I wasn't bowled over by any of the flavors. While the prices aren't crazy expensive, they aren't cheap either. Overall I'd describe Tavern as ""fine."" I'd have no qualms about returning, but the foodie within me doesn't get the hype. Nashville, just because something is dressed up to look fancy and act fancy doesn't mean it's *actually* fancy.",Uptown,Tavern,35.21,10.56,30.0,3,,Male,Caucasian
qbmgggvL5Wn7e_zE8Jpvrw,Customer_6159,2015-10-25 02:58:33,⭐⭐⭐⭐⭐,"Evan the doorman was as friendly as his beard is burly. Jenna the hostess got us a table wiki wiki even though the place was packed. Amy our server professed her love for us because we ordered 8 items at once and handed her the menus back. Specialty cocktails were fantastic and the fish tacos were off the charts delicious. Well done, Tavern. Well done.",Uptown,Tavern,33.46,6.57,19.6,3,46-55,,African American
lHmOJX1TWJeH8_0Sp2h24g,Customer_7861,2011-07-01 00:47:41,⭐⭐⭐,,Uptown,Tavern,43.04,6.27,14.6,2,56-65,Non-binary,Hispanic
78SJbrLLX0TnzZThv9H-Pw,Customer_7909,2018-05-23 12:44:02,⭐⭐⭐,Don't order the fish tacos- they were very disappointing. I didn't even want to eat them. Order the burger. It was very good. Restaurant is a little overpriced for what it is.,Uptown,Tavern,85.58,15.16,17.7,6,,Prefer not to say,Other
qZll0RzBgnxw2Z4LnBii3w,Customer_3938,2016-05-09 15:54:16,⭐⭐⭐⭐⭐,,Uptown,Tavern,22.17,5.43,24.5,3,26-35,Non-binary,Caucasian
fAZ3e6jOEseEBYJOn8m8zw,Customer_4530,2017-08-10 23:37:18,⭐⭐⭐⭐,Was not too much a fan of some of the food. The Lamb was not lamb have no clue why it was.  However the staff is very nice and the drinks were great.,Uptown,Tavern,60.28,10.04,16.7,4,36-45,Female,Hispanic
tW-rXzNfiK8yhm1BrfsYfg,Customer_7082,2011-03-26 18:55:07,⭐⭐⭐⭐,"Went to Tavern for the first time last night after hearing many of my friends rave about it. Got there at 6 p.m. for a friend's birthday gathering and it was not crowded then. We had a big group and the staff was accommodating about our taking two of the big booths in the bar and spilling out in the aisle. The wine list is very modest but I found something that worked. Service was good. Now, I gotta say, the server didn't seem like she loves her job - she didn't look all that happy about serving us, but she was timely and checked back often, so who am I to complain? I didn't order food myself, but grazed off my friends' appetizers. The nachos with 'angry chicken' were really, really good. I've never met a nacho I didn't like, but these rank in the top two or three I've ever had. I was suspicious about the guacamole - who puts goat cheese and pistachios in guac? Why gild the lily? But once I picked off the nuts and cheese, the guac was also superlative: had a really nice garlicky kick. There wasn't a whole lot on the menu that didn't look appealing, so I am looking forward to going back soon and having a real meal. On the whole, I like it a lot better than its sister, Whiskey Kitchen.",Uptown,Tavern,17.45,0.0,0.0,2,26-35,Female,Native American
1qLEWsj1MiQlZlGaoSHoIA,Customer_8560,2014-06-30 11:25:54,⭐⭐⭐⭐⭐,,Uptown,Tavern,61.65,5.13,8.3,2,,Male,Native American
Dr6doKlArIS1C84lqwM8wg,Customer_9073,2015-08-24 02:27:10,⭐⭐,,Uptown,Tavern,34.2,5.83,17.1,4,46-55,Female,Mixed
KNtUqjW0kPMDzq178KadfQ,Customer_1850,2016-05-07 15:24:13,⭐⭐⭐⭐⭐,So cute! A must stop on your Nashville adventure!!! Cutest drinks and brunch spot. I got the red sangria and an egg white and fruit brunch. My friends for mimosas. We are all so happy!,Uptown,Tavern,48.74,5.51,11.3,2,26-35,Female,African American
LZ17wL4ZtBdoTfkmj9pKiQ,Customer_3359,2015-07-31 17:07:59,⭐⭐⭐⭐,"The food here is outstanding. I generally get the Tavern Burger, which is legitimately one of the best in town. The desserts are great as well; for instance, they let you make s'mores at your table. Furthermore, the beer selection is fairly robust, usually with several local breweries on tap. 

The downside here is the service. First, it's usually quite slow, even when the dining room is not too busy. It's taken over an hour to get my lunch before, and not during peak hours. However, the pace does not bother me as much as some of the staff's snooty demeanor. The hostesses in particular are generally a bit condescending, which is off-putting. The wait staff themselves are usually a bit better; you can tell they work for tips, whereas the hostesses quite clearly do not. All in all a good spot for lunch or supper, though.",Uptown,Tavern,35.3,4.59,13.0,3,26-35,Prefer not to say,African American
kzs8LjBjfiBV9aW09tr-Ew,Customer_5419,2014-02-11 23:16:39,⭐⭐⭐,I visited tavern for lunch looking to try their burger.  I had been told they have one of the best burgers in Nashville.  I thought it was a pretty good burger but I can think of several burgers better in a 5 mile radius.  I will say as a dining venue it is top notch.  Staff was excellent and the layout is very cool.  The menu has several unique items that might bring me back to try like the fried chicken skins...    A tip would be you will probably need to valet since parking is scarce in the area,Uptown,Tavern,34.77,8.19,23.6,1,65+,Prefer not to say,
07_1NYdAGlQrTW9vQZ4EgQ,Customer_1192,2013-04-17 05:02:53,⭐⭐⭐⭐,"Went today with a group for brunch. We had no complaints. Great-cucumber Bloody Mary, coffee, lobster gumbo, grilled artichoke, white trash hash and service. The decor was tasteful and semi modern. I definitely felt like we left Nashville for a couple hours which was great! Will definitely be back!",Uptown,Tavern,43.43,10.54,24.3,4,46-55,Female,African American
Dr6doKlArIS1C84lqwM8wg,Customer_9523,2015-08-24 02:27:10,⭐⭐,,Uptown,Tavern,63.44,12.48,19.7,5,18-25,Male,Hispanic
VHq8eppUvd0LnGvgmQV1Bg,Customer_3482,2016-06-24 02:19:45,⭐⭐⭐⭐⭐,,Uptown,Tavern,59.68,10.86,18.2,1,,Male,Native American
1C9yM6ugjgB6m_qVs7Oddw,Customer_4334,2015-05-02 03:15:02,⭐⭐⭐⭐⭐,Excellent food and service!!! They even put my Mets game on the big screen. Order the chicken skins for an appetizer - freaking yummy!!! Burgers were great - Service is 5 star!!! Friend had the Lobster sliders - very good!!!,Uptown,Tavern,15.81,2.63,16.6,2,,Female,Other
4LJZNEPBT3QiAU0FqIU-2g,Customer_7242,2013-02-22 18:15:55,⭐⭐⭐,,Uptown,Tavern,35.8,6.98,19.5,3,,,African American
8CefMKM_Tj1eDss6s-9d-g,Customer_9851,2017-05-01 17:20:37,⭐⭐⭐⭐⭐,,Uptown,Tavern,66.05,7.74,11.7,4,46-55,Male,Asian
e9xv13-dhqgqTPBJuW1F9w,Customer_5148,2016-04-01 12:50:36,⭐⭐⭐⭐,"After a failed attempt at a much busier and more popular restaurant nearby, we found the Tavern to be the perfect spot to start off our Nashville trip. 

There was no wait on a Friday night around 11pm. We were starving and impatient for something satisfyingly unhealthy and delicious. 

The two of us definitely over-ordered. After we received our beer and cider orders, we placed our gargantuan order for two: the Tuscan style Tavern fries, which was HUGE, the chips and guacamole and the fish and chips. Obviously, the healthy factor was not an issue.

Everything was tasty, just in huge portions. The Tavern fries were easy to munch on, although there was way too much. We probably could have ordered this alone. But I guess if an order of fries cost $6.50, I wouldn't expect just a small tin.

The guacamole was interesting. The goat cheese gave it a different flavor - but I liked it. There were so many chips but at the same time, there was a lot of guac. 

The fish and chips wasn't bad, not mind blowing either. It was so greasy I could only take several bites before calling it quits. I love when my fried fish is super tender and juicy, but this was a bit much. When each bite you take the grease seems to flow out into your mouth, it may be too much.

Overall, a delicious late night meal for ones who were unable to wait 45 minutes for a table at 9:30pm elsewhere... I'd definitely come back here for a couple beers and an order of their Tavern fries.",Uptown,Tavern,85.74,17.68,20.6,1,36-45,Prefer not to say,African American
B7oJ823S4CSlHydsgeTdng,Customer_7869,2014-04-21 20:18:30,⭐,"We normally love the tavern and eat here often. Cooks really are responsible for the customer experience as much as front of the house. When something is improperly cooked, the kitchen's job is to fix it. When I asked for my raw dish to be cooked a bit more, I received it incredibly overcooked. A translucent egg is raw. That is not sunny side up. A cool red center is not medium. That is medium rate. There are so many wonderful choices on Nashville, that kind of kitchen attitude is certainly bad for business.   At the very least, the waitress could have sent a manager over at my obvious displeasure. Perhaps customer service is not important with the ""midtown"" crowd.",Uptown,Tavern,18.79,3.68,19.6,4,65+,Male,Hispanic
BB5kBkUH3mAmItdC6N073A,Customer_3385,2015-01-06 06:13:05,⭐⭐⭐⭐,,Uptown,Tavern,21.42,2.43,11.3,1,36-45,Male,Asian
qoeHxf8mW1wZxAHhOsJmAw,Customer_1014,2015-11-08 20:52:20,⭐⭐⭐⭐,Go for the buffalo cauliflower! What better combination could you ask for?! The drinks also are delicious. The space is large and draws a mix after work - a great place for happy hour.,Uptown,Tavern,60.58,10.38,17.1,5,36-45,Non-binary,Other
wp4A8FE8F1cMpNx1sjzskw,Customer_9693,2017-10-27 02:42:29,⭐,"Bartender needs to go back to bartenders and hospitality school. Would not let us share two for one happy hr drinks . What does she care and why try to force us to buy more than we wanted . Rude and does not belong in the restaurant business . Never had this happen anywhere not even in front be star restaurants inNY , LA or Miami . Lazy greedy people who don't want to work and know nothing of taking care of customers . Good luck your gonna need it if you intend to survive much longer . All these places are empty but still the service is shoddy .",Uptown,Tavern,88.83,19.06,21.5,2,65+,Male,Caucasian
1pXjRYRCmvsPrGPrFybvPA,Customer_9348,2014-04-21 19:32:01,⭐⭐,"We were scouting for a place to rent out for a company retreat dinner.  Unfortunately, they don't allow dogs on the patio, and I has my 2 small dogs.  I'd understand this if you couldn't access the patio, but theirs is easily accessible from the front door and the street.  I don't know what moron made the no dogs on the open air patio rule, but they should reconsider.

That said, I did not eat here, went up the street to eat.  The two stars were earned by the hostess, who was lovely and apologetic.  I wish her the best and hope she finds employment at a better run establishment.  

We will be spending our decently sized budget elsewhere.  Gracias por nada Tavern.",Uptown,Tavern,12.92,3.29,25.5,2,,Male,Native American
zd8u_QhxNXBoggQ6Mrz_ag,Customer_4964,2016-05-07 20:29:16,⭐⭐⭐⭐,Good stuff for brunch if you are drinking. Recommend getting there early as it was packed when we got there around 11 and there was a ton of people waiting when we left.,Uptown,Tavern,39.03,4.83,12.4,1,46-55,Prefer not to say,Mixed
D3nia5r9M1UMtQbthNRxVA,Customer_2688,2011-05-30 15:37:35,⭐⭐⭐⭐,"Tavern (used to be Lime, which has moved) is great! It is an M Street restraunt, along with Whiskey Kitchen, Virago and (their ""crown jewel"") Kanye Prime steakhouse. First of all, I love the location. It's right on Broadway - near Patterson, 12th South, Red Door, etc. Second, it's trendy enough without feeling overly pretentious. I dig the layout - there are two outdoor seating area options (which we didn't do because of the cicadas), and the inside is very well done. There are TV's all over the place, the bar is stocked, and there is a decent amount of tables. Third, the service (for us) was very good. Granted, we went on the Sunday before Memorial Day - so it was relatively empty, but still. Our server was attentive, but not overly so where you feel like you couldn't enjoy your meal in peace. And forth, the cuisine. I would describe their menu as all over the place goodness. :) It's so varied, but it all sounds great. APPS: We've heard many good things about the guacamole, so we tried it: The Bazooka Guacamole - with avocado, goat cheese and pistachio. I liked the creaminess of the guac, but wanted more spice / flavor. Luckily for me there were three different hot sauces available labeled as X, XX, and XXX. Yum. (PS - there is also homemade BBQ sauce.) A lot of other app options sounded great, too. We'll probably try something else next time like the Lobster Hushpuppies or the Eggrolls. ENTREES: I was so overwhelmed with the variety on their menu, that last minute I went for the Tavern Burger with White Cheddar - and I switched the Belgian Fries for the Tennessee Fries (sweet potato with jalapeno ketchup.) . The fries were great, and the burger was one of the best burgers in N'ville. My husband was deciding between three completely difference options as well: The Basket of Fish, the Nachos with Pork or one of the Taco options. Like me, he ordered last minute and got the Pork Nachos. I doubt he would have if he had thought about it for even a second since we already ordered the guac which came with a bag of chips...but c'est la vie. They were delish. LIBATIONS: Some of their drinks were pricey, some were reasonable. Just be cautious when you order because your bill could add up quickly if you get the specialty cocktails... I got a $7 glass of wine, and my husband got a beer for $4.75. Comparing Tavern to similar places, it seemed okay to me. :) LATE NIGHT: From 11PM to 1AM they have a late night menu. WEDNESDAYS: 2-4-1's. I'll be returning to Tavern for sure.",Uptown,Tavern,29.37,3.17,10.8,1,65+,Female,
EFEcTZKyxFLfG6R2w6UIvw,Customer_9285,2012-08-18 03:44:10,⭐⭐⭐⭐,"I've been to Tavern a variety of times since it opened and have had a lot of fun trying their dishes.  Really delish food and great atmosphere.

For brunch, my favorite would be the Singapore Stir Fry - yum!!  I also love their brunch drinks - my two favs are the Bellini Sparkle and the Blood Orange Mimosa

Lunch/Dinner: The Bucket of Mussels, Mahi Sandwich, and the Tuscan Kale & Parmesan Salad

Dessert: hands down the S'mores - had some out of town guests in recently and took them just for s'mores and drinks late night, and it was such a blast - I felt like a kid roasting marshmellows all over again but in a much classier manner :)

Late night weekends is also really fun at Tavern with the music, but definitely hard to hold a conversation with anyone if you are eating during that time.",Uptown,Tavern,56.21,13.81,24.6,4,18-25,,Caucasian
tW-rXzNfiK8yhm1BrfsYfg,Customer_6206,2011-03-26 18:55:07,⭐⭐⭐⭐,"Went to Tavern for the first time last night after hearing many of my friends rave about it. Got there at 6 p.m. for a friend's birthday gathering and it was not crowded then. We had a big group and the staff was accommodating about our taking two of the big booths in the bar and spilling out in the aisle. 

The wine list is very modest but I found something that worked. Service was good. Now, I gotta say, the server didn't seem like she loves her job - she didn't look all that happy about serving us, but she was timely and checked back often, so who am I to complain? 

I didn't order food myself, but grazed off my friends' appetizers. The nachos with 'angry chicken' were really, really good. I've never met a nacho I didn't like, but these rank in the top two or three I've ever had. I was suspicious about the guacamole - who puts goat cheese and pistachios in guac? Why gild the lily? But once I picked off the nuts and cheese, the guac was also superlative: had a really nice garlicky kick. 

There wasn't a whole lot on the menu that didn't look appealing, so I am looking forward to going back soon and having a real meal. On the whole, I like it a lot better than its sister, Whiskey Kitchen.",Uptown,Tavern,78.63,17.99,22.9,5,46-55,Male,
eX9N0rLvcfgrOo34hvDQRQ,Customer_8385,2014-02-12 21:35:12,⭐⭐⭐⭐,,Uptown,Tavern,45.2,9.29,20.5,2,18-25,Male,Caucasian
x7W6fUbjTpch1oaTACYQbQ,Customer_2682,2014-04-25 18:57:29,⭐⭐⭐⭐⭐,Food was great.  Sweet potato chips were amazing.  Great vibe too.  Seating indoors or out and a huge variety of menu options.,Uptown,Tavern,80.13,13.34,16.6,1,56-65,,Asian
F0QILcuyjSrTAP_PxLlWCg,Customer_9453,2012-07-16 15:44:10,⭐⭐⭐⭐⭐,"Nashville for the weekend--Brunch on Saturday! (July 14, 2012) First off I LOVE that they have a Saturday brunch. Avoiding the crowds of Sunday and having yummy brunch food is awesome. I don't know why we can't have brunch everyday and brunch for dinner menus should exist---but I digress. DRINKS: We ordered cocktails (2 for 1!!!!!!): cucumber bloody mary, sangria, and champaign drink. The sangria was great and I loved the bloody mary---champaign drink was tasty but paled by comparison. Also--our incredibly awesome server gave the helpful tip that the sangria is the most booze for the buck. Not really my most important thing to know when ordering a cocktail, but I appreciate that she willingly shared the info. FOOD: Chorizo gravy and cheese biscuits =yummy but very rich! Singapore stir fry thing =FANTASTIC--watch out for the spice but totally worth the burn Benedict w/tabasco =don't remember the name. I am not one for benedicts but my friends both said it was quite good. Sweet Potato chips with blue cheese dip =super awesome, need to figure out how to make that dip. White Trash Hash =very yummy Service was great and we were seated right away. If I lived in Nashville this place would be in heavy rotation.",Uptown,Tavern,22.46,7.86,35.0,6,,,Other
vxAklG5OXmvu02ymR7BQFg,Customer_8700,2015-12-09 02:26:42,⭐⭐⭐⭐⭐,"Great vegetarian options (I got the Buffalo cauliflower - amazing), healthy options (chopped kale salad with almonds and dried blueberries with light dressing), as well as favorites like tacos, nachos, fried chicken and burgers.  Lots of tvs but also more secluded tables. Would definitely come back!",Uptown,Tavern,88.47,25.21,28.5,3,46-55,Prefer not to say,Mixed
anUxMEWoKOnikXFx7ZkWRw,Customer_4308,2011-02-26 02:06:10,⭐⭐⭐,"So my girlfriend and I wanted to have a low key night. We went in around 8pmon a Friday night and the wait to get a table was about an hour. 

We decided to go to the bar and have a drink while we waited. 
A spot at the bar came open, so we took that instead.  Good thing, because almost 2 hours in,  they still wouldn't have called our name?

At first I loved the crowd.  It was a tad older.  It was a nice ""after work"" 30 something crowd. NONE of the local ""socialites"" were there.  However as midnight approached, that changed. It turned into the Virago/Whiskey Kitchen crowd.  Which I know many people don't go to WK for that very reason.  

Onto food and drink.  I had the Nacho's and my friend had the fried fish.  Neither one of us were the least bit impressed with the food. She said her's was very bland and mine was not impressive at all. However she did give props to the spicy ketchup that comes with the fries!   

As for our drinks.  Fancy names and high prices sum it up. I was brave and tried the ""preserves"" drink.  I went with Gin and the pinapple and honey preserves .. i think that is what it was.  
It was very strong.  The bartender told me that it would start to taste different with time. Um, no.   It tasted like gin with a little jelly.  I don't care how ""new york"" and trendy it is suppose to be (that is how it was described to me) it was gross. 

It was nice. A bigger Whiskey Kitchen is the best way to describe it. 
I'm sure I'll go back, but I will stick with drinks I know and try to leave before the pretentious crowd arrives. 

One other note.  The manager kept coming over to us numerous times to make sure we were happy.  I though that was nice!",Uptown,Tavern,34.79,6.26,18.0,3,26-35,Prefer not to say,Hispanic
y0QbAUXI7TYgqkNcqP4wXQ,Customer_6453,2016-05-08 17:45:49,⭐⭐⭐⭐⭐,great amosphere and wonderful food! highly recomend but expect a long wait. well worth it though.,Uptown,Tavern,32.83,13.13,40.0,4,26-35,Non-binary,Asian
K2cec8tvhCGCCrAHqF_aSA,Customer_2097,2017-02-13 20:46:42,⭐⭐⭐⭐,"This is an awesome place to come for a boozy brunch and a good time! It is a very lively atmosphere with a lot of TVs so also a great place to watch sports while grabbing a few drinks and some delish food. 

I would highly recommend the chorizo biscuits and gravy - there is a cheesy goodness to this dish that will cure any hangover and leave you with a happy tummy. They also have a great mix of cocktails and beer that makes for great day drinking!",Uptown,Tavern,102.02,14.73,14.4,2,46-55,Non-binary,
Xx8RFcIhXCuIYItAUBrrkg,Customer_9936,2018-08-27 01:01:33,⭐⭐⭐⭐,,Uptown,Tavern,31.76,7.35,23.2,4,36-45,Female,Asian
bI1cuNWVGabUUF-n0Kb3pw,Customer_9342,2015-05-30 03:18:24,⭐⭐⭐⭐⭐,The girls and I always go to Tavern for Sunday night dinners. Our favorite waitress Sarah Michelle delivers the best service. She knows our drinks and never steers us wrong on what to try to eat next. The buffalo cauliflower is so yummy but nothing compares to the S'mores for dessert.,Uptown,Tavern,37.21,9.19,24.7,3,26-35,Prefer not to say,Other
N0VzM4PsaMp9HLY2u9dBPw,Customer_8896,2014-04-21 03:51:31,⭐⭐⭐⭐⭐,"Gluten free menu!!!! Staff is kind and knowledgable. Food is DELICIOUS. Selection of wine is large, but not overwhelming. From the start to finish the Tavern was enjoyable. Tricia behind the bar was wonderful and a huge shout out to the server that's gluten free (I didn't catch her name!) and helped me with my food- you're the best! So so happy I came here. You made my night.",Uptown,Tavern,18.66,2.75,14.7,6,18-25,Male,Mixed
kc6jSWjXzJGbo--F7ce9yw,Customer_8944,2016-06-26 20:18:19,⭐⭐⭐⭐⭐,"Fantastic brunch, bloody Mary's and blood orange mimosas were superb. The Red Velvet waffles, cheddar cheese, chorizo and gravy biscuits were great too and you must try the huevos rancheros, they will not disappoint. The srvice was also great.",Uptown,Tavern,34.86,6.59,18.9,2,26-35,Male,Asian
IYPW6D-FXZeFM0Ri9hoLtw,Customer_6586,2018-01-01 19:25:58,⭐⭐⭐⭐⭐,"Great brunch and cocktails! The Nooner, Roasted Peppers and Squash, and Blueberry Waffles were great. Very good Bloody Mary, red sangria, and signature craft cocktails.",Uptown,Tavern,46.02,6.01,13.1,2,,Prefer not to say,African American
S1lv3xiwjmltqRXv0rU51Q,Customer_4636,2012-07-19 13:56:38,⭐⭐⭐⭐,Got the turkey blt. Excellent! Service was a little slow but we weren't in a rush.,Uptown,Tavern,64.6,5.13,7.9,2,18-25,Non-binary,Caucasian
Dzv84h7Cv3xSkoT4qHFtAQ,Customer_7987,2013-12-12 21:39:55,⭐⭐⭐⭐,"So happy we found this cool little spot in the heart of West End during a one-night stay in Nashville. To be concise, here's a rundown of pros/cons: Pros: - My boyfriend and I went here around 7 PM on a Tuesday night. It was decently busy, but not overly crowded. We were seated right away. Like. - The kale salad was life-changing. I waffled for a long time on what to order, and I was NOT disappointed. I couldn't stop eating it! Best salad I've ever had in a restaurant. Get it topped with salmon too. mmm! - The bf got the fried chicken skins and the beef short rib tacos. He said the tacos were small and not much to them, but overall good flavor and tasty. - Wine list is great! I got some bubbly and it was reasonably priced. Cons: - Service was a bit lacking in my opinion - I get that this is the trendy area, but the vibe seemed a bit pretentious and not very welcoming. [NOTE: If you're from/have spent a considerable amount of time in Chicago, this is a very River North-esque bar. End of story.] - Beer menu needs some SERIOUS attention. I was shocked there wasn't more quality stuff on that list, hence my choice for wine. Bud and High Life? Come on, man. Notes: - A little loud and dark in general - not the best for conversation. - A lot of TVs all around, so might be fun for gameday, but I can't say for sure.",Uptown,Tavern,48.09,8.48,17.6,1,26-35,Male,
qZll0RzBgnxw2Z4LnBii3w,Customer_1125,2016-05-09 15:54:16,⭐⭐⭐⭐⭐,,Uptown,Tavern,115.73,16.21,14.0,4,56-65,Prefer not to say,African American
VHq8eppUvd0LnGvgmQV1Bg,Customer_1130,2016-06-24 02:19:45,⭐⭐⭐⭐⭐,,Uptown,Tavern,50.27,9.87,19.6,1,,Female,African American
nYVGowsSH6UM6oIuZ1x1rw,Customer_8784,2015-02-03 17:57:27,⭐⭐⭐⭐⭐,,Uptown,Tavern,60.16,10.74,17.9,4,65+,Male,Hispanic
NixE0NEmzbOF81uRQIUkag,Customer_9212,2015-04-05 03:26:58,⭐⭐⭐⭐⭐,,Uptown,Tavern,87.51,22.92,26.2,8,36-45,Female,
F7J9_AaIhHaf9vYenxuO3g,Customer_4250,2017-12-16 00:36:24,⭐⭐⭐⭐,Great spot to come to if your in Nashville. The have one the best drink deals you can find on thursdays and Saturday's and Sunday's. Food is okay.,Uptown,Tavern,70.86,14.92,21.1,2,56-65,Male,Caucasian
F7J9_AaIhHaf9vYenxuO3g,Customer_2199,2017-12-16 00:36:24,⭐⭐⭐⭐,Great spot to come to if your in Nashville. The have one the best drink deals you can find on thursdays and Saturday's and Sunday's. Food is okay.,Uptown,Tavern,23.28,4.57,19.6,3,26-35,Non-binary,African American
TFrU2d0YpTbjicQj5sAGkg,Customer_9009,2014-03-14 09:18:07,⭐⭐⭐⭐⭐,"Only had drinks here, but it was great! They have a two for one happy hour from 2pm until 10pm. The bartender was super friendly and made a great drink!",Uptown,Tavern,29.64,4.62,15.6,2,65+,Male,Mixed
h0a6z9rNCfvJq9RZvglPHw,Customer_8920,2016-07-07 23:39:55,⭐⭐⭐⭐⭐,,Uptown,Tavern,46.26,7.93,17.1,3,65+,Prefer not to say,
LziEMdQo2jfSxlg0n_hVXQ,Customer_7999,2012-12-05 15:35:01,⭐⭐⭐⭐⭐,"Delicious! I had a burger and my wife got the eggs with short ribs, both of which we loved. For dessert we had an orange float, which we also quite enjoyed. The service was excellent, and the food was really quite cheap. Definitely worth a visit!",Uptown,Tavern,64.33,25.73,40.0,4,56-65,,
nYVGowsSH6UM6oIuZ1x1rw,Customer_8118,2015-02-03 17:57:27,⭐⭐⭐⭐⭐,"My friend and I were visiting Nashville and found this place through a quick google search. We were staying downtown, so it was a quick and cheap cab ride away (5 minutes/$7 ride). We went on a Saturday night, so there was about an hour wait. We decided to grab a drink at the bar (no wait there) and stood around chatting/playing a charades game on our phone...which helped pass the time! The drinks were avg. $10/piece. Not cheap, but normal for this kind of restaurant. 

Once we were seated, we knew we wanted to try their french fries (we had previously scoped out the menu) and quickly ordered the sweet potato ones. She ordered the mahi sandwich and I went with the chicken tikka masala, Both were very good.

Would recommend and return!",Uptown,Tavern,47.35,12.07,25.5,4,46-55,Prefer not to say,
POfEzJaN4RLwxPlkWV4rfw,Customer_4842,2012-08-19 23:30:24,⭐⭐⭐⭐,"Went for brunch on Saturday and was extremely pleased to discover 2-for-1 drinks! Our group tried pretty much one of each drink and were extremely happy with each, particularly the Wicked Bloody Mary. The atmosphere was great-- trendy but very relaxed. I had the Singapore Stir fry, which was so flavorful and a wonderful change from the usual breakfast fare. As I dont eat meat or cheese, breakfast can be a little boring and standard, but this was a delicious option that strayed from the ordinary. Others had two different omelet varieties and the eggs benedict uno, all of which made the table very happy and satisfied. Would definitely recommend for brunch.. My only wish would be that they had more vegetarian options. The bloody marys by far made up for that though!",Uptown,Tavern,70.28,11.77,16.8,2,,Non-binary,Caucasian
PM2iL0rvQqDuvFjtJzx_WA,Customer_3495,2017-05-01 21:31:55,⭐⭐⭐⭐,"I love the atmosphere of this place. The bar is kind of open to the outside and it's a really unique, modern setup. The service was a bit slow for a half-full restaurant but the bartenders were very nice. I ordered the buffalo cauliflower and mussels. The mussels were delicious but the cauliflower was so spicy and overpowering that the spice hung in your mouth for so long that it kind of took away from the mussels. Overall would  definitely recommend a visit if you're staying in the midtown area, but would recommend trying a different appetizer than cauliflower.",Uptown,Tavern,42.52,7.53,17.7,4,,Non-binary,African American
JiJnjB3HdoltyMMi2klndQ,Customer_7223,2015-10-21 14:28:20,⭐⭐⭐,,Uptown,Tavern,21.89,3.46,15.8,2,36-45,Female,
ixQL38jMU5o0l45m13PWSA,Customer_3986,2015-10-17 19:51:53,⭐⭐,"I had high hopes after hearing good things and reading good reviews from numerous sites. A friend and I went for brunch and while we waited 45 minutes for a table, that was expected. After being seated our waitress took our drink orders and came back about 5 minutes later with waters and another 10 with my friend's blood orange mimosa. We ordered and waited over an hour for our food. When the waitress finally checked on us I asked about the toast for my son because I knew he was hungry. She came back 10 minutes later with our meal which, to my dismay, was disappointing. I've had better food at a local diner in town and for half the price. I have no idea how long our food sat under heat lamps but my white trash hash was cold and the eggs on the  nooner I ordered were overcooked. My friend ordered the roasted peppers and squashes and said hers was good but she couldn't eat the hash. The service was pretty crummy. We had to ask for our check and then we had to ask the hostess for someone to check us out because our waitress must have forgotten about us. Overall it was a dismal experience and while I was excited to take my husband the next time we are in Nashville, I think we'll be eating elsewhere.",Uptown,Tavern,129.95,29.74,22.9,2,18-25,,Hispanic
bVgotkqrJEinltwv__icwA,Customer_4995,2013-08-18 09:32:48,⭐⭐⭐⭐,,Uptown,Tavern,65.65,26.26,40.0,1,18-25,Prefer not to say,Caucasian
gDzaKzwYqrEN-6PcvF_Eeg,Customer_6481,2018-04-04 00:25:01,⭐⭐⭐⭐⭐,"I have heard about this place from a few different people, finally made it in and it lived up to the hype. Ate here with a friend, realized she had lost her wallet as soon as we sat down. Valet was super polite, brought the car up for us to check it, it wasn't there. Ended up having to run home (found it in the drive way) and came right back. The host and server were very patient and polite about it. Food was awesome, we got multiple apps to share. Servers name was Kath, she was great! From the hosts to the food and service, we'll definately be back!",Uptown,Tavern,40.78,3.65,8.9,2,65+,,Hispanic
e9xv13-dhqgqTPBJuW1F9w,Customer_1608,2016-04-01 12:50:36,⭐⭐⭐⭐,"After a failed attempt at a much busier and more popular restaurant nearby, we found the Tavern to be the perfect spot to start off our Nashville trip. 

There was no wait on a Friday night around 11pm. We were starving and impatient for something satisfyingly unhealthy and delicious. 

The two of us definitely over-ordered. After we received our beer and cider orders, we placed our gargantuan order for two: the Tuscan style Tavern fries, which was HUGE, the chips and guacamole and the fish and chips. Obviously, the healthy factor was not an issue.

Everything was tasty, just in huge portions. The Tavern fries were easy to munch on, although there was way too much. We probably could have ordered this alone. But I guess if an order of fries cost $6.50, I wouldn't expect just a small tin.

The guacamole was interesting. The goat cheese gave it a different flavor - but I liked it. There were so many chips but at the same time, there was a lot of guac. 

The fish and chips wasn't bad, not mind blowing either. It was so greasy I could only take several bites before calling it quits. I love when my fried fish is super tender and juicy, but this was a bit much. When each bite you take the grease seems to flow out into your mouth, it may be too much.

Overall, a delicious late night meal for ones who were unable to wait 45 minutes for a table at 9:30pm elsewhere... I'd definitely come back here for a couple beers and an order of their Tavern fries.",Uptown,Tavern,27.98,6.79,24.3,1,18-25,Male,Hispanic
DjFNqrxYXvcqPVmUQiyLog,Customer_3480,2018-02-26 22:08:11,⭐⭐⭐⭐,I was visiting my kids in Nashville on Saturday and we decided to go to the Tavern for brunch. This was the first time for all of us. We sat outside. It was a beautiful sunny day. The atmosphere was wonderful. The service was fantastic. The food was great! We look forward to coming back when we visit our kids again.,Uptown,Tavern,11.01,1.09,9.9,2,18-25,,Caucasian
8CefMKM_Tj1eDss6s-9d-g,Customer_4423,2017-05-01 17:20:37,⭐⭐⭐⭐⭐,Tavern is a local food hangout with nightly live country music. Our country music singer was from Australia but she has Nashville voice. It shows the love of county music is universal.,Uptown,Tavern,46.9,12.96,27.6,3,,Prefer not to say,Mixed
pGi6yIxsOorhHhNmPZyotg,Customer_4330,2018-06-19 22:36:37,⭐⭐⭐⭐⭐,Food and service was great! Try the BLT and the egg rolls! The drinks are so good as well.,Uptown,Tavern,25.92,4.24,16.4,2,36-45,,Asian
mc9ziBiR_U7TZ7Mfbumi8g,Customer_4062,2015-12-06 17:27:31,⭐⭐⭐⭐⭐,"Best brunch in Nashville. Amazing lunch. During brunch drinks are 2 for 1 and they are delicious. The wicked Bloody Mary and blood orange mimosa are my favorites. Red velvet waffle, white trash hash, cheddar biscuits and gravy, eggs benedicts, and Singapore stir fry are all so excellent it makes it hard to decide what to order each time. The burger and fries are amazing for lunch, as are the Philly cheesesteak egg rolls, and fried chicken skins with honey Sriracha sauce as apps. They also have a midtown quickie on the menu that changes every day. Tavern never gets old and never disappoints.",Uptown,Tavern,121.43,30.87,25.4,2,56-65,Prefer not to say,
D3nia5r9M1UMtQbthNRxVA,Customer_7298,2011-05-30 15:37:35,⭐⭐⭐⭐,"Tavern (used to be Lime, which has moved) is great!  It is an M Street restaurant, along with Whiskey Kitchen, Virago and (their ""crown jewel"") Kanye Prime steakhouse.    

First of all, I love the location.  It's right on Broadway - near Patterson, 12th South, Red Door, etc.  

Second, it's trendy enough without feeling overly pretentious.  I dig the layout - there are two outdoor seating area options (which we didn't do because of the cicadas), and the inside is very well done.  There are TV's all over the place, the bar is stocked, and there is a decent amount of tables.         

Third, the service (for us) was very good.  Granted, we went on the Sunday before Memorial Day - so it was relatively empty, but still.  Our server was attentive, but not overly so where you feel like you couldn't enjoy your meal in peace.    

And forth, the cuisine.  I would describe their menu as all over the place goodness.  :)  It's so varied, but it all sounds great.  
APPS:  
We've heard many good things about the guacamole, so we tried it:  The Bazooka Guacamole - with avocado, goat cheese and pistachio.  I liked the creaminess of the guac, but wanted more spice / flavor.  Luckily for me there were three different hot sauces available labeled as X, XX, and XXX.  Yum.  (PS - there is also homemade BBQ sauce.)  A lot of other app options sounded great, too.  We'll probably try something else next time like the Lobster Hushpuppies or the Eggrolls. 
ENTREES:
I was so overwhelmed with the variety on their menu, that last minute I went for the Tavern Burger with White Cheddar - and I switched the Belgian Fries for the Tennessee Fries (sweet potato with jalapeno ketchup.)  .  The fries were great, and the burger was one of the best burgers in N'ville.  My husband was deciding between three completely difference options as well:  The Basket of Fish, the Nachos with Pork or one of the Taco options.   Like me, he ordered last minute and got the Pork Nachos.  I doubt he would have if he had thought about it for even a second since we already ordered the guac which came with a bag of chips...but c'est la vie.  They were delish.  
LIBATIONS:
Some of their drinks were pricey, some were reasonable.  Just be cautious when you order because your bill could add up quickly if you get the specialty cocktails... I got a $7 glass of wine, and my husband got a beer for $4.75.  Comparing Tavern to similar places, it seemed okay to me.  :)  
LATE NIGHT: 
From 11PM to 1AM they have a late night menu.
WEDNESDAYS:
2-4-1's.

I'll be returning to Tavern for sure.",Uptown,Tavern,23.32,3.96,17.0,3,65+,,Other
OyJjHoig95FCaRDg1V1l-Q,Customer_7346,2014-03-17 22:55:35,⭐⭐⭐⭐⭐,,Uptown,Tavern,41.06,6.86,16.7,5,65+,Female,African American
BzmEOiTGKggT-HAfQiLrNg,Customer_7679,2018-03-17 17:58:38,⭐⭐⭐⭐⭐,"This place was very modern and chic! Very cool look and feel of the restaurant. We only came in for a quick bite to eat and some drinks to start off the night. For a Saturday night around 7pm, it was pretty busy. Definitely a loud place because of all the people, but they played good music. Ambiance is casual but not too dressed down. I wouldn't wear a hoodie and sweats, but dressy casual. Service was good. We had the buffalo cauliflower and it was delicious! Will def be back when I'm in Nashville again!",Uptown,Tavern,54.16,12.33,22.8,2,26-35,,African American
8hBiPbwlO6aKuGhkpj_20g,Customer_5323,2017-03-18 19:34:46,⭐⭐⭐,"Food was fantastic, service was so bad I wouldn't come back. They are severely understaffed, we finished eating 45 mins before we got the check. The hour and a half wait is completely unnecessary!",Uptown,Tavern,66.77,12.44,18.6,2,56-65,Female,
gDzaKzwYqrEN-6PcvF_Eeg,Customer_3314,2018-04-04 00:25:01,⭐⭐⭐⭐⭐,"I have heard about this place from a few different people, finally made it in and it lived up to the hype. Ate here with a friend, realized she had lost her wallet as soon as we sat down. Valet was super polite, brought the car up for us to check it, it wasn't there. Ended up having to run home (found it in the drive way) and came right back. The host and server were very patient and polite about it. Food was awesome, we got multiple apps to share. Servers name was Kath, she was great! From the hosts to the food and servise, we'll definitely be back!",Uptown,Tavern,20.42,2.57,12.6,2,46-55,Male,Hispanic
5WeRW1JcJ21CJ0h4WV-uUg,Customer_1286,2011-10-31 21:09:42,⭐⭐⭐⭐,"One of the best burgers in Nashville, definitely the best 'upscale' burger I've found, and some really nice well-mixed drinks to go with them.  The crowd gets a bit overrun with frat-types on Friday and Saturday nights, but it's a great place for a lunch or weeknight drink/dinner.",Uptown,Tavern,24.98,5.26,21.1,2,56-65,Male,Mixed
7XFuiaM0hVmdnlhJfV2gHA,Customer_9118,2016-07-25 13:51:42,⭐⭐⭐⭐⭐,"My 8 friends and I came here during our visit to Nashville because of good reviews we heard from friends who visited - they did not disappoint.  Tavern was a great brunch spot and they were able to accommodate our large group fairly easily.  The service was awesome, relaxed and friendly staff all around.  The food was phenomenal - We split almost every app on the menu, all very good.  I had the special taco scramble and it was one of the best egg dishes I've had in a while.  The ""white trash hash"" that came with it was delicious and a twist on the classic hashbrowns.  All in all I would come back here and would recommend to anyone visiting.",Uptown,Tavern,32.89,6.05,18.4,6,46-55,Female,Caucasian
ii395UGz-QQyvcCNCJCDIg,Customer_4246,2015-03-18 20:14:03,⭐⭐⭐⭐⭐,,Uptown,Tavern,38.96,13.64,35.0,2,46-55,Female,Other
C3lyvFsXo9ijb2PovX3h7w,Customer_4289,2015-08-08 21:45:53,⭐⭐⭐⭐,"The atmosphere is very clean, modern, and slightly upscale. They offer a brunch and a large selection of drinks. They are very packed for brunch though. Their brunch runs pretty late. I got there around 2pm and they said brunch was ending soon. Their brunch menu items cost around $10 each. Their normal dinner menu gets a little pricier, but you don't have to spend a lot of money here.",Uptown,Tavern,49.31,6.43,13.0,5,18-25,Male,Caucasian
Qa07cliS19dExGiWvp3EoA,Customer_1858,2014-01-19 00:37:58,⭐⭐⭐⭐⭐,,Uptown,Tavern,59.21,14.42,24.4,2,56-65,,Asian
orRnnLxzfGs9Ityz0YK-dw,Customer_2867,2015-11-09 04:53:47,⭐⭐⭐⭐,"Nice bar with good music and lively atmosphere. The beef Tacos were so Yummy, and so were the fries. Went if there happy",Uptown,Tavern,28.96,5.34,18.5,3,,Non-binary,Caucasian
clSTQLuLu11UhwSPKEtToA,Customer_4778,2018-05-11 21:48:59,⭐⭐⭐⭐⭐,"Excellent service, has air conditioning which is great in the south, my favorite was the chicken chicharrón ""chicharrón"" good location in the block is the best one!",Uptown,Tavern,111.25,22.25,20.0,4,36-45,Male,Mixed
QdrmnbVOsEWMnhi46mzl3w,Customer_3944,2015-09-18 04:55:00,⭐⭐⭐⭐⭐,"Not my kind of place but I think if it was it would be fantastic! 
Loud music, sports on big TV s, huge bar, inside or outside seating. Friendly attentive staff, food artsy. Served lightning fast. Very clean and beautifully decorated. Enjoyed my Burger very much. Micheal loved his Junk Salad... Great place for those who like what I described.",Uptown,Tavern,33.03,4.63,14.0,2,18-25,,Asian
oY9uiqQGexQ1ZZ7E3ZiD9g,Customer_3299,2018-06-12 04:02:23,⭐,"Horrible servic! Restaurant was recommended so we decided to check it out. First time in Nashville so we wanted to see what the downtown expereince was, and we were greatly disappointed; mostly due to our unfortunate experince at tavern. We waited for 20 minutes without any acknowledgement from our waiter. When we finally saw him in our area he greeted a table who had just arrived, skipped our table and went on to another. We ended up leaving the establishment. I repeat...horrible service!!!! I guess I can take that back, it wasn't horrible, there WAS NO SERVICE!",Uptown,Tavern,69.28,27.71,40.0,2,65+,Prefer not to say,Hispanic
_mszOYlLvQN8_xsk7D7r0w,Customer_5965,2017-09-10 13:58:13,⭐⭐⭐⭐⭐,"This place was AMAZING! I found it on yelp and saw the reviews, knew my dad and I had to check it out. We immediately got a killer spot at the bar and was greeted by the nicest bartender we've come across in Nashville this far. I had some white wine and my dad had beer on tap. We split (demolished) the nachos- I highly recommend adding chicken!! I could have ordered everything else on the menu but the nachos were super filling. Very hip place, highly recommend",Uptown,Tavern,36.74,7.27,19.8,4,65+,Non-binary,
HE-3yMTdwlrXxcw-JJXgRw,Customer_6693,2018-03-18 22:14:11,⭐⭐⭐⭐,,Uptown,Tavern,87.69,0.0,0.0,2,18-25,Male,Caucasian
cCNHSQG4rqISbvnfdRjVJw,Customer_9986,2017-09-22 05:54:30,⭐⭐⭐⭐,,Uptown,Tavern,34.54,13.82,40.0,2,,Female,Caucasian
gFzr7vTZX7t7kRtaKJU_KQ,Customer_8088,2015-09-10 19:52:35,⭐⭐⭐⭐⭐,,Uptown,Tavern,66.38,11.53,17.4,2,26-35,,
wOPYYm4HSA2xfsDanat8wg,Customer_3044,2015-04-03 18:06:30,⭐⭐⭐⭐⭐,"Amazing food, great srvice! Melissa was so accommodating! We got seated right away too.",Uptown,Tavern,21.42,4.33,20.2,8,26-35,Prefer not to say,Asian
xddfrSVXSiSuJd_phMlXSA,Customer_6832,2014-12-22 19:41:26,⭐⭐,"Overpriced.  

That's the best way to describe it.  Everything was FINE.  Just fine.  But when our bar tab is $60 for a few drinks, and I felt like I needed to go over the menu about 8 times to find something exciting to try (I landed on the burger), I felt let down.  

All of the reviews of this place made me want to come visit.  I think these must all be Vandy kids or tourists who don't know where the better quality places are with better prices.  

I just felt, well... so meh about the whole thing.  

Again, everything was fine, decent, even.  But by the time to pay the bill came, my husband and I thought of at LEAST 5 or 6 different places we could have gone for BETTER drinks with CHEAPER prices and a much better menu.  

Obviously, this is probably for the hip crowd.  So, if you're hip, go for it.  If you were once hip, and you know better... be prepared to be underwhelmed.",Uptown,Tavern,34.68,7.39,21.3,1,,Male,Other
vxAklG5OXmvu02ymR7BQFg,Customer_7998,2015-12-09 02:26:42,⭐⭐⭐⭐⭐,,Uptown,Tavern,41.8,7.61,18.2,4,,Male,
--yprFLq4gQcfY87SX9z8A,Customer_3052,2014-05-12 16:03:53,⭐⭐⭐⭐⭐,"We went here for dinner last night with our Yelp Elite spring break friends and the food was great. I ordered a burger medium well with white cheddar, and I substituted for the Tennessee sweet potato fries with the garlic aioli which were fantastic.

My friend got a Jalapeño-infused strawberry margarita, which was yummy, as well as the chimichangas, which were also very good. The chimichangas were soft, rather than deep fried, which was interesting.

I will say that they don't do any happy hour specials here, which was disappointing. I got an angry orchard cider in a can, which I had never seen before because usually I get bottles, and it was $5.50 which is a little expensive.

Food was great though like I said, and food prices were reasonable.",Uptown,Tavern,168.17,32.36,19.2,3,56-65,Female,Other
K2cec8tvhCGCCrAHqF_aSA,Customer_8085,2017-02-13 20:46:42,⭐⭐⭐⭐,,Uptown,Tavern,33.84,6.83,20.2,4,65+,Non-binary,Caucasian
1C9yM6ugjgB6m_qVs7Oddw,Customer_3645,2015-05-02 03:15:02,⭐⭐⭐⭐⭐,"Excellent food and service!!! They even put my Mets game on the big screen. 

Order the chicken skins for an appetizer - freaking yummy!!! 

Burgers were great - Service is 5 star!!!

Friend had the Lobster sliders - very good!!!",Uptown,Tavern,48.91,8.71,17.8,2,46-55,Female,African American
fUK6gdpPTE44NUa2kpVXMA,Customer_8272,2016-10-15 18:51:28,⭐⭐⭐,My husband and I came to have some food before the Georgia football game. I will say that they have a drink special for brunch where it is 2 for 1 (around $9 or $12 total). I ordered the eggs benedict and honestly couldn't see the food because of how much hollandaise was on there. My husband ordered the Asian breakfast and was not impressed. Very packed and not really able to enjoy the game so we went elsewhere. Overall not bad- service at the bar was great but a little overrated in my opinion.,Uptown,Tavern,33.6,5.24,15.6,2,65+,,Caucasian
cG0zukMXoMYphvr7XIG9cQ,Customer_8332,2013-10-04 01:41:32,⭐,"I usually love this place, but stopped in tonight to place a take out order, and the hostess shewed me off to the absolutely PACKED bar, to try to hail a bartender, on my own, to place an order. This is seriously how you are doing business? We walked out... Ridiculous...",Uptown,Tavern,17.62,3.49,19.8,1,18-25,Prefer not to say,Mixed
oFP6-gL1bU4GZD_JZSmOZA,Customer_9810,2015-02-16 22:29:19,⭐⭐⭐,"could get to 4 or 5 stars; maybe it was just a slightly off night.  It might be better next time but not sure if i will make it back; lots of other restaurants to try instead.  just disappointed by the execution for a place that has uses the tagline as a pub for chefs on their website.  

we got a drink at the bar; the bartender was very responsive and helpful, drinks were excellent.

ordered food; waitress didn't mention they were out of items until I tried to order them.  Asked for fried chicken skins, they were out.  tried to upsell me to their cauliflower app as a result.  We placed our order, waitress then has to come back and tell me that they are also out of the catfish i just ordered.  i realize places run out of food at times but they went 0 for 2 with my choices and they didn't tell me upfront.  annoying the waitress didn't say this upfront.  

also, this may have been due to being out of items, the waitress never came back and asked how our food was.  the short rib tacos i ordered were cold, my sister's tacos were also cold.  Even more disappointing is that the tacos i ended up buying and not really enjoying were more money than the catfish.  
Everyone else's food was appropriate temp but yeah the waitress never asked so I only get to tell you here.  everyone else's food was good; nothing spectacular but all around solid.  

also I saw other reviews mention drink specials on Sundays?  I went on a Sunday no mention of drink specials was made.  

The bar service, and overall atmosphere keep me from ranking it lower, like I said maybe I just caught them and the waitress on an off night.",Uptown,Tavern,43.88,0.0,0.0,5,46-55,Non-binary,Asian
gQIp6dKzwQniHhb0ryTHdw,Customer_9772,2011-08-26 18:32:42,⭐⭐⭐⭐⭐,,Uptown,Tavern,143.78,23.21,16.1,4,36-45,Non-binary,
89tIlGxzZ4q6l0Qb51lXdw,Customer_9126,2012-10-13 16:39:17,⭐⭐⭐⭐⭐,"Great food! The menu is full of interesting, and unique items. I tried the smoked salmon eggs benedict, and it was phenomenal. The interior is very well decorated, and the servers were helpful and prompt. Though it was a little on the expensive side, it was well worth the cost for such a great experince.",Uptown,Tavern,27.8,2.32,8.3,2,18-25,,Asian
cCNHSQG4rqISbvnfdRjVJw,Customer_7051,2017-09-22 05:54:30,⭐⭐⭐⭐,,Uptown,Tavern,62.71,25.09,40.0,4,18-25,Non-binary,Caucasian
KGWd3WEX07THIBeotOVAVA,Customer_5766,2018-01-28 16:00:01,⭐⭐⭐⭐⭐,,Uptown,Tavern,40.81,5.53,13.6,3,46-55,Male,Other
EFEcTZKyxFLfG6R2w6UIvw,Customer_4087,2012-08-18 03:44:10,⭐⭐⭐⭐,"I've been to Tavern a variety of times since it opened and have had a lot of fun trying their dishes.  Really delish food and great atmosphere.

For brunch, my favorite would be the Singapore Stir Fry - yum!!  I also love their brunch drinks - my two favs are the Bellini Sparkle and the Blood Orange Mimosa

Lunch/Dinner: The Bucket of Mussels, Mahi Sandwich, and the Tuscan Kale & Parmesan Salad

Dessert: hands down the S'mores - had some out of town guests in recently and took them just for s'mores and drinks late night, and it was such a blast - I felt like a kid roasting marshmellows all over again but in a much classier manner :)

Late night weekends is also really fun at Tavern with the music, but definitely hard to hold a conversation with anyone if you are eating during that time.",Uptown,Tavern,41.55,7.63,18.4,1,,Female,Mixed
_XMqwgsyC-pzWuFkkRCpLg,Customer_6749,2018-03-06 03:01:34,⭐⭐⭐⭐⭐,,Uptown,Tavern,25.21,5.98,23.7,2,56-65,,
5XNvrKHIVJxE_ed7DKsC7g,Customer_6915,2015-07-06 13:16:37,⭐⭐⭐⭐⭐,"We walked in without a reservation on Father's Day Sunday at 11 in the morning. We had a flight to catch at 3, so didn't have time to wait and luckily were able to sit at the bar right away. Looking at the menu didn't see anything that looked intriguing or exciting. I was upset that we may have been stuck with some boring brunch on our last day in Nashville. Oh my, was I wrong or what? I ordered the big daddy omelette and my husband got the Huevos Rancheros. I got a big omelet and I couldn't finish it. My omelette was flavorful and the white trash hash was out of this world. I got a fried egg on top of my omelette. What else can you ask for? They also had buy one get one mimosa. Not sure if that was a Father's Day promotion or they do that every Sunday. We also ordered the red velvet waffle for dessert which sounded and looked creative but wasn't that impressive. Overall a great experience and definitely recomand it!!!",Uptown,Tavern,24.94,3.96,15.9,4,18-25,,African American
OT-156nGBziJ5NNrA-YA4w,Customer_3964,2015-05-27 22:26:15,⭐⭐⭐⭐⭐,"Delicious food in a fun setting.  Great helpful and friendly service.  Two levels of seating near the bar.  We had awesome buffalo cauliflower, egg rolls with philly cheese steak and amazing kale salad.  highly recommend the Tavern.",Uptown,Tavern,42.13,9.44,22.4,5,46-55,,
r6bGzYOXNhVMAtwSoomGRQ,Customer_1815,2016-01-30 05:37:42,⭐⭐⭐⭐,"One of my favorite spots in town. Burger is amazing, good vibe, nice staff. Go-to gastro pub for sure.",Uptown,Tavern,28.03,5.44,19.4,2,65+,Male,African American
xPS_JW---lzeO4Z68IFkTg,Customer_2045,2015-07-05 22:04:46,⭐⭐⭐⭐,"This may seem like a standard American burger joint, but they actually have taken pains to create a thoughtful and surprising menu. There are options ranging from middle eastern to Mediterranean to Indian to new American and I had a sampling of them all. Everything had a distinct flavor profile, regardless of whether I liked it, and the burger was one of the best I've had in Nashville. Oh, and for dessert you can roast your own marshmallows at the table. Service wasn't the greatest, but not terrible as other reviews have noted and overall this is a spot I'd recomend.",Uptown,Tavern,41.11,7.98,19.4,2,46-55,Male,
pAFYZxLn7I91w8Wo0UmD3A,Customer_1376,2015-04-19 19:02:01,⭐⭐⭐⭐⭐,Sunday Funday !!!! Best place to go on Sunday!!!! Excellent breakfast/brunch! If you got to watch your football/ ice hockey playoffs- any sports! This is the place!,Uptown,Tavern,112.5,24.35,21.6,2,65+,,Mixed
OTyZuYfiZX7Db0kW9rz-Sg,Customer_1256,2017-03-06 17:57:03,⭐⭐⭐,"Tavern is probably one of the better brunch places in Nashville IF (and only if) you go with friends. This is not the place to go for a brunch date or to go with any person that you actually want to have a conversation with. Both times that my wife and I have gone (once by ourselves, and the other time with some friends) the music has been extremely loud - like to the point where we have been yelling just to hear each other. Not kidding. Look, I like my music loud... and their playlist was actually on point (late 90's/early 2000's hits)... but going out to eat is a social experiance. Part of sharing a meal is enjoying the company of the people you're with. Don't blast music in my face and force me to lean in just to hear what the person next to me is saying. C'mon. On to the food! It's GREAT. I highly recomend the Benedict Uno - a short rib benedict topped with tabasco-infused hollandaise. Wow. So much amazing flavor in every bite. I savored it right down to the end. I also recommend the maple fondue if you're with a group. It's a fun dish to share and has assorted fruits and some french toast and sausage... all to be dipped in a delicious warm maple syrup mixture. Can't go wrong. Also, don't sleep on the 2-for-1 libations. The blood orange mimosa and the red sangria are my favorites (although the last time I went, I just doubled up on the sangria... easily my favorite). This place deserves respect for the quality of food they put out and their decent pricing (average about $12-$15 per entree). The only things that keep this from being a 4-star review are the noise level, the lack of parking (bring cash because you will need to use the valet), and the fact that you will undoubtedly have a wait. When we went with our friends, we got their 10 minutes after they opened and were told there was a 20-30 minute wait. We ended up actually waiting almost an hour. Not really a complaint, since you have to factor in a wait at popular places... but still. Just a warning - you will have a wait. Give this place a shot if you like good food for brunch, just go in knowing that there are some pitfalls with this place.",Uptown,Tavern,27.58,2.73,9.9,6,18-25,Male,
--yprFLq4gQcfY87SX9z8A,Customer_3229,2014-05-12 16:03:53,⭐⭐⭐⭐⭐,"We went here for dinner last night with our Yelp Elite spring break friends and the food was great. I ordered a burger medium well with white cheddar, and I substituted for the Tennessee sweet potato fries with the garlic aioli which were fantastic. My friend got a Jalapeño-infused strawberry margarita, which was yummy, as well as the chimichangas, which were also very good. The chimichangas were soft, rather than deep fried, which was interesting. I will say that they don't do any happy hour specials here, which was disappointing. I got an angry orchard cider in a can, which I had never seen before because usually I get bottles, and it was $5.50 which is a little expensive. Food was great though like I said, and food prices were reasonable.",Uptown,Tavern,53.51,8.31,15.5,2,,Female,Other
PM2iL0rvQqDuvFjtJzx_WA,Customer_5252,2017-05-01 21:31:55,⭐⭐⭐⭐,"I love the atmosphere of this place. The bar is kind of open to the outside and it's a really unique, modern setup. The service was a bit slow for a half-full restaurant but the bartenders were very nice. I ordered the buffalo cauliflower and mussels. The mussels were delicious but the cauliflower was so spicy and overpowering that the spice hung in your mouth for so long that it kind of took away from the mussels. Overall would  definitely recommend a visit if you're staying in the midtown area, but would recommend trying a different appetizer than cauliflower.",Uptown,Tavern,21.45,5.02,23.4,3,56-65,Prefer not to say,Mixed
PM2iL0rvQqDuvFjtJzx_WA,Customer_5723,2017-05-01 21:31:55,⭐⭐⭐⭐,"I love the atmosphere of this place. The bar is kind of open to the outside and it's a really unique, modern setup. The service was a bit slow for a half-full restaurant but the bartenders were very nice. I ordered the buffalo cauliflower and mussels. The mussels were delicious but the cauliflower was so spicy and overpowering that the spice hung in your mouth for so long that it kind of took away from the mussels. Overall would  definitely recommend a visit if you're staying in the midtown area, but would recommend trying a different appetizer than cauliflower.",Uptown,Tavern,44.44,17.77,40.0,3,,Non-binary,
Dzv84h7Cv3xSkoT4qHFtAQ,Customer_2507,2013-12-12 21:39:55,⭐⭐⭐⭐,,Uptown,Tavern,51.34,7.81,15.2,2,,Non-binary,Native American
vY06Ye_udeTHL6rfnSZfCw,Customer_7020,2018-03-16 02:38:20,⭐⭐,"Terrible wait (unnecessary), average service, above average prices, and excruciating wait for food. Find someplace else. There's lots to choose from.",Uptown,Tavern,31.89,12.76,40.0,2,,Prefer not to say,Native American
APoR2wmmIoDDRicB_VINqw,Customer_9076,2013-04-14 04:21:22,⭐⭐⭐⭐,"The environment is great!  It's a multi-level facility that puts a modern spin on the old ""tavern"" concept.  I was impressed with the food I ordered as well as the cocktails.  The waitstaff was quite personable and made the experience even more enjoyable.  My only critique was the homemade ice cream I tried for dessert.  It simply wasn't good. Of course, nobody's perfect.  I would definitely go back to Tavern again.  :-)",Uptown,Tavern,66.76,15.11,22.6,1,36-45,Non-binary,Native American
JEznrmADZ6HgxUwggBW0Ww,Customer_4585,2018-05-20 13:15:26,⭐⭐⭐,,Uptown,Tavern,37.1,4.62,12.5,3,65+,Male,Native American
FYok0kc1LXUEcOXAIS6lnw,Customer_9994,2015-10-25 18:02:13,⭐⭐⭐⭐,Nice little cozy spot. Atmosphere is casual and classy. I had the chicken skewers with rice. It was very tasty and light. Also had a margarita that was fantastic! I only like fresh margaritas and this one passed the test. Recommend checking it out.,Uptown,Tavern,49.82,19.93,40.0,5,,Prefer not to say,Mixed
clSTQLuLu11UhwSPKEtToA,Customer_9423,2018-05-11 21:48:59,⭐⭐⭐⭐⭐,,Uptown,Tavern,34.89,1.4,4.0,5,65+,Non-binary,Asian
2-DPy6cNvDLZZD4x-tMvRA,Customer_4746,2017-06-19 02:14:48,⭐⭐⭐⭐⭐,,Uptown,Tavern,18.59,5.58,30.0,3,36-45,,Other
vxAklG5OXmvu02ymR7BQFg,Customer_9102,2015-12-09 02:26:42,⭐⭐⭐⭐⭐,"Great vegetarian options (I got the Buffalo cauliflower - amazing), healthy options (chopped kale salad with almonds and dried blueberries with light dressing), as well as favorites like tacos, nachos, fried chicken and burgers.  Lots of tvs but also more secluded tables. Would definitely come back!",Uptown,Tavern,32.27,6.32,19.6,4,46-55,Non-binary,Mixed
NixE0NEmzbOF81uRQIUkag,Customer_9593,2015-04-05 03:26:58,⭐⭐⭐⭐⭐,"Seriously, the best place I've been to in Nashville (so far). The food was excellent, and there is plenty of variety to make everyone happy. Definitely eating here again soon.",Uptown,Tavern,30.88,5.38,17.4,4,56-65,,Native American
_lO9NaG1VJlgjwzvESaT8g,Customer_7693,2017-07-19 01:43:49,⭐⭐,"Food tastes good but not worth the price. Drinks are overpriced as well. $11.50 for a small Moscow mule with stolii vodka. 

I got the grilled cheese and the grilled chicken skewers. Both tasted fine but nothing to write home about. The chicken came with rice but everything was very plain, nothing that would warrant the price I paid. My tab totaled $61 after tip for grilled cheese, chicken skewers, a beer, and a Moscow mule. 

For this reason I would not go back.",Uptown,Tavern,30.04,5.03,16.8,3,56-65,,Asian
ea73hriHkIawR9OLYQB-Zg,Customer_5927,2013-02-22 17:10:23,⭐⭐⭐⭐,"Good: The food was fantastic. We had a large group (10+) and came here for brunch (and drinks, natch). I had the eggs benedict with short ribs, and loved it. From what I can tell, the rest of the group all enjoyed their dishes as well, from the fried rice breakfast dish to the nachos to the AMAZING peanut butter pancakes. As a starter/side, do not under any circumstances pass up on the ""white trash hash"" - hasbrowns with white cheddar cheese. YUM.

Bad: The wait was ludicrous. Yes, it was a Saturday, and yes, we had a large group, but Christ Almighty. We waited at the bar (standing room only) for over two hours before being seated. Even if we had split into smaller groups, without a reservation, the wait time would've still been close to an hour and a half. Yikes.",Uptown,Tavern,35.56,8.39,23.6,3,65+,Prefer not to say,Mixed
5XNvrKHIVJxE_ed7DKsC7g,Customer_1518,2015-07-06 13:16:37,⭐⭐⭐⭐⭐,,Uptown,Tavern,19.98,4.87,24.4,5,,Non-binary,Mixed
yubBhUMup3st_lEG0smAOQ,Customer_6917,2011-04-28 22:07:32,⭐⭐⭐⭐,,Uptown,Tavern,8.9,0.0,0.0,8,56-65,Female,Native American
zUVTUEH9IQSHoapdn4YWhg,Customer_1134,2018-05-29 02:52:35,⭐⭐⭐⭐⭐,"I got the bazooka toast, it was amazing! A little bit pricey but totally worth it. So good it inspired me to give my first yelp review :)",Uptown,Tavern,52.21,5.93,11.4,2,26-35,Non-binary,African American
TdRsc-2rEYUY5jKSRzlVGQ,Customer_4213,2016-04-26 00:36:17,⭐,,Uptown,Tavern,44.4,9.23,20.8,4,65+,Prefer not to say,
Bml_ulSBROQKCHNBatqPHw,Customer_3324,2013-10-25 15:56:18,⭐⭐⭐⭐⭐,"Tavern is a great brunch place with a good vibe.  I love the sangeria because they top it off with Cava, sortof a sparkling sangeria...refreshing.  I like sitting at the bar because there can be a bit of a wait depending on when you get there.  And in my experience you always get better service at the bar.   
Parking can be hard around midtown so I would valet,  its free, just tip the poor guy!",Uptown,Tavern,61.73,7.99,12.9,4,56-65,Non-binary,Native American
to3Ti9YB_OpNG3TX2Ux6xw,Customer_1078,2014-03-17 16:30:24,⭐⭐⭐⭐⭐,"Burger was amazing.  So juicy, cooked to perfection - ordered it medium rare, and it was!  Fries was delicious as well.  thank you!",Uptown,Tavern,69.08,12.19,17.6,1,18-25,Male,Other
PQlo8P3OjrJlE4UUmo38fQ,Customer_6753,2013-05-10 15:46:40,⭐⭐⭐⭐,"Brunch only review. Tavern has delicious brunch that belies its rather generic name. There are some really creative dishes, both sweet and savory. The Shanghai Stirfry is savory breakfast genius: bacon fried rice with an egg on top. So good. My group shared the red velvet pancakes and the cheddar cheese biscuits (with chorizo gravy). Both were pretty good, though I think the red velvet pancakes were a bit sweet. Everyone was happy with their food, and you can't really complain about a 2 for 1 Bloody Mary/Mimosa on a Sunday morning.",Uptown,Tavern,47.1,13.42,28.5,2,18-25,Female,Caucasian
VkozyyuG3sn20kHTkvHFQw,Customer_4030,2015-09-24 23:59:11,⭐⭐⭐⭐⭐,"Awesome! Great food, great service! Our waitress Rebecca was wonderful! The Moco Loco was amazing!",Uptown,Tavern,60.66,0.0,0.0,1,36-45,Female,Mixed
5XNvrKHIVJxE_ed7DKsC7g,Customer_4809,2015-07-06 13:16:37,⭐⭐⭐⭐⭐,"We walked in without a reservation on Father's Day Sunday at 11 in the morning. We had a flight to catch at 3, so didn't have time to wait and luckily were able to sit at the bar right away. Looking at the menu didn't see anything that looked intriguing or exciting. I was upset that we may have been stuck with some boring brunch on our last day in Nashville. Oh my, was I wrong or what? I ordered the big daddy omelette and my husband got the Huevos Rancheros. I got a big omelet and I couldn't finish it. My omelette was flavorful and the white trash hash was out of this world. I got a fried egg on top of my omelette. What else can you ask for? They also had buy one get one mimosa. Not sure if that was a Father's Day promotion or they do that every Sunday. We also ordered the red velvet waffle for dessert which sounded and looked creative but wasn't that impressive. Overall a great experience and definitely recommend it!!!",Uptown,Tavern,45.83,12.11,26.4,3,,Prefer not to say,Mixed
xnzjT7V6LXHVxPCMAfeieA,Customer_2647,2012-09-13 00:17:05,⭐⭐⭐⭐⭐,"nashville does venice, CA

hipster vibe with delicious morning - buy one get one - drinks.",Uptown,Tavern,6.61,1.6,24.2,2,26-35,Non-binary,Caucasian
1HGhLSTFblUVvsEajmaY6w,Customer_7571,2018-09-17 15:22:17,⭐⭐⭐⭐,"Our food was pretty. The restaurant is decorated really nice and lots of seating. We got the mussels appetizer which was amazing! I got a wedge salad and my husband got the bbq ribs tacos. I liked talking to the server Zack, he was really nice and a good server. I would go back there just for the mussels!!",Uptown,Tavern,30.73,4.77,15.5,2,46-55,Non-binary,African American
qoeHxf8mW1wZxAHhOsJmAw,Customer_7230,2015-11-08 20:52:20,⭐⭐⭐⭐,Go for the buffalo cauliflower! What better combination could you ask for?! The drinks also are delicious. The space is large and draws a mix after work - a great place for happy hour.,Uptown,Tavern,61.12,24.45,40.0,3,36-45,Male,Caucasian
ymbDu_j2XrNFcYItj4GWfw,Customer_9659,2017-06-17 21:02:18,⭐,"I have never been so insulted and talked down to in my life. Michelle, I think that's her name it's on my receipt but she never introduced herself, was the rudest person I have ever given my money to in my life. When we sat down she was talking about personal issues with the barback loud enough for us to hear and I thought that was odd in and off itself. When she gave us our menus she said a few times ""these menus are good for the next 30 seconds.""  Sorry but either give us brunch or give us dinner menus and explain that the kitchen is in the midst of a shift change, don't make us feel pressured because you dropped menus that have an extremely short time limit. Instead of eating we decided to just get drinks. She let us know that the brunch menu libations were, her words, 2 for 1. We ordered a mimosa off the list and hung out. When we got get drinks they set two wooden tokens down but didn't reference the at all, so we didn't know what they were for.  Eventually ordered some food off the dinner menu to go. She was very non existent the whole time we were sitting at the bar, not attentive at all. When we asked for the bill I saw that both our drinks were on there. I asked about them and let her know about the 2 for 1 statement she said. She then proceeded to tell me it was buy one, get one and that's what the tokens are for. I told her that ""buy one get one"" and ""2 for 1"" are different and if we knew it was BOGO we would have ordered another drink (if she would have even paid attention to us).  After a little back and forth she said she would take care of it and that ""they weren't trying to screw us.""  She talked to us like we were the worst people on earth because she doesn't know how to explain her own restaurants policies. I work in an industry that has me visiting 10-15 bars/restaurants/hotels a day and I have never had a worse hospitality experience in my life. Tavern Management - this employee is losing you revenue left and right.  Not only is she not taking care of customers and grabbing reorders, she is turning people away for good. This treatment was so horrible and off putting that I am going to go out of my way to recommended against going to Tavern due to the disrespect we felt. Hopefully your floor managers recognize how bad she is and theyo do something about it because she is taking money out of your pocket every shift she works.",Uptown,Tavern,20.63,4.13,20.0,4,65+,Non-binary,Mixed
VkozyyuG3sn20kHTkvHFQw,Customer_5252,2015-09-24 23:59:11,⭐⭐⭐⭐⭐,"Awesome! Great food, great service! Our waitress Rebecca was wonderful! The Moco Loco was amazing!",Uptown,Tavern,35.5,4.99,14.1,5,46-55,Male,Hispanic
Dzv84h7Cv3xSkoT4qHFtAQ,Customer_2284,2013-12-12 21:39:55,⭐⭐⭐⭐,"So happy we found this cool little spot in the heart of West End during a one-night stay in Nashville. To be concise, here's a rundown of pros/cons:

Pros:
- My boyfriend and I went here around 7 PM on a Tuesday night. It was decently busy, but not overly crowded. We were seated right away. Like.
- The kale salad was life-changing. I waffled for a long time on what to order, and I was NOT disappointed. I couldn't stop eating it! Best salad I've ever had in a restaurant. Get it topped with salmon too. mmm!
- The bf got the fried chicken skins and the beef short rib tacos. He said the tacos were small and not much to them, but overall good flavor and tasty.
- Wine list is great! I got some bubbly and it was reasonably priced.

Cons:
- Service was a bit lacking in my opinion - I get that this is the trendy area, but the vibe seemed a bit pretentious and not very welcoming. [NOTE: If you're from/have spent a considerable amount of time in Chicago, this is a very River North-esque bar. End of story.]
- Beer menu needs some SERIOUS attention. I was shocked there wasn't more quality stuff on that list, hence my choice for wine. Bud and High Life? Come on, man.

Notes:
- A little loud and dark in general - not the best for conversation.
- A lot of TVs all around, so might be fun for gameday, but I can't say for sure.",Uptown,Tavern,27.59,5.71,20.7,1,36-45,Non-binary,Mixed
vdk9BIqgbcQDkWQPwbBoMA,Customer_8434,2015-05-31 20:05:57,⭐⭐⭐,"Cute restaurant and great location. Service was poor. Waitress took 15 minutes to greet us and get our drink orders. Would have been okay, but she had slight attitude the rest of the night and made us seem more like a burden. Food was good. Not great, but good! Also, it was uncomfortably chilly, so bring a jacket.",Uptown,Tavern,70.26,17.87,25.4,2,,Prefer not to say,African American
kzs8LjBjfiBV9aW09tr-Ew,Customer_2763,2014-02-11 23:16:39,⭐⭐⭐,I visited tavern for lunch looking to try their burger.  I had been told they have one of the best burgers in Nashville.  I thought it was a pretty good burger but I can think of several burgers better in a 5 mile radius.  I will say as a dining venue it is top notch.  Staff was excellent and the layout is very cool.  The menu has several unique items that might bring me back to try like the fried chicken skins...    A tip would be you will probably need to valet since parking is scarce in the area,Uptown,Tavern,16.17,4.66,28.8,2,26-35,Female,
zqbyzh0-N96CvEgMOj098Q,Customer_3300,2018-03-26 00:24:56,⭐⭐⭐⭐,"Nice place. More of a sports bar than I expected, lots of TV's. Good ambience, very good server. Food was good quality, sweet potato fries were great but could of stood to be a little hotter. Food came quick and beer on tap was fresh and of good selection.",Uptown,Tavern,25.82,5.35,20.7,2,65+,Non-binary,
zuCUvtipevadPrFg-qwpvg,Customer_3732,2011-02-25 03:10:36,⭐,"I thought this place was called 'Whiskey Tavern""- That is what the sign said. Its so cool they dropped the Whiskey.  hmm, okay, Tavern it is. Then I kept calling it Whiskey Kitchen because well it is just like Whiskey Kitchen. 

The dark woods, dim light bulbs and limited tables all from IKEAS dark collection, snooty staff, high drink prices and 6 tables on reserved at 5:30 on a Saturday seems a bit weird for a ""tavern"" 

I went here with a few friends. We just wanted to grab a drink. Even though there were not seats at the bar I proceeded to tell the security-ish hostess we'd just stand and drink our drinks. Seemed like a strange concept to her. We wedged our way in there and was asked if we were waiting for a table. We weren't. The bartender was shocked we were just getting 'drinks'. You won't find a food review here. 

We ordered our drinks and she held her hand out waiting to pay out. No problem. After paying immediately after ordering, we had to drink the drinks.  Lots of huffin and puffin and stink eyes that we were just going to stand there and drink! 

If you like to be 'seen', enjoy bars with chains on the wall, in this room where Tom Edison light bulbs meets LA-tude this is your jam.",Uptown,Tavern,56.34,9.42,16.7,1,36-45,Male,African American
anUxMEWoKOnikXFx7ZkWRw,Customer_1470,2011-02-26 02:06:10,⭐⭐⭐,,Uptown,Tavern,50.95,8.07,15.8,5,56-65,Male,
pGi6yIxsOorhHhNmPZyotg,Customer_1970,2018-06-19 22:36:37,⭐⭐⭐⭐⭐,Food and service was great! Try the BLT and the egg rolls! The drinks are so good as well.,Uptown,Tavern,134.23,14.84,11.1,2,26-35,Male,Other
ULAWZ1osipnDpvQIaZjN2w,Customer_4848,2011-08-03 04:39:32,⭐⭐⭐,"Overall: I've only been for brunch and was happy with it soo... nice place to relax and have a little hangover cure on a Saturday or Sunday morning.

Food/Drinks: There are LOTS of brunch options. The Singapore stir fry was great, though it appeared the eggs had been sitting under a heat light for a little while. Still, it was flavorful and not something I've seen anywhere else. I was less impressed with the red velvet waffles. They were extremely dense, and pretty much just tasted like pink waffles. Not bad, just not like red velvet. Be sure to order them with a side of maple syrup, it helps with the density factor. There are a handful of 2fer drink options on the very top of the menu and while they are expensive ($10.50,) from what I've tasted, they're pretty good (and strong.) Go for the blood orange mimosa.

Service/Atmosphere: Our waitress started out being extremely attentive and knowledgeable but kind of dropped off as the meal progressed. That would be understandable if the restaurant had gotten busier but it hadn't. Anyway, she was still nice so I won't complain anymore. The restaurant is very open but seems smaller than when it was under its old name (Lime.) I do like the big open bar, though.

Price: About $40 for 2 people to eat & get a drink a piece for brunch (not including tip)",Uptown,Tavern,28.8,11.52,40.0,2,36-45,Male,Other
wexd5fgI5W9-_lt31053Vw,Customer_1971,2014-04-28 12:50:43,⭐⭐⭐⭐,,Uptown,Tavern,86.37,11.03,12.8,4,18-25,Non-binary,African American
2-DPy6cNvDLZZD4x-tMvRA,Customer_3048,2017-06-19 02:14:48,⭐⭐⭐⭐⭐,,Uptown,Tavern,71.07,28.43,40.0,2,65+,Prefer not to say,
yubBhUMup3st_lEG0smAOQ,Customer_3838,2011-04-28 22:07:32,⭐⭐⭐⭐,"I really must admit, I am a fan of some tavern CUISINE.

Lets start with the guacamole.... 
(which is laced with pistachios and goat cheese mind you)
i would say...TO DIE FOR.

The fish taco's are SIMPLY divine, and could quite possibly be my very favorite in all of Nashville.

the Perogies are delish and add a nice touch to the menu... ( i hale from North Eastern Pennsylvania where this particular dish is a standard and i was not disappointed) 

The Shishito Peppers are perfect....
The Salads are fresh and refreshing...

I can not wait to return and sample some more tasty delights.",Uptown,Tavern,27.47,0.0,0.0,3,36-45,Female,Caucasian
NK-Y-Me_PssqgdrnRS7OdQ_dup,Customer_7781,2018-06-09 20:08:21,⭐⭐⭐⭐,,Uptown,Tavern,126.68,14.45,11.4,4,,,African American
_mszOYlLvQN8_xsk7D7r0w_dup,Customer_5959,2017-09-10 13:58:13,⭐⭐⭐⭐⭐,,Uptown,Tavern,48.7,8.76,18.0,5,26-35,Male,
Z_3i08PB4aHIoyJL_HEfHg_dup,Customer_1238,2017-05-02 00:56:49,⭐⭐⭐⭐⭐,"A friend recommended this restaurant to me while on a business trip to Nashville. The food and service were great! It's a really cool atmosphere with lots of fresh air. Unique menu items, and everything that I saw come out looked so good.",Uptown,Tavern,19.7,3.11,15.8,3,46-55,Non-binary,Caucasian
nRMQ3IWh__Vn_aV864ws2w_dup,Client_6997,2011-03-28 17:18:11,⭐⭐⭐⭐⭐,"I have seen various reviews on Tavern.  Some very negative.  Others slightly positive.  Most complimented the food but nothing spectacular. 

So, this past Friday night a few friends and I got together for dinner and I wanted to try some place new.  I put out a list of 3 new places (new to me anyway) I'd like to try - based upon the Menu.  I listed Red Pony in Franklin, Burger Up and Tavern.  I sent my friends links to the restaurants and ultimately we agreed that Tavern would be the place.  

We arrived at 7:30 and ended up having to wait an hour for a table and they don't take reservations.  That was fine.  We figured about anywhere we went on a Friday night at this point we would encounter a wait of similar length.  So, we waited and ordered a couple cocktails while we waited.  

This is probably the biggest downside of the restaurant.  They don't have a place for you to really wait.  The bar was jam packed and there was no seating up front.  There was seating outside on the patio - but no one was out there because it was raining and cold.  So, we stood inside near the door for an hour.  

When we were finally seated the server asked us if we needed any more drinks and if we wanted any appetizers.

We decided to go with the 'Bazooka"" Guacamole Appetizer.  I pretty much hate Guacamole and never order it anywhere.  I've tried it several times many different places.  Never liked it.  But, this was supposed to be 'different' with some goat cheese and other stuff in it as well.  The presentation of the appetizer was very cool.  They bring it out in a 2-3"" deep round cake pan lined with parchment or wax paper - I don't really remember.  Inside there is a glass jar with one of those hinged glass lids on top and its filled with this guacamole concoction.  They have a few chips out on the pan, however, there is also a small, brown paper bag with the logo of 'Tavern' on it - and it is filled with chips.  We took the small server spoon and each took a dollop of the guacamole and put it on a chip.  Wow!  Absolutely incredible.  I don't know if it qualifies as guacamole or not (I'm sure some purists would say it doesn't) - but whatever it is or whatever you want to call it - it was incredible.  I couldn't get enough.  We were scraping the bottom of the jar trying to get every last ounce of this wonderful, tasty spread.

Moving onto dinner two of us go the Tavern Burger.  This burger is made with Prime Rib and Filet.  2 excellent cuts of meat - ground up and made into a burger.  I had mine with White Cheddar and bacon and was incredible!  Everything was good.  The meat, the bacon, the cheese - even the bun was tasty.  My friend had his plain and loved it as well.  Both burgers were served with fries.  He had the regular fries - I had mine tossed in Parmesan and garlic.  Either way they were good.  Apparently they serve them several different ways.

Another friend got the 'Mama Sans Fried Chicken'.  He was blown away by how much food he got.  He also was surprised at how well the chicken went with the cold noodles he was served as the side.  He said the cold noodles were a good juxtaposition against the hot chicken. 

My other friend got the ""Salad of Little Gems"".  It looked a bit small to me but he claimed to really enjoy it.  As far as salads go it did look great.

The food was all served rather quickly but the pacing of the meal was on point.  The appetizer was served and finished well ahead of the meal making its way from the kitchen.  Too often I feel rushed and sometimes the appetizers and entree arrive within second of each other.  Sometimes even together!  I think the pacing of the meal was excellent.  Also, our server was great and our glasses were never empty.  She made sure we always had plenty to drink.

4 Cocktails, 4 entree's, 1 appetizer = $94 bucks after tax and everything.  So, around 20 bucks a person for a night out.  

So, to review:

Long wait - no place to really sit.  They DO take your phone number and will call you when your table is ready so you can make your way back to the restaurant.

Service was excellent.  Drinks were never empty.  Pacing of meal was great from the appetizer to the main course.

Price was fine.  We could have eaten for less if we didn't get cocktails, appetizers AND the main course.  If we'd just had water and our meal - we would have spent a lot less.  The cocktails were pricy - but pretty stout.  They didn't skimp on the alcohol for sure.

I think it was wonderful and we are already planning our next trip!  I think you should too.",Uptown,Tavern,32.45,6.52,20.1,2,36-45,,
L25HtdKcDrv9_qv0WNvF6g_dup,Customer_2575,2018-07-08 18:29:39,⭐⭐⭐⭐⭐,I came here for my birthday brunch and was pleasantly surprised! Our server was wonderful and she talked a lot with us and made the experience even better! Every single dish ordered from our table was delicious! Definitely one of he best brunch places in Nashville!,Uptown,Tavern,152.34,33.78,22.2,2,56-65,Male,Asian
sENiF8KnKK-v8Jz8ejJVfw_dup,Client_5007,2012-12-10 03:18:29,⭐⭐⭐⭐,"Had a very pleasant dining experience at Tavern tonight. We arrived at 5 pm and it was pretty dead. It's a big place with a nice outdoor patio and a side patio that can be indoor/outdoor depending on the weather. The vibe seems pretty cool and laid back. Rock music and low lighting get a thumbs up in my book. 

I decided to try a sangria while I browsed over the menu. It did not disappoint. Very fresh and tasty. I decided on The Tavern burger with sweet potato fries. The burger was delicious! It's served on a ""meltaway"" bun which basically is just a really soft and yummy bun. The sweet potato fries were good as well. Not soggy at all which seems to happen a lot with sweet potato fries. The boyfriend really enjoyed his meal as well but I'll let him tell you about that in his own review. :) Because the dinner was so good, I decided to order a dessert, too. I opted for the cinnamon bread pudding with vanilla gelato on top. It was also delish! It was the perfect amount of sweetness and comfort to end my meal. 

Service was quick and friendly, food was good, and the atmosphere was relaxing. We will definitely be back.",Uptown,Tavern,44.94,6.89,15.3,2,26-35,Non-binary,Native American
VqICh9JO97h5NTs8W5wjzQ_dup,Client_5924,2014-07-28 01:49:33,⭐⭐⭐⭐,"Service was ok, but the food was excellent.  Nothing against our sweet server, but she was alone on a 20 person table - really? I completely blame that one on management! 

Buffalo cauliflower was awesome and the chicken skewers were so so good!  Everyone had a wonderful time! 

Ambiance was so fun!",Uptown,Tavern,33.51,4.8,14.3,2,46-55,,Native American
78SJbrLLX0TnzZThv9H-Pw_dup,Client_8308,2018-05-23 12:44:02,⭐⭐⭐,,Uptown,Tavern,40.74,9.21,22.6,3,18-25,Non-binary,African American
fwQV8AisKOza40TYkGQS3w_dup,Customer_5323,2015-09-03 00:28:46,⭐⭐⭐⭐⭐,"Just stopped in for drinks.  Staff was great,  never felt rushed. Food passing by smelt and looked awesome. May be coming back tomorrow.",Uptown,Tavern,27.5,3.86,14.0,2,,,Hispanic
OFnAM__m0v2aR_VLfqvPfg_dup,Customer_4282,2015-07-07 21:51:24,⭐⭐⭐,,Uptown,Tavern,64.85,9.56,14.7,2,26-35,Prefer not to say,Native American
mvx8moqhiNUL-nxQuEYERA_dup,Customer_2991,2012-09-14 23:35:27,⭐⭐⭐⭐,,Uptown,Tavern,19.86,4.54,22.8,8,26-35,,Hispanic
PQlo8P3OjrJlE4UUmo38fQ_dup,Client_4868,2013-05-10 15:46:40,⭐⭐⭐⭐,"Brunch only review. Tavern has delicious brunch that belies its rather generic name. There are some really creative dishes, both sweet and savory. The Shanghai Stirfry is savory breakfast genius: bacon fried rice with an egg on top. So good. My group shared the red velvet pancakes and the cheddar cheese biscuits (with chorizo gravy). Both were pretty good, though I think the red velvet pancakes were a bit sweet. Everyone was happy with their food, and you can't really complain about a 2 for 1 Bloody Mary/Mimosa on a Sunday morning.",Uptown,Tavern,82.43,13.14,15.9,3,,Female,Asian
07_1NYdAGlQrTW9vQZ4EgQ_dup,Customer_4463,2013-04-17 05:02:53,⭐⭐⭐⭐,,Uptown,Tavern,51.87,10.0,19.3,2,65+,,Hispanic
LtkOv5ZJcK2WP3ZikfAt-w_dup,Customer_8160,2013-03-20 20:41:47,⭐⭐⭐⭐,"Best place within walking distance from my hotel. It's a pretty modern and happening place, with a cool feel to it. I really was looking for a good salad, and was pleasantly surprised with my Junk Salad (romaine, salami, shrimp, olives, pepperoncini, hearts of palm, grape tomato, cucumber, blue cheese, champagne dijon vinaigrette). This was a super tasty salad. I came back 4 days later and had the burger and sweet potato ships. Burger was pretty good, and my only complaint was that the chips were a little on the salty side. Brush some of the salt off and it was good.",Uptown,Tavern,35.46,3.77,10.6,6,18-25,,African American
AujPDhPrIDBIbO7lcHkQnQ_dup,Customer_7355,2018-09-25 20:39:34,⭐⭐,Truly not worth the wait. I've tried a couple dishes and nothing has been great- wouldn't really recommend. Almost everything I have tried has either been too dry or too salty. The ambiance is nice but it's pretty slow. The only good food item is their fries.,Uptown,Tavern,66.09,14.87,22.5,4,18-25,Female,Mixed
LxwfF7_VZ2oyUfP2M084VA_dup,Client_9827,2014-08-14 20:55:34,⭐,"We came here because of all the great yelp reviews, I can't believe this is 4-stars.. Good beer selection, good atmosphere, and decent service.  The food, however, was bla.. We really wanted to try the fried chicken skins, they came out very hard and very stuck together.  The sauce had good flavor but the skins came in a clump that we could hardly break apart. Our food came out about 4 minutes I into our attempt to chisel the skins apart. Kaya toast was weird and really lacked anything to bring the dish together.  After scraping off the sauce it was basically Texas toast and an egg.  The 2 sets of tacos we ordered were both overcooked and VERY dry. Come here for drinks, skip the food!",Uptown,Tavern,21.95,3.32,15.1,2,36-45,,Caucasian
cG0zukMXoMYphvr7XIG9cQ_dup,Customer_1769,2013-10-04 01:41:32,⭐,"I usually love this place, but stopped in tonight to place a take out order, and the hostess shewed me off to the absolutely PACKED bar, to try to hail a bartender, on my own, to place an order. This is seriously how you are doing business? We walked out... Ridiculous...",Uptown,Tavern,85.62,29.97,35.0,2,36-45,,Hispanic
zd8u_QhxNXBoggQ6Mrz_ag_dup,Client_7082,2016-05-07 20:29:16,⭐⭐⭐⭐,Good stuff for brunch if you are drinking. Recommend getting there early as it was packed when we got there around 11 and there was a ton of people waiting when we left.,Uptown,Tavern,32.82,6.89,21.0,1,18-25,Male,Other
4HJRzQemA9xT715cltgJtQ_dup,Client_4351,2012-09-14 20:15:35,⭐⭐⭐,"The simply-named Tavern offers up some mighty simple comfort food pleasures (White Trash hash, anyone?) and elevated junk food game bites. 

That said, I'm not sure this is quite the weekend brunch place for me, due to the TVs providing all of the background noise. I'm not a fan of big TVs blaring games -- to me, this is the worst kind of ambiance. BUT... for those of you seeking a place to watch local sports and cheer on with a crowd, Tavern is the spot for you, especially if your tastes are a bit more high brow than your typical nachos. I mean, they have nachos, but Tavern's come with pistachio and goat cheese. Nice! 

I'd easily return on a non game day (or even to sit on the shaded side patio) for more of that White Trash Hash. Think tater tot casserole. I mean, really. Goodbye hangover. The egg white omelet I had was kinda blah, as the tomatoes made it seem extra watery.The ""Wicked"" Bloody Mary was hardly wicked, more like gentle, despite the vodka being infused with pickled things that you'd hope for on your glass. They don't automatically garnish the way you'd think. Or at least the way a New Orleanian would think. I mean... just a lime? Nu uh. Our very lovely server came out with some olives for us, which was nice. But a Bloody without beaucoup d' garnish is a naked Mary, indeed.

Extra props for three bottles of hot sauces on the table, marked X, XX and XXX. Go for the orangey habanero, as it's the tastiest of the bunch (it might be the XX). Don't be fooled by the warnings. They are there for the bland American palate.",Uptown,Tavern,42.78,3.22,7.5,3,18-25,Non-binary,Asian
S1lv3xiwjmltqRXv0rU51Q_dup,Customer_3245,2012-07-19 13:56:38,⭐⭐⭐⭐,Got the turkey blt. Excellent! Service was a little slow but we weren't in a rush.,Uptown,Tavern,43.76,8.43,19.3,2,36-45,,Native American
07_1NYdAGlQrTW9vQZ4EgQ_dup,Client_6054,2013-04-17 05:02:53,⭐⭐⭐⭐,,Uptown,Tavern,35.82,7.86,21.9,2,26-35,Female,Caucasian
VHq8eppUvd0LnGvgmQV1Bg_dup,Customer_1130,2016-06-24 02:19:45,⭐⭐⭐⭐⭐,,Uptown,Tavern,50.27,9.87,19.6,1,,Female,African American
1C9yM6ugjgB6m_qVs7Oddw_dup,Customer_1100,2015-05-02 03:15:02,⭐⭐⭐⭐⭐,,Uptown,Tavern,164.12,33.77,20.6,2,46-55,Female,Hispanic
eUD5trbjAnxVeJFVQcFP7w_dup,Client_3905,2015-07-05 00:35:46,⭐⭐⭐⭐⭐,,Uptown,Tavern,29.43,6.49,22.0,2,56-65,,Hispanic
JtPqmnpOpmT5CLzNITJIpA_dup,Customer_9802,2014-10-14 01:06:23,⭐⭐,"Not my cuppa gin. Probably because of all that basil.

Tavern is big, a bit brash, bro-friendly with all the TVs and reasonably priced for its prime location on Broadway. Drop your name and cell phone number at the host stand and get sexted when your table is ready. So tech.

Reviews sing praises of their prime beef burgers, so wifey and I opted for a pair, each with bacon and cheese. Subbing a side salad for fries comes with a surcharge... the amount will totally surprise you. (Clickbait header fail: It's $3.50.)

With the fixin's and the greens, a $9.50 patty sizzled up to $16. And the lasting impression is nil, save the need for seasoning and a Maillard crust. It's an average burger that should be $8 at any pub, which gives me pause as to why it comes so highly praised. An off-night in the kitchen? Labor Day weekend lethargy? Unclear. The end result just didn't resonate.

Could cocktails save the day? Her berry julep was all pulp and my 1920 (a gin, grapefruit, ginger and basil concoction borrowed from Brinkley's) tasted only of the green leaf. No tartness, no ginger bite, no other herbal subtleties from the spirit. Just basil. All the basil. At least they were cheap-ish!",Uptown,Tavern,49.99,4.98,10.0,3,,Male,Caucasian
E6DAugRjP24LItD7BGW7zw_dup,Client_4946,2013-03-21 18:27:15,⭐⭐⭐⭐⭐,"My favorite place to eat and/or drink in Nashville. It's in midtown, which is local and away from the honky tonks. The ambiance, food, drinks, and service is great. And if anything, there is always good people watching. I come to Tavern after church for brunch, out with my girlfriends for drinks, or out to a nice fun dinner with my boyfriend. My birthday was on a Wednesday last year, which is 2-for-1's night. I came with my girlfriends and had my favorite dessert, their S'mores! So much fun! When asked where do I want to go for brunch? Lunch? Dinner? or just a night out...I always pick Tavern.",Uptown,Tavern,25.63,4.47,17.4,1,65+,Non-binary,
pdhzV2NxQqbFUb9GCfxZ6Q_dup,Client_7468,2014-05-27 00:13:47,⭐⭐⭐,"I don't get it. 4 and 5-start reviews abound, and the weekend brunch line is absurd, but I'd have to describe my experince at Tavern as ""just okay."" I went here on a Sunday morning ambigudate a month ago. We managed to get bar seating after waiting about 10 minutes, which seemed pretty good compared to the lengthy wait for a real table. The place was bustling, but we didn't have to wait too long to get in our drink orders. That said, while I love deals--and 2-for-1 mimosas and the like qualify--I wasn't bowled over. It tasted like a cheap cava and was heavy on the orange juice. I ordered a burger while my dining companion decided to go with the traditional brunch. My burger was decent but not mouthwateringly amazing, which makes it a far cry from many of the reviews claiming this to be the ""best burger in Nashville."" Similarly, despite the attempts to make the brunch fare a bit fancier, I wasn't bowled over by any of the flavors. While the prices aren't crazy expensive, they aren't cheap either. Overall I'd describe Tavern as ""fine."" I'd have no qualms about returning, but the foodie within me doesn't get the hype. Nashville, just because something is dressed up to look fancy and act fancy doesn't mean it's *actually* fancy.",Uptown,Tavern,148.54,35.53,23.9,3,26-35,Non-binary,Caucasian
sdC3uA0KMPDtY20nkpcBOA_dup,Customer_7975,2014-05-26 23:04:47,⭐⭐⭐⭐⭐,"I am now obsessed with Tavern. I'm from out of town and was just in for the weekend, but it was the best meal I have had in awhile (the smoked salmon Benedict w the hash). The hash was unreal! Everyone loved their meals, as well as the great drink specials (buy one get one). The sangria was great on a Saturday morning patio and our server Melissa was so so sweet! Amazing service plus an amazing personality and delicious food. I wish I lived in Nashville so I could eat here weekly. Enjoy it! Cheers!",Uptown,Tavern,92.04,15.37,16.7,3,,Female,Caucasian
oY9uiqQGexQ1ZZ7E3ZiD9g_dup,Client_6576,2018-06-12 04:02:23,⭐,"Horrible service! Restaurant was recommended so we decided to check it out. First time in Nashville so we wanted to see what the downtown experince was, and we were greatly disappointed; mostly due to our unfortunate experiance at tavern. We waited for 20 minutes without any acknowledgement from our waiter. When we finally saw him in our area he greeted a table who had just arrived, skipped our table and went on to another. We ended up leaving the establishment. I repeat...horrible service!!!! I guess I can take that back, it wasn't horrible, there WAS NO SERVICE!",Uptown,Tavern,32.7,6.36,19.5,3,65+,Male,Other
anUxMEWoKOnikXFx7ZkWRw_dup,Customer_1470,2011-02-26 02:06:10,⭐⭐⭐,,Uptown,Tavern,50.95,8.07,15.8,5,56-65,Male,
WeEwR5kv59drLBgdMIAWvA_dup,Customer_6375,2017-06-30 23:32:16,⭐⭐⭐⭐,"I've never been to an M Street restaurant before, for those of you who are not familiar with M Street they are the zany people who bring us restaurant concepts such as Kayne Prime (on my bucket list,) Virago and Moto (also on my bucket list.) So on Wednesday night we visited Tavern, which is self-described as ""a pub for chefs.""

Valet parking at this location is a must and they were prompt and efficient. There was plenty of porch seating available as well as being used - Nashvillians do love their porches. The inside of the restaurant had a rustic feel and it seemed as though the bar top was inhabited by business class regulars. That having been said I could easily picture the bar at 12 midnight being inhabited by waitrons and people with checkered pants, it would be a great place to have some concept drinks and small plates after a busy restaurant shift.

I ordered the Korean short rib tacos - I definitely got the red pepper forward taste as well as the cool of the cucumber and cilantro. I would order it again. Delivery time was about 13 minutes, a good ticket time.

It's very evident that these people are ""on their game,"" I will be returning to try other items on their menu. And one day I will visit Kayne Prime, I might splurge for that on my father's birthday. Visit Tavern, have fun!",Uptown,Tavern,16.84,2.54,15.1,2,,Male,Hispanic
IR4sVMnstCD57coNaQ3mEA_dup,Client_2821,2018-01-09 23:22:15,⭐⭐⭐⭐⭐,"I'm usually a chilaquiles girl, so the Huevos Rancheros sounded sort of tempting with its eggs, tortillas and salsa combination. Now, huevos rancheros in general has never really appealed to me, but Tavern had me changing my tune. I have a feeling that no other restaurant's version of this dish will impress me as much as this one, but if you are in Nashville and you are at Tavern for brunch and you don't get the Huevos Rancheros.... you're making a HUGE mistake. One of the best brunch meals of my life y'all...",Uptown,Tavern,58.06,6.34,10.9,4,,Male,
rwTVjtPHfSAc5411N4aDHg_dup,Client_4766,2015-07-18 02:01:27,⭐⭐⭐⭐,"Came for brunch on Fathers Day, packed!  We were able to get a spot at the bar right away and ate there. Food was above average and the bartenders were quick and attentive.",Uptown,Tavern,58.79,11.13,18.9,2,,Female,Caucasian
zxkTGMwdebvHgkgA-fd-XQ_dup,Client_9262,2013-03-23 15:11:43,⭐⭐⭐,,Uptown,Tavern,57.21,9.74,17.0,5,,,Native American
75H1aBmdeTCy6TYUKHhg4g_dup,Customer_3780,2018-08-24 20:33:25,⭐⭐,"PSA: Just go for the 2 for 1 drink special at brunch and white trash hash. The atmosphere is trendy. Everything else is not worth the wait! We arrived at 11am on a Friday for brunch, was told the wait was 20 mins. We did not get seated until 11:50a. Food is average. I will say the nachos were good but nothing outstanding. The biscuits came out cold. A ""side"" of bacon is $5 dollars and you get seriously 2 slices. Service was very very slow. Wouldn't recommend unless you have 3.5 hours or more to kill for brunch.",Uptown,Tavern,38.15,9.43,24.7,4,46-55,Non-binary,Caucasian
nYVGowsSH6UM6oIuZ1x1rw_dup,Customer_8154,2015-02-03 17:57:27,⭐⭐⭐⭐⭐,"My friend and I were visiting Nashville and found this place through a quick google search. We were staying downtown, so it was a quick and cheap cab ride away (5 minutes/$7 ride). We went on a Saturday night, so there was about an hour wait. We decided to grab a drink at the bar (no wait there) and stood around chatting/playing a charades game on our phone...which helped pass the time! The drinks were avg. $10/piece. Not cheap, but normal for this kind of restaurant. 

Once we were seated, we knew we wanted to try their french fries (we had previously scoped out the menu) and quickly ordered the sweet potato ones. She ordered the mahi sandwich and I went with the chicken tikka masala, Both were very good.

Would recommend and return!",Uptown,Tavern,50.78,9.91,19.5,5,56-65,Prefer not to say,Caucasian
zqbyzh0-N96CvEgMOj098Q_dup,Customer_6287,2018-03-26 00:24:56,⭐⭐⭐⭐,,Uptown,Tavern,47.94,12.1,25.3,3,26-35,Prefer not to say,
89tIlGxzZ4q6l0Qb51lXdw_dup,Client_1852,2012-10-13 16:39:17,⭐⭐⭐⭐⭐,"Great food!  The menu is full of interesting, and unique items.  I tried the smoked salmon eggs benedict, and it was phenomenal.  The interior is very well decorated, and the servers were helpful and prompt.  Though it was a little on the expensive side, it was well worth the cost for such a great experience.",Uptown,Tavern,38.4,7.24,18.9,3,56-65,,African American
iHQNcl5Bo8tv91dmqG8E-Q_dup,Customer_5581,2016-05-21 03:01:29,⭐⭐⭐⭐,,Uptown,Tavern,44.74,10.34,23.1,2,36-45,,Other
Xx8RFcIhXCuIYItAUBrrkg_dup,Client_9936,2018-08-27 01:01:33,⭐⭐⭐⭐,,Uptown,Tavern,31.76,7.35,23.2,4,36-45,Female,Asian
wOPYYm4HSA2xfsDanat8wg_dup,Client_9885,2015-04-03 18:06:30,⭐⭐⭐⭐⭐,"Amazing food, great service! Melissa was so accommodating! We got seated right away too.",Uptown,Tavern,42.28,14.8,35.0,3,26-35,Prefer not to say,
BzmEOiTGKggT-HAfQiLrNg_dup,Client_9735,2018-03-17 17:58:38,⭐⭐⭐⭐⭐,"This place was very modern and chic! Very cool look and feel of the resturant. We only came in for a quick bite to eat and some drinks to start off the night. For a Saturday night around 7pm, it was pretty busy. Definitely a loud place because of all the people, but they played good music. Ambiance is casual but not too dressed down. I wouldn't wear a hoodie and sweats, but dressy casual. Service was good. We had the buffalo cauliflower and it was delicious! Will def be back when I'm in Nashville again!",Uptown,Tavern,32.22,6.11,19.0,2,56-65,,Native American
ZJ1BaiHZuvuT0WwVDrLZMA_dup,Customer_4649,2015-01-04 14:12:37,⭐⭐⭐⭐⭐,"We wanted to check this place out after seeing the great reviews. 
Arrived on Thursday (New Years Day) around noon and the place was packed with a hour and a half wait. We put our name in and went next door for a drink, 
The restaurant texted us when our table was ready and also had a cool app that you can check your place in line. 
Only had drinks and a few apps. The tuscan fries were good but had a LOT of garlic.
My friend loved her Kale salad. 
If you like a bloody mary, try the cucumber mary made with cucumber vodka. It was unbelievable. 

This was hands down out favorite place in Nashville and this place had the BEST service we got our whole trip. A+ to the staff. We were really really impressed. 
We went back on Friday night around 1am and it was pretty empty. The guy sitting next to us said its really a better brunch or Sunday Funday bar and not busy at night.",Uptown,Tavern,17.25,1.84,10.6,1,65+,Male,Mixed
FYok0kc1LXUEcOXAIS6lnw_dup,Client_9552,2015-10-25 18:02:13,⭐⭐⭐⭐,,Uptown,Tavern,35.17,5.98,17.0,5,18-25,Non-binary,Native American
5XNvrKHIVJxE_ed7DKsC7g_dup,Client_6915,2015-07-06 13:16:37,⭐⭐⭐⭐⭐,"We walked in without a reservation on Father's Day Sunday at 11 in the morning. We had a flight to catch at 3, so didn't have time to wait and luckily were able to sit at the bar right away. Looking at the menu didn't see anything that looked intriguing or exciting. I was upset that we may have been stuck with some boring brunch on our last day in Nashville. Oh my, was I wrong or what? I ordered the big daddy omelette and my husband got the Huevos Rancheros. I got a big omelet and I couldn't finish it. My omelette was flavorful and the white trash hash was out of this world. I got a fried egg on top of my omelette. What else can you ask for? They also had buy one get one mimosa. Not sure if that was a Father's Day promotion or they do that every Sunday. We also ordered the red velvet waffle for dessert which sounded and looked creative but wasn't that impressive. Overall a great experience and definitely recomand it!!!",Uptown,Tavern,24.94,3.96,15.9,4,18-25,,African American
TdRsc-2rEYUY5jKSRzlVGQ_dup,Customer_1019,2016-04-26 00:36:17,⭐,Y'all gave my Asian friend and my white friend some food poisoning from the Caesar salad. Thanks Obama.,Uptown,Tavern,44.36,8.25,18.6,2,56-65,Prefer not to say,Other
F7J9_AaIhHaf9vYenxuO3g_dup,Customer_2040,2017-12-16 00:36:24,⭐⭐⭐⭐,Great spot to come to if your in Nashville. The have one the best drink deals you can find on thursdays and Saturday's and Sunday's. Food is okay.,Uptown,Tavern,33.06,3.72,11.3,2,65+,Male,Native American
RUKt-2f0UDKAyhaQubp5NQ_dup,Customer_4037,2017-12-31 03:44:17,⭐⭐⭐⭐,"Unfortunately they don't take reservations.  It was a crazy busy weekend and took about an hour to be seated.
Sat on porch behind bar, they had propane heaters so it was plenty warm despite 15 degree weather.
Service was very attentive and friendly.  Food was great. Shasito peppers were perfect. Cauliflower was good and smoking hot spicy.
Glad we waited.",Uptown,Tavern,88.43,9.23,10.4,2,56-65,Female,Mixed
KNtUqjW0kPMDzq178KadfQ_dup,Customer_8878,2016-05-07 15:24:13,⭐⭐⭐⭐⭐,So cute! A must stop on your Nashville adventure!!! Cutest drinks and brunch spot. I got the red sangria and an egg white and fruit brunch. My friends for mimosas. We are all so happy!,Uptown,Tavern,68.2,13.44,19.7,1,18-25,Male,Hispanic
dbJ4zDy3M05kDwx1LOw_Kg_dup,Customer_2664,2013-03-26 00:11:53,⭐⭐⭐⭐,"Stopped in at lunch for THE Tavern Burger.  While it is the only burger on the menu, they provide many options for it.  While I didn't personally order it, a coworker got a cooked egg on it,  You can get it also with Grilled Onions or Bacon.

The burger is pretty sizable and also includes Belgian fries. I'm not sure exactly what they do to Begian-ize them, butt he were quite good.

We arrived at just a bit after 11 AM so it wasn't very busy yet. Parking could certainly be an issue though.

15 dollars for a burger might also be a bit pricier that a regular Joe or Jane is willing to pay, and it would be hard to argue.  It was however, quite delicious and filling.

I'm not sure what the dinner time crowd looks like, but at least for THE Burger I would be back.",Uptown,Tavern,65.38,16.34,25.0,3,56-65,Male,African American
1pXjRYRCmvsPrGPrFybvPA_dup,Client_7108,2014-04-21 19:32:01,⭐⭐,"We were scouting for a place to rent out for a company retreat dinner. Unfortunately, they don't allow dogs on the patio, and I has my 2 small dogs. I'd understand this if you couldn't access the patio, but theirs is easily accessible from the front door and the street. I don't know what moron made the no dogs on the open air patio rule, but they should reconsider. That said, I did not eat here, went up the street to eat. The two stars were earned by the hostess, who was lovely and apologetic. I wish her the best and hope she finds employment at a better run establishment. We will be spending our decently sized budget elsewhere. Gracias por nada Tavern.",Uptown,Tavern,44.74,10.36,23.2,2,56-65,Prefer not to say,African American
07_1NYdAGlQrTW9vQZ4EgQ_dup,Client_1192,2013-04-17 05:02:53,⭐⭐⭐⭐,"Went today with a group for brunch. We had no complaints. Great-cucumber Bloody Mary, coffee, lobster gumbo, grilled artichoke, white trash hash and service. The decor was tasteful and semi modern. I definitely felt like we left Nashville for a couple hours which was great! Will definitely be back!",Uptown,Tavern,43.43,10.54,24.3,4,46-55,Female,African American
1ZKlc5k-elXZP-t6wGxNRA_dup,Customer_3174,2015-10-11 05:26:05,⭐⭐⭐⭐⭐,,Uptown,Tavern,24.58,4.28,17.4,2,65+,Non-binary,
4IsR7lxY-4gJx-itOP9VEQ_dup,Customer_8765,2014-05-29 21:44:38,⭐⭐⭐⭐,"What I liked:
1. White Trash Hash- With a name like that, what's there not to like?  While I'm sure I could re-create this for about $2 (smashed fried hashbrowns smothered in cheese), it was well worth the extra cost to enjoy at brunch.  YUM!
2. Brunch Menu- There were too many delicious options to choose.  I went with a salad, but everything (especially the burger and french toast) looked and smelled fantastic.
3. Bloody Marys- They served my favorite, Zig-Zag mix and you get 2 for the price they charge.

What I didn't like:
1. This place gets VERY crowded on the weekend during the brunch rush.  We were quoted at hour+ wait shortly after they opened and ended up just snagging a seat at the bar.
2. Service- The bartender was understaffed and a bit slow to respond to requests.  They also forgot about part of our order and had to be reminded.

Overall Verdict: Make a reservation or show-up early and prepare to wait.  Get the white trash hash and enjoy delicious brunch!",Uptown,Tavern,41.95,6.45,15.4,2,18-25,Prefer not to say,African American
OFnAM__m0v2aR_VLfqvPfg_dup,Customer_1306,2015-07-07 21:51:24,⭐⭐⭐,"We went for lunch today. Service was too slow for anyone on a lunch break (it took nearly an hour). There wasn't a lunch menu, so we paid dinner prices for dinner portions. I saw a little section of ""fast plates"". I forget what it was called, but none of those items really jumped out at me. We ordered fish tacos, beef tacos with Korean BBQ and fries. It was all good. This might be a better place for dinner.",Uptown,Tavern,47.15,6.66,14.1,2,65+,Prefer not to say,Other
_XMqwgsyC-pzWuFkkRCpLg_dup,Client_7038,2018-03-06 03:01:34,⭐⭐⭐⭐⭐,"Best brunch! Came here on a busy Saturday with a group of girls. Everyone loved their food and drinks! Waitress was friendly, efficient and knowledgeable about all menu and drink items. Would definetly come here again.",Uptown,Tavern,32.21,11.27,35.0,6,,Prefer not to say,
VqICh9JO97h5NTs8W5wjzQ_dup,Client_6841,2014-07-28 01:49:33,⭐⭐⭐⭐,,Uptown,Tavern,65.64,8.63,13.1,2,56-65,Male,Asian
iHQNcl5Bo8tv91dmqG8E-Q_dup,Client_7108,2016-05-21 03:01:29,⭐⭐⭐⭐,Food was great here! I've been here before just for drinks and wanted to come back because I had an amazing pineapple charred mule cocktail. We came back and ate this time. The only thing preventing me from giving Tavern five stars was that the service was slower than it should be and it wasn't an insanely busy night. Our waitress was not the most attentive.,Uptown,Tavern,38.49,5.4,14.0,4,36-45,Non-binary,Asian
oY9uiqQGexQ1ZZ7E3ZiD9g_dup,Customer_2292,2018-06-12 04:02:23,⭐,,Uptown,Tavern,31.48,5.91,18.8,1,36-45,,Other
w_ZtMqhy58U9uB3jT8ieig_dup,Client_3999,2012-06-30 04:30:47,⭐⭐⭐⭐,,Uptown,Tavern,46.42,16.25,35.0,2,,,Native American
1ZKlc5k-elXZP-t6wGxNRA_dup,Customer_2548,2015-10-11 05:26:05,⭐⭐⭐⭐⭐,Great atmosphere. Amazing burgers. The heart of Nashville in food. Would definitely come again and recommend to friends visiting Nashville.,Uptown,Tavern,25.23,2.86,11.3,3,36-45,Male,Asian
QdrmnbVOsEWMnhi46mzl3w_dup,Client_6556,2015-09-18 04:55:00,⭐⭐⭐⭐⭐,"Not my kind of place but I think if it was it would be fantastic! 
Loud music, sports on big TV s, huge bar, inside or outside seating. Friendly attentive staff, food artsy. Served lightning fast. Very clean and beautifully decorated. Enjoyed my Burger very much. Micheal loved his Junk Salad... Great place for those who like what I described.",Uptown,Tavern,41.54,9.42,22.7,2,18-25,Non-binary,Native American
E6DAugRjP24LItD7BGW7zw_dup,Client_3274,2013-03-21 18:27:15,⭐⭐⭐⭐⭐,"My favorite place to eat and/or drink in Nashville. It's in midtown, which is local and away from the honky tonks. The ambiance, food, drinks, and servise is great. And if anything, there is always good people watching. I come to Tavern after church for brunch, out with my girlfriends for drinks, or out to a nice fun dinner with my boyfriend. My birthday was on a Wednesday last year, which is 2-for-1's night. I came with my girlfriends and had my favorite dessert, their S'mores! So much fun! When asked where do I want to go for brunch? Lunch? Dinner? or just a night out...I always pick Tavern.",Uptown,Tavern,78.24,12.92,16.5,2,18-25,Non-binary,Hispanic
78SJbrLLX0TnzZThv9H-Pw_dup,Customer_7869,2018-05-23 12:44:02,⭐⭐⭐,Don't order the fish tacos- they were very disappointing. I didn't even want to eat them. Order the burger. It was very good. Restaurant is a little overpriced for what it is.,Uptown,Tavern,67.39,9.28,13.8,2,65+,Female,Native American
Ac_GqtISPI0dQVGOxf2ejA_dup,Customer_7861,2012-11-11 21:48:33,⭐⭐⭐⭐,"Oh, Brunch at Tavern. I'm so sad that it took me so long to visit you. I'll keep this brief: The dishes here are superbly crafted. Flavors are lovely and multifaceted, and the plating is gorgeous. My favorite dishes, though, are easy to pinpoint. First up is the Sweet Potato Chips, which arrive at your table with a curry salt and blue cheese fondue. This is a perfect start to any meal, and honestly, I could probably be happy just munching on these while sipping a few cocktails (which I'll get to in a moment). As for a main course, though: The Benedict Dos. Poached eggs, smoked salmon, and a creamy hollandaise? Delicious doesn't even begin to cover it. I will admit that I find myself rather addicted to their Blood Orange Mimosa, so I haven't actually tried anything else on the menu. However, one of my closest friends loved the Bloody Mary, and their beer selection is impressive and was mat with easy approval from our group a few weeks ago. Is it loud? Yes. Is it expensive? Sure, although most of the cocktails are two for one. But is it worth the insanely long wait? Absolutely.",Uptown,Tavern,39.99,9.56,23.9,1,46-55,Male,African American
OQYYoKzjkdcKQoTdzO2ZZg_dup,Client_8643,2017-02-13 02:57:05,⭐⭐⭐,"I went to Tavern on a Saturday night and waited about 20 minutes for our table for 2, which really is pretty good! We ordered a few plates to share- egg rolls, fish tacos and Tuscan fries. The egg rolls were served with queso and salsa... for a Chinese food... that was weird. When I've had garlic Parmesan fries in the past, they're usually served with a dipping sauce of some kind,  but these were not. We were given a heaping serving of them that 2 of us couldn't finish though. The fish tacos were by far the best dish we had- HIGHLY recommend them! Our waitress was very nice, though it took her quite a few minutes to actually come over to us initially to take drink orders. Other than that she was wonderful. We each ordered a cocktail and they were strong for sure- I was just unimpressed with both. The julep was decent. The second drink was a grapefruit/lemon lime/ vodka drink that tasted like I drank straight grapefruit juice instead of a mixed drink... to be fair, the waitress did ask if I wanted it remade. The ambiance was great, and it was definitely crowded. They had a DJ playing music and it was a younger crowd.",Uptown,Tavern,15.47,2.95,19.1,4,56-65,,Native American
OQYYoKzjkdcKQoTdzO2ZZg_dup,Customer_2745,2017-02-13 02:57:05,⭐⭐⭐,"I went to Tavern on a Saturday night and waited about 20 minutes for our table for 2, which really is pretty good! We ordered a few plates to share- egg rolls, fish tacos and Tuscan fries. The egg rolls were served with queso and salsa... for a Chinese food... that was weird. When I've had garlic Parmesan fries in the past, they're usually served with a dipping sauce of some kind, but these were not. We were given a heaping serving of them that 2 of us couldn't finish though. The fish tacos were by far the best dish we had- HIGHLY reccomend them! Our waitress was very nice, though it took her quite a few minutes to actually come over to us initially to take drink orders. Other than that she was wonderful. We each ordered a cocktail and they were strong for sure- I was just unimpressed with both. The julep was decent. The second drink was a grapefruit/lemon lime/ vodka drink that tasted like I drank straight grapefruit juice instead of a mixed drink... to be fair, the waitress did ask if I wanted it remade. The ambiance was great, and it was definetly crowded. They had a DJ playing music and it was a younger crowd.",Uptown,Tavern,59.65,5.46,9.1,2,36-45,Non-binary,Native American
D3nia5r9M1UMtQbthNRxVA_dup,Client_4640,2011-05-30 15:37:35,⭐⭐⭐⭐,,Uptown,Tavern,54.34,7.21,13.3,2,18-25,Male,Other
rEp28myVdzrisZxCjrFwTA_dup,Client_2981,2011-07-11 17:44:12,⭐⭐⭐⭐⭐,,Uptown,Tavern,43.69,3.46,7.9,3,26-35,Male,
phWrYKpwnfgh1P13O9mO0g_dup,Customer_5558,2014-01-21 03:00:33,⭐⭐⭐⭐⭐,Jalepeno margaritas. Grilled artichokes. Mac and cheese. Amazing.,Uptown,Tavern,37.88,6.84,18.1,2,65+,Male,Other
vY06Ye_udeTHL6rfnSZfCw_dup,Customer_5436,2018-03-16 02:38:20,⭐⭐,"Terrible wait (unnecessary), average service, above average prices, and excruciating wait for food. Find someplace else. There's lots to choose from.",Uptown,Tavern,31.14,10.9,35.0,1,46-55,Non-binary,Asian
yubBhUMup3st_lEG0smAOQ_dup,Customer_2752,2011-04-28 22:07:32,⭐⭐⭐⭐,"I really must admit, I am a fan of some tavern CUISINE. Lets start with the guacamole.... (which is laced with pistachios and goat cheese mind you) i would say...TO DIE FOR. The fish taco's are SIMPLY divine, and could quite possibly be my very favorite in all of Nashville. the Perogies are delish and add a nice touch to the menu... ( i hale from North Eastern Pennsylvania where this particular dish is a standard and i was not disappointed) The Shishito Peppers are perfect.... The Salads are fresh and refreshing... I can not wait to return and sample some more tasty delights.",Uptown,Tavern,24.14,4.98,20.6,2,56-65,Male,Caucasian
YBG_ucuXZkpBqHqZNkDMuQ_dup,Client_1086,2016-07-16 04:47:45,⭐⭐⭐⭐,,Uptown,Tavern,36.91,5.23,14.2,2,36-45,,Asian
xe5QQ8zC45aqjUWoHshDlA_dup,Client_8315,2012-06-01 23:40:31,⭐⭐⭐⭐⭐,"This place is awesome!  We stumbled upon it after checking into our hotel...we wanted to walk around after being in the car for 9 hours and we were starving.  We got a table outside, it was loud, but what do you expect on a Friday night in early summer?
The food was great....I got the Nuevo Israeli bread salad and my husband got the turkey blt (with sweet potato chips (YUMMMM)--both fantastic.  
They have an extensive drink/beer list and the staff is knowledgeable about the beer they serve and didn't steer my husband wrong.  
Would recommend trying this place out if you haven't already.",Uptown,Tavern,25.72,4.35,16.9,3,56-65,,Native American
Z_3i08PB4aHIoyJL_HEfHg_dup,Customer_2908,2017-05-02 00:56:49,⭐⭐⭐⭐⭐,,Uptown,Tavern,57.38,4.74,8.3,3,56-65,Prefer not to say,
clSTQLuLu11UhwSPKEtToA_dup,Client_5616,2018-05-11 21:48:59,⭐⭐⭐⭐⭐,"Excellent service, has air conditioning which is great in the south, my favorite was the chicken chicharrón ""chicharrón"" good location in the block is the best one!",Uptown,Tavern,26.94,5.67,21.0,2,56-65,Male,Other
NixE0NEmzbOF81uRQIUkag_dup,Customer_8313,2015-04-05 03:26:58,⭐⭐⭐⭐⭐,"Seriously, the best place I've been to in Nashville (so far). The food was excellent, and there is plenty of variety to make everyone happy. Definitely eating here again soon.",Uptown,Tavern,105.29,19.03,18.1,3,,Prefer not to say,African American
T3h-qsLvgw6-snTIya8Omw_dup,Customer_3747,2017-02-19 18:55:09,⭐⭐⭐⭐⭐,"You'll definetly have a wait for brunch but grab a drink and buckle in cause it's worth it. Everyone at the table loved what they ordered. We started with the buffalo cauliflower and got the pretzel pancakes, nooner, blueberry waffle and the red velvet waffle and damn if we didn't clean our plates. Also if you don't get the white trash hash you'll regret it for years to come. Service was great and our drinks were perfect.",Uptown,Tavern,39.4,13.79,35.0,4,26-35,Male,Asian
